source,case_seq,case_no,case_name,doc_url,clause_title,opinion,opinion_source,gold_risk_level_candidate,articles,gold_risk_type_candidates,rationale,clause_text,review_status
법제처 OPEN API/prec,620411,2025다213488,매매잔금등청구의소[지역주택조합이 조합규약 및 가입계약에서 정한 조합원 자격을 상실한 조합원을 상대로 위약금을 구한 사건],https://www.law.go.kr/DRF/lawService.do?OC=test&target=prec&ID=620411&type=HTML,(조 번호 미표기),(판단 불명확),판단 불명확,,,,"개요 원심판결 이유와 기록에 따르면 다음 사실을 알 수 있다. 가. 원고는 천안시 동남구 (주소 생략) 일원을 사업시행구역으로 하여 주택건설사업(이하 ‘이 사건 사업’이라 한다)을 시행하기 위해 설립된 지역주택조합이다. 나. 피고들은 원고와 이 사건 사업에 따라 신축될 아파트 1세대를 공급받기 위하여 원고의 조합원으로 가입하기로 하는 계약(이하 ‘이 사건 조합가입계약’이라 한다)을 각각 체결하면서 공급받을 아파트의 동ㆍ호수를 특정하지 않고 조합원의 동ㆍ호수 배정은 주택건설사업계획승인 이후 조합원총회에서 배정 방법 등을 정하여 공개추첨하기로 정하였다. 피고들은 이 사건 조합가입계약에 따른 분담금 중 계약금 일부를 납부하였다. 다. 이 사건 조합가입계약은 조합원이 공급받을 아파트의 층수(1층, 2층, 3층, 1층 내지 3층을 제외한 나머지 층은 기준층)에 따라 분담금 총액을 달리 정하였는데, 분담금 총액이 가장 높은 층은 기준층이고, 가장 낮은 층은 1층이다. 다만 층수와 관계없이 분담금 중 계약금, 중도금 액수는 모두 동일하고, 잔금 액수만 기준층과 1, 2, 3층에 따라 차이가 있을 뿐이다. 라. 이 사건 조합가입계약 제10조 제3항에는 ‘조합원 자격을 상실하거나 탈퇴하는 경우, 조합원이 기납입한 조합원분담금 중 원고에게 귀속되는 위약금(조합원분담금 총약정금의 10%), 업무추진비, 원고가 대납한 중도금 대출이자 및 연체이자를 공제한 납입 원금만을 환불한다.’는 내용이 기재되어 있고(이하 ‘이 사건 환불규정’이라 한다), 원고 조합규약 제12조 제4항에는 ‘탈퇴, 조합원 자격의 상실, 제명 등으로 조합원의 지위를 상실한 자에 대하여는 해당 조합원이 납입한 제 납입금에서 소정의 공동분담금 및 위약금(조합원분담금 총약정금의 10%), 업무추진비, 조합이 대납한 중도금대출이자 및 연체이자 등을 공제한 잔액을 (무이자)환불한다.’는 내용이 기재되어 있다. 마. 원고는 2015. 10. 13.경 지역주택조합설립인가 신청을 하여 2015. 12. 9. 조합설립인가를 받았고, 2023. 7. 14. 주택건설사업계획승인신청을 하여 2024. 4. 9. 주택건설사업계획승인을 받았다. 바. 피고 6을 제외한 나머지 피고들(이하 ‘나머지 피고들’이라 한다)은 분담금 중 계약금 미납분에 대한 이행기 도래 전에 원고의 조합원 자격을 상실하였는데, 피고 1, 피고 2, 피고 7, 피고 9, 피고 11(이하 ‘피고 1 등’이라 한다)은 조합설립인가일부터 3년 내에 조합원 자격을 상실하였고, 피고 3, 피고 4, 피고 5, 피고 8, 피고 10(이하 ‘피고 3 등’이라 한다)는 조합설립인가일부터 3년이 지난 이후에 조합원 자격을 상실하였다. 2. 원고의 나머지 피고들에 대한 위약금 청구에 관한 판단 가. 원심의 판단 원심은 판시와 같은 이유로 다음과 같이 판단하면서 피고 1 등에 대하여 원고의 위약금 청구를 각각 일부 인용하고, 피고 3 등에 대하여 원고의 위약금 청구를 기각하였다. 1) 원고는 이 사건 환불규정을 근거로 피고 1 등에게 위약금을 청구할 수 있다. 다만 약관인 이 사건 환불규정은 위약금의 산정 방식을 ‘조합원분담금 총약정금의 10%’로 규정하고 있는데, 이 사건 조합가입계약에 따른 총분담금의 액수는 해당 조합원이 배정받은 세대의 동ㆍ호수에 따른 층수에 따라 달라져(제7조 제1항), 동ㆍ호수 배정 전에 위약금 지급 사유가 발생할 경우 액수를 산정할 방법이 없다. 따라서 「약관의 규제에 관한 법률」 에 따라 조합원에게 유리하고 원고 조합에 불리하도록 조합원분담금 총약정금은 ‘조합원 자격 상실 당시 이미 이행기가 도래한 분담금’으로 해석하는 것이 타당하다. 2) 주택조합이 설립인가를 받은 이후 3년이 경과할 때까지 사업계획승인을 받지 못하면 주택조합의 사업추진 기간이 합리적으로 예상 가능한 기간을 넘어 지나치게 장기화되는 것이라고 평가할 수 있으므로, 이때에는 주택조합이 조합원들의 자격상실에 대한 책임을 물을 수 없다고 보는 것이 타당하다. 따라서 원고는 조합설립인가일로부터 3년이 지나서 조합원 자격을 상실한 피고 3 등에게 위약금","라 한다)을 각각 체결하면서 공급받을 아파트의 동ㆍ호수를 특정하지 않고 조합원의 동ㆍ호수 배정은 주택건설사업계획승인 이후 조합원총회에서 배정 방법 등을 정하여 공개추첨하기로 정하였다. 피고들은 이 사건 조합가입계약에 따른 분담금 중 계약금 일부를 납부하였다. 다. 이 사건 조합가입계약은 조합원이 공급받을 아파트의 층수(1층, 2층, 3층, 1층 내지 3층을 제외한 나머지 층은 기준층)에 따라 분담금 총액을 달리 정하였는데, 분담금 총액이 가장 높은 층은 기준층이고, 가장 낮은 층은 1층이다. 다만 층수와 관계없이 분담금 중 계약금, 중도금 액수는 모두 동일하고, 잔금 액수만 기준층과 1, 2, 3층에 따라 차이가 있을 뿐이다. 라. 이 사건 조합가입계약 제10조 제3항에는",미검수
법제처 OPEN API/prec,620411,2025다213488,매매잔금등청구의소[지역주택조합이 조합규약 및 가입계약에서 정한 조합원 자격을 상실한 조합원을 상대로 위약금을 구한 사건],https://www.law.go.kr/DRF/lawService.do?OC=test&target=prec&ID=620411&type=HTML,(조 번호 미표기),(판단 불명확),판단 불명확,,,,"층과 1, 2, 3층에 따라 차이가 있을 뿐이다. 라. 이 사건 조합가입계약 제10조 제3항에는 ‘조합원 자격을 상실하거나 탈퇴하는 경우, 조합원이 기납입한 조합원분담금 중 원고에게 귀속되는 위약금(조합원분담금 총약정금의 10%), 업무추진비, 원고가 대납한 중도금 대출이자 및 연체이자를 공제한 납입 원금만을 환불한다.’는 내용이 기재되어 있고(이하 ‘이 사건 환불규정’이라 한다), 원고 조합규약 제12조 제4항에는 ‘탈퇴, 조합원 자격의 상실, 제명 등으로 조합원의 지위를 상실한 자에 대하여는 해당 조합원이 납입한 제 납입금에서 소정의 공동분담금 및 위약금(조합원분담금 총약정금의 10%), 업무추진비, 조합이 대납한 중도금대출이자 및 연체이자 등을 공제한 잔액을 (무이자)환불한다.’는 내용이 기재되어 있다. 마. 원고는 2015. 10. 13.경 지역주택조합설립인가 신청을 하여 2015. 12. 9. 조합설립인가를 받았고, 2023. 7. 14. 주택건설사업계획승인신청을 하여 2024. 4. 9. 주택건설사업계획승인을 받았다. 바. 피고 6을 제외한 나머지 피고들(이하 ‘나머지 피고들’이라 한다)은 분담금 중 계약금 미납분에 대한 이행기 도래 전에 원고의 조합원 자격을 상실하였는데, 피고 1, 피고 2, 피고 7, 피고 9, 피고 11(이하 ‘피고 1 등’이라 한다)은 조합설립인가일부터 3년 내에 조합원 자격을 상실하였고, 피고 3, 피고 4, 피고 5, 피고 8, 피고 10(이하 ‘피고 3 등’이라 한다)는 조합설립인가일부터 3년이 지난 이후에 조합원 자격을 상실하였다. 2. 원고의 나머지 피고들에 대한 위약금 청구에 관한 판단 가. 원심의 판단 원심은 판시와 같은 이유로 다음과 같이 판단하면서 피고 1 등에 대하여 원고의 위약금 청구를 각각 일부 인용하고, 피고 3 등에 대하여 원고의 위약금 청구를 기각하였다. 1) 원고는 이 사건 환불규정을 근거로 피고 1 등에게 위약금을 청구할 수 있다. 다만 약관인 이 사건 환불규정은 위약금의 산정 방식을 ‘조합원분담금 총약정금의 10%’로 규정하고 있는데, 이 사건 조합가입계약에 따른 총분담금의 액수는 해당 조합원이 배정받은 세대의 동ㆍ호수에 따른 층수에 따라 달라져(제7조 제1항), 동ㆍ호수 배정 전에 위약금 지급 사유가 발생할 경우 액수를 산정할 방법이 없다. 따라서 「약관의 규제에 관한 법률」 에 따라 조합원에게 유리하고 원고 조합에 불리하도록 조합원분담금 총약정금은 ‘조합원 자격 상실 당시 이미 이행기가 도래한 분담금’으로 해석하는 것이 타당하다. 2) 주택조합이 설립인가를 받은 이후 3년이 경과할 때까지 사업계획승인을 받지 못하면 주택조합의 사업추진 기간이 합리적으로 예상 가능한 기간을 넘어 지나치게 장기화되는 것이라고 평가할 수 있으므로, 이때에는 주택조합이 조합원들의 자격상실에 대한 책임을 물을 수 없다고 보는 것이 타당하다. 따라서 원고는 조합설립인가일로부터 3년이 지나서 조합원 자격을 상실한 피고 3 등에게 위약금의 지급을 구할 수 없다. 나. 피고 1 등에 대한 상고이유에 관한 판단(제1 상고이유) 1) 약관은 신의성실의 원칙에 따라 해당 약관의 목적과 취지를 고려하여 공정하고 합리적으로 해석하되, 개별 계약 당사자가 의도한 목적이나 의사를 참작하지 않고 평균적 고객의 이해가능성을 기준으로 객관적ㆍ획일적으로 해석하여야 한다. 그리고 특정 약관 조항을 그 목적과 취지를 고려하여 공정하고 합리적으로 해석하기 위해서는 특별한 사정이 없는 한 그 약관 조항의 문언이 갖는 의미뿐만 아니라 그 약관 조항이 전체적인 논리적 맥락 속에서 갖는 의미도 고려해야 한다. 위와 같은 해석을 거친 후에도 약관 조항이 객관적으로 다의적으로 해석되고 각각의 해석이 합리성","라 한다), 원고 조합규약 제12조 제4항에는",미검수
법제처 OPEN API/prec,620411,2025다213488,매매잔금등청구의소[지역주택조합이 조합규약 및 가입계약에서 정한 조합원 자격을 상실한 조합원을 상대로 위약금을 구한 사건],https://www.law.go.kr/DRF/lawService.do?OC=test&target=prec&ID=620411&type=HTML,(조 번호 미표기),(판단 불명확),판단 불명확,,,,"층 및 기준층을 배정받을 가능성이 열려 있는 점, 조합원의 분담금 총액이 1층의 분담금 총액보다 낮아질 수 없는 점 등을 고려할 때, 동ㆍ호수 배정 이전에 위약금 지급 사유가 발생한 경우 고객인 조합원에게 유리하게 분담금 총액이 가장 적은 1층의 분담금 총액을 기준으로 위약금을 산정하는 것이 합리적이다. 3) 그런데도 원심은 판시와 같은 사정만을 들어 이 사건 환불규정 중 ‘조합원분담금 총약정금’을 ‘조합원 자격 상실 당시 이미 이행기가 도래한 분담금’으로 해석하였다. 이러한 원심판단에는 약관의 해석에 관한 법리를 오해하여 판결에 영향을 미친 잘못이 있다. 이를 지적하는 취지의 원고의 이 부분 상고이유 주장은 이유 있다. 다. 피고 3 등에 대한 상고이유에 관한 판단(제2 상고이유) 1) 채무불이행으로 인한 손해배상액의 예정이 있는 경우에는 채권자는 채무불이행 사실만 증명하면 손해의 발생 및 그 액을 증명하지 아니하고 예정배상액을 청구할 수 있고, 채무자는 채권자와 사이에 채무불이행에 있어 채무자의 귀책사유를 묻지 아니한다는 약정을 하지 아니한 이상 자신의 귀책사유가 없음을 주장ㆍ증명함으로써 예정배상액의 지급책임을 면할 수 있다(대법원 2007. 12. 27. 선고 2006다9408 판결 등 참조). 2) 원심판결 이유를 앞서 본 법리에 비추어 살펴보면, 피고 3 등에 대하여 위약금 면제를 인정한 원심의 판단은 다음과 같은 이유로 받아들이기 어렵다. 가) 지역주택조합 사업은 조합 설립 전에 미리 조합원을 모집하면서 그 분담금 등으로 사업부지를 매수하거나 사용승낙을 얻고 그 후 조합설립인가를 받아 소유권을 확보하고 사업승인을 얻어 아파트를 건축하는 방식으로 진행되므로 그 진행과정에서 조합원의 모집, 재정의 확보, 토지매입 작업 등 사업의 성패를 좌우하는 변수가 많음에 따라 최초 사업계획이 변경되거나 당초 예정했던 사업의 진행이 지연되는 등의 사정이 발생할 수 있음은 어느 정도 예상할 수 있다(대법원 2014. 6. 12. 선고 2013다75892 판결 등 참조). 이를 고려하여 이 사건 조합가입계약에서도 사업 내용과 분담금 납부일정이 추후 인허가 과정에서 변경될 수 있음을 표시하고(제2조, 제7조), 조합설립인가 시기나 주택건설사업계획승인 시기 및 조합원에 대한 아파트 공급 시기 등을 명시적으로 특정하지 아니하였다. 나) 원고가 진행하는 이 사건 사업이 지연된 것으로 보이기는 하나, 원고가 2023. 7. 14. 주택건설사업계획승인신청을 하고 2024. 4. 9. 주택건설사업계획승인을 받는 등 위 사업은 절차대로 진행되고 있는 것으로 보이고, 달리 그 사업이 무산될 우려가 있다는 사정은 드러나지 않는다. 지역주택조합은 비법인사단으로 지역주택조합 사업의 위험과 결과는 지역주택조합의 구성원인 모든 조합원이 부담하여야 하는 측면이 있으므로, 비록 사업이 다소 지연되었다는 이유로 계약의 구속력으로부터 쉽게 벗어나는 것은 바람직하지 않다. 다) 결국 원고가 주택조합설립인가를 받은 날부터 3년 내에 사업계획승인을 받지 못한 것 등만으로 위약금을 면제할 만큼 조합원들의 조합원 자격 유지의무 위반에 대한 귀책사유를 부정하기 어렵다. 라) 주택조합의 설립인가를 받은 날부터 3년이 되는 날까지 사업계획승인을 받지 못하는 경우 총회의 의결을 거쳐 해산 여부를 결정하도록 한 주택법 제14조의2는 주택법이 2020. 1. 23. 법률 제16870호로 개정되면서 신설된 것이다. 그 개정이유는 ‘장시간 사업 지연 시 해산 절차 마련 등을 통해 조합원의 재산권을 보호하고, 사업 추진의 투명성과 안정성을 제고하기 위함’이고, 3년이 경과한 이후에 조합원들의 계약상 책임을 면해주기 위한 것으로 볼 수 없다. 마) 원심의 판단대로라면, 조합설립인가일부터 3년 내에 사업계획승인을",조합원분담금 총약정금’을 ‘조합원 자격 상실 당시 이미 이행기가 도래한 분담금,미검수
법제처 OPEN API/prec,620461,2025가단108876,약정금,https://www.law.go.kr/DRF/lawService.do?OC=test&target=prec&ID=620461&type=HTML,(조 번호 미표기),(판단 불명확),판단 불명확,,,,"게 47,520,000원과 이에 대하여 2023. 7. 1.부터 이 사건 소장 부본 송달일까지는 연 5%의, 그다음 날부터 다 갚는 날까지 연 12%의 각 비율에 의한 금원을 지급하라. 【이 유】 1. 인정되는 사실 가. 원고는 결혼정보제공업 등을 영위하는 회사이다. 나. 피고는 2022. 9. 14. 원고의 회원으로 가입하는 계약을 체결하였다(이하 ‘이 사건 계약’이라 한다). 위 계약의 주된 내용은 다음과 같다. ○ 회원가입비: 5,280,000원, 성혼사례금: 11,880,000원 ○ 원고는 피고에게 2022. 9. 14.부터 2023. 9. 13.까지 이성과의 만남 서비스를 총 5회 제공한다. ○ 성혼사례금은 성혼일자 확정 또는 상견례 또는 동거 후 2주 이내에 지급하여야 한다. 피고는 계약기간 혹은 계약횟수 이후의 만남으로 성혼되는 경우에도 성혼사례금을 지급해야 한다. 피고가 성혼 사실을 고의 또는 중과실로 원고에게 고지하지 않은 때에는 추가로 성혼사례금의 3배를 원고에게 지급한다(이하 ‘이 사건 위약금 약정’이라 한다). 다. 원고는 이 사건 계약에 따라 2023. 1. 7. 피고와 소외인의 만남을 주선했다. 소외인은 원고의 회원은 아니고 원고의 제휴사(△△△) 회원이다. 라. 피고는 소외인을 만난 후 교제하다가 2023. 6.경 결혼하였다. 그런데 피고는 성혼 사실을 원고에게 알리지 않았다. [인정 근거] 다툼 없는 사실, 갑 제1, 2호증의 각 기재, 변론 전체의 취지 2. 청구원인에 관한 판단 가. 성혼사례금 1) 위 인정 사실에 의하면, 특별한 사정이 없는 한 피고는 이 사건 계약에 따라 원고에게 성혼사례금 11,880,000원과 이에 대하여 2023. 7. 15.(피고와 소외인의 혼인일이 정확히 언제인지 알 수 있는 증거가 없으므로 편의상 2023. 6. 말일에 혼인한 것으로 보고 지연손해금의 기산일을 정하였다)부터 2025. 10. 30.(소장 부본 송달일)까지는 민법이 정한 연 5%, 그다음 날부터 다 갚는 날까지 소송촉진 등에 관한 특례법이 정한 연 12%의 각 비율에 의한 지연손해금을 지급할 의무가 있다. 2) 피고는, 이 사건 계약이 2023. 5. 7.경 합의해지되었으므로, 원고의 이 사건 청구에 응할 수 없다고 주장한다. 살피건대, 을 제7호증의 기재에 의하면 피고의 아버지가 원고 측에서 피고의 개인정보를 공개한 것에 관하여 항의하면서 피고의 대리인 자격으로 회원 탈퇴의 의사표시를 하였고 원고가 이에 응하여 탈퇴 처리하겠다고 말했던 사실은 인정되나 나아가 이것을 법률적으로 이 사건 계약의 합의해지로 평가할 수 있는지에 관하여는 이를 인정할 만한 증거가 없다. 따라서 이 법원은 피고가 통상의 ‘회원 탈퇴’를 했다고 판단하는바, ① 원고가 피고에게 이성과의 만남 서비스를 제공하는 기간은 1년인데 남녀가 처음 만난 후 혼인에 이를 때까지는 통상적으로 상당한 시일이 소요되는 점, ② 배우자감을 찾은 회원은 당연히 원고 회사의 회원에서 탈퇴하고 싶어 하고, 원고 역시 피고의 회원 자격을 유지하도록 할 실익이 없어지는 점, ③ 이 사건 계약 당시 피고는 계약기간 이후에 성혼되는 경우에도 성혼사례금을 지급하기로 약정했던 점 등에 비추어 보면 피고가 회원 탈퇴를 했다고 하더라도 원고에 대한 성혼사례금의 지급을 면할 수는 없다. 피고의 위 주장은 이유 없다. 나. 위약금 1) 위 채택 증거와 변론 전체의 취지를 종합하여 알 수 있는 다음과 같은 사정, 즉 ① 성혼사례금은 원고가 피고에게 제공한 서비스에 대한 후불적 성격의 대가라 할 수 있는바, 성혼되었을 경우 그 사례금 채무의 이행을 간접적으로나마 강제할 수단이 필요한 점, ② 한편 원고로서는 피고가 알려 주지 않는 이상 피고의 성혼 사실을 알기 어려운 점 등을 고려하면 원고는 피고의 성혼 사실 통지와 그 성혼사례금의 지급을 심리적으로 강제하기 위하여 이 사건 위약금 약정을 한 것으로 판단되므로, 이 사건 위약금 약정은 위약벌 약정이라고 봄이 타당하다. 그런데 피고는 위 성혼일로부터 2주일이 지난 후는 물론이고 이 사건 변론종결일 무렵까지도 성혼사","라 한다). 위 계약의 주된 내용은 다음과 같다. ○ 회원가입비: 5,280,000원, 성혼사례금: 11,880,000원 ○ 원고는 피고에게 2022. 9. 14.부터 2023. 9. 13.까지 이성과의 만남 서비스를 총 5회 제공한다. ○ 성혼사례금은 성혼일자 확정 또는 상견례 또는 동거 후 2주 이내에 지급하여야 한다. 피고는 계약기간 혹은 계약횟수 이후의 만남으로 성혼되는 경우에도 성혼사례금을 지급해야 한다. 피고가 성혼 사실을 고의 또는 중과실로 원고에게 고지하지 않은 때에는 추가로 성혼사례금의 3배를 원고에게 지급한다(이하",미검수
법제처 OPEN API/prec,618165,2023다280945,위약금등청구[수분양자가 시행사 및 분양자의 지위를 승계한 신탁회사를 상대로 공급계약의 해제를 주장하며 계약금 반환 등을 구하는 사건],https://www.law.go.kr/DRF/lawService.do?OC=test&target=prec&ID=618165&type=HTML,(조 번호 미표기),(판단 불명확),판단 불명확,,,,"유 및 원심이 적법하게 채택하여 조사한 증거 등에 따르면 다음 사실을 알 수 있다. 가. △△홀딩스 주식회사(이하 ‘소외 1 회사’라 한다)는 창원시 진해구 (주소 생략) 지상에 이 사건 오피스텔을 신축하여 분양하는 사업의 시행사이다. 피고는 2018. 3. 22. 소외 1 회사 및 시공사 □□건설 주식회사와 위 사업을 위한 관리형 토지신탁계약(이하 ‘이 사건 신탁계약’이라 한다)을 체결하였고, 소외 1 회사로부터 이 사건 오피스텔에 관한 시행사 및 분양자의 지위를 승계하였다. 나. 원고는 2018. 7. 24. 공급자(매도인 겸 수탁자) 피고, 위탁자 소외 1 회사, 시공사 □□건설 주식회사와 이 사건 오피스텔 ◇◇◇호실에 관한 공급계약(이하 ‘이 사건 공급계약’이라 한다)을 체결하였고, 같은 날 피고에게 위 공급계약상 계약금을 지급하였다. 다. 이 사건 공급계약 제3조 제3항 제1호는 ""매수인은 매도인의 귀책사유로 인해 입주예정일로부터 3월을 초과하여 입주가 지연된 경우 공급계약을 해제할 수 있다.""라고, 제4조 제2항은 ""제3조 제3항에 해당하는 사유로 공급계약이 해제된 때에는 매도인은 매수인에게 총공급금액의 10%를 위약금으로 지급한다.""라고 각각 규정하고 있다. 라. 한편 이 사건 공급계약의 특약사항 제1조 제2항은 ""매도인은 매수인에게 공급계약상의 책임을 부담하는 경우에도 신탁재산 및 신탁계약의 업무범위 내에서만 책임을 부담하며, 매수인은 등기부로 공시되는 신탁원부의 내용을 확인하여야 한다.""라고, 같은 조 제3항은 ""수탁자가 선량한 관리자의 주의로써 신탁부동산을 관리한 경우 분양(매매)목적물의 하자 및 분양계약에 관한 법적 책임은 위탁자 및 시공사에게 있음을 인지하고 동의한다.""라고 각각 규정하고 있다. 마. 원고는 2020. 4.경 피고에게 입주예정일인 ‘2019. 12.’로부터 3개월 이상 입주가 지연되었음을 이유로 이 사건 공급계약 제3조 제3항 제1호에 따라 이 사건 공급계약을 해제하고 계약금의 반환 및 위약금의 지급을 구하는 내용의 통지를 하였다. 2. 피고가 이 사건 공급계약의 해제로 인한 위약금 지급의무를 부담하는지 여부에 관한 판단(제1 상고이유) 가. 판결서의 이유에는 주문이 정당하다는 것을 인정할 수 있을 정도로 당사자의 주장, 그 밖의 공격ㆍ방어방법에 관한 판단을 표시하면 되고 당사자의 모든 주장이나 공격ㆍ방어방법에 관하여 판단할 필요가 없다(민사소송법 제208조). 따라서 법원의 판결에 당사자가 주장한 사항에 대한 구체적ㆍ직접적인 판단이 표시되어 있지 않더라도 판결 이유의 전반적인 취지에 비추어 그 주장을 인용하거나 배척하였음을 알 수 있는 정도라면 판단누락이라고 할 수 없다. 설령 실제로 판단을 하지 않은 부분이 있더라도 그 주장이 배척될 것이 분명한 때에는 판결 결과에 영향이 없어 판단누락의 잘못을 이유로 파기할 필요가 없다(대법원 2013. 10. 31. 선고 2011다98426 판결, 대법원 2017. 12. 5. 선고 2017다9657 판결 등 참조). 나. 원심은 판시와 같은 이유로 다음과 같이 판단하였다. 피고는 입주예정일인 2019. 12.로부터 3개월이 지난 2020. 3. 말경까지 이 사건 오피스텔을 준공하지 못하였고 이러한 준공 지연 및 그로 인한 입주 지연은 피고의 귀책사유에 해당하므로, 원고에게 이 사건 공급계약 제3조 제3항 제1호에서 정한 약정해제권이 발생하였다. 이 사건 공급계약은 원고의 해제 통지에 따라 2020. 5. 28. 해제되었다. 따라서 피고는 원고에게 이 사건 공급계약 제4조 제2항에 따라 위약금을 지급할 의무가 있다. 원심판결 이유를 관련 법리와 기록에 비추어 살펴보면, 원심의 위와 같은 판단은 수긍할 수 있다. 다. 원심은, 피고가 선량한 관리자의 주의로써 신탁부동산을 관리하였으므로 이 사건 공급계약의 특약사항 제1조 제3항에 따라 이 사건 공급계약에 관한 법적 책임을 부담하지 않는다는 피고의 주장에 관해서는 명시적으로 판단하지 않았다. 그러나 원심","라 한다)을 체결하였고, 소외 1 회사로부터 이 사건 오피스텔에 관한 시행사 및 분양자의 지위를 승계하였다. 나. 원고는 2018. 7. 24. 공급자(매도인 겸 수탁자) 피고, 위탁자 소외 1 회사, 시공사 □□건설 주식회사와 이 사건 오피스텔 ◇◇◇호실에 관한 공급계약(이하",미검수
법제처 OPEN API/prec,618165,2023다280945,위약금등청구[수분양자가 시행사 및 분양자의 지위를 승계한 신탁회사를 상대로 공급계약의 해제를 주장하며 계약금 반환 등을 구하는 사건],https://www.law.go.kr/DRF/lawService.do?OC=test&target=prec&ID=618165&type=HTML,(조 번호 미표기),(판단 불명확),판단 불명확,,,,"주식회사와 위 사업을 위한 관리형 토지신탁계약(이하 ‘이 사건 신탁계약’이라 한다)을 체결하였고, 소외 1 회사로부터 이 사건 오피스텔에 관한 시행사 및 분양자의 지위를 승계하였다. 나. 원고는 2018. 7. 24. 공급자(매도인 겸 수탁자) 피고, 위탁자 소외 1 회사, 시공사 □□건설 주식회사와 이 사건 오피스텔 ◇◇◇호실에 관한 공급계약(이하 ‘이 사건 공급계약’이라 한다)을 체결하였고, 같은 날 피고에게 위 공급계약상 계약금을 지급하였다. 다. 이 사건 공급계약 제3조 제3항 제1호는 ""매수인은 매도인의 귀책사유로 인해 입주예정일로부터 3월을 초과하여 입주가 지연된 경우 공급계약을 해제할 수 있다.""라고, 제4조 제2항은 ""제3조 제3항에 해당하는 사유로 공급계약이 해제된 때에는 매도인은 매수인에게 총공급금액의 10%를 위약금으로 지급한다.""라고 각각 규정하고 있다. 라. 한편 이 사건 공급계약의 특약사항 제1조 제2항은 ""매도인은 매수인에게 공급계약상의 책임을 부담하는 경우에도 신탁재산 및 신탁계약의 업무범위 내에서만 책임을 부담하며, 매수인은 등기부로 공시되는 신탁원부의 내용을 확인하여야 한다.""라고, 같은 조 제3항은 ""수탁자가 선량한 관리자의 주의로써 신탁부동산을 관리한 경우 분양(매매)목적물의 하자 및 분양계약에 관한 법적 책임은 위탁자 및 시공사에게 있음을 인지하고 동의한다.""라고 각각 규정하고 있다. 마. 원고는 2020. 4.경 피고에게 입주예정일인 ‘2019. 12.’로부터 3개월 이상 입주가 지연되었음을 이유로 이 사건 공급계약 제3조 제3항 제1호에 따라 이 사건 공급계약을 해제하고 계약금의 반환 및 위약금의 지급을 구하는 내용의 통지를 하였다. 2. 피고가 이 사건 공급계약의 해제로 인한 위약금 지급의무를 부담하는지 여부에 관한 판단(제1 상고이유) 가. 판결서의 이유에는 주문이 정당하다는 것을 인정할 수 있을 정도로 당사자의 주장, 그 밖의 공격ㆍ방어방법에 관한 판단을 표시하면 되고 당사자의 모든 주장이나 공격ㆍ방어방법에 관하여 판단할 필요가 없다(민사소송법 제208조). 따라서 법원의 판결에 당사자가 주장한 사항에 대한 구체적ㆍ직접적인 판단이 표시되어 있지 않더라도 판결 이유의 전반적인 취지에 비추어 그 주장을 인용하거나 배척하였음을 알 수 있는 정도라면 판단누락이라고 할 수 없다. 설령 실제로 판단을 하지 않은 부분이 있더라도 그 주장이 배척될 것이 분명한 때에는 판결 결과에 영향이 없어 판단누락의 잘못을 이유로 파기할 필요가 없다(대법원 2013. 10. 31. 선고 2011다98426 판결, 대법원 2017. 12. 5. 선고 2017다9657 판결 등 참조). 나. 원심은 판시와 같은 이유로 다음과 같이 판단하였다. 피고는 입주예정일인 2019. 12.로부터 3개월이 지난 2020. 3. 말경까지 이 사건 오피스텔을 준공하지 못하였고 이러한 준공 지연 및 그로 인한 입주 지연은 피고의 귀책사유에 해당하므로, 원고에게 이 사건 공급계약 제3조 제3항 제1호에서 정한 약정해제권이 발생하였다. 이 사건 공급계약은 원고의 해제 통지에 따라 2020. 5. 28. 해제되었다. 따라서 피고는 원고에게 이 사건 공급계약 제4조 제2항에 따라 위약금을 지급할 의무가 있다. 원심판결 이유를 관련 법리와 기록에 비추어 살펴보면, 원심의 위와 같은 판단은 수긍할 수 있다. 다. 원심은, 피고가 선량한 관리자의 주의로써 신탁부동산을 관리하였으므로 이 사건 공급계약의 특약사항 제1조 제3항에 따라 이 사건 공급계약에 관한 법적 책임을 부담하지 않는다는 피고의 주장에 관해서는 명시적으로 판단하지 않았다. 그러나 원심판결 이유의 전반적인 취지를 살펴보면, 원심의 판단에는 피고의 위 주장을 배척하는 취지가 포함되어 있다고 볼 수 있으므로 이를 판단누락으로 볼 수는 없","라 한다)을 체결하였고, 같은 날 피고에게 위 공급계약상 계약금을 지급하였다. 다. 이 사건 공급계약 제3조 제3항 제1호는",미검수
법제처 OPEN API/prec,618165,2023다280945,위약금등청구[수분양자가 시행사 및 분양자의 지위를 승계한 신탁회사를 상대로 공급계약의 해제를 주장하며 계약금 반환 등을 구하는 사건],https://www.law.go.kr/DRF/lawService.do?OC=test&target=prec&ID=618165&type=HTML,(조 번호 미표기),(판단 불명확),판단 불명확,,,,"다. 다. 이 사건 공급계약 제3조 제3항 제1호는 ""매수인은 매도인의 귀책사유로 인해 입주예정일로부터 3월을 초과하여 입주가 지연된 경우 공급계약을 해제할 수 있다.""라고, 제4조 제2항은 ""제3조 제3항에 해당하는 사유로 공급계약이 해제된 때에는 매도인은 매수인에게 총공급금액의 10%를 위약금으로 지급한다.""라고 각각 규정하고 있다. 라. 한편 이 사건 공급계약의 특약사항 제1조 제2항은 ""매도인은 매수인에게 공급계약상의 책임을 부담하는 경우에도 신탁재산 및 신탁계약의 업무범위 내에서만 책임을 부담하며, 매수인은 등기부로 공시되는 신탁원부의 내용을 확인하여야 한다.""라고, 같은 조 제3항은 ""수탁자가 선량한 관리자의 주의로써 신탁부동산을 관리한 경우 분양(매매)목적물의 하자 및 분양계약에 관한 법적 책임은 위탁자 및 시공사에게 있음을 인지하고 동의한다.""라고 각각 규정하고 있다. 마. 원고는 2020. 4.경 피고에게 입주예정일인 ‘2019. 12.’로부터 3개월 이상 입주가 지연되었음을 이유로 이 사건 공급계약 제3조 제3항 제1호에 따라 이 사건 공급계약을 해제하고 계약금의 반환 및 위약금의 지급을 구하는 내용의 통지를 하였다. 2. 피고가 이 사건 공급계약의 해제로 인한 위약금 지급의무를 부담하는지 여부에 관한 판단(제1 상고이유) 가. 판결서의 이유에는 주문이 정당하다는 것을 인정할 수 있을 정도로 당사자의 주장, 그 밖의 공격ㆍ방어방법에 관한 판단을 표시하면 되고 당사자의 모든 주장이나 공격ㆍ방어방법에 관하여 판단할 필요가 없다(민사소송법 제208조). 따라서 법원의 판결에 당사자가 주장한 사항에 대한 구체적ㆍ직접적인 판단이 표시되어 있지 않더라도 판결 이유의 전반적인 취지에 비추어 그 주장을 인용하거나 배척하였음을 알 수 있는 정도라면 판단누락이라고 할 수 없다. 설령 실제로 판단을 하지 않은 부분이 있더라도 그 주장이 배척될 것이 분명한 때에는 판결 결과에 영향이 없어 판단누락의 잘못을 이유로 파기할 필요가 없다(대법원 2013. 10. 31. 선고 2011다98426 판결, 대법원 2017. 12. 5. 선고 2017다9657 판결 등 참조). 나. 원심은 판시와 같은 이유로 다음과 같이 판단하였다. 피고는 입주예정일인 2019. 12.로부터 3개월이 지난 2020. 3. 말경까지 이 사건 오피스텔을 준공하지 못하였고 이러한 준공 지연 및 그로 인한 입주 지연은 피고의 귀책사유에 해당하므로, 원고에게 이 사건 공급계약 제3조 제3항 제1호에서 정한 약정해제권이 발생하였다. 이 사건 공급계약은 원고의 해제 통지에 따라 2020. 5. 28. 해제되었다. 따라서 피고는 원고에게 이 사건 공급계약 제4조 제2항에 따라 위약금을 지급할 의무가 있다. 원심판결 이유를 관련 법리와 기록에 비추어 살펴보면, 원심의 위와 같은 판단은 수긍할 수 있다. 다. 원심은, 피고가 선량한 관리자의 주의로써 신탁부동산을 관리하였으므로 이 사건 공급계약의 특약사항 제1조 제3항에 따라 이 사건 공급계약에 관한 법적 책임을 부담하지 않는다는 피고의 주장에 관해서는 명시적으로 판단하지 않았다. 그러나 원심판결 이유의 전반적인 취지를 살펴보면, 원심의 판단에는 피고의 위 주장을 배척하는 취지가 포함되어 있다고 볼 수 있으므로 이를 판단누락으로 볼 수는 없다. 따라서 원심판결에 상고이유 주장과 같이 피고의 위 주장에 대한 판단을 누락하거나 필요한 심리를 다하지 아니하는 등으로 판결에 영향을 미친 잘못이 없다. 3. 피고의 책임이 신탁재산의 범위 내로 제한되는지 여부에 관한 판단(제2, 3 상고이유) 가. 「약관의 규제에 관한 법률」(이하 ‘약관법’이라 한다) 제3조 제3항 전문은 ""사업자는 약관에 정하여져 있는 중요한 내용을 고객이 이해할 수 있도록 설명하여야 한다.""라고 정하여 사업자에게 약관의 중요한 내용에 대하여 구체적이고 상세한 설명의무를 부과하고 있고, 같","매도인은 매수인에게 공급계약상의 책임을 부담하는 경우에도 신탁재산 및 신탁계약의 업무범위 내에서만 책임을 부담하며, 매수인은 등기부로 공시되는 신탁원부의 내용을 확인하여야 한다",미검수
법제처 OPEN API/prec,615953,2025다213608,납입금반환청구의소,https://www.law.go.kr/DRF/lawService.do?OC=test&target=prec&ID=615953&type=HTML,(조 번호 미표기),안전,판례 문맥 추론 · 단일 신호,안전,,," 주택건설사업(이하 ‘이 사건 사업’이라 한다)을 시행하기 위하여 설립된 지역주택조합으로, 2018. 10. 15. 조합설립인가를, 2020. 9. 3. 사업계획승인을 받았다. 나. 원고는 2018. 11. 17. 피고와 사이에 피고의 조합원으로 가입하여 이 사건 사업에 따라 신축될 아파트 중 59㎡형 주택 1채를 분양받기로 하는 조합원 가입계약(이하 ‘이 사건 가입계약’이라 한다)을 체결하였다. 다. 이 사건 가입계약에서는 원고가 총분담금 5억 6,000만 원을 납입하고 업무용역비 2,000만 원을 별도로 지급해야 하는 것으로 되어 있다. 이에 따라 원고는 피고에게 분담금 중 일부에 업무용역비 2,000만 원을 포함한 합계 350,082,900원(이하 ‘이 사건 제 납입금’이라 한다)을 지급하였다. 피고는 2022. 8. 조합총회 결의를 통하여 원고에게 추가분담금 491,300,000원을 요구하였다. 라. 피고 조합규약 제8조 제1호는 ‘주택조합설립인가 신청일부터 당해 조합주택의 입주가능일까지 주택을 소유하지 아니하거나 주거전용면적 85㎡ 이하의 주택 1채를 소유한 세대주일 것’을 조합원 자격으로 정하고, 제12조 제2항은 ""관계 법령 및 이 규약에서 정하는 조합원 자격에 해당하지 않게 된 자의 조합원 자격은 자동 상실된다."", 같은 조 제4항은 ""탈퇴, 조합원 자격의 상실, 제명 등으로 조합원의 지위를 상실한 자에 대하여는 조합원이 납입한 제 납입금에서 소정의 공동부담금을 공제한 잔액을 환급청구일로부터 30일 이내에 지급하되, 총회의 의결로서 공제할 공동부담금 및 환급시기를 따로 정할 수 있다.""라고 규정하고 있다. 마. 이 사건 가입계약 제3조 제1항에서는 ‘원고는 주택법령에 규정한 지역주택조합원의 자격에 문제가 없음을 보증하고, 준공 및 입주 시까지 그 자격을 유지하기로 한다.’, 제8조 제2항에서는 ‘피고는 원고가 본 계약 내용을 성실히 이행하지 아니하였을 때 원고에게 이행의 최고 또는 기타의 별도 최고 없이 서면 통지로써 계약을 해지할 수 있고, 이 경우 원고의 조합원 자격 및 본계약자로서의 지위는 자동 상실된다.’, 같은 조 제3항에서는 ‘원고의 귀책사유로 본 계약이 해지 시 원고는 조합원 분담금 총금액 중 10%에 해당하는 금원을 위약금으로 몰취 또는 배상하되, 환불금이 있는 경우 조합사업의 특성상 그 반환 시기는 탈퇴, 제명 또는 해지된 자의 권리ㆍ의무를 승계할 신규 조합원으로 대체 또는 임의 분양자로 대체되어 입금이 완료된 후 이자 없이 환불하고, 업무대행비는 업무대행사에 귀속된 보수로서 환불하지 아니한다.’, 제15조 제1항에서는 ‘본 계약서에서 정하지 않은 사항에 대하여는 피고의 조합규약, 시공사와의 사업약정서, 공사도급(변경)계약서, 업무대행사와의 업무대행계약서, 신탁사와의 자금관리대리사무계약서 및 관계 법령에 따르기로 한다.’는 취지로 정하고 있다. 바. 원고는 이 사건 가입계약 체결 당시에는 조합원 자격인 세대주 지위를 갖추고 있었으나 2023. 3. 20. 세대주를 배우자로 변경하는 세대주 변경 신고를 함으로써 세대주 지위를 상실하였다. 사. 원고는 2023. 4. 7. 이 사건 소를 제기하였는데, 주위적 청구로서 이 사건 가입계약의 취소 또는 해제를 주장하고, 예비적 청구로서 이 사건 가입계약상 조합원 자격의 상실 또는 조합 탈퇴를 주장하였다. 2. 원심의 판단 가. 원심은 원고의 주위적 청구를 기각한 다음, 원고의 예비적 청구에 관하여, 원고가 2023. 3. 20. 세대주 지위를 상실하여 피고 조합규약 제8조 제1호 및 제12조 제2항에 따라 피고 조합원 자격을 상실하였으므로, 피고는 피고 조합규약 제12조 제4항에 따라 원고에게 이 사건 제 납입금에서 공동부담금에 해당하는 업무대행비 2,000만 원을 공제한 잔액을 원고가 환급을 청구한 날로부터 30일 이내에 지급할 의무가 있다고 판단하였다. 나. 그리고 원심은 피고의 이 사건 가입계약 해지 주장, 즉 피고가 원고의 피고 조합원 자격 상실을 이 사건 가입계","라 한다)을 체결하였다. 다. 이 사건 가입계약에서는 원고가 총분담금 5억 6,000만 원을 납입하고 업무용역비 2,000만 원을 별도로 지급해야 하는 것으로 되어 있다. 이에 따라 원고는 피고에게 분담금 중 일부에 업무용역비 2,000만 원을 포함한 합계 350,082,900원(이하",미검수
법제처 OPEN API/prec,615953,2025다213608,납입금반환청구의소,https://www.law.go.kr/DRF/lawService.do?OC=test&target=prec&ID=615953&type=HTML,제3조,안전,판례 문맥 추론 · 단일 신호,안전,,,"하지 않게 된 자의 조합원 자격은 자동 상실된다."", 같은 조 제4항은 ""탈퇴, 조합원 자격의 상실, 제명 등으로 조합원의 지위를 상실한 자에 대하여는 조합원이 납입한 제 납입금에서 소정의 공동부담금을 공제한 잔액을 환급청구일로부터 30일 이내에 지급하되, 총회의 의결로서 공제할 공동부담금 및 환급시기를 따로 정할 수 있다.""라고 규정하고 있다. 마. 이 사건 가입계약 제3조 제1항에서는 ‘원고는 주택법령에 규정한 지역주택조합원의 자격에 문제가 없음을 보증하고, 준공 및 입주 시까지 그 자격을 유지하기로 한다.’, 제8조 제2항에서는 ‘피고는 원고가 본 계약 내용을 성실히 이행하지 아니하였을 때 원고에게 이행의 최고 또는 기타의 별도 최고 없이 서면 통지로써 계약을 해지할 수 있고, 이 경우 원고의 조합원 자격 및 본계약자로서의 지위는 자동 상실된다.’, 같은 조 제3항에서는 ‘원고의 귀책사유로 본 계약이 해지 시 원고는 조합원 분담금 총금액 중 10%에 해당하는 금원을 위약금으로 몰취 또는 배상하되, 환불금이 있는 경우 조합사업의 특성상 그 반환 시기는 탈퇴, 제명 또는 해지된 자의 권리ㆍ의무를 승계할 신규 조합원으로 대체 또는 임의 분양자로 대체되어 입금이 완료된 후 이자 없이 환불하고, 업무대행비는 업무대행사에 귀속된 보수로서 환불하지 아니한다.’, 제15조 제1항에서는 ‘본 계약서에서 정하지 않은 사항에 대하여는 피고의 조합규약, 시공사와의 사업약정서, 공사도급(변경)계약서, 업무대행사와의 업무대행계약서, 신탁사와의 자금관리대리사무계약서 및 관계 법령에 따르기로 한다.’는 취지로 정하고 있다. 바. 원고는 이 사건 가입계약 체결 당시에는 조합원 자격인 세대주 지위를 갖추고 있었으나 2023. 3. 20. 세대주를 배우자로 변경하는 세대주 변경 신고를 함으로써 세대주 지위를 상실하였다. 사. 원고는 2023. 4. 7. 이 사건 소를 제기하였는데, 주위적 청구로서 이 사건 가입계약의 취소 또는 해제를 주장하고, 예비적 청구로서 이 사건 가입계약상 조합원 자격의 상실 또는 조합 탈퇴를 주장하였다. 2. 원심의 판단 가. 원심은 원고의 주위적 청구를 기각한 다음, 원고의 예비적 청구에 관하여, 원고가 2023. 3. 20. 세대주 지위를 상실하여 피고 조합규약 제8조 제1호 및 제12조 제2항에 따라 피고 조합원 자격을 상실하였으므로, 피고는 피고 조합규약 제12조 제4항에 따라 원고에게 이 사건 제 납입금에서 공동부담금에 해당하는 업무대행비 2,000만 원을 공제한 잔액을 원고가 환급을 청구한 날로부터 30일 이내에 지급할 의무가 있다고 판단하였다. 나. 그리고 원심은 피고의 이 사건 가입계약 해지 주장, 즉 피고가 원고의 피고 조합원 자격 상실을 이 사건 가입계약 제8조 제2항에서 정한 해지사유로 보아 이 사건 가입계약을 해지하였으므로 원고에 대한 분담금의 반환 범위 및 시기에 관하여 그 해지의 효과로서 규정된 이 사건 가입계약 제8조 제3항이 적용되어야 한다는 주장을 다음과 같은 이유로 배척하였다. 1) 조합원이 입주가능일 전에 세대주 지위를 상실하여 조합원 자격에 해당하지 않게 된 경우에는 그와 동시에 조합원 자격을 자동으로 상실하고 조합원 지위도 잃게 된다고 보아야 하므로 피고의 해지통보가 필요하지 아니하다. 2) 이 사건 가입계약 제15조 제1항은 문언 그대로 이 사건 가입계약에서 정하지 않은 사항에 대해서는 조합규약 등과 관계 법령에 따른다는 것일 뿐 위 조항의 의미를 이 사건 가입계약이 피고의 조합규약보다 항상 우선하여 적용된다거나 피고 조합규약의 적용과 효력을 부인할 수 있다는 것으로 해석할 수는 없다. 3) 이 사건 가입계약 제8조 제2항에서 세대주 변경 등에 따른 조합원 자격 상실을 해지사유로 명시하고 있지 아니하다. 다만 같은 조 제1호에서 ‘이 사건 계약 내용을 성실하게","원고는 주택법령에 규정한 지역주택조합원의 자격에 문제가 없음을 보증하고, 준공 및 입주 시까지 그 자격을 유지하기로 한다",미검수
법제처 OPEN API/prec,615953,2025다213608,납입금반환청구의소,https://www.law.go.kr/DRF/lawService.do?OC=test&target=prec&ID=615953&type=HTML,(조 번호 미표기),(판단 불명확),판단 불명확,,,,"서는 조합규약 등과 관계 법령에 따른다는 것일 뿐 위 조항의 의미를 이 사건 가입계약이 피고의 조합규약보다 항상 우선하여 적용된다거나 피고 조합규약의 적용과 효력을 부인할 수 있다는 것으로 해석할 수는 없다. 3) 이 사건 가입계약 제8조 제2항에서 세대주 변경 등에 따른 조합원 자격 상실을 해지사유로 명시하고 있지 아니하다. 다만 같은 조 제1호에서 ‘이 사건 계약 내용을 성실하게 이행하지 아니하였을 때’를 해지사유로 규정하고 있을 뿐인데 해지는 피고의 서면 통지 의사표시를 필요로 하고 그 효과는 ‘조합원 자격 및 그 지위의 상실’인 점을 고려하면, 주택법령 및 피고 조합규약에 따라 이미 조합원 자격 및 지위가 자동 상실된 경우가 위 제1호의 사유에 포함되는 것으로 보기 어렵다. 4) 피고 조합규약 제12조 제4항이 총회 의결로서 공제할 공동부담금 및 환급시기를 따로 정할 수 있다고 규정하고 있기는 하나, 피고의 창립총회에서 ‘조합원 자격 상실의 경우 공제할 공동부담금 산정방법 및 환급시기’에 대한 의안이 상정되어 이에 관한 논의가 진행되었다거나 가입계약서의 구체적 내용이 심의ㆍ의결되었다고 보기는 어렵다. 3. 대법원의 판단 가. 지역주택조합과 조합원 사이의 법률관계는 근거 법령이나 조합규약의 규정, 조합총회의 결의 또는 조합과 조합원 사이의 약정에 따라 규율된다. 일반적으로 지역주택조합사업은 무주택자들이 주택 마련이라는 일정한 목적을 가지고 조합설립 준비단계에서부터 사업부지의 확보, 조합의 설립과 사업계획승인, 아파트 등 주택의 건축에 이르기까지 일련의 절차를 진행하여 시행되고, 조합원은 사업의 진행과정에서 그 진행단계에 따라 지속적으로 발생하는 사업비에 충당할 분담금을 납부할 의무를 진다. 근거 법령에 따라 마련된 조합규약이나 가입계약에는 조합원의 의무로서 분담금 및 기타 비용에 관한 납부의무를 정하고, 조합원 지위를 상실한 경우 납부한 분담금에 대하여 별도의 환불 범위, 방법 및 시기 등을 정하고 있다. 이러한 지역주택조합사업과 가입계약의 성질, 조합규약이나 가입계약의 내용, 당사자들의 의사, 조합원 분담금 납부의 성질, 형태와 방법 등을 고려하여 보면, 조합원이 그 지위를 상실하면 그 효력은 장래에 향해서만 미친다고 보아야 한다(대법원 2022. 7. 14. 선고 2021다281999, 282008 판결 참조). 그리고 조합원에게 조합의 비용 중 일정 부분을 부담하도록 하기 위하여는 그와 같은 취지를 조합규약이나 조합총회의 결의, 조합과 조합원 사이의 약정 등으로 미리 정하여야 한다. 조합원의 지위 상실로 인한 분담금 환급절차에서 조합의 비용 중 일정 부분을 공제하는 경우도 마찬가지이다(대법원 2022. 2. 11. 선고 2021다282046, 282053 판결 등 참조). 나. 앞서 본 사실관계를 위와 같은 법리에 비추어 살펴보면, 원심의 판단은 아래와 같은 이유로 받아들이기 어렵다. 1) 지역주택가입계약은 지역주택조합의 조합원이 되어 신축 아파트를 취득할 목적으로 체결된다. 원고가 2023. 3. 20. 세대주 지위를 상실함으로써 지역주택조합인 피고의 조합원 자격을 상실하고 조합원 지위도 상실하였더라도 그 효력은 장래에 향해서만 미친다. 이로써 당초 원고와 피고 사이에 이 사건 가입계약을 체결한 목적의 달성이 불가능하게 된 것일 뿐, 이를 이유로 이 사건 가입계약이 무효로 된다거나 그 효력이 당연히 상실된다고 보기는 어렵다. 2) 원고는 피고에 대하여 이 사건 가입계약에서 정한 의무를 부담한다. 이 사건 가입계약 제3조 제1항에서 ‘원고는 주택법령에 규정한 지역주택조합원의 자격에 문제가 없음을 보증하고, 준공 및 입주 시까지 그 자격을 유지’하기로 정하였음에도, 원고가 입주가능일 전인 2023. 3. 20. 세대주를 배우자로 변경하는 세대주변경 신고를 하여 세대주 지위를 상실한",해지사유로 규정하고 있을 뿐인데 해지는 피고의 서면 통지 의사표시를 필요로 하고 그 효과는,미검수
법제처 OPEN API/prec,615953,2025다213608,납입금반환청구의소,https://www.law.go.kr/DRF/lawService.do?OC=test&target=prec&ID=615953&type=HTML,(조 번호 미표기),(판단 불명확),판단 불명확,,,," 세대주 지위를 상실함으로써 지역주택조합인 피고의 조합원 자격을 상실하고 조합원 지위도 상실하였더라도 그 효력은 장래에 향해서만 미친다. 이로써 당초 원고와 피고 사이에 이 사건 가입계약을 체결한 목적의 달성이 불가능하게 된 것일 뿐, 이를 이유로 이 사건 가입계약이 무효로 된다거나 그 효력이 당연히 상실된다고 보기는 어렵다. 2) 원고는 피고에 대하여 이 사건 가입계약에서 정한 의무를 부담한다. 이 사건 가입계약 제3조 제1항에서 ‘원고는 주택법령에 규정한 지역주택조합원의 자격에 문제가 없음을 보증하고, 준공 및 입주 시까지 그 자격을 유지’하기로 정하였음에도, 원고가 입주가능일 전인 2023. 3. 20. 세대주를 배우자로 변경하는 세대주변경 신고를 하여 세대주 지위를 상실한 이상 이는 피고에 대하여 조합원 자격요건 유지의무를 위반한 것에 해당하므로, 피고는 원고의 이러한 의무불이행을 이유로 이 사건 가입계약 제8조 제2항에 따라 계약을 해지할 수 있다고 봄이 상당하다. 3) 원고의 조합원의 지위 상실로 인한 분담금 환급절차에서 조합의 비용 중 일정 부분을 공제하는 경우 피고의 조합규약뿐만 아니라 이 사건 가입계약도 그 근거가 될 수 있다. 이 사건 가입계약 제15조는 문언 그대로 해당 계약서에서 정하지 아니한 내용에 대하여 피고의 조합규약, 시공사와의 사업약정서 등에서 정한 사항을 보충적으로 적용한다는 것으로서, 피고 조합규약 제12조 제4항은 반환될 제 납입금에서 공제될 ‘공동부담금’의 구체적인 범위를 규정하고 있지 않는 반면, 피고의 조합규약이 제정ㆍ시행된 후 체결된 이 사건 가입계약은 제8조 제3항에서 공제될 ‘공동부담금’의 범위 및 반환시기를 구체적으로 규정한 것으로 볼 수 있다. 4) 이 사건 가입계약 제8조 제3항의 공제조항은 이 사건 가입계약과 조합규약 문언의 전체적인 취지, 지역주택조합 사업의 특성과 사업 수행을 위한 분담금의 중요성, 조합원 자격 상실 방법을 악용하여 분담금 납부의무를 벗어나려고 하는 시도를 방지할 필요성 등을 고려하였을 때, 민법 제398조의 손해배상의 예정에 해당한다고 볼 수 있다. 피고는 원고의 조합원 자격 유지의무 위반을 이유로 이 사건 가입계약을 해지하였다면 위 공제조항을 근거로 원고에게 조합원분담금 총금액 중 10%에 해당하는 금원 및 업무대행비를 손해배상 예정액으로 청구하거나, 이미 납부한 제 납입금에서 이를 공제하고 나머지 분담금만을 반환할 수 있다. 5) 따라서 원고는 2023. 3. 20. 세대주 지위를 상실함으로써 피고의 조합원 자격과 지위를 상실하였다 할 것이나, 그와 별개로 피고는 이 사건 가입계약 제8조 제2항에 따라 원고의 조합원 자격 유지의무 위반을 이유로 이 사건 가입계약을 해지할 수 있고, 그 경우 원고에게 반환할 분담금의 범위 및 시기에 관하여는 이 사건 가입계약 제8조 제3항이 적용될 수 있다(원심이 인용한 대법원 2020. 10. 15. 선고 2020다227639 판결은 이 사건과 사안이 달라 원용하기에 적절하지 아니하다). 다. 그런데도 원심은 판시와 같은 이유만으로 원고가 2023. 3. 20. 세대주 지위를 상실함과 동시에 자동적으로 원고의 조합원 자격과 지위가 상실되므로 피고 조합의 해지통보가 필요하지 아니하고, 설령 그 후 피고의 해지통보가 있었다고 하더라도 분담금의 반환 범위와 그 시기는 조합규약 제12조 제4항에 따라 결정되어야 하며, 달리 원고의 위약금을 공제해야 한다거나 아직 해약금의 반환시기가 도래하지 않았다고 볼 근거를 찾을 수 없다고 판단하였다. 그리하여 피고의 원고에 대한 이 사건 가입계약 해지의 의사표시가 적법한지 여부와 이에 따른 분담금의 반환 범위 및 그 이행기 도래 여부 등에 관하여 살펴보지 아니한 채 피고가 원고에게 이 사건 제 납입금에서 업무대행비 2,000만 원만을 공제한 잔액을 원고가 환급을 청구한 날로부터 30일 이내에 반환할 ","원고는 주택법령에 규정한 지역주택조합원의 자격에 문제가 없음을 보증하고, 준공 및 입주 시까지 그 자격을 유지",미검수
법제처 OPEN API/prec,607837,2023다318420,약정금청구[사용자가 텔레마케터 퇴직 후 발생한 환불수수료의 반환을 구하는 사건],https://www.law.go.kr/DRF/lawService.do?OC=test&target=prec&ID=607837&type=HTML,(조 번호 미표기),안전,판례 문맥 추론 · 단일 신호,안전,,,"다음과 같은 사실을 알 수 있다. 가. 피고는 2021. 3. 31. 주식회사 △△△(이후 상호가 주식회사 □□□로 변경되었다. 이하 상호 변경 전후를 불문하고 ‘이 사건 회사’라 한다)와, 피고가 전화, 문자 등을 통해 이 사건 회사의 유료회원을 유치하는 텔레마케팅 업무를 수행하고, 이 사건 회사는 피고에게 보수를 지급하는 계약을 체결하였는데(이하 ‘이 사건 계약’이라 한다), 그 주요 내용은 다음과 같다. 1) 피고의 보수는 이 사건 회사가 유료회원으로부터 지급받는 금원에서 일체의 환불금을 공제한 금액인 ‘실매출액’의 10%이다. 보수는 유료회원 계약기간에 안분하여 분할 지급함을 원칙으로 하되, 이 사건 회사는 이를 선지급할 수 있다. 2) 이 사건 계약이 해지·만료된 후 환불이 발생한 경우, 피고는 이 사건 회사에 환불금의 10%를 반환하여야 한다(이하 ‘이 사건 반환규정’이라 한다). 나. 피고는 2021. 9. 23. 이 사건 회사에서 퇴직하였는데, 근무기간 중 지급받은 보수는 64,215,296원이고, 이 사건 회사가 피고의 퇴직 후 유료회원들에게 환불한 금액의 10% 상당액은 1,776,575원이다(이하 ‘이 사건 반환금’이라 한다). 한편 이 사건 회사의 유료회원계약기간은 1년을 초과하지 않았다. 다. 원고는 2021. 10. 20. 이 사건 회사로부터 이 사건 회사의 피고에 대한 이 사건 계약에 따른 약정금 채권을 양수하였다. 3. 위와 같은 사실관계를 앞서 본 법리에 비추어 살펴본다. 가. 피고와 이 사건 회사는, 이 사건 계약을 통하여 피고가 유치한 유료회원에 관련된 ‘실매출액’의 10%를 보수 산정의 기준으로 정하고, 원칙적으로 유료회원 계약기간에 따라 보수를 분할하여 지급하기로 합의하였다. 피고의 보수는 기본적으로 근로의 대상으로 지급되는 임금에 해당하나, 이 사건 회사의 사업구조, 피고 제공의 근로 내용, 유료회원 계약기간 등을 감안하면, 그와 같은 합의가 근로기준법 등 강행규정에 위반되거나 탈법행위에 해당한다고 보기 어렵다. 나. 이 사건 회사는 피고에게 보수를 분할하여 지급할 수 있었음에도, 유료회원 계약이 체결되면 그 무렵 보수 전액을 선지급한 것으로 보인다. 이 사건 반환규정은 피고의 퇴직 후 환불금이 발생하여 보수 산정의 기준인 실매출액이 감소할 경우, 선지급된 보수 중 초과 지급분의 정산을 위하여 환불금의 10%를 반환하기로 하는 내용일 뿐, 마땅히 근로자에게 지급되어야 할 임금을 반환하는 취지의 약정이라고 보기 어렵다. 다. 피고는 이 사건 회사에 재직하던 중에도 유료회원에 대한 환불이 발생하면 환불금의 10%를 공제한 액수를 임금으로 지급받았다. 환불금의 10%는 피고가 이 사건 회사에서 퇴직하지 않았더라도, 유료회원에 대한 환불이 발생하면 반환하였어야 할 돈이다. 라. 위와 같은 사정 및 피고가 지급받은 보수 총액, 이 사건 반환금의 규모와 액수 등을 감안하면, 이 사건 반환규정은 실질적으로 피고의 근로계약 불이행을 사유로 한 것이 아니고, 피고의 퇴직 자유를 제한하거나 그 의사에 반하는 근로의 계속을 부당하게 강요하는 것이라고 볼 수도 없다. 따라서 이 사건 반환규정은 근로기준법 제20조가 금지하는 약정에 해당하지 아니한다. 마. 같은 취지에서 이 사건 반환규정이 유효하다는 전제 아래 이 사건 반환금 청구 부분을 인용한 원심판단은 정당하고, 거기에 상고이유 주장과 같이 근로기준법 제20조 등에 관한 법리를 오해하거나, 논리와 경험의 법칙을 위반하여 자유심증주의의 한계를 벗어나 판결에 영향을 미친 잘못이 없다. 4. 그러므로 상고를 기각하고, 상고비용은 패소자가 부담하도록 하여 관여 대법관의 일치된 의견으로 주문과 같이 판결한다. 대법관 노경필(재판장) 이흥구(주심) 오석준 이숙연 ]]>","라 한다), 그 주요 내용은 다음과 같다. 1) 피고의 보수는 이 사건 회사가 유료회원으로부터 지급받는 금원에서 일체의 환불금을 공제한 금액인",미검수
법제처 OPEN API/prec,607837,2023다318420,약정금청구[사용자가 텔레마케터 퇴직 후 발생한 환불수수료의 반환을 구하는 사건],https://www.law.go.kr/DRF/lawService.do?OC=test&target=prec&ID=607837&type=HTML,(조 번호 미표기),안전,판례 문맥 추론 · 단일 신호,안전,,," 피고의 보수는 이 사건 회사가 유료회원으로부터 지급받는 금원에서 일체의 환불금을 공제한 금액인 ‘실매출액’의 10%이다. 보수는 유료회원 계약기간에 안분하여 분할 지급함을 원칙으로 하되, 이 사건 회사는 이를 선지급할 수 있다. 2) 이 사건 계약이 해지·만료된 후 환불이 발생한 경우, 피고는 이 사건 회사에 환불금의 10%를 반환하여야 한다(이하 ‘이 사건 반환규정’이라 한다). 나. 피고는 2021. 9. 23. 이 사건 회사에서 퇴직하였는데, 근무기간 중 지급받은 보수는 64,215,296원이고, 이 사건 회사가 피고의 퇴직 후 유료회원들에게 환불한 금액의 10% 상당액은 1,776,575원이다(이하 ‘이 사건 반환금’이라 한다). 한편 이 사건 회사의 유료회원계약기간은 1년을 초과하지 않았다. 다. 원고는 2021. 10. 20. 이 사건 회사로부터 이 사건 회사의 피고에 대한 이 사건 계약에 따른 약정금 채권을 양수하였다. 3. 위와 같은 사실관계를 앞서 본 법리에 비추어 살펴본다. 가. 피고와 이 사건 회사는, 이 사건 계약을 통하여 피고가 유치한 유료회원에 관련된 ‘실매출액’의 10%를 보수 산정의 기준으로 정하고, 원칙적으로 유료회원 계약기간에 따라 보수를 분할하여 지급하기로 합의하였다. 피고의 보수는 기본적으로 근로의 대상으로 지급되는 임금에 해당하나, 이 사건 회사의 사업구조, 피고 제공의 근로 내용, 유료회원 계약기간 등을 감안하면, 그와 같은 합의가 근로기준법 등 강행규정에 위반되거나 탈법행위에 해당한다고 보기 어렵다. 나. 이 사건 회사는 피고에게 보수를 분할하여 지급할 수 있었음에도, 유료회원 계약이 체결되면 그 무렵 보수 전액을 선지급한 것으로 보인다. 이 사건 반환규정은 피고의 퇴직 후 환불금이 발생하여 보수 산정의 기준인 실매출액이 감소할 경우, 선지급된 보수 중 초과 지급분의 정산을 위하여 환불금의 10%를 반환하기로 하는 내용일 뿐, 마땅히 근로자에게 지급되어야 할 임금을 반환하는 취지의 약정이라고 보기 어렵다. 다. 피고는 이 사건 회사에 재직하던 중에도 유료회원에 대한 환불이 발생하면 환불금의 10%를 공제한 액수를 임금으로 지급받았다. 환불금의 10%는 피고가 이 사건 회사에서 퇴직하지 않았더라도, 유료회원에 대한 환불이 발생하면 반환하였어야 할 돈이다. 라. 위와 같은 사정 및 피고가 지급받은 보수 총액, 이 사건 반환금의 규모와 액수 등을 감안하면, 이 사건 반환규정은 실질적으로 피고의 근로계약 불이행을 사유로 한 것이 아니고, 피고의 퇴직 자유를 제한하거나 그 의사에 반하는 근로의 계속을 부당하게 강요하는 것이라고 볼 수도 없다. 따라서 이 사건 반환규정은 근로기준법 제20조가 금지하는 약정에 해당하지 아니한다. 마. 같은 취지에서 이 사건 반환규정이 유효하다는 전제 아래 이 사건 반환금 청구 부분을 인용한 원심판단은 정당하고, 거기에 상고이유 주장과 같이 근로기준법 제20조 등에 관한 법리를 오해하거나, 논리와 경험의 법칙을 위반하여 자유심증주의의 한계를 벗어나 판결에 영향을 미친 잘못이 없다. 4. 그러므로 상고를 기각하고, 상고비용은 패소자가 부담하도록 하여 관여 대법관의 일치된 의견으로 주문과 같이 판결한다. 대법관 노경필(재판장) 이흥구(주심) 오석준 이숙연 ]]>","라 한다). 나. 피고는 2021. 9. 23. 이 사건 회사에서 퇴직하였는데, 근무기간 중 지급받은 보수는 64,215,296원이고, 이 사건 회사가 피고의 퇴직 후 유료회원들에게 환불한 금액의 10% 상당액은 1,776,575원이다(이하",미검수
법제처 OPEN API/prec,613163,2024다311457,계약금등반환청구,https://www.law.go.kr/DRF/lawService.do?OC=test&target=prec&ID=613163&type=HTML,(조 번호 미표기),(판단 불명확),판단 불명확,,,,"다)을 대금 2억 4,500만 원에 매수하되, 그중 계약금 1,000만 원은 계약 당일에, 1차 중도금 1,500만 원은 2019. 12. 15.에 각각 지급하고, 2차 중도금 4,000만 원과 잔금 1억 8,000만 원은 추후 위 다세대주택을 둘러싼 별건 민사소송이 종료되면 쌍방이 협의하여 그 지급기일을 정하기로 하는 내용의 분양계약을 체결하였다(이하 ‘이 사건 분양계약’이라 한다). 나. 이 사건 분양계약 제2조 제4호 및 제3조 제1항에 따르면, 원고가 이 사건 분양계약을 위반한 경우 피고는 사전최고 후 계약을 해제할 수 있고, 이 경우 피고는 원고로부터 지급받은 분양대금 전액을 위약금으로 몰취할 수 있다. 다. 원고는 피고에게 계약 당일 계약금으로 1,000만 원을 지급하고, 2019. 12. 20. 1차 중도금으로 1,500만 원을 지급하였다. 라. 원고는 2020. 11. 5.경 피고에게 ""피고가 이 사건 호실 관련 별건 민사소송이 2020년 내에는 끝날 수도 있으나 그 안에 원고가 계약해지를 원하면 계약금 및 중도금을 반환해 주겠다고 하여 믿고 기다렸다. 그런데 소송이 언제 끝날지 기약이 없어 계속 기다릴 수 없다. 계약해지를 요청하고 계약금 및 중도금의 반환을 요청한다.""라는 취지로 이 사건 분양계약의 해제를 통보하는 내용증명우편을 보냈다(이하 ‘이 사건 내용증명’이라 한다). 마. 원고는 2022. 3. 28. 피고를 상대로 이 사건 호실의 하자를 이유로 한 이 사건 분양계약 해제에 따른 원상회복 또는 피고의 기망을 이유로 한 이 사건 분양계약 취소에 따른 부당이득반환으로서, 이미 지급한 계약금과 1차 중도금 합계 2,500만 원 및 이에 대한 지연손해금의 지급을 구하는 이 사건 소를 제기하였다. 그 후 원고는 원심에 이르러 기존의 청구원인을 이 사건 분양계약의 무효로 인한 부당이득반환청구 또는 피고의 이행거절을 이유로 한 이 사건 분양계약 해제에 따른 원상회복청구로 변경하였다. 2. 원심의 판단 원심은 원고의 계약해제 주장에는 피고의 채무불이행으로 인한 계약해제가 인정되지 않더라도 계약이 묵시적으로 합의해제되었다는 주장이 포함된 것으로 선해할 수 있다고 전제한 다음, 원고가 계약해제에 따른 원상회복청구를 하고 있는 이 사건의 원심 제2차 변론기일에서 피고도 이 사건 분양계약을 유지할 의사가 없다고 진술한 이상, 위 제2차 변론기일이 열린 2024. 9. 24. 원고와 피고 간에 이 사건 분양계약을 더 이상 실현하지 않을 의사가 서로 일치되어 이 사건 분양계약은 묵시적으로 합의해제되었다고 판단하였다. 3. 대법원의 판단 원심의 위와 같은 판단은 다음과 같은 이유에서 그대로 수긍하기 어렵다. 가. 당사자 사이의 합의로 성립한 계약을 합의해제하기 위해서는 계약이 성립하는 경우와 마찬가지로 기존 계약의 효력을 소멸시키기로 하는 내용의 해제계약의 청약과 승낙이라는 서로 대립하는 의사표시가 합치될 것을 그 요건으로 하며, 이러한 합의가 성립하기 위해서는 쌍방 당사자의 표시행위에 나타난 의사의 내용이 서로 객관적으로 일치하여야 한다. 계약의 합의해제는 묵시적으로 이루어질 수도 있으나, 계약이 묵시적으로 합의해제되었다고 하려면 계약의 성립 후에 당사자 쌍방의 계약실현의사의 결여 또는 포기로 인하여 그 계약을 실현하지 아니할 당사자 쌍방의 의사가 일치되어야 한다(대법원 1998. 8. 21. 선고 98다17602 판결 참조). 한편 계약상의 급부가 일부 이행된 경우에 이미 이행한 급부의 원상회복 및 손해배상에 관하여 아무런 약정 없이 계약을 종료시키기로 하는 합의만 하는 것은 경험칙에 비추어 이례적이므로, 당사자 사이에 계약을 종료시킬 의사가 일치되었더라도 이미 이행한 급부의 원상회복 및 손해배상에 관한 당사자 쌍방의 의사 내용이 서로 객관적으로 일치하지 않는다면 계약이 합의해제되었다고 볼 수 없다(대법원 1994. 9. 13. 선고 94다17093 판결, 대법원 2021. 2. 10. 선고 2020다271315 판결 등 참조). 나. 원심판결 이유와 기록에 의하면 다음과 같은 사실을 알 수 있다. 1) 원고의 ","라 한다). 나. 이 사건 분양계약 제2조 제4호 및 제3조 제1항에 따르면, 원고가 이 사건 분양계약을 위반한 경우 피고는 사전최고 후 계약을 해제할 수 있고, 이 경우 피고는 원고로부터 지급받은 분양대금 전액을 위약금으로 몰취할 수 있다. 다. 원고는 피고에게 계약 당일 계약금으로 1,000만 원을 지급하고, 2019. 12. 20. 1차 중도금으로 1,500만 원을 지급하였다. 라. 원고는 2020. 11. 5.경 피고에게",미검수
법제처 OPEN API/prec,616595,2024나2017784,납입금반환청구의소,https://www.law.go.kr/DRF/lawService.do?OC=test&target=prec&ID=616595&type=HTML,(조 번호 미표기),(판단 불명확),판단 불명확,,,,"항에 대해서는 조합규약 등과 관계법령에 따른다는 것일 뿐 위 조항의 의미를 이 사건 가입계약이 피고의 조합규약보다 항상 우선하여 적용된다거나 피고 조합규약의 적용과 효력을 부인할 수 있다는 것으로 해석할 수는 없다. - 이 사건 계약 제8조 제2항에서 세대주 변경 등에 따른 조합원자격 상실을 해지사유로 명시하고 있지 아니하다. 다만 같은 조 제1호에서 ‘이 사건 계약 내용을 성실하게 이행하지 아니하였을 때’를 해지사유로 규정하고 있을 뿐인데 해지는 피고의 서면 통지 의사표시를 필요로 하고 그 효과는 ‘조합원자격 및 그 지위의 상실’인 점을 고려하면, 주택법령 및 조합규약에 따라 이미 조합원 자격 및 지위가 자동 상실된 경우가 위 제1호의 사유에 포함되는 것으로 보기 어렵다. 만약 이와 같이 해석하지 아니할 경우 세대주 자격상실 조합원과 지역주택조합 사이의 복잡한 법률관계 해소를 위한 기준시점 확정에 혼란이 발생할 뿐만 아니라 피고가 해지를 통보하는 시기에 따라 자의적으로 결정될 위험이 크다. - 조합규약 제12조 제4항이 총회 의결로서 공제할 공동부담금 및 환급시기를 따로 정할 수 있다고 규정하고 있기는 하나, 을 제3호증의 기재만으로는 피고 조합의 창립총회 전 지역주택조합 추진위원회가 이미 추진한 업무 즉, 시공예정사 및 업무대행사, 자금관리사 선정, 설계 및 인허가 업무, 광고대행 업무 등을 승계하기 위한 포괄적인 추인 사항에 조합원모집대행계약 체결 등이 포함되어 있는 것으로 보일 뿐, ‘조합원자격 상실의 경우 공제할 공동부담금 산정방법 및 환급시기’에 대한 의안이 상정되어 이에 관한 논의가 진행되었다거나 조합가입계약서의 구체적 내용이 심의·의결되었다고 보기에 부족하고, 달리 이에 관한 사항을 총회에서 결의하였다고 볼 만한 증거가 없다. 』 ○ 제1심판결 제15쪽 제16행 ""보이기는 하나,"" 뒤에 ""이 법원에 이르기까지도""를 추가한다. 3. 결론 그렇다면 원고의 청구는 위 인정범위 내에서 이유 있어 이를 인용하고, 나머지 청구는 이유 없어 이를 기각하여야 한다. 제1심판결은 이와 결론을 같이하여 정당하므로 피고의 항소는 이유 없어 이를 기각한다. 판사 문광섭(재판장) 강효원 김진하 ]]>",해지사유로 규정하고 있을 뿐인데 해지는 피고의 서면 통지 의사표시를 필요로 하고 그 효과는,미검수
법제처 OPEN API/prec,606973,2023가합96954,해고무효확인,https://www.law.go.kr/DRF/lawService.do?OC=test&target=prec&ID=606973&type=HTML,(조 번호 미표기),(판단 불명확),판단 불명확,,,,"회사이고, 2021. 7. 1. 주식회사 ○○○홈쇼핑(이하 ‘△△홈쇼핑’이라 한다)을 흡수합병한 이후 홈쇼핑 사업도 영위하고 있다. 2) 원고는 2005. 5.경 ‘△△ 쇼핑호스트 선발대회’를 통하여 △△홈쇼핑과 근로계약을 체결하고 쇼핑호스트로 활동하다가, 퇴직원을 제출하여 가입기간에 상응하는 퇴직연금을 지급받은 후, 2017년경부터는 ‘쇼핑호스트 업무 위촉계약서’를 기초로 한 쇼핑호스트 업무 위촉계약을 체결하고 2023. 7. 31.까지 △△홈쇼핑에서 쇼핑호스트로 활동한 사람이다. 나. 쇼핑호스트 업무 위촉계약의 내용 원고와 피고는 2017. 1. 1.경 계약기간을 2017. 1. 1.부터 2019. 12. 31.까지로 하여 위와 같이 쇼핑호스트 업무 위촉계약을 체결하였고, 2020. 1. 1.경 계약기간을 2020. 1. 1.부터 2022. 12. 31.까지로 하여 같은 내용의 계약을 다시 체결하였으며, 2023. 2. 1.경 계약기간을 2023. 2. 1.부터 2025. 1. 31.까지로 하여 같은 내용의 계약을 다시 체결하였다(이하 위 각 계약을 ‘이 사건 위촉계약’이라 하고, 이 사건 위촉계약 체결 시 작성한 ‘쇼핑호스트 업무 위촉계약서’의 주요 내용은 아래와 같다). 피고와 원고는 다음과 같이 프리랜서 쇼핑호스트 업무 위촉계약(이하 ‘본 계약’이라 함)을 체결하고 이의 성실한 준수를 약정한다.제1조(계약의 목적)본 계약은 피고가 운영하는 상품 판매 채널(생방송, 데이터방송, 모바일, VOD, 각종 사전제작 및 제휴채널)(이하 ‘매장’이라고 함)에서 원고의 쇼핑호스트 업무(이하 ‘업무’라 함)를 성실히 수행함에 있어 필요한 피고와 원고의 권리와 의무를 명확히 함을 목적으로 한다.제2조(업무 범위 및 방법)1. 본 계약에 따라 원고는 다음 각호에 규정된 업무를 성실히 수행하여야 한다. ① 사전미팅 참석: 상품 내용 및 방송 판매 기획 숙지 ② 피고의 연출 기획에 맞는 방송 프로그램 쇼핑호스트 업무 ③ 기타 피고가 업무와 관련하여 별도로 요청하는 사항2. 피고와 원고는 상호 협의에 따라 원고의 구체적인 업무 수행 일자 또는 방송 프로그램 출연일자를 정한다(일정 변경 포함). 단, 원고는 자신의 개인적인 사유로 방송 프로그램 출연일자 변경이 필요할 경우 방송 프로그램의 제작 또는 방송 일정을 고려하여 방송일 기준 최소 2주일 전에 피고에게 통지하여 피고의 동의를 받아야 한다.제4조(수수료)1. 피고는 원고가 계약상 업무를 수행한 대가로 수수료를 지급하기로 하며, 지급기준은 다음 각호와 같다. ① TV홈쇼핑(케이블 TV 홈쇼핑, 위성방송, IPTV 등 포함 / 이하 ‘TV홈쇼핑’이라 함) 생방송 또는 녹화방송 출연 시: 1시간당 삼십오만 원(￦350,000) ② 각종 사전 제작물(데이터홈쇼핑 녹화물, TV홈쇼핑용 인서트 등 포함 / 이하 ‘사전 제작물’이라 함)의 촬영 시 수수료 기준은 다음 각 목과 같다. 가. 1일 총촬영시간 4시간 이하일 경우: TV홈쇼핑 생방송 1시간 수수료 나. 1일 총촬영시간 4시간 초과일 경우: TV홈쇼핑 생방송 1시간 30분 수수료 ③ TV홈쇼핑 생방송 또는 녹화방송의 재방송 출연 시 수수료 기준은 다음과 같다. 가. 해당 생방송 또는 녹화방송의 재방송 시 1회에 한하여 해당 방송의 본 방송 수수료의 20%에 해당하는 금액 ④ 원고가 본 계약상 업무의 수행을 위하여 출장 시 수수료 기준은 다음 각 목과 같다. 가. 국내출장 시: 본 항 제2호의 기준과 동일 나. 해외출장 시: TV홈쇼핑 생방송 1시간 30분 수수료 × 숙박일2. 피고는 매월 해당 월 1일부터 말일까지 발생한 수수료를 정산하여 익월 3일 이내에 원고에게 현금 지급하기로 하며, 제 세금은 원고가 부담한다.3. 본 계약을 위반하여 원고의 피고에 대한 손해배상금, 위약금 등의 지급의무가 발생한 경우, 피고는 원고가 손해배상금, 위약금 등을 완전히 변제할 때까지 수수료 지급을 보류하거나 상계 후 지급할 수 있다제7조(업무상 준수 사항)1. 원고는 다음 각호에 정한 사항을 준수하여야 하며, 위반 시 본 계약이 해지될 수 있음을","기초로 한 쇼핑호스트 업무 위촉계약을 체결하고 2023. 7. 31.까지 △△홈쇼핑에서 쇼핑호스트로 활동한 사람이다. 나. 쇼핑호스트 업무 위촉계약의 내용 원고와 피고는 2017. 1. 1.경 계약기간을 2017. 1. 1.부터 2019. 12. 31.까지로 하여 위와 같이 쇼핑호스트 업무 위촉계약을 체결하였고, 2020. 1. 1.경 계약기간을 2020. 1. 1.부터 2022. 12. 31.까지로 하여 같은 내용의 계약을 다시 체결하였으며, 2023. 2. 1.경 계약기간을 2023. 2. 1.부터 2025. 1. 31.까지로 하여 같은 내용의 계약을 다시 체결하였다(이하 위 각 계약을",미검수
법제처 OPEN API/prec,606973,2023가합96954,해고무효확인,https://www.law.go.kr/DRF/lawService.do?OC=test&target=prec&ID=606973&type=HTML,(조 번호 미표기),안전,판례 문맥 추론 · 단일 신호,안전,,,"2. 31.까지로 하여 위와 같이 쇼핑호스트 업무 위촉계약을 체결하였고, 2020. 1. 1.경 계약기간을 2020. 1. 1.부터 2022. 12. 31.까지로 하여 같은 내용의 계약을 다시 체결하였으며, 2023. 2. 1.경 계약기간을 2023. 2. 1.부터 2025. 1. 31.까지로 하여 같은 내용의 계약을 다시 체결하였다(이하 위 각 계약을 ‘이 사건 위촉계약’이라 하고, 이 사건 위촉계약 체결 시 작성한 ‘쇼핑호스트 업무 위촉계약서’의 주요 내용은 아래와 같다). 피고와 원고는 다음과 같이 프리랜서 쇼핑호스트 업무 위촉계약(이하 ‘본 계약’이라 함)을 체결하고 이의 성실한 준수를 약정한다.제1조(계약의 목적)본 계약은 피고가 운영하는 상품 판매 채널(생방송, 데이터방송, 모바일, VOD, 각종 사전제작 및 제휴채널)(이하 ‘매장’이라고 함)에서 원고의 쇼핑호스트 업무(이하 ‘업무’라 함)를 성실히 수행함에 있어 필요한 피고와 원고의 권리와 의무를 명확히 함을 목적으로 한다.제2조(업무 범위 및 방법)1. 본 계약에 따라 원고는 다음 각호에 규정된 업무를 성실히 수행하여야 한다. ① 사전미팅 참석: 상품 내용 및 방송 판매 기획 숙지 ② 피고의 연출 기획에 맞는 방송 프로그램 쇼핑호스트 업무 ③ 기타 피고가 업무와 관련하여 별도로 요청하는 사항2. 피고와 원고는 상호 협의에 따라 원고의 구체적인 업무 수행 일자 또는 방송 프로그램 출연일자를 정한다(일정 변경 포함). 단, 원고는 자신의 개인적인 사유로 방송 프로그램 출연일자 변경이 필요할 경우 방송 프로그램의 제작 또는 방송 일정을 고려하여 방송일 기준 최소 2주일 전에 피고에게 통지하여 피고의 동의를 받아야 한다.제4조(수수료)1. 피고는 원고가 계약상 업무를 수행한 대가로 수수료를 지급하기로 하며, 지급기준은 다음 각호와 같다. ① TV홈쇼핑(케이블 TV 홈쇼핑, 위성방송, IPTV 등 포함 / 이하 ‘TV홈쇼핑’이라 함) 생방송 또는 녹화방송 출연 시: 1시간당 삼십오만 원(￦350,000) ② 각종 사전 제작물(데이터홈쇼핑 녹화물, TV홈쇼핑용 인서트 등 포함 / 이하 ‘사전 제작물’이라 함)의 촬영 시 수수료 기준은 다음 각 목과 같다. 가. 1일 총촬영시간 4시간 이하일 경우: TV홈쇼핑 생방송 1시간 수수료 나. 1일 총촬영시간 4시간 초과일 경우: TV홈쇼핑 생방송 1시간 30분 수수료 ③ TV홈쇼핑 생방송 또는 녹화방송의 재방송 출연 시 수수료 기준은 다음과 같다. 가. 해당 생방송 또는 녹화방송의 재방송 시 1회에 한하여 해당 방송의 본 방송 수수료의 20%에 해당하는 금액 ④ 원고가 본 계약상 업무의 수행을 위하여 출장 시 수수료 기준은 다음 각 목과 같다. 가. 국내출장 시: 본 항 제2호의 기준과 동일 나. 해외출장 시: TV홈쇼핑 생방송 1시간 30분 수수료 × 숙박일2. 피고는 매월 해당 월 1일부터 말일까지 발생한 수수료를 정산하여 익월 3일 이내에 원고에게 현금 지급하기로 하며, 제 세금은 원고가 부담한다.3. 본 계약을 위반하여 원고의 피고에 대한 손해배상금, 위약금 등의 지급의무가 발생한 경우, 피고는 원고가 손해배상금, 위약금 등을 완전히 변제할 때까지 수수료 지급을 보류하거나 상계 후 지급할 수 있다제7조(업무상 준수 사항)1. 원고는 다음 각호에 정한 사항을 준수하여야 하며, 위반 시 본 계약이 해지될 수 있음을 확인한다. ① 원고는 쇼핑호스트의 이미지가 피고 또는 피고의 브랜드 이미지와 연결되어 소비자들에게 받아들여지는 홈쇼핑 업체의 특성을 고려하여, 본 계약기간 동안 다음 각 목에 정한 사항을 수행할 수 없으며, 본 항은 계약의 해지 또는 종료 이후 1개월 동안 유효하다. 가. 타 홈쇼핑 및 유사 홈쇼핑 등 방송을 통한 유","라 하고, 이 사건 위촉계약 체결 시 작성한",미검수
법제처 OPEN API/prec,606973,2023가합96954,해고무효확인,https://www.law.go.kr/DRF/lawService.do?OC=test&target=prec&ID=606973&type=HTML,(조 번호 미표기),안전,판례 문맥 추론 · 단일 신호,안전,,," 1. 1.경 계약기간을 2020. 1. 1.부터 2022. 12. 31.까지로 하여 같은 내용의 계약을 다시 체결하였으며, 2023. 2. 1.경 계약기간을 2023. 2. 1.부터 2025. 1. 31.까지로 하여 같은 내용의 계약을 다시 체결하였다(이하 위 각 계약을 ‘이 사건 위촉계약’이라 하고, 이 사건 위촉계약 체결 시 작성한 ‘쇼핑호스트 업무 위촉계약서’의 주요 내용은 아래와 같다). 피고와 원고는 다음과 같이 프리랜서 쇼핑호스트 업무 위촉계약(이하 ‘본 계약’이라 함)을 체결하고 이의 성실한 준수를 약정한다.제1조(계약의 목적)본 계약은 피고가 운영하는 상품 판매 채널(생방송, 데이터방송, 모바일, VOD, 각종 사전제작 및 제휴채널)(이하 ‘매장’이라고 함)에서 원고의 쇼핑호스트 업무(이하 ‘업무’라 함)를 성실히 수행함에 있어 필요한 피고와 원고의 권리와 의무를 명확히 함을 목적으로 한다.제2조(업무 범위 및 방법)1. 본 계약에 따라 원고는 다음 각호에 규정된 업무를 성실히 수행하여야 한다. ① 사전미팅 참석: 상품 내용 및 방송 판매 기획 숙지 ② 피고의 연출 기획에 맞는 방송 프로그램 쇼핑호스트 업무 ③ 기타 피고가 업무와 관련하여 별도로 요청하는 사항2. 피고와 원고는 상호 협의에 따라 원고의 구체적인 업무 수행 일자 또는 방송 프로그램 출연일자를 정한다(일정 변경 포함). 단, 원고는 자신의 개인적인 사유로 방송 프로그램 출연일자 변경이 필요할 경우 방송 프로그램의 제작 또는 방송 일정을 고려하여 방송일 기준 최소 2주일 전에 피고에게 통지하여 피고의 동의를 받아야 한다.제4조(수수료)1. 피고는 원고가 계약상 업무를 수행한 대가로 수수료를 지급하기로 하며, 지급기준은 다음 각호와 같다. ① TV홈쇼핑(케이블 TV 홈쇼핑, 위성방송, IPTV 등 포함 / 이하 ‘TV홈쇼핑’이라 함) 생방송 또는 녹화방송 출연 시: 1시간당 삼십오만 원(￦350,000) ② 각종 사전 제작물(데이터홈쇼핑 녹화물, TV홈쇼핑용 인서트 등 포함 / 이하 ‘사전 제작물’이라 함)의 촬영 시 수수료 기준은 다음 각 목과 같다. 가. 1일 총촬영시간 4시간 이하일 경우: TV홈쇼핑 생방송 1시간 수수료 나. 1일 총촬영시간 4시간 초과일 경우: TV홈쇼핑 생방송 1시간 30분 수수료 ③ TV홈쇼핑 생방송 또는 녹화방송의 재방송 출연 시 수수료 기준은 다음과 같다. 가. 해당 생방송 또는 녹화방송의 재방송 시 1회에 한하여 해당 방송의 본 방송 수수료의 20%에 해당하는 금액 ④ 원고가 본 계약상 업무의 수행을 위하여 출장 시 수수료 기준은 다음 각 목과 같다. 가. 국내출장 시: 본 항 제2호의 기준과 동일 나. 해외출장 시: TV홈쇼핑 생방송 1시간 30분 수수료 × 숙박일2. 피고는 매월 해당 월 1일부터 말일까지 발생한 수수료를 정산하여 익월 3일 이내에 원고에게 현금 지급하기로 하며, 제 세금은 원고가 부담한다.3. 본 계약을 위반하여 원고의 피고에 대한 손해배상금, 위약금 등의 지급의무가 발생한 경우, 피고는 원고가 손해배상금, 위약금 등을 완전히 변제할 때까지 수수료 지급을 보류하거나 상계 후 지급할 수 있다제7조(업무상 준수 사항)1. 원고는 다음 각호에 정한 사항을 준수하여야 하며, 위반 시 본 계약이 해지될 수 있음을 확인한다. ① 원고는 쇼핑호스트의 이미지가 피고 또는 피고의 브랜드 이미지와 연결되어 소비자들에게 받아들여지는 홈쇼핑 업체의 특성을 고려하여, 본 계약기간 동안 다음 각 목에 정한 사항을 수행할 수 없으며, 본 항은 계약의 해지 또는 종료 이후 1개월 동안 유효하다. 가. 타 홈쇼핑 및 유사 홈쇼핑 등 방송을 통한 유통업체(이하 통칭하여 ‘경쟁업체’라 함)에 출연하는 행위 나. ‘경쟁업체’의 인터넷, 잡지 등의 광고 모델로 출연하는 행위 다.",주요 내용은 아래와 같다). 피고와 원고는 다음과 같이 프리랜서 쇼핑호스트 업무 위촉계약(이하,미검수
법제처 OPEN API/prec,606973,2023가합96954,해고무효확인,https://www.law.go.kr/DRF/lawService.do?OC=test&target=prec&ID=606973&type=HTML,(조 번호 미표기),(판단 불명확),판단 불명확,,,,"재 및 변론 전체의 취지에 의하여 인정되는 다음과 같은 사실 및 사정을 위 법리에 비추어 보면 원고를 피고의 근로자라고 보기 어려우므로, 원고의 주장은 이유 없다. 가) 피고 소속 쇼핑호스트의 종류 피고에는 ① 출퇴근 시간과 소정 근로시간이 정해져 있고 피고 취업규칙 등 피고 내부규정의 적용을 받는 전문계약직 쇼핑호스트와 ② ‘프리랜서 쇼핑호스트 업무 위촉계약서’를 작성하여 이 사건 위촉계약과 같은 내용의 계약을 체결하고 쇼핑호스트 업무를 수행하는 프리랜서 쇼핑호스트(원고가 여기에 포함된다)가 있다. 이하에서는 프리랜서 쇼핑호스트를 기준으로 판단한다(이하 ‘쇼핑호스트’ 기재는 ‘프리랜서 쇼핑호스트’를 의미하고, 특정이 필요한 경우에만 전문계약직 또는 프리랜서 쇼핑호스트를 특정한다). 나) 구체적인 업무 수행이 피고의 지시대로 이루어지는지 여부 (1) 쇼핑호스트는 방송 3~5일 전에 담당 PD·MD, 협력업체 관계자 등과 함께 회의에 참석하여 판매할 상품의 특징에 관한 설명을 듣고, 상품의 특징과 방송에서의 표현 등을 함께 논의한 후 이를 기초로 하여 개인의 설명 방식이나 요령에 따라 방송을 진행하면서 상품을 설명하고 시연하게 된다. (2) 이처럼 쇼핑호스트의 주요한 업무인 방송 업무가 피고가 주도한 위 회의에서 정한 기본적인 방향과 기획 의도에 따르는 제약이 있기는 하나, ① 이 사건 위촉계약서 제2조 제1항 제1호는 「본 계약에 따라 원고는 다음 각호에 규정된 업무를 성실히 수행하여야 한다. 사전미팅 참석: 상품 내용 및 방송 판매 기획 숙지」를 정하고 있으므로, 원고가 방송을 위하여 피고가 진행하는 회의에 참석하는 것은 계약에서 정한 사항을 이행하는 것으로 볼 수 있는 점, ② 다른 방송과 달리 피고는 쇼핑호스트에게 방송 대본을 주지 않는 점, ③ 쇼핑호스트의 방송 업무 자체는 쇼핑호스트가 개인적인 역량을 발휘하여 자율적으로 수행하는 것으로서 정형화된 업무 수행 방법이 있을 수 없는 점 등에 비추어 보면, 피고가 쇼핑호스트의 업무 수행에 대하여 구체적이고 직접적인 지휘·감독을 한다고 할 수 없다. (3) ① 피고가 행사를 개최하는 경우 전문계약직 쇼핑호스트에게 행사 사회 등 지원업무를 지시하지만, 필요한 경우 프리랜서 쇼핑호스트들에게 행사진행을 요청하였고, ② 쇼핑호스트가 방송통신심의위원회 소위원회 방청교육에 참석하거나 ③ 신입 쇼핑호스트들의 조장이나 멘토 등 업무를 수행하기도 하였으나, 쇼핑호스트로서는 이를 거절하는 등 자유롭게 위 각 업무의 수행 여부를 선택할 수 있었고, 위 각 업무를 수행하는 경우 그에 대한 수수료가 지급되었다. 또한 위 각 업무는 이 사건 위촉계약서 제2조 제1항 제3호의「기타 피고가 업무와 관련하여 별도로 요청하는 사항」에 해당한다고 보아야 하므로, 원고가 이 사건 위촉계약에 따라 위 각 업무를 수행한 것이 피고의 근로자로서 피고의 구속력 있는 지시에 따른 것이라고 볼 수도 없다. 다) 원고의 근무형태(근무시간, 근무장소 등) 및 피고의 근태관리 (1) 쇼핑호스트에 대해서는 고정된 출퇴근시간이나 월 소정근로시간 등이 정해져 있지 않았고, 쇼핑호스트의 출퇴근시간을 관리·감독하는 전산시스템이나 그 내역을 기재하여 제출하게 하는 업무절차도 없었다. 따라서 쇼핑호스트는 홈쇼핑 방송 준비 및 촬영, 방송 후 리뷰, 정리 등을 위해 필요한 ‘방송업무시간(방송녹화 시작 2시간 전~방송종료 후 1시간)’의 준수만 요구되었다. 피고는 여성 쇼핑호스트에게 ‘녹화(생방송) 2시간 전’까지, 남성 쇼핑호스트에게 ‘녹화(생방송) 1시간 30분 전까지’ 분장실로 도착할 것을 요청하였으나, 쇼핑호스트의 주된 업무인 방송 출연은 독자적으로 수행할 수 있는 것이 아니고 피고가 주관하는 방송과 함께 이루어지는 것이라는 특성을 고려하면, 위와 같은 방송 전후 일정한 시간 동안 업무가 강제되는 것은 이 사건 위촉계약에 따른 업무 수행의 일환으로 보아야 하므로,",작성하여 이 사건 위촉계약과 같은 내용의 계약을 체결하고 쇼핑호스트 업무를 수행하는 프리랜서 쇼핑호스트(원고가 여기에 포함된다)가 있다. 이하에서는 프리랜서 쇼핑호스트를 기준으로 판단한다(이하,미검수
법제처 OPEN API/prec,606973,2023가합96954,해고무효확인,https://www.law.go.kr/DRF/lawService.do?OC=test&target=prec&ID=606973&type=HTML,제2조,(판단 불명확),판단 불명확,,,,"의에 참석하여 판매할 상품의 특징에 관한 설명을 듣고, 상품의 특징과 방송에서의 표현 등을 함께 논의한 후 이를 기초로 하여 개인의 설명 방식이나 요령에 따라 방송을 진행하면서 상품을 설명하고 시연하게 된다. (2) 이처럼 쇼핑호스트의 주요한 업무인 방송 업무가 피고가 주도한 위 회의에서 정한 기본적인 방향과 기획 의도에 따르는 제약이 있기는 하나, ① 이 사건 위촉계약서 제2조 제1항 제1호는 「본 계약에 따라 원고는 다음 각호에 규정된 업무를 성실히 수행하여야 한다. 사전미팅 참석: 상품 내용 및 방송 판매 기획 숙지」를 정하고 있으므로, 원고가 방송을 위하여 피고가 진행하는 회의에 참석하는 것은 계약에서 정한 사항을 이행하는 것으로 볼 수 있는 점, ② 다른 방송과 달리 피고는 쇼핑호스트에게 방송 대본을 주지 않는 점, ③ 쇼핑호스트의 방송 업무 자체는 쇼핑호스트가 개인적인 역량을 발휘하여 자율적으로 수행하는 것으로서 정형화된 업무 수행 방법이 있을 수 없는 점 등에 비추어 보면, 피고가 쇼핑호스트의 업무 수행에 대하여 구체적이고 직접적인 지휘·감독을 한다고 할 수 없다. (3) ① 피고가 행사를 개최하는 경우 전문계약직 쇼핑호스트에게 행사 사회 등 지원업무를 지시하지만, 필요한 경우 프리랜서 쇼핑호스트들에게 행사진행을 요청하였고, ② 쇼핑호스트가 방송통신심의위원회 소위원회 방청교육에 참석하거나 ③ 신입 쇼핑호스트들의 조장이나 멘토 등 업무를 수행하기도 하였으나, 쇼핑호스트로서는 이를 거절하는 등 자유롭게 위 각 업무의 수행 여부를 선택할 수 있었고, 위 각 업무를 수행하는 경우 그에 대한 수수료가 지급되었다. 또한 위 각 업무는 이 사건 위촉계약서 제2조 제1항 제3호의「기타 피고가 업무와 관련하여 별도로 요청하는 사항」에 해당한다고 보아야 하므로, 원고가 이 사건 위촉계약에 따라 위 각 업무를 수행한 것이 피고의 근로자로서 피고의 구속력 있는 지시에 따른 것이라고 볼 수도 없다. 다) 원고의 근무형태(근무시간, 근무장소 등) 및 피고의 근태관리 (1) 쇼핑호스트에 대해서는 고정된 출퇴근시간이나 월 소정근로시간 등이 정해져 있지 않았고, 쇼핑호스트의 출퇴근시간을 관리·감독하는 전산시스템이나 그 내역을 기재하여 제출하게 하는 업무절차도 없었다. 따라서 쇼핑호스트는 홈쇼핑 방송 준비 및 촬영, 방송 후 리뷰, 정리 등을 위해 필요한 ‘방송업무시간(방송녹화 시작 2시간 전~방송종료 후 1시간)’의 준수만 요구되었다. 피고는 여성 쇼핑호스트에게 ‘녹화(생방송) 2시간 전’까지, 남성 쇼핑호스트에게 ‘녹화(생방송) 1시간 30분 전까지’ 분장실로 도착할 것을 요청하였으나, 쇼핑호스트의 주된 업무인 방송 출연은 독자적으로 수행할 수 있는 것이 아니고 피고가 주관하는 방송과 함께 이루어지는 것이라는 특성을 고려하면, 위와 같은 방송 전후 일정한 시간 동안 업무가 강제되는 것은 이 사건 위촉계약에 따른 업무 수행의 일환으로 보아야 하므로, 위 사정만으로 원고에 대한 근무시간 지정이나 근태관리가 이루어진 것이라고 할 수 없다. (2) 같은 취지에서, 방송 예정이던 쇼핑호스트가 개인적인 사정으로 방송진행이 불가능해지자 피고가 원고에게 대신 방송을 진행해 달라는 부탁을 한 것이나, 피고가 원고가 참여하는 회의 일정을 잡았던 것, 피고가 태풍 등 돌발 상황으로 인해 쇼핑호스트가 방송 시간에 스튜디오에 도착하지 못하는 비상상황에 대비하여 ‘비상긴급 담당 쇼핑호스트’를 예비적으로 지정해 둔 것(실제로 ‘비상긴급 담당 쇼핑호스트’가 활용된 사례는 없다) 등은 모두 방송 업무의 특성에 따른 통상적인 업무협조요청 범위 내의 것이라고 보아야 한다(공동의 목적을 가지고 업무를 수행하는 계약관계에서 다소의 구속력이 있는 업무요청사항이 존재한다는 사정만으로 그 계약관계를 바로 근로계약관계로 볼 수는 없다). (3) 쇼핑호스트에게는 연차 유급휴가 제도",본 계약에 따라 원고는 다음 각호에 규정된 업무를 성실히 수행하여야 한다. 사전미팅 참석: 상품 내용 및 방송 판매 기획 숙지,미검수
법제처 OPEN API/prec,606973,2023가합96954,해고무효확인,https://www.law.go.kr/DRF/lawService.do?OC=test&target=prec&ID=606973&type=HTML,제2조,(판단 불명확),판단 불명확,,,,"경우 프리랜서 쇼핑호스트들에게 행사진행을 요청하였고, ② 쇼핑호스트가 방송통신심의위원회 소위원회 방청교육에 참석하거나 ③ 신입 쇼핑호스트들의 조장이나 멘토 등 업무를 수행하기도 하였으나, 쇼핑호스트로서는 이를 거절하는 등 자유롭게 위 각 업무의 수행 여부를 선택할 수 있었고, 위 각 업무를 수행하는 경우 그에 대한 수수료가 지급되었다. 또한 위 각 업무는 이 사건 위촉계약서 제2조 제1항 제3호의「기타 피고가 업무와 관련하여 별도로 요청하는 사항」에 해당한다고 보아야 하므로, 원고가 이 사건 위촉계약에 따라 위 각 업무를 수행한 것이 피고의 근로자로서 피고의 구속력 있는 지시에 따른 것이라고 볼 수도 없다. 다) 원고의 근무형태(근무시간, 근무장소 등) 및 피고의 근태관리 (1) 쇼핑호스트에 대해서는 고정된 출퇴근시간이나 월 소정근로시간 등이 정해져 있지 않았고, 쇼핑호스트의 출퇴근시간을 관리·감독하는 전산시스템이나 그 내역을 기재하여 제출하게 하는 업무절차도 없었다. 따라서 쇼핑호스트는 홈쇼핑 방송 준비 및 촬영, 방송 후 리뷰, 정리 등을 위해 필요한 ‘방송업무시간(방송녹화 시작 2시간 전~방송종료 후 1시간)’의 준수만 요구되었다. 피고는 여성 쇼핑호스트에게 ‘녹화(생방송) 2시간 전’까지, 남성 쇼핑호스트에게 ‘녹화(생방송) 1시간 30분 전까지’ 분장실로 도착할 것을 요청하였으나, 쇼핑호스트의 주된 업무인 방송 출연은 독자적으로 수행할 수 있는 것이 아니고 피고가 주관하는 방송과 함께 이루어지는 것이라는 특성을 고려하면, 위와 같은 방송 전후 일정한 시간 동안 업무가 강제되는 것은 이 사건 위촉계약에 따른 업무 수행의 일환으로 보아야 하므로, 위 사정만으로 원고에 대한 근무시간 지정이나 근태관리가 이루어진 것이라고 할 수 없다. (2) 같은 취지에서, 방송 예정이던 쇼핑호스트가 개인적인 사정으로 방송진행이 불가능해지자 피고가 원고에게 대신 방송을 진행해 달라는 부탁을 한 것이나, 피고가 원고가 참여하는 회의 일정을 잡았던 것, 피고가 태풍 등 돌발 상황으로 인해 쇼핑호스트가 방송 시간에 스튜디오에 도착하지 못하는 비상상황에 대비하여 ‘비상긴급 담당 쇼핑호스트’를 예비적으로 지정해 둔 것(실제로 ‘비상긴급 담당 쇼핑호스트’가 활용된 사례는 없다) 등은 모두 방송 업무의 특성에 따른 통상적인 업무협조요청 범위 내의 것이라고 보아야 한다(공동의 목적을 가지고 업무를 수행하는 계약관계에서 다소의 구속력이 있는 업무요청사항이 존재한다는 사정만으로 그 계약관계를 바로 근로계약관계로 볼 수는 없다). (3) 쇼핑호스트에게는 연차 유급휴가 제도가 적용되지 않았고, 매년 개인일정(개인적 사정으로 쇼핑호스트 업무를 수행하지 않는 날로, 사실상 휴가의 기능을 가진 것으로 보인다) 60일 정도를 연속 14일까지 자유롭게 사용할 수 있었다. 쇼핑호스트가 개인일정을 사용하려면 피고의 시스템에 2주 전에 미리 등록을 하여야 하나, 이는 피고가 방송편성 계획을 수립하고 각 방송에 쇼핑호스트를 배정하기 위하여 개인일정 사용에 최소한의 제한을 둔 것에 불과하다. 피고가 일부 쇼핑호스트에게 개인일정 조정 요청을 한 사실이 인정되나, 이러한 요청은 오히려 쇼핑호스트들이 자유롭게 개인일정을 사용할 수 있었기 때문에 나타난 결과로 보인다[이 사건 위촉계약서 제2조 제2항은 「2. 피고와 원고는 상호 협의에 따라 원고의 구체적인 업무 수행 일자 또는 방송 프로그램 출연일자를 정한다(일정 변경 포함).」라고 규정하고 있으므로, 원고가 개인일정을 사용하는 것이나 피고가 원고에게 개인일정 조정을 요청하는 것 모두 이 사건 위촉계약에서 정한 업무 수행 일자 조율의 과정이라고 볼 수 있다]. 또한 쇼핑호스트로서는 개인일정을 사용하려는 경우 위와 같이 피고의 시스템에 개인일정을 등록하는 ",기타 피고가 업무와 관련하여 별도로 요청하는 사항,미검수
법제처 OPEN API/prec,606973,2023가합96954,해고무효확인,https://www.law.go.kr/DRF/lawService.do?OC=test&target=prec&ID=606973&type=HTML,제2조,(판단 불명확),판단 불명확,,,,"면 피고의 시스템에 2주 전에 미리 등록을 하여야 하나, 이는 피고가 방송편성 계획을 수립하고 각 방송에 쇼핑호스트를 배정하기 위하여 개인일정 사용에 최소한의 제한을 둔 것에 불과하다. 피고가 일부 쇼핑호스트에게 개인일정 조정 요청을 한 사실이 인정되나, 이러한 요청은 오히려 쇼핑호스트들이 자유롭게 개인일정을 사용할 수 있었기 때문에 나타난 결과로 보인다[이 사건 위촉계약서 제2조 제2항은 「2. 피고와 원고는 상호 협의에 따라 원고의 구체적인 업무 수행 일자 또는 방송 프로그램 출연일자를 정한다(일정 변경 포함).」라고 규정하고 있으므로, 원고가 개인일정을 사용하는 것이나 피고가 원고에게 개인일정 조정을 요청하는 것 모두 이 사건 위촉계약에서 정한 업무 수행 일자 조율의 과정이라고 볼 수 있다]. 또한 쇼핑호스트로서는 개인일정을 사용하려는 경우 위와 같이 피고의 시스템에 개인일정을 등록하는 것 외에 피고로부터 허가를 받는 등의 절차가 없었으므로, 쇼핑호스트는 자유롭게 개인일정을 사용할 수 있었다고 보아야 한다(반면 피고의 다른 근로자들은 피고의 인사시스템에 연차사용 품의서를 제출하여 휴가를 사용하였다). (4) 또한 피고가 홈쇼핑 방송 일정을 정하여 쇼핑호스트에게 알려주면 쇼핑호스트가 방송에 출연하는 방식으로 업무 일정이 정해지기는 하였으나, 방송 일정 편성과 판매 상품 결정 및 상품에 맞는 쇼핑호스트를 배정하는 것은 홈쇼핑 방송 제작사인 피고가 당연히 해야 할 업무였고, 쇼핑호스트 배정 과정에서 쇼핑호스트들의 일정이 겹치거나 공백이 발생하지 않도록 쇼핑호스트들 사이의 일정을 조율하는 것도 당연히 부수되는 업무였다고 보아야 한다. 이 과정에서 쇼핑호스트는 자신에게 배정된 방송 일정 수락 여부를 결정할 수 있었으므로, 방송 배정에 따른 방송 진행이 강제되었다고 보기도 어렵다(배정받은 방송 출연에 관한 무제한적인 선택권을 보장받지 못하였다는 이유만으로 피고의 출연 지시에 쇼핑호스트들이 구속되는 관계였다고 인정할 수는 없다). (5) 홈쇼핑 방송 촬영을 위해서는 방송설비가 갖추어진 장소에서 많은 사람이 함께 작업을 해야 하는 것이므로, 피고가 홈쇼핑 방송을 위해서 조성한 방송 장소에서 촬영을 하도록 한 것을 들어 ‘쇼핑호스트에게 근무장소를 지정한 것’이라고 보기는 어렵다. 피고는 쇼핑호스트들이 방송 준비를 할 수 있도록 공용 사무공간이나 라운지, 수면실 등을 제공하기도 하였으나 이는 업무상 편의를 위하여 제공하는 것에 불과하고, 쇼핑호스트로서는 방송이나 방송 준비, 회의 외에는 시간과 장소의 제약 없이 업무를 수행할 수 있었으므로, 근무시간과 장소의 지정이 있었다고 볼 수 없다. 라) 근로조건에 관한 사항 (1) 쇼핑호스트는 취업규칙의 적용도 받지 않았고, 이 사건 위촉계약에는 근로시간, 연차 유급휴가 등 근로기준법 제17조에 따라 근로조건으로 명시되어야 하는 사항이 충분해 정해져 있지 않았다. (2) 쇼핑호스트는 피고 근로자들을 대상으로 한 법정의무교육을 받지 않았고, 근로자들에게 제공되는 주택자금·학자금·의료비·휴가비 등의 복리후생 혜택이나 심야교통비 등을 받지 아니하였다. 피고는 쇼핑호스트에게 사원증(ID카드)을 발급해 주기는 하였으나, 쇼핑호스트 외에도 게스트, 성우, 모델이나 협력업체 직원에게도 복지를 제공하고 출입과 구내식당 이용을 위한 ID카드를 발급해 주었으므로, 원고가 위와 같은 혜택을 받은 것만으로는 원고가 피고의 근로자라고 인정하기에 부족하다. (3) 쇼핑호스트에 대하여는 근로소득세가 아닌 사업소득세를 원천징수하였고, 4대 보험(고용보험·산재보험·국민연금·건강보험)의 가입대상자도 아니었다. (4) 쇼핑호스트 업무규정, 방송운영 업무규정, 체험용 샘플 사용 프로세스 등은 쇼핑호스트가 위임계약의 성질을 가지는 이 사건 위촉계약에 따라 업무를 수행하면서 지켜야 할 사항에 불과하고, 위 가이드 등이 업무를 처리함에",2. 피고와 원고는 상호 협의에 따라 원고의 구체적인 업무 수행 일자 또는 방송 프로그램 출연일자를 정한다(일정 변경 포함).,미검수
법제처 OPEN API/prec,607549,2024나12050,분양대금반환청구의소·매매대금,https://www.law.go.kr/DRF/lawService.do?OC=test&target=prec&ID=607549&type=HTML,(조 번호 미표기),(판단 불명확),판단 불명확,,,,"출을 받았었다 아입니까?소외 3: 예예. 대출을 받았는데 그거를 승계해가지고 그게 이자가 쳐집니까?원고(반소피고) 1: 안 나오지.소외 3: 이자가 아예 안 나와예?원고(반소피고) 1: 이자가 아예 안 나오지. 내가 한 1,200씩 매달 물어넣어야 되는 상황인 거지. ③ 원고들은 제1심 소송대리인을 통해 2022. 6. 27. 피고에게 ‘피고가 무단으로 이 사건 임대차계약을 체결하였고, 건축물분양법을 위반하였다’는 이유로 이 사건 분양계약을 해제한다는 의사를 표시하는 내용증명을 보냈고, 2022. 8. 2. 같은 이유를 들어 이 사건 소를 제기하였다. 그런데 위 ②항과 같은 전화통화 내용과 원고들이 증거로 제출한 이 사건 임대차계약의 계약서(갑 제3호증)에도 ""본 물건은 금융사가 1순위로 권리설정이 되어 있다""라고 기재되어 있는 점에 비추어 원고들은 위 내용증명을 보내고 이 사건 소를 제기할 당시 이미 이 사건 대출과 이 사건 근저당권 설정을 알고 있었는바, 그럼에도 원고들이 이 사건 분양계약을 해제한다는 의사표시를 하면서 피고의 귀책사유로 이 사건 대출이나 이 사건 근저당권설정을 거론하지 않은 것은 이것이 원고들의 동의 또는 승낙에 따른 것이었기 때문으로 보인다. 원고들은 제1심 계속 중인 2022. 9.경 이 사건 상가에 대하여 가압류신청을 하여 그 결정(창원지방법원 2022카단11674호)을 받았는바, 이 사건 상가에 관한 부동산등기부등본을 통해서도 이 사건 근저당권설정등기의 존재를 확인하였다. 그럼에도 그 무렵뿐만 아니라 이 법원에 2024. 7. 12. 자 항소이유서를 제출할 때까지도 이 사건 근저당권설정등기를 문제삼지 않았는바, 이 역시 이 사건 근저당권 설정이 원고들의 동의 또는 승낙에 따른 것이라는 피고의 주장에 부합하는 사정이다. 즉, 원고들은 이 법원에 이르러서야 피고가 원고들의 동의 없이 이 사건 근저당권을 설정하였다고 주장하였는데, 그 이전까지 그러한 주장을 전혀 하지 않았던 이유를 설명하지 않았고, 달리 납득할 만한 이유를 찾아볼 수도 없는바, 원고들의 위 주장을 믿기 어렵다. 다) 따라서 피고가 함양농업협동조합에 이 사건 근저당권설정등기를 마쳐주었더라도 이는 원고들의 동의 또는 승낙에 따른 것인 데다, 이 사건 변론종결일 현재까지 이를 말소하지 않았다고 하더라도 피고가 원고들의 잔금 지급 시 이를 말소하겠다는 의사를 표시하고 있는 이상, 이 사건 분양계약에 따른 피고의 이 사건 상가에 관한 소유권이전등기의무가 이행불능이 되었다고 할 수 없다. 3) 원고들이 이 사건 분양계약을 해제할 수 있는지에 관한 판단 가) 매매목적물인 부동산에 근저당권설정등기나 가압류등기가 있는 경우에 매도인으로서는 위 근저당권설정등기나 가압류등기를 말소하여 완전한 소유권이전등기를 해 주어야 할 의무를 부담한다고 할 것이지만, 매매목적물인 부동산에 대한 근저당권설정등기나 가압류등기가 말소되지 아니하였다고 하여 바로 매도인의 소유권이전등기의무가 이행불능으로 되었다고 할 수 없고, 매도인이 미리 이행하지 아니할 의사를 표시한 경우가 아닌 한, 매수인이 매도인에게 상당한 기간을 정하여 그 이행을 최고하고 그 기간 내에 이행하지 아니한 때에 한하여 계약을 해제할 수 있다(대법원 2003. 5. 13. 선고 2000다50688 판결 등 참조). 그리고 채권자가 이행을 최고했는데도 채무자가 채무이행을 지체한 경우 채무자가 이행을 지체하게 된 전후 사정, 그 이행에 관한 당사자의 태도, 소송의 경과 등 제반 사정에 비추어 보아 채무자가 최고기간 또는 상당한 기간 내에 이행하지 아니한 데에 정당한 사유가 있다고 여겨질 경우에는 신의칙상 그 최고기간 또는 상당한 기간 내에 이행 또는 이행의 제공이 없다는 이유로 해제권을 행사하는 것이 제한될 수 있다(대법원 2013. 6. 27. 선고 2013다14880 판결 등 참조). 나) 원고들이 2024. 9. 4. 자 준비서면으로 피고에게 ‘본 준비서면 부본을 받은 날부터 14일 이내에 이 사건 근저당권설등기를 말소하지 아니하면 이 사건 분양계약을 해제하겠다’는 의사를 표시한 사실, 이에","체결하였고, 건축물분양법을 위반하였다’는 이유로 이 사건 분양계약을 해제한다는 의사를 표시하는 내용증명을 보냈고, 2022. 8. 2. 같은 이유를 들어 이 사건 소를 제기하였다. 그런데 위 ②항과 같은 전화통화 내용과 원고들이 증거로 제출한 이 사건 임대차계약의 계약서(갑 제3호증)에도 ""본 물건은 금융사가 1순위로 권리설정이 되어 있다",미검수
법제처 OPEN API/prec,607549,2024나12050,분양대금반환청구의소·매매대금,https://www.law.go.kr/DRF/lawService.do?OC=test&target=prec&ID=607549&type=HTML,(조 번호 미표기),(판단 불명확),판단 불명확,,,,"우에는 신의칙상 그 최고기간 또는 상당한 기간 내에 이행 또는 이행의 제공이 없다는 이유로 해제권을 행사하는 것이 제한될 수 있다(대법원 2013. 6. 27. 선고 2013다14880 판결 등 참조). 나) 원고들이 2024. 9. 4. 자 준비서면으로 피고에게 ‘본 준비서면 부본을 받은 날부터 14일 이내에 이 사건 근저당권설등기를 말소하지 아니하면 이 사건 분양계약을 해제하겠다’는 의사를 표시한 사실, 이에 대하여 피고가 2024. 9. 12. 자 구석명신청서로 ‘이 사건 대출 잔액은 789,370,000원인데, 피고는 현재 14억 원의 예금을 보유하고 있으므로 언제든지 이 사건 근저당권설정등기를 말소할 수 있으니, 이 사건 근저당권이 말소되면 원고들이 잔금을 지급하고 이 사건 상가에 관하여 소유권이전등기를 할 것인지와 잔금 지급 계획을 알려달라’고 하자, 원고들이 2024. 10. 22. 자 준비서면으로 원고들은 ‘이 사건 상가의 소유권을 이전받을 의사가 없고, 이 사건 근저당권설정등기의 말소 최고는 이 사건 분양계약의 이행이 아니라 해제권을 행사하기 위한 것이다’라는 의사를 표시한 사실은 이 법원에 현저하다. 여기에 앞서 본 법리와 위 2)항에서 본 바와 같이 원고들이 잔금 지급 시 이 사건 대출채무를 인수하거나 이 사건 근저당권설정등기를 말소받기로 하고 이 사건 근저당권 설정에 관하여 동의(승낙)하였다는 점을 더하여 보면, 원고들이 잔금 지급 준비도 하지 아니한 채 이 사건 분양계약의 해제 또는 취소를 주장하는 이 사건 소송 계속 중 ‘준비서면 부본 송달일로부터 14일 이내’에 이 사건 근저당권설정등기를 말소할 것을 최고한 것은 ‘상당한 기간’을 정하여 이행을 최고한 것이라고 볼 수 없을 뿐만 아니라 피고가 최고기간 내에 이 사건 근저당권설정등기를 말소하지 아니한 데에 정당한 사유가 있다고 봄이 타당하므로, 원고들은 피고가 최고기간 내에 이 사건 근저당권설정등기를 말소하지 않았다고 하더라도 이 사건 분양계약을 해제할 수 없다. 4) 소결론 원고들이 이 법원에서 추가한 청구원인은 어느 모로 보나 이유 없다. 3. 반소 청구에 관한 판단 가. 피고의 주장 요지 이 사건 분양계약에 따라 원고들은 연대하여 잔금 1,055,657,720원과 이에 대하여 이 사건 임대차계약 체결일 다음 날인 2022. 5. 19.부터 다 갚는 날까지 연 12%의 비율로 계산한 약정 연체료를 지급하여야 한다. 나. 청구원인에 관한 판단 1) 원고들의 잔금지급의무 이 사건 분양계약 제14조 제11항은 ‘잔금은 임대차계약 완료 시 지급한다’고 규정하고 있는 사실, 피고가 2022. 5. 18. 소외 1과 임대차기간을 2022. 6. 1.부터 2025. 5. 31.까지, 임대차보증금을 5,000만 원으로 하여 이 사건 임대차계약을 체결하고, 소외 1로부터 2022. 5. 13.과 2022. 6. 3. 2차례에 걸쳐 임대차보증금 5,000만 원을 지급받고, 그 무렵 소외 1에게 이 사건 상가를 인도한 사실은 기초사실에서 보았거나 갑 제3호증, 을 제18호증의 각 기재 및 변론 전체의 취지에 의하여 인정된다. 따라서 원고들은 특별한 사정이 없는 한 피고에게 이 사건 분양계약에 따른 잔금을 지급할 의무가 있다. 2) 원고들의 연대책임 부담 여부 피고는, ① 이 사건 분양계약 당시 원고들이 부부로서 밀접한 신분 관계 아래 경제적 이익을 공유하였던 점, ② 이 사건 분양계약 시 분양대금, 위약금, 연체료 등에 관한 원고들의 각 부담 부분과 소유권에 관한 원고들의 각 지분을 특정하지 않은 채 원고들 구분 없이 하나의 계약서를 작성한 점, ③ 원고(반소피고) 1이 계약금과 중도금 전부를 지급한 점 등을 들어 원고들의 이 사건 분양계약상 잔금지급채무가 불가분채무라고 주장하며, 원고들이 연대하여","사를 표시한 사실, 이에 대하여 피고가 2024. 9. 12. 자 구석명신청서로",미검수
법제처 OPEN API/prec,607549,2024나12050,분양대금반환청구의소·매매대금,https://www.law.go.kr/DRF/lawService.do?OC=test&target=prec&ID=607549&type=HTML,(조 번호 미표기),(판단 불명확),판단 불명확,,,," 있으므로 언제든지 이 사건 근저당권설정등기를 말소할 수 있으니, 이 사건 근저당권이 말소되면 원고들이 잔금을 지급하고 이 사건 상가에 관하여 소유권이전등기를 할 것인지와 잔금 지급 계획을 알려달라’고 하자, 원고들이 2024. 10. 22. 자 준비서면으로 원고들은 ‘이 사건 상가의 소유권을 이전받을 의사가 없고, 이 사건 근저당권설정등기의 말소 최고는 이 사건 분양계약의 이행이 아니라 해제권을 행사하기 위한 것이다’라는 의사를 표시한 사실은 이 법원에 현저하다. 여기에 앞서 본 법리와 위 2)항에서 본 바와 같이 원고들이 잔금 지급 시 이 사건 대출채무를 인수하거나 이 사건 근저당권설정등기를 말소받기로 하고 이 사건 근저당권 설정에 관하여 동의(승낙)하였다는 점을 더하여 보면, 원고들이 잔금 지급 준비도 하지 아니한 채 이 사건 분양계약의 해제 또는 취소를 주장하는 이 사건 소송 계속 중 ‘준비서면 부본 송달일로부터 14일 이내’에 이 사건 근저당권설정등기를 말소할 것을 최고한 것은 ‘상당한 기간’을 정하여 이행을 최고한 것이라고 볼 수 없을 뿐만 아니라 피고가 최고기간 내에 이 사건 근저당권설정등기를 말소하지 아니한 데에 정당한 사유가 있다고 봄이 타당하므로, 원고들은 피고가 최고기간 내에 이 사건 근저당권설정등기를 말소하지 않았다고 하더라도 이 사건 분양계약을 해제할 수 없다. 4) 소결론 원고들이 이 법원에서 추가한 청구원인은 어느 모로 보나 이유 없다. 3. 반소 청구에 관한 판단 가. 피고의 주장 요지 이 사건 분양계약에 따라 원고들은 연대하여 잔금 1,055,657,720원과 이에 대하여 이 사건 임대차계약 체결일 다음 날인 2022. 5. 19.부터 다 갚는 날까지 연 12%의 비율로 계산한 약정 연체료를 지급하여야 한다. 나. 청구원인에 관한 판단 1) 원고들의 잔금지급의무 이 사건 분양계약 제14조 제11항은 ‘잔금은 임대차계약 완료 시 지급한다’고 규정하고 있는 사실, 피고가 2022. 5. 18. 소외 1과 임대차기간을 2022. 6. 1.부터 2025. 5. 31.까지, 임대차보증금을 5,000만 원으로 하여 이 사건 임대차계약을 체결하고, 소외 1로부터 2022. 5. 13.과 2022. 6. 3. 2차례에 걸쳐 임대차보증금 5,000만 원을 지급받고, 그 무렵 소외 1에게 이 사건 상가를 인도한 사실은 기초사실에서 보았거나 갑 제3호증, 을 제18호증의 각 기재 및 변론 전체의 취지에 의하여 인정된다. 따라서 원고들은 특별한 사정이 없는 한 피고에게 이 사건 분양계약에 따른 잔금을 지급할 의무가 있다. 2) 원고들의 연대책임 부담 여부 피고는, ① 이 사건 분양계약 당시 원고들이 부부로서 밀접한 신분 관계 아래 경제적 이익을 공유하였던 점, ② 이 사건 분양계약 시 분양대금, 위약금, 연체료 등에 관한 원고들의 각 부담 부분과 소유권에 관한 원고들의 각 지분을 특정하지 않은 채 원고들 구분 없이 하나의 계약서를 작성한 점, ③ 원고(반소피고) 1이 계약금과 중도금 전부를 지급한 점 등을 들어 원고들의 이 사건 분양계약상 잔금지급채무가 불가분채무라고 주장하며, 원고들이 연대하여 잔금 1,055,657,720원을 지급할 것을 구한다. 민법상 다수당사자의 채권관계는 원칙적으로 분할채권관계이고, 채권의 성질상 또는 당사자의 약정에 기하여 특히 불가분으로 하는 경우에 한하여 불가분채권관계로 된다(민법 제408조, 제409조, 대법원 1992. 10. 27. 선고 90다13628 판결 등 참조). 그렇다면 매수인이 원고들 2인인 이 사건 분양계약에 따른 채권관계는 원칙적으로 분할채권관계이고, 이 사건 분양계약서에 잔금지급채무가 불가분채무라거나 이에 대하여 원고들이 연대책임을 부담한다는 취지의 기재가 없는 이상 피고가 주장하는 위 사정들과 제출한 증거만으로는 원고들의 잔금지급채무가 그 성질상 또는 원고들과 피고의 약정에 기하여 연대채무 또는 불가분채무가 되었다고 인정하기에 부족하고, 달리 이를 인정할 만한 증거가 없다. 따라서 피고의 이 부분 주장은 이유 없고, 원고들의 잔금지급채무는 분할채무로 보","라는 의사를 표시한 사실은 이 법원에 현저하다. 여기에 앞서 본 법리와 위 2)항에서 본 바와 같이 원고들이 잔금 지급 시 이 사건 대출채무를 인수하거나 이 사건 근저당권설정등기를 말소받기로 하고 이 사건 근저당권 설정에 관하여 동의(승낙)하였다는 점을 더하여 보면, 원고들이 잔금 지급 준비도 하지 아니한 채 이 사건 분양계약의 해제 또는 취소를 주장하는 이 사건 소송 계속 중",미검수
법제처 OPEN API/prec,607549,2024나12050,분양대금반환청구의소·매매대금,https://www.law.go.kr/DRF/lawService.do?OC=test&target=prec&ID=607549&type=HTML,제4조,(판단 불명확),판단 불명확,,,,"1. 선고 2010다26769 판결 참조). 다) 통상의 부동산 매매계약에서 매도인의 소유권이전등기의무와 매수인의 잔금지급의무가 특별한 사정이 없는 한 동시이행관계에 있다고 하더라도, 이 사건 분양계약상 원고들과 피고의 각 의무의 관계는 이 사건 분양계약 체결 시 작성된 처분문서인 이 사건 분양계약서의 문언과 그 해석을 통해 판단하여야 한다. 그런데 이 사건 분양계약 제4조 제1항은 ‘원고들이 잔금 납부를 지연하여 제1조 제1항에서 정한 약정일이 경과하였을 때에는 그 경과일수에 대하여 연 12%의 연체료를 가산하여 납부하여야 한다’고 규정하고 있고, 제1조 제1항에 기재된 잔금 지급일은 ‘준공 후 20일 이내’이나, 원고들과 피고들이 제14조 제11항으로 ‘잔금은 임대차 계약 완료 시 입금한다’는 특약을 두었음은 앞서 본 바와 같은바, 이 사건 분양계약 제4조 제1항과 제14조 제11항은 그 문언상 원고들은 잔금을 이 사건 상가에 관한 임대차계약 완료일까지 지급하여야 하고 그다음 날부터 미지급 잔금에 대하여 연 12%의 비율로 계산한 연체료를 가산하여 지급할 의무가 있다는 의미로 해석된다. 또한 갑 제1호증의 기재에 의하면, 이 사건 분양계약 제4조 제2항이 ‘피고의 귀책사유로 소유권이전이 지연되는 경우에는 원고들이 기납부한 금액에 대하여 제4조 제1항에 의한 연체요율에 의거 원고들에게 지체상금을 지급하거나 잔여금액에서 공제한다’고 규정하여, 피고가 소유권이전을 지체한 때에도 곧바로 지체일수에 대하여 원고들의 잔금 미지급에 대한 연체요율과 동일한 요율에 따른 지체상금을 지급하도록 하였음이 인정된다. 나아가 이 사건 분양계약 제4조 제1, 2항의 기재 내용을 부인할 만한 분명하고도 수긍할 수 있는 반증도 없으므로, 이 사건 분양계약 제4조 제1, 2항의 연체료와 지체상금 약정은 쌍무계약상의 동시이행에 관한 권리를 쌍방이 포기하기로 하는 특약으로 봄이 타당하다(대법원 1999. 3. 12. 선고 97다37852, 37869 판결 취지 참조). 따라서 원고들은 미지급 잔금에 대하여 이 사건 임대차계약이 완료된 다음 날인 2022. 6. 4.부터 다 갚는 날까지 연 12%의 비율로 계산한 연체료를 가산하여 지급할 의무가 있다(피고는 이 사건 임대차계약 체결일 다음 날인 2022. 5. 19.부터 연체료의 지급을 구하나, 이 사건 분양계약 제14조 제11항은 잔금 지급일을 임대차계약 ‘완료 시’로 규정하고 있는바, 그 문언상 이 사건 임대차계약의 이행이 완료된 때를 의미하고, 앞서 인정한 사실과 을 제16호증의 1의 기재에 의하여 인정되는 다음과 같은 사정 즉, 피고의 사내이사 소외 3도 이 사건 임대차계약을 체결한 즉시 그 사실을 원고들에게 알리지 않았고, 2022. 5. 28. 원고(반소피고) 1과 전화통화하면서 ‘임대차보증금 전액을 지급받지 않아서 알리지 않았고, 임대차보증금을 전부 지급받으면 연락하려고 했다’는 취지로 말한 점까지 더하여 보면, 원고들의 잔금지급의무는 이 사건 임대차계약의 임차인 소외 1이 피고에게 임대차보증금 5,000만 원의 지급을 완료한 2022. 6. 3. 그 이행기가 도래한다고 봄이 타당하므로, 2022. 5. 19.부터 2022. 6. 3.까지의 연체료 지급 청구 부분은 이유 없다). 다. 원고들의 동시이행항변에 관한 판단 원고들은, 피고로부터 이 사건 상가에 관한 소유권이전등기절차를 이행받음과 동시에 잔금을 지급하겠다고 항변한다. 그러나 위 나의 3)항에서 본 바와 같이 원고들과 피고는 이 사건 분양계약 제4조 제1, 2항으로 원고의 잔금지급의무와 피고의 소유권이전의무를 동시이행할 권리를 쌍방이 포기하기로 하는 특약을 하였는바, 원고들의 동시이행항변은 이유 없다. 라. 소결론 원고들은 피고에게 잔금 각 527,828,860원과 이에 대하여 2022. 6. 4.부터 다 갚는 날까지 연 12%의 비",원고들이 잔금 납부를 지연하여 제1조 제1항에서 정한 약정일이 경과하였을 때에는 그 경과일수에 대하여 연 12%의 연체료를 가산하여 납부하여야 한다,미검수
법제처 OPEN API/prec,607549,2024나12050,분양대금반환청구의소·매매대금,https://www.law.go.kr/DRF/lawService.do?OC=test&target=prec&ID=607549&type=HTML,제4조,(판단 불명확),판단 불명확,,,,"료 시 입금한다’는 특약을 두었음은 앞서 본 바와 같은바, 이 사건 분양계약 제4조 제1항과 제14조 제11항은 그 문언상 원고들은 잔금을 이 사건 상가에 관한 임대차계약 완료일까지 지급하여야 하고 그다음 날부터 미지급 잔금에 대하여 연 12%의 비율로 계산한 연체료를 가산하여 지급할 의무가 있다는 의미로 해석된다. 또한 갑 제1호증의 기재에 의하면, 이 사건 분양계약 제4조 제2항이 ‘피고의 귀책사유로 소유권이전이 지연되는 경우에는 원고들이 기납부한 금액에 대하여 제4조 제1항에 의한 연체요율에 의거 원고들에게 지체상금을 지급하거나 잔여금액에서 공제한다’고 규정하여, 피고가 소유권이전을 지체한 때에도 곧바로 지체일수에 대하여 원고들의 잔금 미지급에 대한 연체요율과 동일한 요율에 따른 지체상금을 지급하도록 하였음이 인정된다. 나아가 이 사건 분양계약 제4조 제1, 2항의 기재 내용을 부인할 만한 분명하고도 수긍할 수 있는 반증도 없으므로, 이 사건 분양계약 제4조 제1, 2항의 연체료와 지체상금 약정은 쌍무계약상의 동시이행에 관한 권리를 쌍방이 포기하기로 하는 특약으로 봄이 타당하다(대법원 1999. 3. 12. 선고 97다37852, 37869 판결 취지 참조). 따라서 원고들은 미지급 잔금에 대하여 이 사건 임대차계약이 완료된 다음 날인 2022. 6. 4.부터 다 갚는 날까지 연 12%의 비율로 계산한 연체료를 가산하여 지급할 의무가 있다(피고는 이 사건 임대차계약 체결일 다음 날인 2022. 5. 19.부터 연체료의 지급을 구하나, 이 사건 분양계약 제14조 제11항은 잔금 지급일을 임대차계약 ‘완료 시’로 규정하고 있는바, 그 문언상 이 사건 임대차계약의 이행이 완료된 때를 의미하고, 앞서 인정한 사실과 을 제16호증의 1의 기재에 의하여 인정되는 다음과 같은 사정 즉, 피고의 사내이사 소외 3도 이 사건 임대차계약을 체결한 즉시 그 사실을 원고들에게 알리지 않았고, 2022. 5. 28. 원고(반소피고) 1과 전화통화하면서 ‘임대차보증금 전액을 지급받지 않아서 알리지 않았고, 임대차보증금을 전부 지급받으면 연락하려고 했다’는 취지로 말한 점까지 더하여 보면, 원고들의 잔금지급의무는 이 사건 임대차계약의 임차인 소외 1이 피고에게 임대차보증금 5,000만 원의 지급을 완료한 2022. 6. 3. 그 이행기가 도래한다고 봄이 타당하므로, 2022. 5. 19.부터 2022. 6. 3.까지의 연체료 지급 청구 부분은 이유 없다). 다. 원고들의 동시이행항변에 관한 판단 원고들은, 피고로부터 이 사건 상가에 관한 소유권이전등기절차를 이행받음과 동시에 잔금을 지급하겠다고 항변한다. 그러나 위 나의 3)항에서 본 바와 같이 원고들과 피고는 이 사건 분양계약 제4조 제1, 2항으로 원고의 잔금지급의무와 피고의 소유권이전의무를 동시이행할 권리를 쌍방이 포기하기로 하는 특약을 하였는바, 원고들의 동시이행항변은 이유 없다. 라. 소결론 원고들은 피고에게 잔금 각 527,828,860원과 이에 대하여 2022. 6. 4.부터 다 갚는 날까지 연 12%의 비율로 계산한 연체료를 지급할 의무가 있다. 4. 결론 피고의 반소청구는 위 인정범위 내에서 이유 있어 인용하고, 원고들의 본소청구와 피고의 나머지 반소청구는 이유 없어 모두 기각하여야 하는바, 제1심판결을 주문과 같이 변경한다. 판사 조광국(재판장) 이수연 조미화 ]]>",피고의 귀책사유로 소유권이전이 지연되는 경우에는 원고들이 기납부한 금액에 대하여 제4조 제1항에 의한 연체요율에 의거 원고들에게 지체상금을 지급하거나 잔여금액에서 공제한다,미검수
법제처 OPEN API/prec,607549,2024나12050,분양대금반환청구의소·매매대금,https://www.law.go.kr/DRF/lawService.do?OC=test&target=prec&ID=607549&type=HTML,제14조,(판단 불명확),판단 불명확,,,,"1999. 3. 12. 선고 97다37852, 37869 판결 취지 참조). 따라서 원고들은 미지급 잔금에 대하여 이 사건 임대차계약이 완료된 다음 날인 2022. 6. 4.부터 다 갚는 날까지 연 12%의 비율로 계산한 연체료를 가산하여 지급할 의무가 있다(피고는 이 사건 임대차계약 체결일 다음 날인 2022. 5. 19.부터 연체료의 지급을 구하나, 이 사건 분양계약 제14조 제11항은 잔금 지급일을 임대차계약 ‘완료 시’로 규정하고 있는바, 그 문언상 이 사건 임대차계약의 이행이 완료된 때를 의미하고, 앞서 인정한 사실과 을 제16호증의 1의 기재에 의하여 인정되는 다음과 같은 사정 즉, 피고의 사내이사 소외 3도 이 사건 임대차계약을 체결한 즉시 그 사실을 원고들에게 알리지 않았고, 2022. 5. 28. 원고(반소피고) 1과 전화통화하면서 ‘임대차보증금 전액을 지급받지 않아서 알리지 않았고, 임대차보증금을 전부 지급받으면 연락하려고 했다’는 취지로 말한 점까지 더하여 보면, 원고들의 잔금지급의무는 이 사건 임대차계약의 임차인 소외 1이 피고에게 임대차보증금 5,000만 원의 지급을 완료한 2022. 6. 3. 그 이행기가 도래한다고 봄이 타당하므로, 2022. 5. 19.부터 2022. 6. 3.까지의 연체료 지급 청구 부분은 이유 없다). 다. 원고들의 동시이행항변에 관한 판단 원고들은, 피고로부터 이 사건 상가에 관한 소유권이전등기절차를 이행받음과 동시에 잔금을 지급하겠다고 항변한다. 그러나 위 나의 3)항에서 본 바와 같이 원고들과 피고는 이 사건 분양계약 제4조 제1, 2항으로 원고의 잔금지급의무와 피고의 소유권이전의무를 동시이행할 권리를 쌍방이 포기하기로 하는 특약을 하였는바, 원고들의 동시이행항변은 이유 없다. 라. 소결론 원고들은 피고에게 잔금 각 527,828,860원과 이에 대하여 2022. 6. 4.부터 다 갚는 날까지 연 12%의 비율로 계산한 연체료를 지급할 의무가 있다. 4. 결론 피고의 반소청구는 위 인정범위 내에서 이유 있어 인용하고, 원고들의 본소청구와 피고의 나머지 반소청구는 이유 없어 모두 기각하여야 하는바, 제1심판결을 주문과 같이 변경한다. 판사 조광국(재판장) 이수연 조미화 ]]>","완료 시’로 규정하고 있는바, 그 문언상 이 사건 임대차계약의 이행이 완료된 때를 의미하고, 앞서 인정한 사실과 을 제16호증의 1의 기재에 의하여 인정되는 다음과 같은 사정 즉, 피고의 사내이사 소외 3도 이 사건 임대차계약을 체결한 즉시 그 사실을 원고들에게 알리지 않았고, 2022. 5. 28. 원고(반소피고) 1과 전화통화하면서",미검수
법제처 OPEN API/prec,421168,2022누21856,사후에 매매계약을 해제한 경우 취득세 추징사유가 소급하여 소멸하는지 여부,https://www.law.go.kr/DRF/lawService.do?OC=test&target=prec&ID=421168&type=HTML,(조 번호 미표기),(판단 불명확),판단 불명확,,,," 감면받아 산출한 취득세9,600,000원,농어촌특별세480,000원,지방교육세960,000원 합계11,040,000원을 신고·납부하였다. 다.원고들은2017. 6. 29.○○○,○○○,○○○(이하‘매수인들’이라 한다)에게 이 사건 토지와 그 지상에 신축 중인 건물(이하‘이 사건 신축 건물’이라 한다)을 매매대금3,075,000,000원에 매도하였다(이하‘이 사건 매매계약’이라 한다). 라.원고들은2017. 9. 25.매수인들에게 이 사건 토지에 관한 소유권이전등기를 마쳐주었다. 마.원고들은2017. 10. 24.매수인들에게‘수차례 최고에도 불구하고 매수인들이 잔금을 지급하지 않았으므로 이 사건 매매계약을 해제한다’는 취지의 내용증명을 발송하였고,위 내용증명은2017. 10. 25.매수인들에게 도달하였다. 바.피고는2020. 5. 27.원고들에 대하여‘원고들이 이 사건 토지를 유치원 설치·운영 용도로 직접 사용한 기간이2년 미만인 상태에서 매수인들에게 매각하였다(이하’이 사건 추징사유‘라 한다)’는 이유로 구 지방세특례제한법 제178조 제2호에 따라 기존에 감면받은 취득세 등에 가산세를 포함하여 취득세79,307,040원,농어촌특별세3,427,060원,지방교육세6,842,700원 합계89,576,800원을 부과·고지하였다(이하‘이 사건 처분’이라 한다). 사.원고들은 이 사건 처분에 불복하여 이의신청을 거쳐2020. 12. 21.조세심판원에 심판청구를 제기하였으나,조세심판원은2021. 5. 31.이를 기각하였다. [인정근거]다툼 없는 사실,갑 제13, 17, 18-2호증,을 제1내지6, 10, 11호증(가지번호 있는 것은 각 가지번호 포함,이하 같다)의 각 기재,변론 전체의 취지 2.이 사건 처분의 적법 여부 가.당사자들의 주장 1)원고 아래와 같이 구 지방세특례제한법 제178조 제1호 또는 같은 조 제2호에서 정한 각 추징사유는 존재하지 아니하므로,이를 전제로 한 이 사건 처분은 위법하여 취소되어야 한다. 가)이 사건 매매계약은①2017. 10. 25.매수인들의 채무불이행을 이유로 적법하게 해제되었거나,②원고들이 매매대금 지급 의사나 능력에 관한○○○의 기망을 이유로 부산지방법원2023가합40867호 사건의 준비서면 송달로써 이를 취소하였으므로,이 사건 매매계약은 소급하여 그 효력을 상실하였다.설령 원고들이 매수인들을 상대로 제기한 소유권이전등기말소 등 청구 소송의 판결(부산고등법원2023나57558호)에 따라 원고들과 매수인들 사이에 해제된 이 사건 매매계약을 부활시켜 그 효력을 그대로 유지하기로 하는 묵시적인 합의가 이루어졌다고 보더라도,그 부활 시점은 원고들이 이 사건 각 부동산을 취득한 때부터2년이 경과한 이후이다.따라서 원고들이 이 사건 토지를 유치원 설치·운영 용도로 직접 사용한 기간이2년 미만인 상태에서 매수인들에게‘매각’한 것으로 평가할 수 없다. 나)원고들은 이 사건 각 부동산을 취득하여 유치원설립계획승인을 받고 원고들 명의로 건축관계자변경신고를 한 뒤 이 사건 신축 건물의 착공에 이르는 등 이 사건 각 부동산을 유치원 설치를 위한 용도로 직접 사용하였고,유치원 설치 및 개원에 일반적으로 장기간이 소요되는 점 등에 비추어 이 사건 각 부동산을 유치원 운영 용도로 직접 사용하지 못한 데에는 정당한 사유가 있다고 봄이 타당하다. 2)피고 가)원고들이 이 사건 각 부동산을 취득한 때부터 매수인들에게 이 사건 토지를 매각하여 소유권이전등기를 마쳐준 기간이 역수상2년 미만인 사실이 명백하므로,구 지방세특례제한법 제178조 제2호에서 정한 추징사유가 발생하였고,이후 이 사건 매매계약이 해제되었더라도 이미 발생한 추징사유가 소급하여 소멸한다고 볼 수 없으며,더욱이 원고들이 매수인들을 상대로 제기한 소유권이전등기말소 등 청구 소송의 판결(부산고등법원2023나57558호)에 의하면 이 사건 매매계약은 원고들이 이 사건 각 부동산을 ",라 한다). 라.원고들은2017. 9. 25.매수인들에게 이 사건 토지에 관한 소유권이전등기를 마쳐주었다. 마.원고들은2017. 10. 24.매수인들에게,미검수
법제처 OPEN API/prec,421168,2022누21856,사후에 매매계약을 해제한 경우 취득세 추징사유가 소급하여 소멸하는지 여부,https://www.law.go.kr/DRF/lawService.do?OC=test&target=prec&ID=421168&type=HTML,(조 번호 미표기),(판단 불명확),판단 불명확,,,,"와 그 지상에 신축 중인 건물(이하‘이 사건 신축 건물’이라 한다)을 매매대금3,075,000,000원에 매도하였다(이하‘이 사건 매매계약’이라 한다). 라.원고들은2017. 9. 25.매수인들에게 이 사건 토지에 관한 소유권이전등기를 마쳐주었다. 마.원고들은2017. 10. 24.매수인들에게‘수차례 최고에도 불구하고 매수인들이 잔금을 지급하지 않았으므로 이 사건 매매계약을 해제한다’는 취지의 내용증명을 발송하였고,위 내용증명은2017. 10. 25.매수인들에게 도달하였다. 바.피고는2020. 5. 27.원고들에 대하여‘원고들이 이 사건 토지를 유치원 설치·운영 용도로 직접 사용한 기간이2년 미만인 상태에서 매수인들에게 매각하였다(이하’이 사건 추징사유‘라 한다)’는 이유로 구 지방세특례제한법 제178조 제2호에 따라 기존에 감면받은 취득세 등에 가산세를 포함하여 취득세79,307,040원,농어촌특별세3,427,060원,지방교육세6,842,700원 합계89,576,800원을 부과·고지하였다(이하‘이 사건 처분’이라 한다). 사.원고들은 이 사건 처분에 불복하여 이의신청을 거쳐2020. 12. 21.조세심판원에 심판청구를 제기하였으나,조세심판원은2021. 5. 31.이를 기각하였다. [인정근거]다툼 없는 사실,갑 제13, 17, 18-2호증,을 제1내지6, 10, 11호증(가지번호 있는 것은 각 가지번호 포함,이하 같다)의 각 기재,변론 전체의 취지 2.이 사건 처분의 적법 여부 가.당사자들의 주장 1)원고 아래와 같이 구 지방세특례제한법 제178조 제1호 또는 같은 조 제2호에서 정한 각 추징사유는 존재하지 아니하므로,이를 전제로 한 이 사건 처분은 위법하여 취소되어야 한다. 가)이 사건 매매계약은①2017. 10. 25.매수인들의 채무불이행을 이유로 적법하게 해제되었거나,②원고들이 매매대금 지급 의사나 능력에 관한○○○의 기망을 이유로 부산지방법원2023가합40867호 사건의 준비서면 송달로써 이를 취소하였으므로,이 사건 매매계약은 소급하여 그 효력을 상실하였다.설령 원고들이 매수인들을 상대로 제기한 소유권이전등기말소 등 청구 소송의 판결(부산고등법원2023나57558호)에 따라 원고들과 매수인들 사이에 해제된 이 사건 매매계약을 부활시켜 그 효력을 그대로 유지하기로 하는 묵시적인 합의가 이루어졌다고 보더라도,그 부활 시점은 원고들이 이 사건 각 부동산을 취득한 때부터2년이 경과한 이후이다.따라서 원고들이 이 사건 토지를 유치원 설치·운영 용도로 직접 사용한 기간이2년 미만인 상태에서 매수인들에게‘매각’한 것으로 평가할 수 없다. 나)원고들은 이 사건 각 부동산을 취득하여 유치원설립계획승인을 받고 원고들 명의로 건축관계자변경신고를 한 뒤 이 사건 신축 건물의 착공에 이르는 등 이 사건 각 부동산을 유치원 설치를 위한 용도로 직접 사용하였고,유치원 설치 및 개원에 일반적으로 장기간이 소요되는 점 등에 비추어 이 사건 각 부동산을 유치원 운영 용도로 직접 사용하지 못한 데에는 정당한 사유가 있다고 봄이 타당하다. 2)피고 가)원고들이 이 사건 각 부동산을 취득한 때부터 매수인들에게 이 사건 토지를 매각하여 소유권이전등기를 마쳐준 기간이 역수상2년 미만인 사실이 명백하므로,구 지방세특례제한법 제178조 제2호에서 정한 추징사유가 발생하였고,이후 이 사건 매매계약이 해제되었더라도 이미 발생한 추징사유가 소급하여 소멸한다고 볼 수 없으며,더욱이 원고들이 매수인들을 상대로 제기한 소유권이전등기말소 등 청구 소송의 판결(부산고등법원2023나57558호)에 의하면 이 사건 매매계약은 원고들이 이 사건 각 부동산을 취득한 때부터2년 내에 그 효력이 부활하여 유효한 상태로 존속하고 있었다. 나)원고들은 이 사건 각 부동산을 취득한 때부터1년이 경과할 때까지 유치원 설치·운영 용도로 직접 사용하지 아니한 채 매수인들에게 이를 매각하였고,원고들의 ","취지의 내용증명을 발송하였고,위 내용증명은2017. 10. 25.매수인들에게 도달하였다. 바.피고는2020. 5. 27.원고들에 대하여",미검수
법제처 OPEN API/prec,421168,2022누21856,사후에 매매계약을 해제한 경우 취득세 추징사유가 소급하여 소멸하는지 여부,https://www.law.go.kr/DRF/lawService.do?OC=test&target=prec&ID=421168&type=HTML,(조 번호 미표기),(판단 불명확),판단 불명확,,,,"------------------------- 나.관계 법령 별지2관계 법령 기재와 같다. 다.이 사건 추징사유 존부에 관한 판단 1)관련 규정 및 법리 가)구 지방세특례제한법 제19조 제1항은‘유아교육법에 따른 유치원을 설치·운영하기 위하여 취득하는 부동산’에 대해서는 취득세를2018년12월31일까지 면제하도록 규정하면서,같은 법 제178조 제2호(이하‘이 사건 추징조항’이라 한다)에서는“부동산을 해당 용도로 직접 사용한 기간(이하’직접 사용 의무기간‘이라 한다)이2년 미만인 상태에서 매각·증여하거나 다른 용도로 사용하는 경우”감면된 취득세를 추징하도록 규정하고 있다. 나)조세법률주의 원칙상 과세요건이나 비과세요건 또는 조세감면요건을 막론하고 조세법규의 해석은 특별한 사정이 없는 한 법문대로 해석할 것이고,합리적 이유 없이 확장해석하거나 유추해석하는 것은 허용되지 아니하며,특히 감면요건 규정 가운데 명백히 특혜규정이라고 볼 수 있는 것은 엄격하게 해석하는 것이 조세공평의 원칙에도 부합한다(대법원2020. 6. 11.선고2017두36953판결 참조). 2)이 사건 추징조항의 해석 이 사건 추징조항의 문언,입법 취지 등에 비추어 알 수 있는 다음과 같은 사정들을 종합하면,구 지방세특례제한법에 따라 부동산 취득세를 감면받은 납세의무자가 이 사건 추징조항에서 정한 직접 사용 의무기간 내에 해당 부동산을 제3자에게 매각하였으나 이후 그 매각의 원인이 된 계약이 법정해제된 경우,이 사건 추징조항에서 정한‘매각’사실이 있었다고 평가할 수 없다. 가)앞서 본 바와 같이 구 지방세특례제한법은 납세의무자에 의하여 수행되는 사업의 공익성을 감안하여 개별 조항을 통하여 부동산 취득세 감면이라는 세제 혜택을 부여하되,이 사건 추징조항은 그 사후관리 차원에서 납세의무자로 하여금 부동산을 당초 취득 목적에 부합하는 용도로 일정 기간 직접 사용하도록 하고,그렇지 아니할 경우 감면받은 취득세를 추징하도록 규정하고 있는데,이는 부동산 취득세 감면을 통하여 달성하고자 하는 정책적 목적이 훼손되지 않도록 개별 감면 조항의 악용 사례를 방지하는 데 그 입법 취지가 있다. 나)한편 이 사건 추징조항에서 말하는‘매각·증여’에 관하여,현행 지방세특례제한법 제2조 제1항 제8호의2에서는“‘매각·증여’란 위 법에 따라 지방세를 감면받은 자가 해당 부동산 등을 매매,교환,증여 등 유상이나 무상으로 소유권을 이전하는 것을 말한다.”라고 정의하고 있을 뿐,매각·증여의 원인이 된 계약 등 법률행위가 무효,취소,해제 등으로 실효된 경우에 관하여는 달리 규정하고 있지 않다. 다)이 사건 추징조항과 같이 과세요건이 사법상 법률행위로 구성되어 있는 경우,명문의 규정으로 달리 정함이 없는 이상,해당 법률행위의 성립 여부나 효력은 원칙적으로 사법상 법리에 따라 판단하여야 하므로,구 지방세특례제한법에 따라 부동산 취득세를 감면받은 납세의무자가 직접 사용 의무기간 내에 해당 부동산을 제3자에게 매각하였으나 이후 그 매각의 원인이 된 계약이 법정해제된 경우,그 계약의 효력이 소급하여 소멸함에 따라 이 사건 추징조항에서 정한 과세요건사실로서의 부동산‘매각’또한 소급하여 없었던 것으로 평가하여야 한다. 라)구 지방세특례제한법 제178조 제1호에서 정한 유예기간이 경과함으로써 별도의 추징사유가 발생하였는지 여부는 별론으로 하더라도,부동산 매각의 원인이 된 계약이 법정해제됨에 따라 그 소유권을 회복한 납세의무자로서는 당초 취득 목적에 부합하는 용도로 해당 부동산을 계속하여 직접 사용하면 되는 것이므로,위와 같은 해석이 앞서 살펴 본 이 사건 추징조항의 입법 취지에 반한다고 볼 수 없다. 마)피고는,민법 제548조 제1항 단서에 따라 위와 같은 계약의 해제로 인하여 조세채권을 가지는 국가 또는 지방자치단체의 권리를 해",라 한다)에서는“부동산을 해당 용도로 직접 사용한 기간(이하,미검수
법제처 OPEN API/prec,421168,2022누21856,사후에 매매계약을 해제한 경우 취득세 추징사유가 소급하여 소멸하는지 여부,https://www.law.go.kr/DRF/lawService.do?OC=test&target=prec&ID=421168&type=HTML,(조 번호 미표기),안전,판례 문맥 추론 · 단일 신호,안전,,,"고2017두36953판결 참조). 2)이 사건 추징조항의 해석 이 사건 추징조항의 문언,입법 취지 등에 비추어 알 수 있는 다음과 같은 사정들을 종합하면,구 지방세특례제한법에 따라 부동산 취득세를 감면받은 납세의무자가 이 사건 추징조항에서 정한 직접 사용 의무기간 내에 해당 부동산을 제3자에게 매각하였으나 이후 그 매각의 원인이 된 계약이 법정해제된 경우,이 사건 추징조항에서 정한‘매각’사실이 있었다고 평가할 수 없다. 가)앞서 본 바와 같이 구 지방세특례제한법은 납세의무자에 의하여 수행되는 사업의 공익성을 감안하여 개별 조항을 통하여 부동산 취득세 감면이라는 세제 혜택을 부여하되,이 사건 추징조항은 그 사후관리 차원에서 납세의무자로 하여금 부동산을 당초 취득 목적에 부합하는 용도로 일정 기간 직접 사용하도록 하고,그렇지 아니할 경우 감면받은 취득세를 추징하도록 규정하고 있는데,이는 부동산 취득세 감면을 통하여 달성하고자 하는 정책적 목적이 훼손되지 않도록 개별 감면 조항의 악용 사례를 방지하는 데 그 입법 취지가 있다. 나)한편 이 사건 추징조항에서 말하는‘매각·증여’에 관하여,현행 지방세특례제한법 제2조 제1항 제8호의2에서는“‘매각·증여’란 위 법에 따라 지방세를 감면받은 자가 해당 부동산 등을 매매,교환,증여 등 유상이나 무상으로 소유권을 이전하는 것을 말한다.”라고 정의하고 있을 뿐,매각·증여의 원인이 된 계약 등 법률행위가 무효,취소,해제 등으로 실효된 경우에 관하여는 달리 규정하고 있지 않다. 다)이 사건 추징조항과 같이 과세요건이 사법상 법률행위로 구성되어 있는 경우,명문의 규정으로 달리 정함이 없는 이상,해당 법률행위의 성립 여부나 효력은 원칙적으로 사법상 법리에 따라 판단하여야 하므로,구 지방세특례제한법에 따라 부동산 취득세를 감면받은 납세의무자가 직접 사용 의무기간 내에 해당 부동산을 제3자에게 매각하였으나 이후 그 매각의 원인이 된 계약이 법정해제된 경우,그 계약의 효력이 소급하여 소멸함에 따라 이 사건 추징조항에서 정한 과세요건사실로서의 부동산‘매각’또한 소급하여 없었던 것으로 평가하여야 한다. 라)구 지방세특례제한법 제178조 제1호에서 정한 유예기간이 경과함으로써 별도의 추징사유가 발생하였는지 여부는 별론으로 하더라도,부동산 매각의 원인이 된 계약이 법정해제됨에 따라 그 소유권을 회복한 납세의무자로서는 당초 취득 목적에 부합하는 용도로 해당 부동산을 계속하여 직접 사용하면 되는 것이므로,위와 같은 해석이 앞서 살펴 본 이 사건 추징조항의 입법 취지에 반한다고 볼 수 없다. 마)피고는,민법 제548조 제1항 단서에 따라 위와 같은 계약의 해제로 인하여 조세채권을 가지는 국가 또는 지방자치단체의 권리를 해할 수 없다는 취지로 주장하나,민법 제548조 제1항 단서에서 말하는‘제3자’란 일반적으로 그 해제된 계약으로부터 생긴 법률효과를 기초로 하여 해제 전에 새로운 이해관계를 가졌을 뿐 아니라 등기,인도 등으로 완전한 권리를 취득한 자를 말하므로(대법원2002. 10. 11.선고2002다33502판결 등 참조),단순히 납세의무자에 대하여 조세채권을 가지는 국가 또는 지방자치단체가 민법 제548조 제1항 단서의‘제3자’에 해당한다고 볼 수 없다. 바)피고는, “부동산 취득세는 부동산의 취득행위를 과세객체로 하는 행위세이므로,그에 대한 조세채권은 취득행위라는 과세요건 사실이 존재함으로써 당연히 발생하고,일단 적법하게 취득한 이상 이후에 매매계약이 합의해제 되거나,해제조건의 성취 또는 해제권의 행사 등에 의하여 소급적으로 실효되었더라도,이로써 이미 성립한 조세채권의 행사에 아무런 영향을 줄 수 없다(대법원2018. 9. 13.선고2018두38345판결 등 참조)”는 취득세 부과처분에 관한 법리를 들어,매각 상대방에 대하여 부동산의‘사실상 취득’이라는 취득세 과세요건이 발생한 이상,매각의 원인이 된 계약이 사후 해제되었더라도 이미 발생한 추징사유가 소급하여 소멸한다고 볼 수 없다는 취지로 주장하나,아래와 같은 이유에서 피고의 위 주장은 받아들일 수 없다. (1)취득세 부과처분에 관한 위 법리는 부동산 ","매각’사실이 있었다고 평가할 수 없다. 가)앞서 본 바와 같이 구 지방세특례제한법은 납세의무자에 의하여 수행되는 사업의 공익성을 감안하여 개별 조항을 통하여 부동산 취득세 감면이라는 세제 혜택을 부여하되,이 사건 추징조항은 그 사후관리 차원에서 납세의무자로 하여금 부동산을 당초 취득 목적에 부합하는 용도로 일정 기간 직접 사용하도록 하고,그렇지 아니할 경우 감면받은 취득세를 추징하도록 규정하고 있는데,이는 부동산 취득세 감면을 통하여 달성하고자 하는 정책적 목적이 훼손되지 않도록 개별 감면 조항의 악용 사례를 방지하는 데 그 입법 취지가 있다. 나)한편 이 사건 추징조항에서 말하는",미검수
법제처 OPEN API/prec,421168,2022누21856,사후에 매매계약을 해제한 경우 취득세 추징사유가 소급하여 소멸하는지 여부,https://www.law.go.kr/DRF/lawService.do?OC=test&target=prec&ID=421168&type=HTML,(조 번호 미표기),(판단 불명확),판단 불명확,,,," 매매계약 당시○○○에 대한 유치원 인허가 비용에 관하여○○○소유 토지에 설정된○○○명의의 가압류등기(청구금액65,000,000원)를 말소하기로 약정하였으나 위 등기 또한 말소하지 않았다. (5)원고들은2017. 10. 11.매수인들에게‘잔금 지급기일이 지났으니 잔금을2017. 10. 18.까지 지급해 달라.만일 위 기일까지 잔금을 지급하지 않을 경우에는 이 사건 매매계약을 해제할 것이다’라는 취지의 내용증명을 발송하였고,위 내용증명은2017. 10. 12.매수인들에게 도달하였다.원고들은2017. 10. 24.매수인들에게‘수차례 최고에도 불구하고 매수인들이 잔금을 지급하지 않았으므로 이 사건 매매계약을 해제한다’는 취지의 내용증명을 발송하였으며,위 내용증명은2017. 10. 25.매수인들에게 도달하였다(이하‘이 사건 해제 통지’라 한다). (6)매수인들은2017. 10. 13.○○○소유 토지에 설정된○○○명의의 가압류를 해제하여2017. 10. 17.위 가압류등기를 말소하였고,이 사건 해제 통지를 수령한 후2017. 11. 6.○○은행 명의의 근저당권부 채무(그 때까지의 이자를 포함)를 모두 변제하여 근저당권설정등기를 말소하였으며, 2017. 11. 8.및2017. 11. 9.이 사건 매매계약에 따른 잔금141,200,000원을 원고들에게 지급하였다. (7)원고들은2017. 11. 9.매수인들을 상대로‘매수인들이 이 사건 매매계약에 따른 잔금지급의무를 위반하였다’는 이유로 이 사건 매매계약 특약사항 제15항에 따른 위약벌200,000,000원 및 이에 대한 지연손해금을 청구하는 소를 제기하였고(부산지방법원2017가단333752호),위 법원은2019. 2. 20. ‘매수인들이 이 사건 매매계약에 따른 잔금지급의무를 위반하였다고 보기 어렵다’는 이유로 원고들의 청구를 모두 기각하는 판결을 선고하였다. 이에 원고들은 원고를 선정당사자로 하여 항소하였는데,항소심 법원(부산지방법원2019나45371호)은2020. 8. 19. ‘매수인들이 이 사건 매매계약에서 잔금 지급기일로 정한2017. 9. 30.까지 원고들에게141,200,000원의 잔금을 지급하지 않았고,이 사건 매매계약에서 인수하기로 약정한 합계1,195,000,000원의 채무(이 사건 토지에 관한○○은행 명의 근저당권부 채무 및○○○명의 토지에 관한 가압류채무의 합산액)도 인수하지 않았다’는 이유로 제1심판결을 취소하고, ‘매수인들은 공동하여 원고들에게 채무불이행에 따른 위약벌200,000,000원 및 이에 대한 지연손해금을 지급하라’는 판결을 선고하였다. 이에 매수인들이 상고하였으나, 2021. 2. 4.그 상고가 심리불속행 기각됨으로써 그 무렵 위 판결이 그대로 확정되었다(대법원2020다272851호,이하‘선행 민사소송’이라 한다). (8)원고들은2022. 3. 4.매수인들을 상대로‘이 사건 매매계약은2017. 10. 25.매수인들의 채무불이행을 이유로 적법하게 해제되었다’는 이유로 원상회복으로서 이 사건 토지에 관한 소유권이전등기 말소등기절차의 이행 및 인도를 구하는 소를 제기하였고(부산지방법원 서부지원2022가합100726호),위 법원은2023. 10. 11. ‘원고들과 매수인들 사이에 해제된 이 사건 매매계약을 부활시키는 약정이 있었다고 봄이 상당하다’는 이유로 원고들의 청구를 모두 기각하는 판결을 선고하였다. 이에 원고들은 원고를 선정당사자로 하여 항소하였는데,항소심 법원(부산고등법원2023나57558호)은2024. 6. 13.제1심판결과 같은 이유로 원고의 청구를 모두 기각하는 판결을 선고하였고,이에 원고는 상고하였다(2024. 10. 8.그 상고는 심리불속행 기각됨으로써 그 무렵 위 판결이 그대로 확정되었다)(이하‘후행 민사소송’이라 한다). [인정근거]다툼 없는 사실,갑 제2, 17, 46호증,을 제5호증의 각 기재,변론 전체의 취지 나)이 사건 매매계약의 해제 ","라는 취지의 내용증명을 발송하였고,위 내용증명은2017. 10. 12.매수인들에게 도달하였다.원고들은2017. 10. 24.매수인들에게",미검수
법제처 OPEN API/prec,421168,2022누21856,사후에 매매계약을 해제한 경우 취득세 추징사유가 소급하여 소멸하는지 여부,https://www.law.go.kr/DRF/lawService.do?OC=test&target=prec&ID=421168&type=HTML,(조 번호 미표기),(판단 불명확),판단 불명확,,,,"에게‘잔금 지급기일이 지났으니 잔금을2017. 10. 18.까지 지급해 달라.만일 위 기일까지 잔금을 지급하지 않을 경우에는 이 사건 매매계약을 해제할 것이다’라는 취지의 내용증명을 발송하였고,위 내용증명은2017. 10. 12.매수인들에게 도달하였다.원고들은2017. 10. 24.매수인들에게‘수차례 최고에도 불구하고 매수인들이 잔금을 지급하지 않았으므로 이 사건 매매계약을 해제한다’는 취지의 내용증명을 발송하였으며,위 내용증명은2017. 10. 25.매수인들에게 도달하였다(이하‘이 사건 해제 통지’라 한다). (6)매수인들은2017. 10. 13.○○○소유 토지에 설정된○○○명의의 가압류를 해제하여2017. 10. 17.위 가압류등기를 말소하였고,이 사건 해제 통지를 수령한 후2017. 11. 6.○○은행 명의의 근저당권부 채무(그 때까지의 이자를 포함)를 모두 변제하여 근저당권설정등기를 말소하였으며, 2017. 11. 8.및2017. 11. 9.이 사건 매매계약에 따른 잔금141,200,000원을 원고들에게 지급하였다. (7)원고들은2017. 11. 9.매수인들을 상대로‘매수인들이 이 사건 매매계약에 따른 잔금지급의무를 위반하였다’는 이유로 이 사건 매매계약 특약사항 제15항에 따른 위약벌200,000,000원 및 이에 대한 지연손해금을 청구하는 소를 제기하였고(부산지방법원2017가단333752호),위 법원은2019. 2. 20. ‘매수인들이 이 사건 매매계약에 따른 잔금지급의무를 위반하였다고 보기 어렵다’는 이유로 원고들의 청구를 모두 기각하는 판결을 선고하였다. 이에 원고들은 원고를 선정당사자로 하여 항소하였는데,항소심 법원(부산지방법원2019나45371호)은2020. 8. 19. ‘매수인들이 이 사건 매매계약에서 잔금 지급기일로 정한2017. 9. 30.까지 원고들에게141,200,000원의 잔금을 지급하지 않았고,이 사건 매매계약에서 인수하기로 약정한 합계1,195,000,000원의 채무(이 사건 토지에 관한○○은행 명의 근저당권부 채무 및○○○명의 토지에 관한 가압류채무의 합산액)도 인수하지 않았다’는 이유로 제1심판결을 취소하고, ‘매수인들은 공동하여 원고들에게 채무불이행에 따른 위약벌200,000,000원 및 이에 대한 지연손해금을 지급하라’는 판결을 선고하였다. 이에 매수인들이 상고하였으나, 2021. 2. 4.그 상고가 심리불속행 기각됨으로써 그 무렵 위 판결이 그대로 확정되었다(대법원2020다272851호,이하‘선행 민사소송’이라 한다). (8)원고들은2022. 3. 4.매수인들을 상대로‘이 사건 매매계약은2017. 10. 25.매수인들의 채무불이행을 이유로 적법하게 해제되었다’는 이유로 원상회복으로서 이 사건 토지에 관한 소유권이전등기 말소등기절차의 이행 및 인도를 구하는 소를 제기하였고(부산지방법원 서부지원2022가합100726호),위 법원은2023. 10. 11. ‘원고들과 매수인들 사이에 해제된 이 사건 매매계약을 부활시키는 약정이 있었다고 봄이 상당하다’는 이유로 원고들의 청구를 모두 기각하는 판결을 선고하였다. 이에 원고들은 원고를 선정당사자로 하여 항소하였는데,항소심 법원(부산고등법원2023나57558호)은2024. 6. 13.제1심판결과 같은 이유로 원고의 청구를 모두 기각하는 판결을 선고하였고,이에 원고는 상고하였다(2024. 10. 8.그 상고는 심리불속행 기각됨으로써 그 무렵 위 판결이 그대로 확정되었다)(이하‘후행 민사소송’이라 한다). [인정근거]다툼 없는 사실,갑 제2, 17, 46호증,을 제5호증의 각 기재,변론 전체의 취지 나)이 사건 매매계약의 해제 여부에 관한 판단 (1)매매계약을 해제한 후 그 해제를 무효화하고 해제된 매매계약을 부활시키는 약정은 계약자유의 원칙상 적어도 당사자 사이에서는 가능하고,계약이 해제된 후에 계약당사자의 일방","취지의 내용증명을 발송하였으며,위 내용증명은2017. 10. 25.매수인들에게 도달하였다(이하",미검수
법제처 OPEN API/prec,421168,2022누21856,사후에 매매계약을 해제한 경우 취득세 추징사유가 소급하여 소멸하는지 여부,https://www.law.go.kr/DRF/lawService.do?OC=test&target=prec&ID=421168&type=HTML,(조 번호 미표기),(판단 불명확),판단 불명확,,,,"를 말소하였고,이 사건 해제 통지를 수령한 후2017. 11. 6.○○은행 명의의 근저당권부 채무(그 때까지의 이자를 포함)를 모두 변제하여 근저당권설정등기를 말소하였으며, 2017. 11. 8.및2017. 11. 9.이 사건 매매계약에 따른 잔금141,200,000원을 원고들에게 지급하였다. (7)원고들은2017. 11. 9.매수인들을 상대로‘매수인들이 이 사건 매매계약에 따른 잔금지급의무를 위반하였다’는 이유로 이 사건 매매계약 특약사항 제15항에 따른 위약벌200,000,000원 및 이에 대한 지연손해금을 청구하는 소를 제기하였고(부산지방법원2017가단333752호),위 법원은2019. 2. 20. ‘매수인들이 이 사건 매매계약에 따른 잔금지급의무를 위반하였다고 보기 어렵다’는 이유로 원고들의 청구를 모두 기각하는 판결을 선고하였다. 이에 원고들은 원고를 선정당사자로 하여 항소하였는데,항소심 법원(부산지방법원2019나45371호)은2020. 8. 19. ‘매수인들이 이 사건 매매계약에서 잔금 지급기일로 정한2017. 9. 30.까지 원고들에게141,200,000원의 잔금을 지급하지 않았고,이 사건 매매계약에서 인수하기로 약정한 합계1,195,000,000원의 채무(이 사건 토지에 관한○○은행 명의 근저당권부 채무 및○○○명의 토지에 관한 가압류채무의 합산액)도 인수하지 않았다’는 이유로 제1심판결을 취소하고, ‘매수인들은 공동하여 원고들에게 채무불이행에 따른 위약벌200,000,000원 및 이에 대한 지연손해금을 지급하라’는 판결을 선고하였다. 이에 매수인들이 상고하였으나, 2021. 2. 4.그 상고가 심리불속행 기각됨으로써 그 무렵 위 판결이 그대로 확정되었다(대법원2020다272851호,이하‘선행 민사소송’이라 한다). (8)원고들은2022. 3. 4.매수인들을 상대로‘이 사건 매매계약은2017. 10. 25.매수인들의 채무불이행을 이유로 적법하게 해제되었다’는 이유로 원상회복으로서 이 사건 토지에 관한 소유권이전등기 말소등기절차의 이행 및 인도를 구하는 소를 제기하였고(부산지방법원 서부지원2022가합100726호),위 법원은2023. 10. 11. ‘원고들과 매수인들 사이에 해제된 이 사건 매매계약을 부활시키는 약정이 있었다고 봄이 상당하다’는 이유로 원고들의 청구를 모두 기각하는 판결을 선고하였다. 이에 원고들은 원고를 선정당사자로 하여 항소하였는데,항소심 법원(부산고등법원2023나57558호)은2024. 6. 13.제1심판결과 같은 이유로 원고의 청구를 모두 기각하는 판결을 선고하였고,이에 원고는 상고하였다(2024. 10. 8.그 상고는 심리불속행 기각됨으로써 그 무렵 위 판결이 그대로 확정되었다)(이하‘후행 민사소송’이라 한다). [인정근거]다툼 없는 사실,갑 제2, 17, 46호증,을 제5호증의 각 기재,변론 전체의 취지 나)이 사건 매매계약의 해제 여부에 관한 판단 (1)매매계약을 해제한 후 그 해제를 무효화하고 해제된 매매계약을 부활시키는 약정은 계약자유의 원칙상 적어도 당사자 사이에서는 가능하고,계약이 해제된 후에 계약당사자의 일방이 그 계약목적물을 받은 경우에는 특별한 사정이 없는 한 당사자 사이에 해제된 계약을 부활시키는 약정이 있었다고 봄이 상당하다(대법원1980. 7. 8.선고80다1077판결,대법원1992. 10. 27.선고91다483판결 등 참조). (2)위 법리 및 이 사건 추징조항의 해석에 비추어 이 사건에 관하여 보건대,위 인정사실에 의하면,이 사건 매매계약은 이 사건 해제 통지가 매수인들에게 도달한2017. 10. 25.매수인들의 채무불이행을 이유로 법정해제되었으므로,특별한 사정이 없는 이상 이 사건 처분의 과세요건사실로서 이 사건 추징조항에서 정한‘매각’도 소급하여 소멸하였다.3) ------------------------------------------------------------------------------------------------- 주3)한편 피고","유로 이 사건 매매계약 특약사항 제15항에 따른 위약벌200,000,000원 및 이에 대한 지연손해금을 청구하는 소를 제기하였고(부산지방법원2017가단333752호),위 법원은2019. 2. 20",미검수
법제처 OPEN API/prec,421168,2022누21856,사후에 매매계약을 해제한 경우 취득세 추징사유가 소급하여 소멸하는지 여부,https://www.law.go.kr/DRF/lawService.do?OC=test&target=prec&ID=421168&type=HTML,(조 번호 미표기),(판단 불명확),판단 불명확,,,,"원을 원고들에게 지급하였다. (7)원고들은2017. 11. 9.매수인들을 상대로‘매수인들이 이 사건 매매계약에 따른 잔금지급의무를 위반하였다’는 이유로 이 사건 매매계약 특약사항 제15항에 따른 위약벌200,000,000원 및 이에 대한 지연손해금을 청구하는 소를 제기하였고(부산지방법원2017가단333752호),위 법원은2019. 2. 20. ‘매수인들이 이 사건 매매계약에 따른 잔금지급의무를 위반하였다고 보기 어렵다’는 이유로 원고들의 청구를 모두 기각하는 판결을 선고하였다. 이에 원고들은 원고를 선정당사자로 하여 항소하였는데,항소심 법원(부산지방법원2019나45371호)은2020. 8. 19. ‘매수인들이 이 사건 매매계약에서 잔금 지급기일로 정한2017. 9. 30.까지 원고들에게141,200,000원의 잔금을 지급하지 않았고,이 사건 매매계약에서 인수하기로 약정한 합계1,195,000,000원의 채무(이 사건 토지에 관한○○은행 명의 근저당권부 채무 및○○○명의 토지에 관한 가압류채무의 합산액)도 인수하지 않았다’는 이유로 제1심판결을 취소하고, ‘매수인들은 공동하여 원고들에게 채무불이행에 따른 위약벌200,000,000원 및 이에 대한 지연손해금을 지급하라’는 판결을 선고하였다. 이에 매수인들이 상고하였으나, 2021. 2. 4.그 상고가 심리불속행 기각됨으로써 그 무렵 위 판결이 그대로 확정되었다(대법원2020다272851호,이하‘선행 민사소송’이라 한다). (8)원고들은2022. 3. 4.매수인들을 상대로‘이 사건 매매계약은2017. 10. 25.매수인들의 채무불이행을 이유로 적법하게 해제되었다’는 이유로 원상회복으로서 이 사건 토지에 관한 소유권이전등기 말소등기절차의 이행 및 인도를 구하는 소를 제기하였고(부산지방법원 서부지원2022가합100726호),위 법원은2023. 10. 11. ‘원고들과 매수인들 사이에 해제된 이 사건 매매계약을 부활시키는 약정이 있었다고 봄이 상당하다’는 이유로 원고들의 청구를 모두 기각하는 판결을 선고하였다. 이에 원고들은 원고를 선정당사자로 하여 항소하였는데,항소심 법원(부산고등법원2023나57558호)은2024. 6. 13.제1심판결과 같은 이유로 원고의 청구를 모두 기각하는 판결을 선고하였고,이에 원고는 상고하였다(2024. 10. 8.그 상고는 심리불속행 기각됨으로써 그 무렵 위 판결이 그대로 확정되었다)(이하‘후행 민사소송’이라 한다). [인정근거]다툼 없는 사실,갑 제2, 17, 46호증,을 제5호증의 각 기재,변론 전체의 취지 나)이 사건 매매계약의 해제 여부에 관한 판단 (1)매매계약을 해제한 후 그 해제를 무효화하고 해제된 매매계약을 부활시키는 약정은 계약자유의 원칙상 적어도 당사자 사이에서는 가능하고,계약이 해제된 후에 계약당사자의 일방이 그 계약목적물을 받은 경우에는 특별한 사정이 없는 한 당사자 사이에 해제된 계약을 부활시키는 약정이 있었다고 봄이 상당하다(대법원1980. 7. 8.선고80다1077판결,대법원1992. 10. 27.선고91다483판결 등 참조). (2)위 법리 및 이 사건 추징조항의 해석에 비추어 이 사건에 관하여 보건대,위 인정사실에 의하면,이 사건 매매계약은 이 사건 해제 통지가 매수인들에게 도달한2017. 10. 25.매수인들의 채무불이행을 이유로 법정해제되었으므로,특별한 사정이 없는 이상 이 사건 처분의 과세요건사실로서 이 사건 추징조항에서 정한‘매각’도 소급하여 소멸하였다.3) ------------------------------------------------------------------------------------------------- 주3)한편 피고는,원고들이 구 지방세법 시행령(2017. 12. 29.대통령령 제28524호로 개정되기 전의 것)제20조 제2항 제2호에 따라 이 사건 각 부동산을 등기하지 아니하고 이 사건 매매계약 체결일로부터60일 이내에 해제된 사실을 공정증서 등으로 입증하지 아니하였다","유로 원고들의 청구를 모두 기각하는 판결을 선고하였다. 이에 원고들은 원고를 선정당사자로 하여 항소하였는데,항소심 법원(부산지방법원2019나45371호)은2020. 8. 19",미검수
법제처 OPEN API/prec,421168,2022누21856,사후에 매매계약을 해제한 경우 취득세 추징사유가 소급하여 소멸하는지 여부,https://www.law.go.kr/DRF/lawService.do?OC=test&target=prec&ID=421168&type=HTML,(조 번호 미표기),(판단 불명확),판단 불명확,,,,"2022. 3. 4.매수인들을 상대로‘이 사건 매매계약은2017. 10. 25.매수인들의 채무불이행을 이유로 적법하게 해제되었다’는 이유로 원상회복으로서 이 사건 토지에 관한 소유권이전등기 말소등기절차의 이행 및 인도를 구하는 소를 제기하였고(부산지방법원 서부지원2022가합100726호),위 법원은2023. 10. 11. ‘원고들과 매수인들 사이에 해제된 이 사건 매매계약을 부활시키는 약정이 있었다고 봄이 상당하다’는 이유로 원고들의 청구를 모두 기각하는 판결을 선고하였다. 이에 원고들은 원고를 선정당사자로 하여 항소하였는데,항소심 법원(부산고등법원2023나57558호)은2024. 6. 13.제1심판결과 같은 이유로 원고의 청구를 모두 기각하는 판결을 선고하였고,이에 원고는 상고하였다(2024. 10. 8.그 상고는 심리불속행 기각됨으로써 그 무렵 위 판결이 그대로 확정되었다)(이하‘후행 민사소송’이라 한다). [인정근거]다툼 없는 사실,갑 제2, 17, 46호증,을 제5호증의 각 기재,변론 전체의 취지 나)이 사건 매매계약의 해제 여부에 관한 판단 (1)매매계약을 해제한 후 그 해제를 무효화하고 해제된 매매계약을 부활시키는 약정은 계약자유의 원칙상 적어도 당사자 사이에서는 가능하고,계약이 해제된 후에 계약당사자의 일방이 그 계약목적물을 받은 경우에는 특별한 사정이 없는 한 당사자 사이에 해제된 계약을 부활시키는 약정이 있었다고 봄이 상당하다(대법원1980. 7. 8.선고80다1077판결,대법원1992. 10. 27.선고91다483판결 등 참조). (2)위 법리 및 이 사건 추징조항의 해석에 비추어 이 사건에 관하여 보건대,위 인정사실에 의하면,이 사건 매매계약은 이 사건 해제 통지가 매수인들에게 도달한2017. 10. 25.매수인들의 채무불이행을 이유로 법정해제되었으므로,특별한 사정이 없는 이상 이 사건 처분의 과세요건사실로서 이 사건 추징조항에서 정한‘매각’도 소급하여 소멸하였다.3) ------------------------------------------------------------------------------------------------- 주3)한편 피고는,원고들이 구 지방세법 시행령(2017. 12. 29.대통령령 제28524호로 개정되기 전의 것)제20조 제2항 제2호에 따라 이 사건 각 부동산을 등기하지 아니하고 이 사건 매매계약 체결일로부터60일 이내에 해제된 사실을 공정증서 등으로 입증하지 아니하였다고 주장하나,앞서 본 바와 같이 취득세 부과처분과 취득세 추징처분은 별개의 부과처분에 해당하므로,취득세 부과처분에 관한 위 규정이 취득세 추징처분이 문제되는 이 사건에 있어서도 그대로 적용될 수 있다고 볼 수 없다. ------------------------------------------------------------------------------------------------- 그러나 위 인정사실과 후행 민사소송의 판결에서 확정된 사실관계 및 변론 전체의 취지에 의하여 알 수 있는 다음과 같은 사정들을 종합하면,매수인들이 이 사건 매매계약에 따른 매매대금을 완납한2017. 11. 9.또는 그 무렵 원고들과 매수인들 사이에서는 해제된 이 사건 매매계약을 부활시켜 그 효력을 유지시키기로 하는 묵시적인 합의가 있었다고 봄이 타당하다.따라서 이 사건 매매계약이 원고들이 이 사건 각 부동산을 취득한 때부터2년 내에는 해제된 상태에 있었다는 원고의 주장은 이유 없다. (가)매수인들은,원고들이2017. 10. 11.매수인들에게 잔금 지급을 최고하거나2017. 10. 24.이 사건 매매계약의 해제를 통지한 때로부터 한 달 내지 보름 정도의 기간 이내에 이 사건 매매계약에 따른 나머지 채무를 모두 이행하였는데,원고들은 이러한 매수인들의 채무 이행에 대하여 거절의 의사를 표시하지는 않았던 것으로 보인다.만약 이 사건 매매계약이 해제되었다면 해제 이후 매수인들이 원고들에게 지급한 잔금141,200,000원은 바로 반환하였어야 할 것인데,원고들이 이를 매수인들에게 반환하기 위한 조치를 취한 사실이 없","유로 원고들의 청구를 모두 기각하는 판결을 선고하였다. 이에 원고들은 원고를 선정당사자로 하여 항소하였는데,항소심 법원(부산고등법원2023나57558호)은2024. 6. 13.제1심판결과 같은 이유로 원고의 청구를 모두 기각하는 판결을 선고하였고,이에 원고는 상고하였다(2024. 10. 8.그 상고는 심리불속행 기각됨으로써 그 무렵 위 판결이 그대로 확정되었다)(이하",미검수
법제처 OPEN API/prec,615741,2024가단5029447,매매대금반환,https://www.law.go.kr/DRF/lawService.do?OC=test&target=prec&ID=615741&type=HTML,(조 번호 미표기),(판단 불명확),판단 불명확,,,," 오피스텔 신축 사업에 관하여 관리형토지신탁계약을 체결한 시행수탁자이며, 주식회사 □□□건설(이하 ‘이 사건 시공사’라 한다)은 이 사건 오피스텔 신축공사를 수행한 시공사이다. 나. 원고는 2022. 1. 25. 피고들과 사이에 이 사건 오피스텔 중 전용면적 48.02㎡의 13층 (호수 생략)호를 분양대금 1,359,444,000원에 분양받는 계약(이하 ‘이 사건 분양계약’이라 한다)을 체결하였다. 이 사건 분양계약의 주요 내용은 아래와 같다. △△△ 서초 오피스텔 공급계약서 제1조(공급대금 및 납부방법) ① ""갑(피고를 말한다)""은 위 표시재산을 아래의 방법으로 공급하고 ""을(원고를 말한다)""은 해당금액을 ""갑""에게 납부하여야 한다. 구분대지 가격건물 가격부가가치세총 공급대금 금액(원)849,660,000463,440,00046,344,0001,359,444,000 ② ""을""은 공급대금을 아래표에 따라 납부기한 내에 해당 금액을 ""갑""에게 납부하여야 한다. 계약금중도금잔금 계약시1회차2회차3회차4회차5회차입주 지정일 135,944,4002022. 7. 15.2022. 12. 15.2023. 8. 15.2023. 11. 15.2024. 3. 15.543,777,600 135,944,400135,944,400135,944,400135,944,400135,944,400 ④ 계획된 공사일정이 제2항의 중도금 납부일정보다 현저히 늦어지는 경우 갑은 위 중도금 납부기일을 조정할 수 있으며, 이를 지체없이 ""을""에게 통보한다. 제2조(계약의 해제) ① ""갑""은 ""을""이 다음 각 호에 해당하는 때에는 최고한 후 그 이행이 없을 경우 계약을 해제할 수 있다. 1. 제1조 제1항에서 정한 중도금을 계속하여 3회 이상 납부하지 아니하고 14일 이상의 유예기간 기간 동안 2회 이상 최고하여도 납부하지 아니한 때 2. 잔금을 입주지정기간 만료일로부터 3개월 이내에 납부하지 아니하였을 때 3. ""을""의 귀책사유로 인해 제3자로부터 분양권 등에 대한 채권가압류 또는 채권자의 대위변제요청 등의 사유가 발생한 경우 4. ""을""이 ""갑""의 사전승인을 얻지 아니하고 분양권을 전매(매매 중에 임대 및 기타 권리변동을 수반하는 일체의 행위 포함)하였을 때(단 상속은 제외한다) 5. ""을""이 제출한 서류가 사실이 아님이 판명될 때 6. 건축물의 분양에 관한 법률 등 관련법령에 위배되는 행위를 하였을 때 ② ""을""은 자신의 사정으로 인한 경우 위약금을 지급하고 본 계약을 해제할 수 있다. 다만 중도금을 1회라도 납부했거나 ""갑""이 계약이행을 착수한 후에는 ""갑""이 동의하는 경우에 한하여 해제할 수 있다. ③ ""을""은 ""갑""의 귀책사유로 인해 다음 각 호의 어느 하나의 사유가 발생한 경우에는 본 계약을 해제할 수 있다. 1. 입주예정일로부터 3월을 초과하여 입주가 지연된 경우. 단 천재지변 또는 ""갑""의 귀책사유와 관계없는 행정명령 등의 불가항력적인 사유로 인해 입주가 지연될 경우 ""갑""은 ""을""에게 통보하기로 하며 이 경우 ""을""은 ""갑""에게 해제를 요구할 수 없다. 2. ""갑""이 「건축물 분양에 관한 법률」 제9조에 따른 시정명령을 받은 경우 3. ""갑""이 「건축물 분양에 관한 법률」 제10조에 따라 벌금형 이상의 형을 선고 받은 경우 4. ""갑""이 「건축물 분양에 관한 법률」 제12조에 따른 과태료 부과처분을 받은 경우 5. 분양광고 등을 통해 계약의 내용이 된 사항과 실제 시공건축물과의 차이가 현저하여 계약목적을 달성할 수 없는 정도에 이른 경우 6. 이중분양으로 인해 분양계약서에 따른 분양목적물의 소유권이전등기의무가 불가능한 경우 7. 그 밖에 계약의 중요한 사항을 위반하여 계약목적을 달성할 수 없게 된 경우 8. 분양목적물의 하자가 중대하고 보수가 곤란하여 계약목적을 달성할 수 없는 정도에 이른 경우 ? 제3조(위약금) ① 제2조 제1항 및 ",라 한다)을 체결하였다. 이 사건 분양계약의 주요 내용은 아래와 같다. △△△ 서초 오피스텔 공급계약서 제1조(공급대금 및 납부방법) ①,미검수
법제처 OPEN API/prec,615741,2024가단5029447,매매대금반환,https://www.law.go.kr/DRF/lawService.do?OC=test&target=prec&ID=615741&type=HTML,(조 번호 미표기),안전,판례 문맥 추론 · 단일 신호,안전,,," 대한 판단 가. 원고의 주장 요지 1) 이 사건 시공사의 시공능력과 무이자 중도금대출 발생 여부는 이 사건 분양계약의 중요한 내용을 이룬다. 그런데 이 사건 시공사에 대하여 회생절차가 개시되어 이 사건 분양계약의 이행 및 중도금대출의 실행이 불확실하게 되었고, 이는 피고 회사의 채무불이행 사유에 해당한다. 이에 원고는 2023. 2. 10. 이를 이유로 이 사건 분양계약을 해제하였다(이하 ‘주장 ①’이라 한다). 2) 아니라도 이 사건 분양계약은 쌍방의 계약실현의사 결여 또는 포기로 인하여 묵시적으로 합의해제 되었다(이하 ‘주장 ②’라 한다). 3) 이 사건 분양계약 당시 원고는 중도금 대출로 분양대금 조달이 가능하다고 생각하여 이 사건 분양계약을 체결하였다. 그러나 이후 금융기관으로부터 기한의 이익이 상실되었다는 통지를 받아 중도금대출을 받지 못하게 되었는바, 중도금대출 가능성에 대한 착오가 없었다면 원고는 위 계약을 체결하지 않았을 것이므로 원고는 이 사건 분양계약을 착오를 이유로 취소한다(이하 ‘주장 ③’이라 한다) 4) 이 사건 분양계약서 제3조에서는 계약금을 해약금임과 동시에 위약금으로 정하고 있는데, 이는 이 사건 계약금을 원고의 채무불이행으로 피고에게 발생한 손해에 관한 손해배상의 예정액으로 정한 것이다. 설령 이 사건 계약 해제에 원고의 귀책사유가 인정된다고 하더라도 이 사건 계약금은 부당하게 과다한 손해배상예정액이므로 감액되어야 한다(이하 ‘주장 ④’라 한다). 5) 따라서 피고들은 원고에게 이 사건 계약의 해제에 따른 원상회복 또는 계약의 취소에 따른 부당이득반환으로서 원고로부터 지급받은 이 사건 계약금 및 이에 대한 법정이자 내지 지연손해금을 지급할 의무가 있다. 나. 판단 1) ‘주장 ①’에 대한 판단 가) 앞서 든 증거들 및 을 제1, 2호증의 각 기재에 변론 전체의 취지를 종합하여 인정되는 다음과 같은 사실 및 사정에 비추어 보면, 원고가 제시하는 증거들만으로 피고들이 이 사건 분양계약의 이행불능 상태에 빠졌다거나 계약상 의무를 이행하지 않았음을 인정하기 부족하고, 달리 이를 인정할 증거가 부족하다. (1) 원고의 주장과 같이 이 사건 시공사에 대한 회생절차 개시가 이루어진 사실은 인정된다. 그러나 관리인 소외 4는 이 사건 오피스텔 공사를 정상적으로 수행하여 2024. 7. 4. 오피스텔 사용승인을 받은 점, 이후 2023. 8.경 소외 5 회사가 이 사건 시공사를 인수한 점, 이 사건 오피스텔이 이 사건 분양계약에서 정한대로 2024. 8.경 입주를 시작한 점을 고려하면, 이 사건 시공사의 회생절차 개시로 인하여 이 사건 분양계약의 이행이 불능으로 되었다고 인정하기 어렵고 오히려 계약이 정상적으로 이행된 것으로 볼 수 있다. (2) 소외 3 은행은 2023. 2. 6. 원고에게 기한의 이익이 상실되었다는 통지를 하였으나 2023. 2. 9. 기한의 이익이 부활되었다는 통지를 하였으므로, 원고가 중도금대출금의 이자를 지급하여야 한다고 보기 어렵다. (3) 피고 회사는 중도금대출이 중단되자 원고 등 수분양자들의 중도금 납부의무이행을 유예하였는데, 피고 회사로서는 원고에게 중도금대출 중단으로 인하여 금전적 피해가 발생하지 않도록 나름의 조치를 취하였던 것으로 보인다. (4) 한편, 원고는 이 사건 분양계약서 제2조 제1항 제3호의 반대해석상 피고 회사의 계약 이행이 불투명한 이 사건의 경우 원고가 계약을 해제할 수 있다고 해석하여야 한다고 주장하나, 앞서 본 바와 같이 이 사건 오피스텔이 이 사건 분양계약에서 정한대로 준공되고 입주를 시작한 이상 계약의 이행이 불투명한 경우에 해당한다고 볼 수 없으므로, 원고가 위 조항을 근거로 계약을 해제할 수 있다고 보기 어렵다. 나) 따라서 피고들에게 채무불이행 책임이 있음을 전제로 하는 원고의 이 부분 주장은 이유 없다. 2) ‘주장 ②’에 대한 판단 가) 계약",주장 ①’이라 한다). 2) 아니라도 이 사건 분양계약은 쌍방의 계약실현의사 결여 또는 포기로 인하여 묵시적으로 합의해제 되었다(이하,미검수
법제처 OPEN API/prec,241887,2023다280358,"기술료등[전용실시(사용)권, 독점적 통상실시권 침해에 관한 손해배상액 산정의 당부 등이 문제된 사건]",https://www.law.go.kr/DRF/lawService.do?OC=test&target=prec&ID=241887&type=HTML,(조 번호 미표기),(판단 불명확),판단 불명확,,,,"하고, 사실인정이 사실심의 재량에 속한다고 하더라도 그 한도를 벗어나서는 안 된다(대법원 2015. 12. 23. 선고 2015다220573 판결 등 참조). 2) 원심판결의 이유를 위와 같은 법리와 기록에 비추어 살펴본다. 가) 원고와 피고는 2005. 6. 6.경 체결된 계약의 계약기간을 10년에서 3년으로 단축하기 위하여 2008. 6. 16. 이 사건 계약을 새롭게 체결하였다. 이 사건 계약 제18조 제1항에서는 ‘이 사건 계약기간 중 산수 블록 관련 지식재산권이 소멸되더라도 피고가 원고에게 기술료의 감액을 청구하거나 이 사건 계약을 해지할 수 없다.’고 정하여 피고가 이 사건 계약 내용의 변경이나 이 사건 계약 해지를 쉽게 하지 못하도록 하고 있다. 따라서 피고로서는 이 사건 계약의 갱신 여부를 신중하게 결정할 필요가 있었을 것으로 보인다. 또한 이 사건 계약 제18조 제1항에서 ‘피고가 이 사건 계약이 만료되기 3개월 전까지 문서로 갱신의 의사를 통지할 경우에만 원고와 피고가 합의한 조건으로 이 사건 계약이 연장될 수 있다.’고 명시적으로 정하고 있는데도 피고가 단순히 2011. 6. 15. 이후에 두 차례에 걸쳐 원고에게 ‘기술료 산출서’를 송부하고 해당 금액을 지급하였다는 사정만을 근거로 피고가 이 사건 계약 갱신의 의사를 표시하였다고 단정하기는 어렵다. 나) 원심에서 제출되어 적법한 증거조사절차를 거친 을 제18호증의 기재에 의하면, 첨부 서식에 따라 기술료를 통보·지급해 달라는 원고의 피고에 대한 요청과 함께, 그 첨부 서식인 ‘기술료 산출서’의 ‘공제금액’란을 이루는 세 항목에는 ‘부가가치세’ 항목뿐만 아니라 ‘운반비’ 항목 및 ‘계’ 항목이 병렬적으로 부동문자로 기재되어 있음을 알 수 있다. 사정이 이러하다면, 원고 스스로도 이 사건 계약상 기술료 산출의 근거가 되는 순매출액은 부가가치세와 운반비의 합계액을 매출금액에서 공제한 금액으로 정하고 있다고 봄이 타당하다. 3) 그런데도 원심은 판시와 같은 이유만으로 이 사건 계약이 묵시적으로 갱신되었고, 이 사건 계약에 따른 기술료 산정의 근거가 되는 ‘순매출액’은 ‘총매출액’에서 ‘부가가치세’만을 공제한 금액이라고 판단하였다. 이러한 원심의 판단에는 필요한 심리를 다하지 않은 채 논리와 경험의 법칙을 위반하여 자유심증주의의 한계를 벗어나거나 계약 및 의사표시 해석에 관한 법리를 오해하여 판결에 영향을 미친 잘못이 있다. 3. 이 사건 계약 종료 후 468 상표권 전용사용권의 침해에 관하여 원심은 판시와 같은 이유로 다음과 같이 판단하였다. 피고는 조달청장이 운영하는 국가종합전자시스템인 나라장터 종합쇼핑몰에 게시한 피고의 콘크리트 옹벽블록 제품 광고에 ""산수뷰"", ""산수뱅크"", ""산수스텝"" 표장들(이하 ‘피고 사용 표장들’이라 한다)을 표시하였다. 피고 사용 표장들의 요부인 ""산수""와 468 상표권의 표장인 """"는 비록 그 외관은 다르지만 호칭과 관념이 동일하다. 피고 사용 표장들은 468 상표권의 표장과 유사한 상표에 해당하므로 피고의 위와 같은 피고 사용 표장들 사용행위는 원고의 468 상표권 전용사용권을 침해하는 행위에 해당한다. 원심판결의 이유를 관련 법리와 기록에 비추어 살펴보면, 원심의 판단에 상고이유 주장과 같이 상표의 유사 여부에 관한 법리를 오해하거나 필요한 심리를 다하지 아니하는 등으로 판결에 영향을 미친 잘못이 없다. 4. 이 사건 계약 종료 후 독점적 통상실시권 침해로 인한 손해배상청구에 관하여 가. 원심의 판단 원심은 판시와 같은 이유로 원고가 산수 블록 제품에 관하여 독점적 통상실시권을 가지고 있고 이 사건 계약 해지 이후 피고가 산수 블록 제품을 무단으로 제조·판매한 행위는 원고의 독점적 통상실시권을 침해한 것이므로 이에 대한 손해를 배상하여야 한다고 판단하였다. 나. 대법원의 판단 위와 같은 원심의 판단은 그대로 받아들이기 어렵다. 1) 특허권자",사건 계약기간 중 산수 블록 관련 지식재산권이 소멸되더라도 피고가 원고에게 기술료의 감액을 청구하거나 이 사건 계약을 해지할 수 없다,미검수
법제처 OPEN API/prec,241887,2023다280358,"기술료등[전용실시(사용)권, 독점적 통상실시권 침해에 관한 손해배상액 산정의 당부 등이 문제된 사건]",https://www.law.go.kr/DRF/lawService.do?OC=test&target=prec&ID=241887&type=HTML,제18조,(판단 불명확),판단 불명확,,,,"조 제1항에서는 ‘이 사건 계약기간 중 산수 블록 관련 지식재산권이 소멸되더라도 피고가 원고에게 기술료의 감액을 청구하거나 이 사건 계약을 해지할 수 없다.’고 정하여 피고가 이 사건 계약 내용의 변경이나 이 사건 계약 해지를 쉽게 하지 못하도록 하고 있다. 따라서 피고로서는 이 사건 계약의 갱신 여부를 신중하게 결정할 필요가 있었을 것으로 보인다. 또한 이 사건 계약 제18조 제1항에서 ‘피고가 이 사건 계약이 만료되기 3개월 전까지 문서로 갱신의 의사를 통지할 경우에만 원고와 피고가 합의한 조건으로 이 사건 계약이 연장될 수 있다.’고 명시적으로 정하고 있는데도 피고가 단순히 2011. 6. 15. 이후에 두 차례에 걸쳐 원고에게 ‘기술료 산출서’를 송부하고 해당 금액을 지급하였다는 사정만을 근거로 피고가 이 사건 계약 갱신의 의사를 표시하였다고 단정하기는 어렵다. 나) 원심에서 제출되어 적법한 증거조사절차를 거친 을 제18호증의 기재에 의하면, 첨부 서식에 따라 기술료를 통보·지급해 달라는 원고의 피고에 대한 요청과 함께, 그 첨부 서식인 ‘기술료 산출서’의 ‘공제금액’란을 이루는 세 항목에는 ‘부가가치세’ 항목뿐만 아니라 ‘운반비’ 항목 및 ‘계’ 항목이 병렬적으로 부동문자로 기재되어 있음을 알 수 있다. 사정이 이러하다면, 원고 스스로도 이 사건 계약상 기술료 산출의 근거가 되는 순매출액은 부가가치세와 운반비의 합계액을 매출금액에서 공제한 금액으로 정하고 있다고 봄이 타당하다. 3) 그런데도 원심은 판시와 같은 이유만으로 이 사건 계약이 묵시적으로 갱신되었고, 이 사건 계약에 따른 기술료 산정의 근거가 되는 ‘순매출액’은 ‘총매출액’에서 ‘부가가치세’만을 공제한 금액이라고 판단하였다. 이러한 원심의 판단에는 필요한 심리를 다하지 않은 채 논리와 경험의 법칙을 위반하여 자유심증주의의 한계를 벗어나거나 계약 및 의사표시 해석에 관한 법리를 오해하여 판결에 영향을 미친 잘못이 있다. 3. 이 사건 계약 종료 후 468 상표권 전용사용권의 침해에 관하여 원심은 판시와 같은 이유로 다음과 같이 판단하였다. 피고는 조달청장이 운영하는 국가종합전자시스템인 나라장터 종합쇼핑몰에 게시한 피고의 콘크리트 옹벽블록 제품 광고에 ""산수뷰"", ""산수뱅크"", ""산수스텝"" 표장들(이하 ‘피고 사용 표장들’이라 한다)을 표시하였다. 피고 사용 표장들의 요부인 ""산수""와 468 상표권의 표장인 """"는 비록 그 외관은 다르지만 호칭과 관념이 동일하다. 피고 사용 표장들은 468 상표권의 표장과 유사한 상표에 해당하므로 피고의 위와 같은 피고 사용 표장들 사용행위는 원고의 468 상표권 전용사용권을 침해하는 행위에 해당한다. 원심판결의 이유를 관련 법리와 기록에 비추어 살펴보면, 원심의 판단에 상고이유 주장과 같이 상표의 유사 여부에 관한 법리를 오해하거나 필요한 심리를 다하지 아니하는 등으로 판결에 영향을 미친 잘못이 없다. 4. 이 사건 계약 종료 후 독점적 통상실시권 침해로 인한 손해배상청구에 관하여 가. 원심의 판단 원심은 판시와 같은 이유로 원고가 산수 블록 제품에 관하여 독점적 통상실시권을 가지고 있고 이 사건 계약 해지 이후 피고가 산수 블록 제품을 무단으로 제조·판매한 행위는 원고의 독점적 통상실시권을 침해한 것이므로 이에 대한 손해를 배상하여야 한다고 판단하였다. 나. 대법원의 판단 위와 같은 원심의 판단은 그대로 받아들이기 어렵다. 1) 특허권자는 그 특허권에 대하여 타인에게 통상실시권을 허락할 수 있다. 이때 특허권자가 실시권자에 대하여 그 실시권자 외의 제3자에게 통상실시권을 허락하지 않을 부작위 의무를 부담하는 경우 그 실시권자는 독점적 통상실시권을 가진다고 볼 수 있다(대법원 2020. 11. 26. 선고 2018다221676 판결 등 참조). 이러한 법리는 실용신안권, 디자인권, 상표권 등에 대하여도 동일하게 적용",피고가 이 사건 계약이 만료되기 3개월 전까지 문서로 갱신의 의사를 통지할 경우에만 원고와 피고가 합의한 조건으로 이 사건 계약이 연장될 수 있다,미검수
법제처 OPEN API/prec,241887,2023다280358,"기술료등[전용실시(사용)권, 독점적 통상실시권 침해에 관한 손해배상액 산정의 당부 등이 문제된 사건]",https://www.law.go.kr/DRF/lawService.do?OC=test&target=prec&ID=241887&type=HTML,(조 번호 미표기),(판단 불명확),판단 불명확,,,,"아니라 ‘운반비’ 항목 및 ‘계’ 항목이 병렬적으로 부동문자로 기재되어 있음을 알 수 있다. 사정이 이러하다면, 원고 스스로도 이 사건 계약상 기술료 산출의 근거가 되는 순매출액은 부가가치세와 운반비의 합계액을 매출금액에서 공제한 금액으로 정하고 있다고 봄이 타당하다. 3) 그런데도 원심은 판시와 같은 이유만으로 이 사건 계약이 묵시적으로 갱신되었고, 이 사건 계약에 따른 기술료 산정의 근거가 되는 ‘순매출액’은 ‘총매출액’에서 ‘부가가치세’만을 공제한 금액이라고 판단하였다. 이러한 원심의 판단에는 필요한 심리를 다하지 않은 채 논리와 경험의 법칙을 위반하여 자유심증주의의 한계를 벗어나거나 계약 및 의사표시 해석에 관한 법리를 오해하여 판결에 영향을 미친 잘못이 있다. 3. 이 사건 계약 종료 후 468 상표권 전용사용권의 침해에 관하여 원심은 판시와 같은 이유로 다음과 같이 판단하였다. 피고는 조달청장이 운영하는 국가종합전자시스템인 나라장터 종합쇼핑몰에 게시한 피고의 콘크리트 옹벽블록 제품 광고에 ""산수뷰"", ""산수뱅크"", ""산수스텝"" 표장들(이하 ‘피고 사용 표장들’이라 한다)을 표시하였다. 피고 사용 표장들의 요부인 ""산수""와 468 상표권의 표장인 """"는 비록 그 외관은 다르지만 호칭과 관념이 동일하다. 피고 사용 표장들은 468 상표권의 표장과 유사한 상표에 해당하므로 피고의 위와 같은 피고 사용 표장들 사용행위는 원고의 468 상표권 전용사용권을 침해하는 행위에 해당한다. 원심판결의 이유를 관련 법리와 기록에 비추어 살펴보면, 원심의 판단에 상고이유 주장과 같이 상표의 유사 여부에 관한 법리를 오해하거나 필요한 심리를 다하지 아니하는 등으로 판결에 영향을 미친 잘못이 없다. 4. 이 사건 계약 종료 후 독점적 통상실시권 침해로 인한 손해배상청구에 관하여 가. 원심의 판단 원심은 판시와 같은 이유로 원고가 산수 블록 제품에 관하여 독점적 통상실시권을 가지고 있고 이 사건 계약 해지 이후 피고가 산수 블록 제품을 무단으로 제조·판매한 행위는 원고의 독점적 통상실시권을 침해한 것이므로 이에 대한 손해를 배상하여야 한다고 판단하였다. 나. 대법원의 판단 위와 같은 원심의 판단은 그대로 받아들이기 어렵다. 1) 특허권자는 그 특허권에 대하여 타인에게 통상실시권을 허락할 수 있다. 이때 특허권자가 실시권자에 대하여 그 실시권자 외의 제3자에게 통상실시권을 허락하지 않을 부작위 의무를 부담하는 경우 그 실시권자는 독점적 통상실시권을 가진다고 볼 수 있다(대법원 2020. 11. 26. 선고 2018다221676 판결 등 참조). 이러한 법리는 실용신안권, 디자인권, 상표권 등에 대하여도 동일하게 적용된다. 2) 원심판결의 이유를 위와 같은 법리에 비추어 살펴본다. 가) ‘독점적 통상실시권’이란 특허법, 실용신안법, 디자인보호법, 상표법 등에서 개별적으로 정의한 행위 태양인 실시(사용)를 전제로 하는 것으로 특허권, 실용신안권, 디자인권, 상표권 등(이하 통틀어 ‘특허권 등’이라 한다) 중 어느 권리에 대한 것인지에 따라 독점적 통상실시(사용)권의 내용과 범위가 달라진다. 원고가 침해되었다고 주장하는 ‘독점적 통상실시권’을 ‘산수 블록 제품에 관한 특허권 등’에 대한 권리로 파악한다면 이는 산수 블록 제품에 관한 322 특허권, 449 특허권, 449 디자인권, 468 상표권 등에 대한 각각의 독점적 통상실시(사용)권을 의미하고 그 침해로 인한 손해배상청구도 각각의 독점적 통상실시(사용)권 침해에 따른 손해배상청구를 말하는 것이 된다. 나) ‘독점적 통상실시권’은 특허권 등을 대상으로 하는 권리일 뿐 특정 제품을 대상으로 하는 권리가 아니므로 특정 제품을 독점적으로 제조·판매할 수 있는 권리에 대하여 ‘독점적 통상실시권’이",순매출액’은 ‘총매출액’에서 ‘부가가치세,미검수
법제처 OPEN API/prec,420972,2024누30535,이 사건 분양전환권 부여 계약이 매매계약에 해당하는지 여부,https://www.law.go.kr/DRF/lawService.do?OC=test&target=prec&ID=420972&type=HTML,(조 번호 미표기),(판단 불명확),판단 불명확,,,," 글상자 안 제3행 아래에 다음과 같은 내용을 추가한다. (13) 분양전환기간 이후에 발생하는 제세공과금은 을의 분양전환 여부에 상관없이 을이 부담한다. 3.추가 판단 가.원고들 주장 요지 다음과 같은 이유로 원고들의 이 사건 각 부동산 취득에 대하여는 종전 지방세법이 적용되어야 하고,이와 다른 전제에 선 이 사건 거부처분은 위법하여 취소되어야 한다. 1)이 사건 계약은 매매계약의 필수 요소인‘목적물과 대금의 특정,목적물 이전 대가로 대금을 지급하겠다는 합의’를 모두 포함하고 있다.무엇보다 이 사건 계약에서는 원고들이 분양전환을 하지 아니할 경우를 계약해제 사유로 삼아 그에 거액의 위약금을 결부시켜 두었고,원고들에게 있어 분양전환은 이를 이행하지 아니하면 위약금이 발생하는 의무에 해당할 뿐 매매예약완결권과 같이 선택권을 가지는 사항이 아니었으므로,이 사건 계약 당시 당사자들 사이에서 분양에 대한 합의는 구속력 있고 확정적인 것이었다.반면 이 사건 변경계약은 이 사건 계약을 전제로 분양에 관하여 이미 합의된 사항을 확인하고 세부 사항을 정한다는 의미에서 체결된 계약에 불과하다.따라서 이 사건 변경계약이 아닌 이 사건 계약이 매매계약에 해당한다. 2)원고들은2015년경부터2016년경까지에 걸쳐 이 사건 계약을 체결하였고,당시 분양에 합의한 원고들로서는 종전 지방세법에 따른 취득세율 적용에 대하여 확고하게 신뢰하고 있었다.이 사건 각 부동산은 임직원용 아파트로서 그 취득에는 부동산 투기 목적이 개입할 가능성이 희박하며,정부는 최근 다주택자 취득세 중과를 다시 완화한다는 정책 변경을 발표하기도 하였다.따라서 종전 지방세법에 따른 취득세율 적용에 대한 원고들의 신뢰는 보호되어야 한다. 나.판단 1)이 사건 계약이 매매계약에 해당하는지에 관하여 앞서 든 증거들과 변론 전체의 취지에 의하여 인정할 수 있는 다음과 같은 사실 및 사정들을 종합하면,이 사건 계약이 매매계약(매매의 분양계약)에 해당한다고 판단하기는 어렵다.이와 다른 전제에 선 이 부분 원고들 주장은 받아들이지 아니한다. 가)민법상 매매계약과 임대차계약은 별도로 규정되어 있고,그 법적 성질 및 효과도 완전히 다르다.이 사건 계약에서는 해당 계약 자체를‘임대차계약’으로,당사자를‘임대인’, ‘임차인’으로,목적물을‘임대주택’으로 각 칭하고 있으며,임대차보증금,차임 및 임대차기간을 정하여 그 목적물을 임대차하는 것을 주된 내용으로 하고 있어 그 성격은 문언상 임대차계약에 해당함이 분명하다. 나)앞서 판단한 것처럼 이 사건 계약 중 원고들에게 분양전환권을 부여하는 약정의 성격은 매매예약에 가까운 것으로 평가되고,매매예약이 유효하게 성립하려면 장래 체결될 본계약의 본질적인 내용이 확정되어 있거나 확정될 수 있어야 하므로,원고들 주장과 같이 이 사건 계약에서 목적물,분양전환금과 그 납부 시기 및 소유권 이전 시기 등이 대부분 특정되어 있었다고 하더라도,이는 매매계약이 아닌 매매예약에도 포함될 수 있는 요소들에 불과하여 원고들 주장처럼 이 사건 계약이 매매예약이 아닌 매매계약에 해당한다고 단정할 만한 근거가 되지 못한다. 다)앞서 판단한 것처럼 이 사건 계약은 원고들에게 분양전환권을 부여하고 있어 원고들은 매매계약 체결 여부에 관한 선택권을 가지며(이는 이 사건 계약 특약 제8조 제2항에서‘원고들이 이 사건 각 부동산을 분양전환하지 아니할 경우,분양전환 신청기간 종료일 이후1개월 이내에A사에게 이를 인도하여야 한다’는 취지로 정하고 있는 점에 비추어 명백하다),이 사건 계약에 따라 재산권 이전과 매매대금 지급에 관한 의무가 확정적으로 발생한다고 판단하기는 어렵다.따라서 원고들 주장처럼 이 사건 계약에서‘분양전환하기로 합의한다’(특약 제8조 제1항), ‘원고들은A사에게 분양전환금 등을 납부하고 분양전환하여야 한다’(특약 제8조 제10항","목적물과 대금의 특정,목적물 이전 대가로 대금을 지급하겠다는 합의",미검수
법제처 OPEN API/prec,420972,2024누30535,이 사건 분양전환권 부여 계약이 매매계약에 해당하는지 여부,https://www.law.go.kr/DRF/lawService.do?OC=test&target=prec&ID=420972&type=HTML,(조 번호 미표기),(판단 불명확),판단 불명확,,,," 이전 시기 등이 대부분 특정되어 있었다고 하더라도,이는 매매계약이 아닌 매매예약에도 포함될 수 있는 요소들에 불과하여 원고들 주장처럼 이 사건 계약이 매매예약이 아닌 매매계약에 해당한다고 단정할 만한 근거가 되지 못한다. 다)앞서 판단한 것처럼 이 사건 계약은 원고들에게 분양전환권을 부여하고 있어 원고들은 매매계약 체결 여부에 관한 선택권을 가지며(이는 이 사건 계약 특약 제8조 제2항에서‘원고들이 이 사건 각 부동산을 분양전환하지 아니할 경우,분양전환 신청기간 종료일 이후1개월 이내에A사에게 이를 인도하여야 한다’는 취지로 정하고 있는 점에 비추어 명백하다),이 사건 계약에 따라 재산권 이전과 매매대금 지급에 관한 의무가 확정적으로 발생한다고 판단하기는 어렵다.따라서 원고들 주장처럼 이 사건 계약에서‘분양전환하기로 합의한다’(특약 제8조 제1항), ‘원고들은A사에게 분양전환금 등을 납부하고 분양전환하여야 한다’(특약 제8조 제10항), ‘원고들이 분양전환금을 납입하지 아니할 경우A사는 이 계약을 해지할 수 있다’(특약 제8조 제3항)는 취지의 조항을 두고 있다거나,원고들이 분양전환을 하지 아니할 경우를 계약해제 사유로 삼아 그에 위약금을 결부시켜 두었다고 하더라도(특약 제6조 제1항 제5호,제7조 제1항 본문),이는 원고들이 추후 분양전환계약을 체결할 의무가 있다는 의미일 수 있을 뿐 그것만으로 당연히 원고들이 이 사건 계약에 따라 이 사건 각 부동산 매수인(수분양자)지위를 가지게 된다는 의미는 아니다.이 사건 계약에서‘분양전환기간 이후에 발생하는 제세공과금은 원고들의 분양전환 여부에 상관없이 원고들이 부담한다’(특약 제8조 제13항)는 취지의 조항을 두고 있다는 것을 비롯한 원고들 주장 사정들만으로는 이 사건 계약에 따라 재산권 이전과 매매대금 지급에 관한 의무가 확정적으로 발생한다고 단정하기 어렵다. 라)이 사건에서 이 사건 계약의 실질은 확정적인 매매이나(원고들에게 바로 매도하는 확정적인 분양계약을 체결하였으나),불가피하게 외관만 임대차 형식을 취하였고,이러한 외관은 조세법을 적용할 때는 배제될 수 있다고 볼 수 있는 추가 증거나 근거가 없다. 2)종전 지방세법에 따른 취득세율 적용에 대한 원고들의 신뢰가 보호되어야 하는지에 관하여 이 사건 경과규정에서는‘2020. 7. 10.이전에 주택에 대한 매매계약(공동주택 분양계약 포함)을 체결한 경우에는 그 계약을 체결한 당사자의 해당 주택 취득에 대하여 종전 지방세법 규정을 적용한다’는 취지로 정하고 있고,이 사건 계약은 이 사건 경과규정에서 정한2020. 7. 10.이전인2015. 12. 14.부터2016. 1. 20.까지 기간에 체결되었다는 사실은 앞서 인정한 것과 같다. 그러나 앞서 판단한 것처럼 임대차계약에 해당하는 이 사건 계약은 원고들에게 분양전환권을 부여하고 있어 원고들은 매매계약 체결 여부에 관한 선택권을 가지고,이 사건 계약에 따라 재산권 이전과 매매대금 지급에 관한 의무가 확정적으로 발생한다고 판단하기 어려우며,원고들이 분양전환권을 행사하여 이 사건 변경계약을 체결한2021. 8. 18.부터2021. 9. 16.까지 당시에는 이미 개정 지방세법이 시행되고 있었던 이상,이 사건 각 부동산이 임직원용 아파트로서 그 취득에는 부동산 투기 목적이 개입할 가능성이 희박하다거나,정부가 최근 다주택자 취득세 중과를 다시 완화한다는 정책 변경을 발표하기도 하였다는 등 원고들 주장 사정들만으로는 종전 지방세법에 따른 취득세율 적용에 대한 원고들의 기대가 그 자체로 보호할 만한 신뢰라고 인정하기는 어렵다.이와 다른 전제에 선 이 부분 원고들 주장 또한 받아들이지 아니한다. 4.결론 원고들의 청구는 이유 없어 이를 기각하여야 하고,제1심 판결은 이와 결론이 같아 정당하다.원고들의 항소는 이유 없어 이를 기각하기로 하여 주문과 같이 판결한다. ]]>","원고들이 이 사건 각 부동산을 분양전환하지 아니할 경우,분양전환 신청기간 종료일 이후1개월 이내에A사에게 이를 인도하여야 한다",미검수
법제처 OPEN API/prec,420972,2024누30535,이 사건 분양전환권 부여 계약이 매매계약에 해당하는지 여부,https://www.law.go.kr/DRF/lawService.do?OC=test&target=prec&ID=420972&type=HTML,(조 번호 미표기),(판단 불명확),판단 불명확,,,,"택권을 가지며(이는 이 사건 계약 특약 제8조 제2항에서‘원고들이 이 사건 각 부동산을 분양전환하지 아니할 경우,분양전환 신청기간 종료일 이후1개월 이내에A사에게 이를 인도하여야 한다’는 취지로 정하고 있는 점에 비추어 명백하다),이 사건 계약에 따라 재산권 이전과 매매대금 지급에 관한 의무가 확정적으로 발생한다고 판단하기는 어렵다.따라서 원고들 주장처럼 이 사건 계약에서‘분양전환하기로 합의한다’(특약 제8조 제1항), ‘원고들은A사에게 분양전환금 등을 납부하고 분양전환하여야 한다’(특약 제8조 제10항), ‘원고들이 분양전환금을 납입하지 아니할 경우A사는 이 계약을 해지할 수 있다’(특약 제8조 제3항)는 취지의 조항을 두고 있다거나,원고들이 분양전환을 하지 아니할 경우를 계약해제 사유로 삼아 그에 위약금을 결부시켜 두었다고 하더라도(특약 제6조 제1항 제5호,제7조 제1항 본문),이는 원고들이 추후 분양전환계약을 체결할 의무가 있다는 의미일 수 있을 뿐 그것만으로 당연히 원고들이 이 사건 계약에 따라 이 사건 각 부동산 매수인(수분양자)지위를 가지게 된다는 의미는 아니다.이 사건 계약에서‘분양전환기간 이후에 발생하는 제세공과금은 원고들의 분양전환 여부에 상관없이 원고들이 부담한다’(특약 제8조 제13항)는 취지의 조항을 두고 있다는 것을 비롯한 원고들 주장 사정들만으로는 이 사건 계약에 따라 재산권 이전과 매매대금 지급에 관한 의무가 확정적으로 발생한다고 단정하기 어렵다. 라)이 사건에서 이 사건 계약의 실질은 확정적인 매매이나(원고들에게 바로 매도하는 확정적인 분양계약을 체결하였으나),불가피하게 외관만 임대차 형식을 취하였고,이러한 외관은 조세법을 적용할 때는 배제될 수 있다고 볼 수 있는 추가 증거나 근거가 없다. 2)종전 지방세법에 따른 취득세율 적용에 대한 원고들의 신뢰가 보호되어야 하는지에 관하여 이 사건 경과규정에서는‘2020. 7. 10.이전에 주택에 대한 매매계약(공동주택 분양계약 포함)을 체결한 경우에는 그 계약을 체결한 당사자의 해당 주택 취득에 대하여 종전 지방세법 규정을 적용한다’는 취지로 정하고 있고,이 사건 계약은 이 사건 경과규정에서 정한2020. 7. 10.이전인2015. 12. 14.부터2016. 1. 20.까지 기간에 체결되었다는 사실은 앞서 인정한 것과 같다. 그러나 앞서 판단한 것처럼 임대차계약에 해당하는 이 사건 계약은 원고들에게 분양전환권을 부여하고 있어 원고들은 매매계약 체결 여부에 관한 선택권을 가지고,이 사건 계약에 따라 재산권 이전과 매매대금 지급에 관한 의무가 확정적으로 발생한다고 판단하기 어려우며,원고들이 분양전환권을 행사하여 이 사건 변경계약을 체결한2021. 8. 18.부터2021. 9. 16.까지 당시에는 이미 개정 지방세법이 시행되고 있었던 이상,이 사건 각 부동산이 임직원용 아파트로서 그 취득에는 부동산 투기 목적이 개입할 가능성이 희박하다거나,정부가 최근 다주택자 취득세 중과를 다시 완화한다는 정책 변경을 발표하기도 하였다는 등 원고들 주장 사정들만으로는 종전 지방세법에 따른 취득세율 적용에 대한 원고들의 기대가 그 자체로 보호할 만한 신뢰라고 인정하기는 어렵다.이와 다른 전제에 선 이 부분 원고들 주장 또한 받아들이지 아니한다. 4.결론 원고들의 청구는 이유 없어 이를 기각하여야 하고,제1심 판결은 이와 결론이 같아 정당하다.원고들의 항소는 이유 없어 이를 기각하기로 하여 주문과 같이 판결한다. ]]>",분양전환하기로 합의한다’(특약 제8조 제1항),미검수
법제처 OPEN API/prec,420972,2024누30535,이 사건 분양전환권 부여 계약이 매매계약에 해당하는지 여부,https://www.law.go.kr/DRF/lawService.do?OC=test&target=prec&ID=420972&type=HTML,(조 번호 미표기),(판단 불명확),판단 불명확,,,,"고 있다거나,원고들이 분양전환을 하지 아니할 경우를 계약해제 사유로 삼아 그에 위약금을 결부시켜 두었다고 하더라도(특약 제6조 제1항 제5호,제7조 제1항 본문),이는 원고들이 추후 분양전환계약을 체결할 의무가 있다는 의미일 수 있을 뿐 그것만으로 당연히 원고들이 이 사건 계약에 따라 이 사건 각 부동산 매수인(수분양자)지위를 가지게 된다는 의미는 아니다.이 사건 계약에서‘분양전환기간 이후에 발생하는 제세공과금은 원고들의 분양전환 여부에 상관없이 원고들이 부담한다’(특약 제8조 제13항)는 취지의 조항을 두고 있다는 것을 비롯한 원고들 주장 사정들만으로는 이 사건 계약에 따라 재산권 이전과 매매대금 지급에 관한 의무가 확정적으로 발생한다고 단정하기 어렵다. 라)이 사건에서 이 사건 계약의 실질은 확정적인 매매이나(원고들에게 바로 매도하는 확정적인 분양계약을 체결하였으나),불가피하게 외관만 임대차 형식을 취하였고,이러한 외관은 조세법을 적용할 때는 배제될 수 있다고 볼 수 있는 추가 증거나 근거가 없다. 2)종전 지방세법에 따른 취득세율 적용에 대한 원고들의 신뢰가 보호되어야 하는지에 관하여 이 사건 경과규정에서는‘2020. 7. 10.이전에 주택에 대한 매매계약(공동주택 분양계약 포함)을 체결한 경우에는 그 계약을 체결한 당사자의 해당 주택 취득에 대하여 종전 지방세법 규정을 적용한다’는 취지로 정하고 있고,이 사건 계약은 이 사건 경과규정에서 정한2020. 7. 10.이전인2015. 12. 14.부터2016. 1. 20.까지 기간에 체결되었다는 사실은 앞서 인정한 것과 같다. 그러나 앞서 판단한 것처럼 임대차계약에 해당하는 이 사건 계약은 원고들에게 분양전환권을 부여하고 있어 원고들은 매매계약 체결 여부에 관한 선택권을 가지고,이 사건 계약에 따라 재산권 이전과 매매대금 지급에 관한 의무가 확정적으로 발생한다고 판단하기 어려우며,원고들이 분양전환권을 행사하여 이 사건 변경계약을 체결한2021. 8. 18.부터2021. 9. 16.까지 당시에는 이미 개정 지방세법이 시행되고 있었던 이상,이 사건 각 부동산이 임직원용 아파트로서 그 취득에는 부동산 투기 목적이 개입할 가능성이 희박하다거나,정부가 최근 다주택자 취득세 중과를 다시 완화한다는 정책 변경을 발표하기도 하였다는 등 원고들 주장 사정들만으로는 종전 지방세법에 따른 취득세율 적용에 대한 원고들의 기대가 그 자체로 보호할 만한 신뢰라고 인정하기는 어렵다.이와 다른 전제에 선 이 부분 원고들 주장 또한 받아들이지 아니한다. 4.결론 원고들의 청구는 이유 없어 이를 기각하여야 하고,제1심 판결은 이와 결론이 같아 정당하다.원고들의 항소는 이유 없어 이를 기각하기로 하여 주문과 같이 판결한다. ]]>",분양전환기간 이후에 발생하는 제세공과금은 원고들의 분양전환 여부에 상관없이 원고들이 부담한다,미검수
법제처 OPEN API/prec,420972,2024누30535,이 사건 분양전환권 부여 계약이 매매계약에 해당하는지 여부,https://www.law.go.kr/DRF/lawService.do?OC=test&target=prec&ID=420972&type=HTML,(조 번호 미표기),(판단 불명확),판단 불명확,,,,"단정하기 어렵다. 라)이 사건에서 이 사건 계약의 실질은 확정적인 매매이나(원고들에게 바로 매도하는 확정적인 분양계약을 체결하였으나),불가피하게 외관만 임대차 형식을 취하였고,이러한 외관은 조세법을 적용할 때는 배제될 수 있다고 볼 수 있는 추가 증거나 근거가 없다. 2)종전 지방세법에 따른 취득세율 적용에 대한 원고들의 신뢰가 보호되어야 하는지에 관하여 이 사건 경과규정에서는‘2020. 7. 10.이전에 주택에 대한 매매계약(공동주택 분양계약 포함)을 체결한 경우에는 그 계약을 체결한 당사자의 해당 주택 취득에 대하여 종전 지방세법 규정을 적용한다’는 취지로 정하고 있고,이 사건 계약은 이 사건 경과규정에서 정한2020. 7. 10.이전인2015. 12. 14.부터2016. 1. 20.까지 기간에 체결되었다는 사실은 앞서 인정한 것과 같다. 그러나 앞서 판단한 것처럼 임대차계약에 해당하는 이 사건 계약은 원고들에게 분양전환권을 부여하고 있어 원고들은 매매계약 체결 여부에 관한 선택권을 가지고,이 사건 계약에 따라 재산권 이전과 매매대금 지급에 관한 의무가 확정적으로 발생한다고 판단하기 어려우며,원고들이 분양전환권을 행사하여 이 사건 변경계약을 체결한2021. 8. 18.부터2021. 9. 16.까지 당시에는 이미 개정 지방세법이 시행되고 있었던 이상,이 사건 각 부동산이 임직원용 아파트로서 그 취득에는 부동산 투기 목적이 개입할 가능성이 희박하다거나,정부가 최근 다주택자 취득세 중과를 다시 완화한다는 정책 변경을 발표하기도 하였다는 등 원고들 주장 사정들만으로는 종전 지방세법에 따른 취득세율 적용에 대한 원고들의 기대가 그 자체로 보호할 만한 신뢰라고 인정하기는 어렵다.이와 다른 전제에 선 이 부분 원고들 주장 또한 받아들이지 아니한다. 4.결론 원고들의 청구는 이유 없어 이를 기각하여야 하고,제1심 판결은 이와 결론이 같아 정당하다.원고들의 항소는 이유 없어 이를 기각하기로 하여 주문과 같이 판결한다. ]]>",2020. 7. 10.이전에 주택에 대한 매매계약(공동주택 분양계약 포함)을 체결한 경우에는 그 계약을 체결한 당사자의 해당 주택 취득에 대하여 종전 지방세법 규정을 적용한다,미검수
법제처 OPEN API/prec,241625,2024다224645,용역비·용역비[당사자가 전혀 의식하지 못하거나 예상하지 못하였던 법률적 관점에 대한 법원의 석명 또는 지적의무 위반 여부가 문제된 사건],https://www.law.go.kr/DRF/lawService.do?OC=test&target=prec&ID=241625&type=HTML,(조 번호 미표기),(판단 불명확),판단 불명확,,,,"용 소프트웨어 개발업 등을 영위하는 회사이고(이하에서 두 회사를 통틀어 지칭할 때는 ‘원고 등’이라 한다), 피고(반소원고, 이하 ‘피고’라 한다)는 부동산 임대관리 플랫폼 사업을 영위하는 회사이다. 2) 원고 등은 2020. 10. 14. 피고와 블록체인 기반 부동산임대관리 시스템의 개발 등에 관한 전략적 업무제휴 및 공동사업 계약을 체결하였다(이하 ‘이 사건 계약’이라 한다). 3) 이 사건 계약에 따르면, 피고는 블록체인 기반 부동산임대관리 시스템인 이른바 ‘(시스템명 생략)’(이하 ‘이 사건 시스템’이라 한다)의 기획 및 설계와 디자인, 데이터베이스, 인프라 제공 등의 역할을 담당하고, 원고 등은 사업모델에 필요한 솔루션 개발 및 공급, 피고의 기획 및 설계와 디자인을 토대로 한 이 사건 시스템 신규 개발 등의 역할을 담당한다. 4) 또한 이 사건 계약에 따르면, 피고는 개발 인건비 총 3억 8,000만 원(부가가치세 별도, 이하 같다) 중 2억 원을 분담하되 그중 70%를 계약체결 후 7일 이내에, 나머지 30%를 2021. 2. 28.까지 각 원고에게 지급하고, 원고 등은 나머지 개발 인건비 1억 8,000만 원을 분담하여 이 사건 시스템 개발을 완료하되 1차 개발은 2021. 2. 28.까지, 최종 개발은 계약체결 후 6개월 내에 완료하도록 되어 있다. 5) 한편 이 사건 계약 제11조는 ‘계약의 해지/해제’라는 제목 아래 제1항 제1호 내지 제7호에서 이 사건 계약을 상대방에 대한 서면 통지로써 종료할 수 있는 사유를 열거하고 있는데, 그중 제1호는 ""본 계약을 이행할 능력이 없다고 판단되는 경우""라고 규정한다. 또한 같은 조 제2항 제1호 내지 제4호에서는 이 사건 계약이 종료될 경우 계약당사자가 이행해야 할 의무를 정하고 있는데, 그중 제3호는 ""종료일에 지불해야 하는 미지급금 및 미지급금 일체를 즉시 지불해야 한다. 단, 원고 등의 귀책으로 본 계약이 해제(지)될 경우, 피고가 기지급한 개발인건비(1.4억 원)는 피고에게 즉시 반환한다.""라고 규정한다. 6) 피고는 이 사건 계약 체결 무렵 원고에게 개발 인건비 1억 4,000만 원을 지급하였는데, 원고는 2021. 2. 10.경 피고에게 ""피고가 이 사건 계약을 이행할 능력이 없으므로, 이 사건 계약 제11조 제1항 제1호 또는 민법 제390조에 따라 위 계약을 해지한다.""라는 취지의 통지서를 내용증명우편으로 보냈다. 7) 원고는 이 사건 본소를 통하여, 이 사건 계약은 원고의 위와 같은 계약해지 의사표시에 의해 적법하게 해제 또는 해지되었고, 이 사건 계약 제11조 제2항 제3호 본문은 피고의 귀책사유로 이 사건 계약이 종료된 경우에 관한 원상회복특약 또는 위약벌(예비적으로 위약금) 조항에 해당한다고 주장하면서, 피고를 상대로 위 조항에 따른 원상회복, 위약벌 또는 위약금으로서 당초 분담하기로 한 개발 인건비 2억 원 중 미지급금 6,000만 원의 지급을 구하였다. 8) 이에 대하여 피고는, 이 사건 계약은 원고와 피고의 합의에 의하여 해지되었고, 이 사건 계약 제11조 제2항 제3호 본문은 피고의 귀책사유로 이 사건 계약이 종료된 경우에 관한 원상회복특약, 위약벌 또는 위약금 조항이 아니라 단지 계약 종료일 기준으로 상대방에 대하여 지급의무가 있는 미지급금을 즉시 지급하라는 취지의 조항에 불과한데, 이 사건 계약은 원고가 주장하는 미지급 개발 인건비 6,000만 원의 지급의무가 발생하기 전에 이미 합의해지로 종료되었으므로 원고의 본소청구는 받아들일 수 없다고 주장하면서, 이 사건 반소로써 원고를 상대로 이 사건 계약의 합의해지에 따른 원상회복으로 기지급 개발 인건비 1억 4,000만 원의 반환을 구하였다. 나. 원심은, 이 사건 계약은 동업계약이므로 그 법적 성격은 조합계약에 해당하고,","라 한다). 3) 이 사건 계약에 따르면, 피고는 블록체인 기반 부동산임대관리 시스템인 이른바",미검수
법제처 OPEN API/prec,241625,2024다224645,용역비·용역비[당사자가 전혀 의식하지 못하거나 예상하지 못하였던 법률적 관점에 대한 법원의 석명 또는 지적의무 위반 여부가 문제된 사건],https://www.law.go.kr/DRF/lawService.do?OC=test&target=prec&ID=241625&type=HTML,제11조,(판단 불명확),판단 불명확,,,,"도, 이하 같다) 중 2억 원을 분담하되 그중 70%를 계약체결 후 7일 이내에, 나머지 30%를 2021. 2. 28.까지 각 원고에게 지급하고, 원고 등은 나머지 개발 인건비 1억 8,000만 원을 분담하여 이 사건 시스템 개발을 완료하되 1차 개발은 2021. 2. 28.까지, 최종 개발은 계약체결 후 6개월 내에 완료하도록 되어 있다. 5) 한편 이 사건 계약 제11조는 ‘계약의 해지/해제’라는 제목 아래 제1항 제1호 내지 제7호에서 이 사건 계약을 상대방에 대한 서면 통지로써 종료할 수 있는 사유를 열거하고 있는데, 그중 제1호는 ""본 계약을 이행할 능력이 없다고 판단되는 경우""라고 규정한다. 또한 같은 조 제2항 제1호 내지 제4호에서는 이 사건 계약이 종료될 경우 계약당사자가 이행해야 할 의무를 정하고 있는데, 그중 제3호는 ""종료일에 지불해야 하는 미지급금 및 미지급금 일체를 즉시 지불해야 한다. 단, 원고 등의 귀책으로 본 계약이 해제(지)될 경우, 피고가 기지급한 개발인건비(1.4억 원)는 피고에게 즉시 반환한다.""라고 규정한다. 6) 피고는 이 사건 계약 체결 무렵 원고에게 개발 인건비 1억 4,000만 원을 지급하였는데, 원고는 2021. 2. 10.경 피고에게 ""피고가 이 사건 계약을 이행할 능력이 없으므로, 이 사건 계약 제11조 제1항 제1호 또는 민법 제390조에 따라 위 계약을 해지한다.""라는 취지의 통지서를 내용증명우편으로 보냈다. 7) 원고는 이 사건 본소를 통하여, 이 사건 계약은 원고의 위와 같은 계약해지 의사표시에 의해 적법하게 해제 또는 해지되었고, 이 사건 계약 제11조 제2항 제3호 본문은 피고의 귀책사유로 이 사건 계약이 종료된 경우에 관한 원상회복특약 또는 위약벌(예비적으로 위약금) 조항에 해당한다고 주장하면서, 피고를 상대로 위 조항에 따른 원상회복, 위약벌 또는 위약금으로서 당초 분담하기로 한 개발 인건비 2억 원 중 미지급금 6,000만 원의 지급을 구하였다. 8) 이에 대하여 피고는, 이 사건 계약은 원고와 피고의 합의에 의하여 해지되었고, 이 사건 계약 제11조 제2항 제3호 본문은 피고의 귀책사유로 이 사건 계약이 종료된 경우에 관한 원상회복특약, 위약벌 또는 위약금 조항이 아니라 단지 계약 종료일 기준으로 상대방에 대하여 지급의무가 있는 미지급금을 즉시 지급하라는 취지의 조항에 불과한데, 이 사건 계약은 원고가 주장하는 미지급 개발 인건비 6,000만 원의 지급의무가 발생하기 전에 이미 합의해지로 종료되었으므로 원고의 본소청구는 받아들일 수 없다고 주장하면서, 이 사건 반소로써 원고를 상대로 이 사건 계약의 합의해지에 따른 원상회복으로 기지급 개발 인건비 1억 4,000만 원의 반환을 구하였다. 나. 원심은, 이 사건 계약은 동업계약이므로 그 법적 성격은 조합계약에 해당하고, 이 사건 계약 제11조 제1항은 조합원이 다른 조합원을 상대로 조합의 해산청구를 할 수 있는 사유를 열거한 조항이라고 봄이 타당한데, 피고는 이 사건 계약을 이행할 능력을 갖추지 못하였으므로, 이 사건 계약에 기한 조합은 위 계약 제11조 제1항 제1호를 사유로 한 원고의 해산청구에 의해 해산되었다고 판단하였다. 나아가 원심은, 이 사건 계약 제11조 제2항은 위 계약에 기한 동업관계가 같은 조 제1항에 의해 해산된 경우 정산의 내용 및 방식에 관한 조항이고, 그중 제3호 본문에서 말하는 ‘미지급금’은 원고가 이 사건 시스템의 1차 개발을 완료한 경우에 지급의무가 발생한다고 해석되는데, 원고가 위 1차 개발을 완료하지 않은 상태에서 동업관계가 해산된 이상 피고는 미지급 출자금 6,000만 원을 지급할 의무를 부담한다고 볼 수 없다고 판단하여 원고의 본소청구를 배척하였다. 또한 원심은, 동업계약과 같은 조합계약에서는 조합의 해산청구를 하거나 조합으로부터 탈퇴를 하거나 다른 조합원을 제명할 수 있을 뿐이지 일반계약에서처럼 조합계약을 해제 또는 해지하고 상대방에게 그로","계약의 해지/해제’라는 제목 아래 제1항 제1호 내지 제7호에서 이 사건 계약을 상대방에 대한 서면 통지로써 종료할 수 있는 사유를 열거하고 있는데, 그중 제1호는 ""본 계약을 이행할 능력이 없다고 판단되는 경우",미검수
법제처 OPEN API/prec,241625,2024다224645,용역비·용역비[당사자가 전혀 의식하지 못하거나 예상하지 못하였던 법률적 관점에 대한 법원의 석명 또는 지적의무 위반 여부가 문제된 사건],https://www.law.go.kr/DRF/lawService.do?OC=test&target=prec&ID=241625&type=HTML,(조 번호 미표기),(판단 불명확),판단 불명확,,,,"결 후 6개월 내에 완료하도록 되어 있다. 5) 한편 이 사건 계약 제11조는 ‘계약의 해지/해제’라는 제목 아래 제1항 제1호 내지 제7호에서 이 사건 계약을 상대방에 대한 서면 통지로써 종료할 수 있는 사유를 열거하고 있는데, 그중 제1호는 ""본 계약을 이행할 능력이 없다고 판단되는 경우""라고 규정한다. 또한 같은 조 제2항 제1호 내지 제4호에서는 이 사건 계약이 종료될 경우 계약당사자가 이행해야 할 의무를 정하고 있는데, 그중 제3호는 ""종료일에 지불해야 하는 미지급금 및 미지급금 일체를 즉시 지불해야 한다. 단, 원고 등의 귀책으로 본 계약이 해제(지)될 경우, 피고가 기지급한 개발인건비(1.4억 원)는 피고에게 즉시 반환한다.""라고 규정한다. 6) 피고는 이 사건 계약 체결 무렵 원고에게 개발 인건비 1억 4,000만 원을 지급하였는데, 원고는 2021. 2. 10.경 피고에게 ""피고가 이 사건 계약을 이행할 능력이 없으므로, 이 사건 계약 제11조 제1항 제1호 또는 민법 제390조에 따라 위 계약을 해지한다.""라는 취지의 통지서를 내용증명우편으로 보냈다. 7) 원고는 이 사건 본소를 통하여, 이 사건 계약은 원고의 위와 같은 계약해지 의사표시에 의해 적법하게 해제 또는 해지되었고, 이 사건 계약 제11조 제2항 제3호 본문은 피고의 귀책사유로 이 사건 계약이 종료된 경우에 관한 원상회복특약 또는 위약벌(예비적으로 위약금) 조항에 해당한다고 주장하면서, 피고를 상대로 위 조항에 따른 원상회복, 위약벌 또는 위약금으로서 당초 분담하기로 한 개발 인건비 2억 원 중 미지급금 6,000만 원의 지급을 구하였다. 8) 이에 대하여 피고는, 이 사건 계약은 원고와 피고의 합의에 의하여 해지되었고, 이 사건 계약 제11조 제2항 제3호 본문은 피고의 귀책사유로 이 사건 계약이 종료된 경우에 관한 원상회복특약, 위약벌 또는 위약금 조항이 아니라 단지 계약 종료일 기준으로 상대방에 대하여 지급의무가 있는 미지급금을 즉시 지급하라는 취지의 조항에 불과한데, 이 사건 계약은 원고가 주장하는 미지급 개발 인건비 6,000만 원의 지급의무가 발생하기 전에 이미 합의해지로 종료되었으므로 원고의 본소청구는 받아들일 수 없다고 주장하면서, 이 사건 반소로써 원고를 상대로 이 사건 계약의 합의해지에 따른 원상회복으로 기지급 개발 인건비 1억 4,000만 원의 반환을 구하였다. 나. 원심은, 이 사건 계약은 동업계약이므로 그 법적 성격은 조합계약에 해당하고, 이 사건 계약 제11조 제1항은 조합원이 다른 조합원을 상대로 조합의 해산청구를 할 수 있는 사유를 열거한 조항이라고 봄이 타당한데, 피고는 이 사건 계약을 이행할 능력을 갖추지 못하였으므로, 이 사건 계약에 기한 조합은 위 계약 제11조 제1항 제1호를 사유로 한 원고의 해산청구에 의해 해산되었다고 판단하였다. 나아가 원심은, 이 사건 계약 제11조 제2항은 위 계약에 기한 동업관계가 같은 조 제1항에 의해 해산된 경우 정산의 내용 및 방식에 관한 조항이고, 그중 제3호 본문에서 말하는 ‘미지급금’은 원고가 이 사건 시스템의 1차 개발을 완료한 경우에 지급의무가 발생한다고 해석되는데, 원고가 위 1차 개발을 완료하지 않은 상태에서 동업관계가 해산된 이상 피고는 미지급 출자금 6,000만 원을 지급할 의무를 부담한다고 볼 수 없다고 판단하여 원고의 본소청구를 배척하였다. 또한 원심은, 동업계약과 같은 조합계약에서는 조합의 해산청구를 하거나 조합으로부터 탈퇴를 하거나 다른 조합원을 제명할 수 있을 뿐이지 일반계약에서처럼 조합계약을 해제 또는 해지하고 상대방에게 그로 인한 원상회복의무를 부담지울 수는 없고, 설령 피고의 주장을 조합의 해산에 따른 잔여재산 분배를 구하는 취지로 선해하더라도 그 요건사실에 관한 구체적인 주장·증명이 없다고 판단하여 피고의 반소청구도 배척하였다. 3. 대법원의 판단 그러나 원심의 위와 같은 판단은 다음과 같은 이유에서 수긍하기 어렵다. 가. 원고는 제1심부터 원심에 이르기까지 이","종료될 경우 계약당사자가 이행해야 할 의무를 정하고 있는데, 그중 제3호는 ""종료일에 지불해야 하는 미지급금 및 미지급금 일체를 즉시 지불해야 한다. 단, 원고 등의 귀책으로 본 계약이 해제(지)될 경우, 피고가 기지급한 개발인건비(1.4억 원)는 피고에게 즉시 반환한다.",미검수
법제처 OPEN API/prec,616725,2022누47652,시정명령등취소,https://www.law.go.kr/DRF/lawService.do?OC=test&target=prec&ID=616725&type=HTML,(조 번호 미표기),(판단 불명확),판단 불명확,,,," 원고 ○○○리테일은 2016. 12. 31. 원고 ○○○월드로부터 원고 ○○○월드가 소유한 부동산 2개[인천 부평구에 있는 창고 건물(이하 ‘이 사건 건물’이라 한다)과 전남 무안군에 있는 토지(이하 ‘이 사건 토지’라 한다)를 가리킨다. 이하 이를 통틀어 가리킬 때에는 ‘이 사건 부동산’이라 한다]를 합계 670억 원에 매수하는 계약을 체결(이하 ‘이 사건 매매계약’이라 한다)하면서 총 560억 원의 계약금을 지급한 뒤, 2017. 6. 30. 이 사건 매매계약을 해제하여 계약금을 돌려받았다. 피고는, 원고들의 위 행위가 부동산 매매계약의 형태를 외형상 띠고 있으나, 실질상 원고 ○○○리테일이 원고 ○○○월드에 560억 원의 계약금 상당의 자금을 이 사건 매매계약 체결 후부터 계약 해제 시까지 6개월 동안 무상으로 대여한 행위(이하 이와 같은 원고 ○○○리테일의 원고 ○○○월드에 대한 자금 무상 대여행위를 ‘제1행위’라 한다)로서 그 이자 상당액인 1,377,385,205원을 지원한 행위라고 판단하였다. 나) 자산 양수도대금 지연 회수 및 지연이자 미수령 행위 원고 ○○○리테일은 2014. 5. 27. 원고 ○○○월드와 의류 브랜드 (명칭 생략) 관련 자산(이하 ‘이 사건 자산’이라 한다)의 양수도 계약(이하 ‘이 사건 자산양수도 계약’이라 한다)을 체결한 후, 2014. 7. 1.을 기준으로 하여 이 사건 자산을 이전하기로 하였다. 이후 2015. 1. 31.까지 4회에 걸친 원고 ○○○리테일의 재고자산에 대한 추가 매입으로 인해 원고 ○○○월드가 원고 ○○○리테일에게 지급하여야 할 총 양도대금은 약 511억 원이 되었다. 그러나 원고 ○○○리테일은 2014. 7. 1. 원고 ○○○월드에 이 사건 자산을 양도하고 2014. 7. 31. 최초 양도대금 확정 합의가 이루어졌음에도 불구하고 양도대금의 최종 지급은 거의 3년이 지난 2017. 6. 19.에서야 마무리되었다. 원고 ○○○월드의 양도대금 지연지급과 관련하여, 원고 ○○○리테일은 계약 과정에서 원고 ○○○월드의 채무이행을 위한 재무적 안전장치 등을 설정하지 않았고, 원고 ○○○월드에 지연지급에 대한 독촉도 전혀 하지 않았으며, 원고 ○○○월드도 이러한 양도대금 지연지급에 대해 지연이자를 전혀 지급하지 않았다(이하 위와 같이 원고 ○○○리테일이 원고 ○○○월드와 이 사건 자산양수도계약을 체결한 후 양도대금을 지연 회수하고 그로 인하여 지연이자 상당을 수령하지 아니한 행위를 ‘제2행위’라 한다). 이에 따라 원고 ○○○월드는 양도대금 중 미지급액(최소 21,442,000,000원~최대 50,656,000,000원)에 해당하는 자금을 무이자로 제공받은 것과 같은 경제적 이익을 누리게 되었다. 피고는, 원고들의 제2행위가 양도대금을 지연 회수하고 그 지연이자를 수령하지 않는 방식으로 대금 지급기한인 2014. 7. 1.부터 대금 지급완료일인 2017. 6. 19.까지 기간 원고 ○○○리테일이 그 지연이자 상당액인 3,587,970,093원을 원고 ○○○월드에 지원하고, 2014. 7. 1.부터 2016. 9. 29.(○○○ 그룹이 상호출자제한기업집단에서 제외된 2016. 9. 30. 이전)까지 양도대금의 지연이자 상당액 1,712,792,000원을 원고 ○○○월드에 지원함으로써 특수관계인인 동일인 및 그 배우자에게 위 기간 동안의 원고 ○○○월드에 대한 보유 지분율 합계 48.65%에 해당하는 833,273,000원 상당액을 부당하게 귀속시켰다고 판단하였다. 다) 인력 지원행위 원고 ○○○리테일은 2013. 11. 11.부터 2016. 3. 28.까지 원고 ○○○리테일과 원고 ○○○월드의 대표이사를 겸직한 소외 2의 급여를 전부 부담하였다(이하 이와 같이 원고 ○○○리테일이 원고 ○○○월드의 대표이사를 겸직한 소외 2에게 급여를 대신 지급한 행위를 ‘제3행위’라 한다). 피고는 원고 ○○○리테일이 제3행위를 통해 소외 2 대표이사의 겸직 기간 원고 ○○○월드가 지급하였어야 할 급여를 대신 지급해줌으로써 원고 ○○○월드에 위 기간 동안 소외 2의 급여상당액 185","라 한다)하면서 총 560억 원의 계약금을 지급한 뒤, 2017. 6. 30. 이 사건 매매계약을 해제하여 계약금을 돌려받았다. 피고는, 원고들의 위 행위가 부동산 매매계약의 형태를 외형상 띠고 있으나, 실질상 원고 ○○○리테일이 원고 ○○○월드에 560억 원의 계약금 상당의 자금을 이 사건 매매계약 체결 후부터 계약 해제 시까지 6개월 동안 무상으로 대여한 행위(이하 이와 같은 원고 ○○○리테일의 원고 ○○○월드에 대한 자금 무상 대여행위를",미검수
법제처 OPEN API/prec,616725,2022누47652,시정명령등취소,https://www.law.go.kr/DRF/lawService.do?OC=test&target=prec&ID=616725&type=HTML,(조 번호 미표기),(판단 불명확),판단 불명확,,,,"고 ○○○월드가 해당 계약금을 위 선급금과 상계 처리하기로 하는 방안을 마련하였다. (5) 원고 ○○○월드는 2016. 12. 31. 계약금 560억 원과 위 선급금을 회계상으로 먼저 상계 처리하여 선수금 채무를 100억 원 미만으로 낮추었고, 이후 원고 ○○○리테일은 2017. 1. 10. 이 사건 부동산을 670억 원에 매수하는 부동산 매매계약(이하 ‘이 사건 매매계약’이라 한다)을 ○○○월드와 체결하면서, 계약서상의 계약일을 2016. 12. 31.로 소급하여 기재하였다. (6) 이 사건 매매계약의 구체적 내용을 살펴보면, ① 이 사건 건물의 매매대금은 420억 원(계약금 350억 원, 잔금 70억 원)으로, ② 이 사건 토지의 매매대금은 250억 원(계약금 210억 원, 잔금 40억 원)으로 되어 있으며, 잔금 지급일은 각 2017. 6. 30. 이내로 되어 있다. (원고 ○○○월드 회계 전표(을 제8호증) 생략) (7) 한편, 이 사건 매매계약의 계약서 제6조에는 ""매수인이 잔금지급기일에 잔금을 지급하지 아니하고, 매도인에게 본 계약의 해제를 통지하는 경우 본 계약은 즉시 해제된다.""라고 정하고 있는데, 원고 ○○○리테일은 이 사건 매매계약의 잔금지급일인 2017. 6. 30.까지 잔금 110억 원을 원고 ○○○월드에 지급하지 않았다. (7) 원고 ○○○월드는 2017. 5. 10. 자신의 아동 사업 부문(약 441억 원)을 원고 ○○○리테일에 양도하는 계약을 체결하였고, 2017. 5. 31. 위 양수도계약의 변경계약을 체결하였으며, 아동 사업 부문 양도대금을 2017. 6. 1. 이 사건 부동산 매매 계약금(560억 원)과 회계시스템상 상계한 것으로 처리하여 매매계약 해제에 따른 계약금을 원고 ○○○리테일에 반환하였고(원고 ○○○리테일은 2017. 6. 30. 회계시스템상 계약금 반환채권과 양도대금을 상계한 것으로 처리하였다), 2017. 6. 30. 원고 ○○○리테일에 상계하고 남은 계약금 11,851,340,946원을 계좌이체 하는 방식으로 반환하였다. [인정근거] 다툼 없는 사실, 갑 제1, 2, 4, 32호증, 을 제1 내지 10호증의 각 기재, 변론 전체의 취지 3) 구체적 판단 가) 위 인정사실과 앞서 든 증거에 변론 전체의 취지에 의하여 인정할 수 있는 다음과 같은 사정들을 앞서 본 관련 규정과 법리에 비추어 살펴보면, 원고들이 이 사건 매매계약의 형식을 빌려 선급금을 계약금으로 회계상 처리하여 선급금을 줄인 행위는 비록 형식상으로는 회계상 계약금 560억 원을 원고 ○○○월드가 원고 ○○○리테일로부터 제공받은 것으로 기재되었으나, 그 실질상 원고 ○○○월드가 원고 ○○○리테일로부터 제공받은 경제상 이익이 전혀 없어 지원행위가 성립한다고 볼 수 없으므로, 이를 전제로 하여 원고 ○○○리테일의 이 사건 매매계약에 따른 원고 ○○○월드에 대한 계약금의 교부가 자금의 무상대여행위로서 부당한 자금지원행위에 해당한다고 본 피고의 이 사건 처분 중 제1행위에 관한 부분은 위법하므로 취소되어야 한다. 따라서 원고들의 이 부분 주장은 이유 있다. (1) 이 사건 매매계약의 계약금이 2016. 12. 31.경 기존에 존재하였던 선급금과 단순 회계처리 방식으로 상계된 것이라는 사실에 대해서는 당사자들 사이에 다툼이 없다. 원고 ○○○월드가 형식상 원고 ○○○리테일로부터 계약금 상당액을 무상으로 제공받은 것과 같은 외형이 형성되었다고 하더라도, 실제로 이 사건 매매계약을 통해 원고 ○○○리테일로부터 원고 ○○○월드에 자금이 유입된 바는 없다. 이 사건 매매계약의 계약금이 무이자 자금대여라고 하더라도, 이는 기존의 선급금이라는 무이자 자금대여를 대체한 것에 불과할 뿐이고, 어떤 새로운 경제상의 이익이 실질적으로 제공된 것으로 평가하기는 어렵다. (2) 한편, 원고 ○○○월드는 원고 ○○○리테일로부터 실제로 계약금을 지급받지 아니한 채 회계상으로만 선급금과 상계된 것으로 처리를 하였다가 다시 아동 사업 부문의 양도계약에 따른 양도대금과 이 사건 매매계약 해제에 따른 계약금을 서로 회계시스템상 상계처리를 후 남은 ","라 한다)을 ○○○월드와 체결하면서, 계약서상의 계약일을 2016. 12. 31.로 소급하여 기재하였다. (6) 이 사건 매매계약의 구체적 내용을 살펴보면, ① 이 사건 건물의 매매대금은 420억 원(계약금 350억 원, 잔금 70억 원)으로, ② 이 사건 토지의 매매대금은 250억 원(계약금 210억 원, 잔금 40억 원)으로 되어 있으며, 잔금 지급일은 각 2017. 6. 30. 이내로 되어 있다. (원고 ○○○월드 회계 전표(을 제8호증) 생략) (7) 한편, 이 사건 매매계약의 계약서 제6조에는",미검수
