source,case_seq,case_no,case_name,doc_url,clause_title,opinion,opinion_source,gold_risk_level_candidate,articles,gold_risk_type_candidates,rationale,clause_text,review_status
법제처 OPEN API/prec,620411,2025다213488,매매잔금등청구의소[지역주택조합이 조합규약 및 가입계약에서 정한 조합원 자격을 상실한 조합원을 상대로 위약금을 구한 사건],https://www.law.go.kr/DRF/lawService.do?OC=test&target=prec&ID=620411&type=HTML,(조 번호 미표기),(판단 불명확),판단 불명확,,,,"개요 원심판결 이유와 기록에 따르면 다음 사실을 알 수 있다. 가. 원고는 천안시 동남구 (주소 생략) 일원을 사업시행구역으로 하여 주택건설사업(이하 ‘이 사건 사업’이라 한다)을 시행하기 위해 설립된 지역주택조합이다. 나. 피고들은 원고와 이 사건 사업에 따라 신축될 아파트 1세대를 공급받기 위하여 원고의 조합원으로 가입하기로 하는 계약(이하 ‘이 사건 조합가입계약’이라 한다)을 각각 체결하면서 공급받을 아파트의 동ㆍ호수를 특정하지 않고 조합원의 동ㆍ호수 배정은 주택건설사업계획승인 이후 조합원총회에서 배정 방법 등을 정하여 공개추첨하기로 정하였다. 피고들은 이 사건 조합가입계약에 따른 분담금 중 계약금 일부를 납부하였다. 다. 이 사건 조합가입계약은 조합원이 공급받을 아파트의 층수(1층, 2층, 3층, 1층 내지 3층을 제외한 나머지 층은 기준층)에 따라 분담금 총액을 달리 정하였는데, 분담금 총액이 가장 높은 층은 기준층이고, 가장 낮은 층은 1층이다. 다만 층수와 관계없이 분담금 중 계약금, 중도금 액수는 모두 동일하고, 잔금 액수만 기준층과 1, 2, 3층에 따라 차이가 있을 뿐이다. 라. 이 사건 조합가입계약 제10조 제3항에는 ‘조합원 자격을 상실하거나 탈퇴하는 경우, 조합원이 기납입한 조합원분담금 중 원고에게 귀속되는 위약금(조합원분담금 총약정금의 10%), 업무추진비, 원고가 대납한 중도금 대출이자 및 연체이자를 공제한 납입 원금만을 환불한다.’는 내용이 기재되어 있고(이하 ‘이 사건 환불규정’이라 한다), 원고 조합규약 제12조 제4항에는 ‘탈퇴, 조합원 자격의 상실, 제명 등으로 조합원의 지위를 상실한 자에 대하여는 해당 조합원이 납입한 제 납입금에서 소정의 공동분담금 및 위약금(조합원분담금 총약정금의 10%), 업무추진비, 조합이 대납한 중도금대출이자 및 연체이자 등을 공제한 잔액을 (무이자)환불한다.’는 내용이 기재되어 있다. 마. 원고는 2015. 10. 13.경 지역주택조합설립인가 신청을 하여 2015. 12. 9. 조합설립인가를 받았고, 2023. 7. 14. 주택건설사업계획승인신청을 하여 2024. 4. 9. 주택건설사업계획승인을 받았다. 바. 피고 6을 제외한 나머지 피고들(이하 ‘나머지 피고들’이라 한다)은 분담금 중 계약금 미납분에 대한 이행기 도래 전에 원고의 조합원 자격을 상실하였는데, 피고 1, 피고 2, 피고 7, 피고 9, 피고 11(이하 ‘피고 1 등’이라 한다)은 조합설립인가일부터 3년 내에 조합원 자격을 상실하였고, 피고 3, 피고 4, 피고 5, 피고 8, 피고 10(이하 ‘피고 3 등’이라 한다)는 조합설립인가일부터 3년이 지난 이후에 조합원 자격을 상실하였다. 2. 원고의 나머지 피고들에 대한 위약금 청구에 관한 판단 가. 원심의 판단 원심은 판시와 같은 이유로 다음과 같이 판단하면서 피고 1 등에 대하여 원고의 위약금 청구를 각각 일부 인용하고, 피고 3 등에 대하여 원고의 위약금 청구를 기각하였다. 1) 원고는 이 사건 환불규정을 근거로 피고 1 등에게 위약금을 청구할 수 있다. 다만 약관인 이 사건 환불규정은 위약금의 산정 방식을 ‘조합원분담금 총약정금의 10%’로 규정하고 있는데, 이 사건 조합가입계약에 따른 총분담금의 액수는 해당 조합원이 배정받은 세대의 동ㆍ호수에 따른 층수에 따라 달라져(제7조 제1항), 동ㆍ호수 배정 전에 위약금 지급 사유가 발생할 경우 액수를 산정할 방법이 없다. 따라서 「약관의 규제에 관한 법률」 에 따라 조합원에게 유리하고 원고 조합에 불리하도록 조합원분담금 총약정금은 ‘조합원 자격 상실 당시 이미 이행기가 도래한 분담금’으로 해석하는 것이 타당하다. 2) 주택조합이 설립인가를 받은 이후 3년이 경과할 때까지 사업계획승인을 받지 못하면 주택조합의 사업추진 기간이 합리적으로 예상 가능한 기간을 넘어 지나치게 장기화되는 것이라고 평가할 수 있으므로, 이때에는 주택조합이 조합원들의 자격상실에 대한 책임을 물을 수 없다고 보는 것이 타당하다. 따라서 원고는 조합설립인가일로부터 3년이 지나서 조합원 자격을 상실한 피고 3 등에게 위약금","라 한다)을 각각 체결하면서 공급받을 아파트의 동ㆍ호수를 특정하지 않고 조합원의 동ㆍ호수 배정은 주택건설사업계획승인 이후 조합원총회에서 배정 방법 등을 정하여 공개추첨하기로 정하였다. 피고들은 이 사건 조합가입계약에 따른 분담금 중 계약금 일부를 납부하였다. 다. 이 사건 조합가입계약은 조합원이 공급받을 아파트의 층수(1층, 2층, 3층, 1층 내지 3층을 제외한 나머지 층은 기준층)에 따라 분담금 총액을 달리 정하였는데, 분담금 총액이 가장 높은 층은 기준층이고, 가장 낮은 층은 1층이다. 다만 층수와 관계없이 분담금 중 계약금, 중도금 액수는 모두 동일하고, 잔금 액수만 기준층과 1, 2, 3층에 따라 차이가 있을 뿐이다. 라. 이 사건 조합가입계약 제10조 제3항에는",미검수
법제처 OPEN API/prec,620411,2025다213488,매매잔금등청구의소[지역주택조합이 조합규약 및 가입계약에서 정한 조합원 자격을 상실한 조합원을 상대로 위약금을 구한 사건],https://www.law.go.kr/DRF/lawService.do?OC=test&target=prec&ID=620411&type=HTML,(조 번호 미표기),(판단 불명확),판단 불명확,,,,"층과 1, 2, 3층에 따라 차이가 있을 뿐이다. 라. 이 사건 조합가입계약 제10조 제3항에는 ‘조합원 자격을 상실하거나 탈퇴하는 경우, 조합원이 기납입한 조합원분담금 중 원고에게 귀속되는 위약금(조합원분담금 총약정금의 10%), 업무추진비, 원고가 대납한 중도금 대출이자 및 연체이자를 공제한 납입 원금만을 환불한다.’는 내용이 기재되어 있고(이하 ‘이 사건 환불규정’이라 한다), 원고 조합규약 제12조 제4항에는 ‘탈퇴, 조합원 자격의 상실, 제명 등으로 조합원의 지위를 상실한 자에 대하여는 해당 조합원이 납입한 제 납입금에서 소정의 공동분담금 및 위약금(조합원분담금 총약정금의 10%), 업무추진비, 조합이 대납한 중도금대출이자 및 연체이자 등을 공제한 잔액을 (무이자)환불한다.’는 내용이 기재되어 있다. 마. 원고는 2015. 10. 13.경 지역주택조합설립인가 신청을 하여 2015. 12. 9. 조합설립인가를 받았고, 2023. 7. 14. 주택건설사업계획승인신청을 하여 2024. 4. 9. 주택건설사업계획승인을 받았다. 바. 피고 6을 제외한 나머지 피고들(이하 ‘나머지 피고들’이라 한다)은 분담금 중 계약금 미납분에 대한 이행기 도래 전에 원고의 조합원 자격을 상실하였는데, 피고 1, 피고 2, 피고 7, 피고 9, 피고 11(이하 ‘피고 1 등’이라 한다)은 조합설립인가일부터 3년 내에 조합원 자격을 상실하였고, 피고 3, 피고 4, 피고 5, 피고 8, 피고 10(이하 ‘피고 3 등’이라 한다)는 조합설립인가일부터 3년이 지난 이후에 조합원 자격을 상실하였다. 2. 원고의 나머지 피고들에 대한 위약금 청구에 관한 판단 가. 원심의 판단 원심은 판시와 같은 이유로 다음과 같이 판단하면서 피고 1 등에 대하여 원고의 위약금 청구를 각각 일부 인용하고, 피고 3 등에 대하여 원고의 위약금 청구를 기각하였다. 1) 원고는 이 사건 환불규정을 근거로 피고 1 등에게 위약금을 청구할 수 있다. 다만 약관인 이 사건 환불규정은 위약금의 산정 방식을 ‘조합원분담금 총약정금의 10%’로 규정하고 있는데, 이 사건 조합가입계약에 따른 총분담금의 액수는 해당 조합원이 배정받은 세대의 동ㆍ호수에 따른 층수에 따라 달라져(제7조 제1항), 동ㆍ호수 배정 전에 위약금 지급 사유가 발생할 경우 액수를 산정할 방법이 없다. 따라서 「약관의 규제에 관한 법률」 에 따라 조합원에게 유리하고 원고 조합에 불리하도록 조합원분담금 총약정금은 ‘조합원 자격 상실 당시 이미 이행기가 도래한 분담금’으로 해석하는 것이 타당하다. 2) 주택조합이 설립인가를 받은 이후 3년이 경과할 때까지 사업계획승인을 받지 못하면 주택조합의 사업추진 기간이 합리적으로 예상 가능한 기간을 넘어 지나치게 장기화되는 것이라고 평가할 수 있으므로, 이때에는 주택조합이 조합원들의 자격상실에 대한 책임을 물을 수 없다고 보는 것이 타당하다. 따라서 원고는 조합설립인가일로부터 3년이 지나서 조합원 자격을 상실한 피고 3 등에게 위약금의 지급을 구할 수 없다. 나. 피고 1 등에 대한 상고이유에 관한 판단(제1 상고이유) 1) 약관은 신의성실의 원칙에 따라 해당 약관의 목적과 취지를 고려하여 공정하고 합리적으로 해석하되, 개별 계약 당사자가 의도한 목적이나 의사를 참작하지 않고 평균적 고객의 이해가능성을 기준으로 객관적ㆍ획일적으로 해석하여야 한다. 그리고 특정 약관 조항을 그 목적과 취지를 고려하여 공정하고 합리적으로 해석하기 위해서는 특별한 사정이 없는 한 그 약관 조항의 문언이 갖는 의미뿐만 아니라 그 약관 조항이 전체적인 논리적 맥락 속에서 갖는 의미도 고려해야 한다. 위와 같은 해석을 거친 후에도 약관 조항이 객관적으로 다의적으로 해석되고 각각의 해석이 합리성","라 한다), 원고 조합규약 제12조 제4항에는",미검수
법제처 OPEN API/prec,620411,2025다213488,매매잔금등청구의소[지역주택조합이 조합규약 및 가입계약에서 정한 조합원 자격을 상실한 조합원을 상대로 위약금을 구한 사건],https://www.law.go.kr/DRF/lawService.do?OC=test&target=prec&ID=620411&type=HTML,(조 번호 미표기),(판단 불명확),판단 불명확,,,,"층 및 기준층을 배정받을 가능성이 열려 있는 점, 조합원의 분담금 총액이 1층의 분담금 총액보다 낮아질 수 없는 점 등을 고려할 때, 동ㆍ호수 배정 이전에 위약금 지급 사유가 발생한 경우 고객인 조합원에게 유리하게 분담금 총액이 가장 적은 1층의 분담금 총액을 기준으로 위약금을 산정하는 것이 합리적이다. 3) 그런데도 원심은 판시와 같은 사정만을 들어 이 사건 환불규정 중 ‘조합원분담금 총약정금’을 ‘조합원 자격 상실 당시 이미 이행기가 도래한 분담금’으로 해석하였다. 이러한 원심판단에는 약관의 해석에 관한 법리를 오해하여 판결에 영향을 미친 잘못이 있다. 이를 지적하는 취지의 원고의 이 부분 상고이유 주장은 이유 있다. 다. 피고 3 등에 대한 상고이유에 관한 판단(제2 상고이유) 1) 채무불이행으로 인한 손해배상액의 예정이 있는 경우에는 채권자는 채무불이행 사실만 증명하면 손해의 발생 및 그 액을 증명하지 아니하고 예정배상액을 청구할 수 있고, 채무자는 채권자와 사이에 채무불이행에 있어 채무자의 귀책사유를 묻지 아니한다는 약정을 하지 아니한 이상 자신의 귀책사유가 없음을 주장ㆍ증명함으로써 예정배상액의 지급책임을 면할 수 있다(대법원 2007. 12. 27. 선고 2006다9408 판결 등 참조). 2) 원심판결 이유를 앞서 본 법리에 비추어 살펴보면, 피고 3 등에 대하여 위약금 면제를 인정한 원심의 판단은 다음과 같은 이유로 받아들이기 어렵다. 가) 지역주택조합 사업은 조합 설립 전에 미리 조합원을 모집하면서 그 분담금 등으로 사업부지를 매수하거나 사용승낙을 얻고 그 후 조합설립인가를 받아 소유권을 확보하고 사업승인을 얻어 아파트를 건축하는 방식으로 진행되므로 그 진행과정에서 조합원의 모집, 재정의 확보, 토지매입 작업 등 사업의 성패를 좌우하는 변수가 많음에 따라 최초 사업계획이 변경되거나 당초 예정했던 사업의 진행이 지연되는 등의 사정이 발생할 수 있음은 어느 정도 예상할 수 있다(대법원 2014. 6. 12. 선고 2013다75892 판결 등 참조). 이를 고려하여 이 사건 조합가입계약에서도 사업 내용과 분담금 납부일정이 추후 인허가 과정에서 변경될 수 있음을 표시하고(제2조, 제7조), 조합설립인가 시기나 주택건설사업계획승인 시기 및 조합원에 대한 아파트 공급 시기 등을 명시적으로 특정하지 아니하였다. 나) 원고가 진행하는 이 사건 사업이 지연된 것으로 보이기는 하나, 원고가 2023. 7. 14. 주택건설사업계획승인신청을 하고 2024. 4. 9. 주택건설사업계획승인을 받는 등 위 사업은 절차대로 진행되고 있는 것으로 보이고, 달리 그 사업이 무산될 우려가 있다는 사정은 드러나지 않는다. 지역주택조합은 비법인사단으로 지역주택조합 사업의 위험과 결과는 지역주택조합의 구성원인 모든 조합원이 부담하여야 하는 측면이 있으므로, 비록 사업이 다소 지연되었다는 이유로 계약의 구속력으로부터 쉽게 벗어나는 것은 바람직하지 않다. 다) 결국 원고가 주택조합설립인가를 받은 날부터 3년 내에 사업계획승인을 받지 못한 것 등만으로 위약금을 면제할 만큼 조합원들의 조합원 자격 유지의무 위반에 대한 귀책사유를 부정하기 어렵다. 라) 주택조합의 설립인가를 받은 날부터 3년이 되는 날까지 사업계획승인을 받지 못하는 경우 총회의 의결을 거쳐 해산 여부를 결정하도록 한 주택법 제14조의2는 주택법이 2020. 1. 23. 법률 제16870호로 개정되면서 신설된 것이다. 그 개정이유는 ‘장시간 사업 지연 시 해산 절차 마련 등을 통해 조합원의 재산권을 보호하고, 사업 추진의 투명성과 안정성을 제고하기 위함’이고, 3년이 경과한 이후에 조합원들의 계약상 책임을 면해주기 위한 것으로 볼 수 없다. 마) 원심의 판단대로라면, 조합설립인가일부터 3년 내에 사업계획승인을",조합원분담금 총약정금’을 ‘조합원 자격 상실 당시 이미 이행기가 도래한 분담금,미검수
법제처 OPEN API/prec,616527,2023다285162,손해배상(국),https://www.law.go.kr/DRF/lawService.do?OC=test&target=prec&ID=616527&type=HTML,(조 번호 미표기),(판단 불명확),판단 불명확,,,,"후 2006. 3. 24. 법률 제7911호로 개정되기 전까지 그대로 유지되었다. 헌법재판소는 2021. 5. 27. 이 사건 화해간주조항은 정신적 손해에 대한 적절한 배상이 이루어지지 않은 상태에서 정신적 손해에 대해서까지 재판상 화해가 성립한 것으로 간주함으로써 국가배상청구권을 과도하게 제한하여 관련자와 그 유족의 국가배상청구권을 침해한다는 이유로, 이 사건 화해간주조항의 ‘광주민주화운동과 관련하여 입은 피해’ 중 ‘정신적 손해’에 관한 부분은 헌법에 위반된다는 결정을 선고하였다(헌법재판소 2021. 5. 27. 선고 2019헌가17 전원재판부 결정. 이하 ‘이 사건 위헌결정’이라 한다). 4) 원고들의 이 사건 소 제기 이 사건 위헌결정 후 원고들은 피고 소속 공무원들의 위법한 공무집행행위로 인하여 5ㆍ18민주화운동 관련자와 그 유족 또는 ‘유족 아닌 가족’(관련자가 사망하였으나 관련자의 재산상속인이 아니거나, 사망하지 않은 관련자의 가족 및 사실혼 배우자를 포함한다. 이하 유족과 유족 아닌 가족을 통틀어 ‘가족’이라 한다)인 원고들이 정신적 손해를 입었다고 주장하면서 2021. 11. 25. 국가배상을 구하는 이 사건 소를 제기하였다. 나. 원심의 판단 원심은 판시와 같은 이유로 피고는 5ㆍ18민주화운동과 관련하여 소속 공무원들이 공권력을 남용하여 저지른 직무상 불법행위로 인하여 관련자와 그 가족인 원고들이 입은 정신적 손해를 배상할 책임이 있다고 판단하였다. 다만 원고들이 관련자의 가족 지위에서 가지는 고유의 위자료 청구권은 보상심의위원회의 보상금 등 지급결정일부터 민법 제766조 제1항에 규정된 3년의 소멸시효가 기산된다고 보아, 피고의 소멸시효 항변을 받아들여 가족 고유의 위자료 청구 부분을 기각하고, 이 사건 위헌결정이 있기 전까지 그 청구권을 행사할 수 없는 법률상 장애가 존재하였다는 원고들의 주장은 배척하였다. 다. 이 사건의 쟁점 이 사건의 쟁점은 원고들이 5ㆍ18민주화운동 관련자의 가족으로서 가지는 고유의 위자료 청구권이 국가배상청구권에 관하여 국가배상법 제8조에 따라 적용되는 민법 제766조 제1항에서 정한 3년의 시효로 소멸하였는지 여부이다. 구체적으로 이 사건 화해간주조항이 관련자의 위자료 청구권과 마찬가지로 관련자의 가족인 원고들 고유의 위자료 청구권 행사에서도 권리행사 장애사유로 존재하였고, 이에 따라 원고들 고유의 위자료 청구권의 소멸시효 기산점을 민법 제166조 제1항에 따라 이 사건 화해간주조항이 위헌으로 선언된 이 사건 위헌결정일로 볼 수 있는지가 문제 된다. 2. 쟁점에 관한 판단 가. 관련 법리 1) 국가배상청구권에 관하여 국가배상법 제8조에 따라 적용되는 민법 제766조 제1항은 불법행위로 인한 손해배상청구권의 단기소멸시효 기산점을 ‘손해 및 가해자를 안 날’로 규정한다. ‘손해 및 가해자를 안 날’이란 피해자나 그 법정대리인이 손해 및 가해자를 현실적이고도 구체적으로 인식한 날로서, 그 인식은 손해발생의 추정이나 의문만으로는 충분하지 않고, 손해의 발생사실뿐만 아니라 가해행위가 불법행위를 구성한다는 사실, 즉 불법행위의 요건사실에 대한 인식으로서 위법한 가해행위의 존재, 손해의 발생 및 가해행위와 손해 사이의 인과관계 등이 있다는 사실까지 안 날을 뜻한다(대법원 2011. 3. 10. 선고 2010다13282 판결, 대법원 2020. 4. 9. 선고 2019다246573 판결 등 참조). 2) 민법 제166조 제1항은 소멸시효 기산점을 ‘권리를 행사할 수 있는 때’로 규정한다. 불법행위로 인한 손해배상청구권에 관한 3년의 단기소멸시효에는 민법 제766조 제1항 외에 소멸시효 기산점에 관한 일반 규정인 민법 제166조 제1항도 적용되므로, 단기소멸시효는 피해",광주민주화운동과 관련하여 입은 피해’ 중,미검수
법제처 OPEN API/prec,616527,2023다285162,손해배상(국),https://www.law.go.kr/DRF/lawService.do?OC=test&target=prec&ID=616527&type=HTML,(조 번호 미표기),(판단 불명확),판단 불명확,,,,"이 아니어서 애초에 보상금 등 지급 대상자에서 제외되거나, 유족임에도 보상금 등 지급을 신청하지 않아 이 사건 화해간주조항의 적용 대상이 아니게 되었을 뿐인데, 이러한 사정만으로 보상금 미수령 가족에게 별도로 국가배상청구권을 행사할 기대가능성이 인정된다고 보기는 어렵다. 국가배상청구권의 장기소멸시효 기간이 이미 지났다는 사정 외에도 위 법률의 제정 경위, 이 사건 화해간주조항 등의 내용, ‘동의 및 청구서’ 서식 중 관련 피해에 관하여 향후 어떠한 방법으로도 다시 청구하지 않겠다는 서약 부분 등에 비추어 보면, 관련자와 그 가족은 구 광주민주화보상법에 따른 보상을 ‘관련자와 그 가족에게 발생한 모든 관련 피해에 대한 금전적 전보 문제를 포괄적ㆍ종국적으로 해결하는 특수한 입법 조치’로 받아들였을 가능성이 크다. (4) 더욱이 보상금 등 지급결정 당시에는 관련 피해의 직접 당사자인 관련자 본인이나 그로부터 재산을 상속받는 관계에 있는 유족조차 보상금 등을 지급받는 외에는 국가배상청구권을 행사할 수 없다고 이해되고 있었다. 관련자의 가족은 관련 피해로 인한 고통을 함께 겪으면서 대개 권리행사도 함께 하게 되므로 이에 대응한 보상금 등의 지급도 관련자와 그 가족 전체에 대한 금전적 전보의 의미로 이루어진다고 받아들일 가능성이 높았다고도 할 수 있다. 이러한 사정들과 당시 사회적 분위기까지 고려하면, 관련자 본인도 아니고 재산상속인도 아닌, 유족 아닌 가족이 관련자 본인이나 그 유족과는 별도로 국가배상청구권을 행사할 수 있다고 인식하고 이를 실제로 행사하기를 기대하기는 어려운 상황이었다. 실제로 보상금 등 지급이 이루어진 이후 오랜 기간에 걸쳐 이러한 관련자의 가족이 별도로 국가배상청구권을 행사한 사례가 거의 발견되지 않는다는 점도 이를 방증한다. 바) 이상과 같이 보상금 동의수령 유족이든 보상금 미수령 가족이든 관련자의 가족이 권리행사를 하지 못한 상황은 법률의 부지 또는 잘못된 법률 해석 등 그의 주관적 사정이나 귀책사유로 인하여 발생하였다고 보기 어렵다. 오히려 이는 가해자로서 손해를 배상해야 할 국가가 불법행위일로부터 상당한 시간이 경과한 후 뒤늦게 보상 관련 법령을 제정ㆍ집행하는 과정에서 보상의 대상과 범위를 협소하게 규정하고 법률관계를 명확하게 하지 못한 채 국가편의주의적인 입장에서 위헌성의 여지가 있는 ‘동의 및 청구서’ 서식에 따라 보상 절차를 신속히 마무리하려고 하면서 초래한 측면이 있다. 이러한 사정에다가 국가배상제도의 목적과 과거사 사건의 특수성 및 그 피해자 보호 필요성을 아울러 고려한다면, 관련자의 가족에게 관련자 또는 그 유족에 대한 보상금 등 지급결정일에 자기 고유의 위자료 청구권을 행사할 것을 객관적, 합리적으로 기대할 수 있었다고 평가할 수는 없으므로, 보상금 등 지급결정일을 소멸시효 기산점으로 삼을 수 없다. 사) 한편 헌법재판소는 2021. 5. 27. 이 사건 위헌결정으로 이 사건 화해간주조항이 ‘광주민주화운동과 관련하여 입은 피해’ 중 ‘정신적 손해’에 대한 국가배상청구권의 행사까지 금지하는 것은 국가배상청구권을 과도하게 제한하는 것으로서 헌법에 위반된다고 결정하였다. 이와 같은 위헌결정을 통해서 관련자의 가족이 구 광주민주화보상법에 따른 보상금 등 지급과는 무관하게 그와 별도로 고유의 정신적 손해에 대한 배상을 청구할 수 있다는 점이 법적으로 선언됨으로써 관련자 가족 고유의 위자료 청구권 행사에 대한 장애사유가 비로소 제거되었다고 평가할 수 있다. 2) 이상과 같은 이유로 원고들은 이 사건 화해간주조항의 존재로 인하여 이 사건 위헌결정일인 2021. 5. 27.까지 관련자의 가족으로서 가지는 고유의 위자료 청구권을 행사할 수 없었고, 그로부터 3년이 경과하기 전에 이 사건 소를 제기한 이상 원고들 고유의 위자료 청구권에 관한 소멸시효는 완성되지 않았다. 그럼에도 원심은 원고들의 가족 고유의 위자료 청구권은 이미 소멸시효가 완성되었","동의 및 청구서’ 서식 중 관련 피해에 관하여 향후 어떠한 방법으로도 다시 청구하지 않겠다는 서약 부분 등에 비추어 보면, 관련자와 그 가족은 구 광주민주화보상법에 따른 보상을",미검수
법제처 OPEN API/prec,616527,2023다285162,손해배상(국),https://www.law.go.kr/DRF/lawService.do?OC=test&target=prec&ID=616527&type=HTML,(조 번호 미표기),(판단 불명확),판단 불명확,,,,"사례를 근거로 민법 제166조 제1항에 따른 소멸시효의 진행 여부 판단 기준을 ""권리행사의 객관적, 합리적 기대가능성""으로 일반화하는 데에는 신중할 필요가 있다. 마) 구체적으로 이 사건을 보더라도 다수의견이 권리행사를 객관적, 합리적으로 기대할 수 없었다는 사유로 들고 있는 것은 모두 사실상 장애사유로서, 그 용어나 표현만을 달리하였을 뿐이다. 즉 ""이 사건 화해간주조항의 불명확성, ‘동의 및 청구서’의 서식, 보상금 등 지급결정 당시는 장기소멸시효 완성을 배척할 법리나 입법이 존재하지 않아 소를 제기했더라도 소멸시효 완성을 이유로 소가 인용되기 어려웠던 사정, 당시 사회적 분위기 등에 따라, 관련자의 가족들이 보상금 등 수령으로 일체의 손해배상 문제가 포괄적ㆍ종국적으로 정리되었다고 이해한 것""은 모두 이들의 개인적ㆍ주관적 사정에 해당하여, 가족들이 그와 같이 이해하는 데에 과실이 없고 국가가 가족들의 그러한 잘못된 이해 형성에 기여하였다고 하더라도 소멸시효 진행을 저지하는 법률상 장애사유로 평가될 수 없다. 그뿐만 아니라 뒤에서 보는 것처럼 이 사건 위헌결정 이전에 이 사건과 같은 5ㆍ18민주화운동 관련자 가족이 고유의 위자료 청구권을 행사하여 대법원판결로 확정된 사례도 존재한다. 다수의견이 말하는 권리행사의 객관적, 합리적 기대가능성으로 어떻게 설명할 것인가. 이 점이 다수의견이 특정 사건의 권리구제만을 위해 소멸시효에 관한 기본 법리를 허물었다는 비판에서 자유로울 수 없는 이유이자, 이 사건에는 법률상 장애사유가 없으므로 보상금 등 지급결정일부터 소멸시효가 진행한다고 보는 것이 보편타당하고 상식적인 법 해석인 이유이다. 다수의견이 판례의 변경을 의도하는 것이 아니라면, 관련자 가족을 구제하기 위하여 소멸시효 항변의 권리남용 법리를 내세운 별개의견의 접근법이 차라리 솔직하다. 2) 민법의 소멸시효 관련 다른 규정들과의 관계 문제 다수의견은 민법의 소멸시효 관련 다른 규정들과의 관계에서도 그대로 받아들이기 어렵다. 가) 미성년자의 성적 침해로 인한 손해배상청구권의 소멸시효(민법 제766조 제3항) 2020. 10. 20. 법률 제17503호로 개정되어 같은 날 시행된 개정 민법은 불법행위로 인한 손해배상청구권의 소멸시효를 규정하는 제766조에 제3항을 신설하여 ""미성년자가 성폭력, 성추행, 성희롱, 그 밖의 성적 침해를 당한 경우에 이로 인한 손해배상청구권의 소멸시효는 그가 성년이 될 때까지는 진행되지 아니한다.""라고 규정하였다. 개정이유는 ""현행 민법에 따르면 미성년자가 성적 침해를 당한 경우에도 일반 손해배상청구권과 동일하게 부모 등 법정대리인이 손해 및 가해자를 안 날부터 3년이 지나거나 성적 침해가 발생한 날부터 10년이 지나면 소멸시효가 완성되어 손해배상을 청구할 수 없다. 그런데 미성년자를 대상으로 하는 성폭력범죄 등은 주변인들이 가해자인 경우가 많아 대리인을 통한 권한 행사가 어려운 상황이다. 이를 고려하여, 해당 미성년자가 성년이 될 때까지 손해배상청구권의 소멸시효가 진행되지 아니하도록 하여 미성년자인 피해자가 성년이 된 후 스스로 가해자에게 손해배상을 청구할 수 있도록 보장함으로써 성적 침해를 당한 미성년자에 대한 보호를 강화하려는 것""이라고 한다. 그런데 미성년자가 성적 침해를 당한 경우 대리인을 통한 권리행사가 어려운 상황이라면 다수의견에 따를 때 권리행사의 객관적, 합리적 기대가능성이 없어 소멸시효가 진행하지 않을 것이다. 그러므로 미성년자의 성적 침해로 인한 손해배상청구권의 소멸시효는 미성년자가 성년이 된 때부터 진행한다는 내용의 조항을 별도로 신설할 이유가 없다. 오히려 개정이유에서 밝히고 있듯이 ""현행 민법에 따를 때"" 위와 같은 사정은 사실상 장애에 불과하여 소멸시효의 진행을 막지 못하므로, 제766조 제3항을 두어 미성년자가 성년이 될 때까지 소멸시효가 진행하지 못하게 한 것이다. 이와 같이 다수의견은 민법 제766조 제3항의 신설 취지에도 부합하지 아니한다. 나) 시효정지 제도(민법 제179조부터 제182조) 민법은 제7장 소멸시효에서 소멸시효의 중","동의 및 청구서’의 서식, 보상금 등 지급결정 당시는 장기소멸시효 완성을 배척할 법리나 입법이 존재하지 않아 소를 제기했더라도 소멸시효 완성을 이유로 소가 인용되기 어려웠던 사정, 당시 사회적 분위기 등에 따라, 관련자의 가족들이 보상금 등 수령으로 일체의 손해배상 문제가 포괄적ㆍ종국적으로 정리되었다고 이해한 것",미검수
법제처 OPEN API/prec,616527,2023다285162,손해배상(국),https://www.law.go.kr/DRF/lawService.do?OC=test&target=prec&ID=616527&type=HTML,(조 번호 미표기),(판단 불명확),판단 불명확,,,,"피해 일체에 대하여 재판상 화해의 효력을 부여하고 있었다고 하더라도 이는 어디까지나 관련자 본인에 대한 것으로 한정될 뿐이고, 관련자의 가족에게는 이 사건 화해간주조항이 피고를 상대로 고유의 위자료를 청구하는 데 법률상 장애사유가 되고 있었다고 볼 수는 없다. 보상금 동의수령 유족이든 보상금 미수령 가족이든 보상심의위원회의 보상금 등 지급결정일 이후부터는 이 사건 화해간주조항과 관계없이 독자적으로 고유의 위자료 청구를 할 수 있었다. 실제로 이 사건 위헌결정 이전에도 5ㆍ18민주화운동 관련자가 구 광주민주화보상법에 따른 보상금 등을 지급받은 후 관련자의 가족들이 고유의 위자료를 청구하여 인용된 사안이 존재한다(대법원 2015. 5. 28. 선고 2013다208333 판결, ‘아람회 사건’ 피해자들에 관한 대법원 2011. 1. 13. 선고 2010다28833 판결 등). 다) 보상금 동의수령 유족이 ""그 보상금 등을 받을 때에는 그 사건에 대하여 화해계약하는 것이며 그 사건에 관하여 어떠한 방법으로라도 다시 청구하지 아니하겠음을 서약함""이라고 기재된 ‘동의 및 청구서’를 제출한 사실은 인정된다. 그러나 위와 같은 서약은 구 광주민주화보상법이 보상하는, 관련자가 입은 손해에 대하여 유족의 상속분 범위 내에서 화해계약이 이루어졌음을 확인하는 의미이지, 구 광주민주화보상법이 예정한 보상의 대상이 아닌, 관련자의 가족 고유의 위자료 청구권에 대하여도 화해계약이 이루어졌다는 의미로 해석되지는 않는다. 설령 관련자의 가족들이 구 광주민주화보상법 관련 규정의 의미나 화해계약의 효력 범위를 잘못 이해하여 이 사건 위헌결정일까지도 피고를 상대로 가족 고유의 위자료 청구권을 행사할 수 있음을 알지 못하였고, 알지 못함에 과실이 없다고 하더라도, 앞서 본 법리에 비추어 이러한 사유로 권리를 행사할 수 없었다고 볼 수는 없다. 관련자 가족들의 위와 같은 사유는 시효 진행에 방해가 되는 법률상 장애사유가 아니다. 2) 이와 같이 보는 것이 소멸시효 관련 제도와 소멸시효 기산점에 관한 법리를 상식적이고 논리적으로 해석ㆍ적용하는 것이다. 이는 이 사건 원심을 비롯하여 5ㆍ18민주화운동 관련자 가족 고유의 위자료 청구권의 소멸시효 완성 여부가 쟁점이 되었던 다수의 하급심이 그간의 대법원 판례에 근거하여 취한 입장이기도 하다. 마. 입법을 통한 구제 필요성 피해자 보호 필요성의 당위만을 앞세워 법원이 현행법상 소멸시효 제도의 틀을 넘어 법리적인 문제점을 초월한 판단을 할 수는 없다. 현 단계에서 5ㆍ18민주화운동 관련자 가족들이 겪은 고통에 대한 배상은 국민 전체의 여론과 국가 재정, 유사 사건의 처리 문제 등 여러 사정을 종합적으로 고려한 입법정책적 차원에서 이루어져야 한다. 구 광주민주화보상법이 보상하지 않은 관련자나 관련자 가족의 정신적 손해에 대하여 국가로 하여금 일정한 보상금 또는 배상금 등을 지급하도록 구 광주민주화보상법의 현행 법률인「5ㆍ18민주화운동 관련자 보상 등에 관한 법률」을 개정하는 방안을 생각해 볼 수 있다. 또는 별개의견이 제안한 바와 같이 5ㆍ18민주화운동과 관련하여 입은 피해 중 정신적 피해에 대한 손해배상청구권은 시효로 인하여 소멸하지 않는다는 조항을 신설하고, 부칙에서 신설 조항을 개정법률 시행 당시 소멸시효가 완성된 손해배상청구권에도 적용하도록 하면서 이미 판결이 확정된 경우 재심을 허용하는 방안도 가능할 것이다. 입법을 통한 전체적이고 통일적인 해결은 이 사건 원고들과 동일하게 5ㆍ18민주화운동에서 희생된 관련자의 가족임에도 이 사건 판결 선고 전에 청구기각 판결이 먼저 확정됨으로써 사법적 구제를 받지 못하게 된 피해자들까지 형평의 문제없이 함께 구제할 수 있는 방법이기도 하다. 특정 사안에 대한 권리구제의 필요성이 크다고 하여 사법 해석이 입법의 영역을 넘나드는 것은 사법의 본질에 반하는 것이다. 삼권분립을 통한 법의 지배라는 원칙을 포기하지 않는 한 말이다. 바. 맺음말 5ㆍ18민주화운동 관련자의 가족인 원고들 고유의 위자료 청구권 행사에는 이 사건 화해간주조항의 존재가 법률상 장애사유였다고 볼 수 없다.","할 수 있었다. 실제로 이 사건 위헌결정 이전에도 5ㆍ18민주화운동 관련자가 구 광주민주화보상법에 따른 보상금 등을 지급받은 후 관련자의 가족들이 고유의 위자료를 청구하여 인용된 사안이 존재한다(대법원 2015. 5. 28. 선고 2013다208333 판결, ‘아람회 사건’ 피해자들에 관한 대법원 2011. 1. 13. 선고 2010다28833 판결 등). 다) 보상금 동의수령 유족이 ""그 보상금 등을 받을 때에는 그 사건에 대하여 화해계약하는 것이며 그 사건에 관하여 어떠한 방법으로라도 다시 청구하지 아니하겠음을 서약함""이",미검수
법제처 OPEN API/prec,616499,2022다214040,구상금,https://www.law.go.kr/DRF/lawService.do?OC=test&target=prec&ID=616499&type=HTML,(조 번호 미표기),안전,판례 문맥 추론 · 단일 신호,안전,,,"결하고, 그에 따라 건설기계 임대인 등이 건설현장에서 건설기계를 운행하던 중 원수급인 등의 근로자에게 업무상 재해를 입힌 경우, 건설기계 임대인 등이 산재보험법 제87조 제1항 본문의 ‘제3자’에 해당하는지 여부이다. 건설기계 임대인 등인 피고들이 산재보험법 제87조 제1항 본문의 제3자에 해당하고 이 사건 사고가 같은 항 단서(이하 줄여 쓸 때에는 ‘이 사건 단서규정’이라 한다)에서 정한 경우에도 해당하지 않는다면, 원고는 이 사건 재해근로자의 피고들에 대한 손해배상청구권을 대위할 수 있다. 3. 쟁점에 대한 판단 가. 기존 법리 1) 산재보험법 제87조 제1항 본문의 ‘제3자’의 의미에 관하여, 대법원은 ‘보험가입자인 사업주와 함께 직간접적으로 재해근로자와 산재보험관계가 없는 사람’으로서 재해근로자에 대하여 불법행위책임 또는 자동차손해배상 보장법(이하 ‘자동차손배법’이라 한다)이나 민법 또는 국가배상법의 규정에 따른 손해배상책임을 지는 자를 말한다고 해석하여 왔다(대법원 2008. 4. 10. 선고 2006다32910 판결, 대법원 2022. 8. 19. 선고 2021다263748 판결 등 참조). 2) 대법원은 위와 같은 판단 기준 아래, 동일한 사업주에게 고용된 동료 근로자(대법원 2004. 12. 24. 선고 2003다33691 판결 등), 사업주인 원수급인에게 고용된 근로자와 하수급인에게 고용된 근로자(대법원 2011. 7. 28. 선고 2008다12408 판결 등), 하수급인(대법원 2016. 5. 26. 선고 2014다204666 판결)에 대하여, 보험가입자인 사업주와 함께 직간접적으로 재해근로자와 산재보험관계가 있다는 이유로 제3자에 해당하지 않는다고 판단하였다. 3) 그런데 대법원은, 다음과 같은 이유로 건설기계 임대차 및 운전노무 제공 계약이 체결된 사안에서는, 이 사건과 같이 건설기계 임대인의 근로자가 건설기계를 운전한 경우뿐만 아니라 건설기계 임대인이 직접 건설기계를 운전하는 노무를 제공한 경우에도 공단의 대위권 행사를 긍정하였다(대법원 2008. 4. 10. 선고 2006다32910 판결, 대법원 2008. 5. 29. 선고 2006다44760 판결, 대법원 2008. 5. 15. 선고 2006다27093 판결 등). 가) 건설기계 임대인 등이 실질에 있어 임금을 받을 목적으로 종속적인 관계에서 근로를 제공한 것으로 볼 수 없어 원수급인 등의 ‘근로자’라고 보기 어렵고, 건설기계의 구체적인 사용관계나 대가 지급방식을 비롯한 계약 내용을 감안할 때 건설기계 사용에 관한 법률관계가 기본적으로 도급이 아니라 임대차에 해당하여 임대인을 원수급인 등의 ‘하수급인’으로도 볼 수 없는 경우, 건설기계 임대인 등은 직간접적으로 원수급인 등에 소속된 재해근로자와 산재보험관계가 없으므로 산재보험법 제87조 제1항 본문의 제3자에 해당한다. 나) 산재보험법 제87조 제1항 단서의 ‘하나의 사업’은 보험가입자인 둘 이상의 사업주가 각각 같은 법 제6조의 사업을 행하되, 동일 장소, 동일 위험권 내에서 같은 사업(목적물)의 완성을 위하여 행하는 것을 의미하고, ‘분할하여 각각 행하다.’라는 것은 둘 이상의 사업주 중 일방의 사업이 타방의 사업의 일부를 구성하지 아니하고, 그 각 사업이 서로 중복되지 아니하여 각 사업 자체가 분리되어 행하여지는 것을 의미한다. 건설기계 작업은 원수급인의 사업 일부를 이루고 있어 건설기계 임대인이 원수급인과 하나의 사업을 분리하여 행하였다고 볼 수 없어 같은 법 제87조 제1항 단서도 적용되지 않는다. 4) 이러한 기존의 판단은 우선, 산재보험법 제87조 제1항 본문의 제3자에 해당하는지를 산재보험료의 부담관계, 특히 업무상 재해의 가해자에 대한 산재보험료 납부의무를 누가 부담하는가라는 문제로 파악한 것이다. 즉 원수급인 등의 근로자이거나 도급관계가 인정되는 경우 구 산재보험법(2003. 12. 31. 법률 제7049호로 개정되기 ","라 한다)에서 정한 경우에도 해당하지 않는다면, 원고는 이 사건 재해근로자의 피고들에 대한 손해배상청구권을 대위할 수 있다. 3. 쟁점에 대한 판단 가. 기존 법리 1) 산재보험법 제87조 제1항 본문의",미검수
법제처 OPEN API/prec,616499,2022다214040,구상금,https://www.law.go.kr/DRF/lawService.do?OC=test&target=prec&ID=616499&type=HTML,(조 번호 미표기),(판단 불명확),판단 불명확,,,,"밝혀 둔다. 8. 다수의견에 대한 대법관 노태악의 보충의견 산재보험법 제87조 제1항 본문 중 제3자의 의미를 새롭게 보는 법리의 타당성과 이 사건 단서규정의 해석 및 적용에 관하여 다수의견을 보충하고, 별개의견의 논리적 정합성이나 한계에 대하여 지적하고자 한다. 가. 산재보험법 제87조 제1항 본문 중 제3자의 의미에 관하여 1) 종전 판례는 이 사건 단서규정 중 ‘하나의 사업’을 ‘보험가입자인 둘 이상의 사업주가 각각 같은 사업을 행하되 동일 장소, 동일 위험권 내에서 같은 사업(목적물)의 완성을 위하여 행하는 것’이라고 정의함으로써, 이 사건 단서규정을 적용함에 있어서는 이미 근로자들이 산업현장에서 실제로 노동을 제공하는 과정에서 ‘업무상 재해에 관한 공동의 위험관계’를 형성하였는지에 주목하는 해석론을 펼쳐왔다. 이는 산재보험법 제87조 제1항의 문언에서 ‘위험’이라는 표현이 명시적으로 언급된 바 없음에도, 위 규정의 입법 취지와 산업재해의 본질 등을 감안하여 그 적용 범위를 적절히 파악한 것이다. 그럼에도 종전 판례는 같은 항 본문의 ‘제3자’를 해석ㆍ적용함에 있어서는, 위와 같이 산재보험제도가 당연히 전제하고 있는 ‘위험’이라는 요소를 배제한 채 순수하게 ‘보험료 부담관계’만을 기준으로 판단하여, 산재보험법 제87조 제1항 본문과 단서의 판단 기준을 이원화하여 왔다. 비록 판례는 보험료 부담관계의 의미를 ‘보험료를 납부한 사업주가 동일한지’의 문제로 다소 확장하여, 보험료를 부담한 사업주 자신이 소속 근로자에게 가해한 경우뿐만 아니라 동료 근로자 사이, 원수급인이 보험료를 일괄하여 부담하는 경우 원수급인에게 고용된 근로자와 하수급인에게 고용된 근로자 사이, 하수급인과 하수급인 사이에서도 ‘간접적인’ 보험관계가 인정된다고 보았으나, 위와 같이 판단 기준을 나누어 보는 것은 그 자체로 산재보험제도의 목적과 성격에 정확하게 들어맞지 아니한다. 그뿐만 아니라, 건설기계 임대차 및 운전노무 제공 계약이 문제 되는 이 사건과 같은 사안에서 형평에 반하는 결과를 초래하기도 한다. 이러한 사정들을 두루 고려할 때, 산재보험법 제87조 제1항 본문 중 제3자의 의미를 바로잡을 필요가 있음은 다수의견이 상세히 논증한 바와 같다. 다수의견에 따르면, 종전 판례가 간접적인 보험관계를 상정함으로써 해결하였던 위 사안들과 건설기계 임대차 및 운전노무 제공 계약이 문제 되는 사안 등이 ‘사업 또는 사업장에 내재하는 동일한 위험을 공유하였는가’라는 통일적인 기준 아래 해결될 수 있다. 2) 그런데 이 사건처럼 건설기계 임대차 및 운전노무 제공 계약을 둘러싸고 재해가 발생한 사안에서는, 별개의견의 지적과 같이 고용산재보험료징수법상 도급사업 일괄적용 규정을 유추적용하는 것만으로도 다수의견과 같은 결론에 이를 수 있다. 따라서 과연 산재보험법 제87조 제1항 본문의 제3자에 관하여 직간접적인 산재보험관계라는 종래의 판단 기준을 반드시 변경하여야만 하는 것인지 의문이 제기될 수도 있다. 그러나 건설기계 임대차 및 운전노무 제공 계약이 체결된 경우 임대인에게 고용된 운전기사는 임대차기간 동안 임차인인 사업주의 지휘ㆍ명령에 따라 운전노무를 제공하게 되어 한시적으로 ‘고용’ 또는 ‘근로자파견’과 유사한 양상이 된다. 특정한 일의 완성보다는 건설기계의 사용이 계약의 주된 목적이고, 운전노무의 제공 부분은 이른바 ‘노무도급’에 해당하는 것으로서 계약의 부수적인 내용에 불과하므로, 민법상 ‘도급’과는 분명히 거리가 있다. 그럼에도 건설기계 임대차 및 운전노무 제공 계약을 건설공사의 특정 부문이나 공정을 도급한 경우와 마찬가지로 취급하여 도급사업 일괄적용 규정을 유추적용함은 무리가 있을 뿐만 아니라, 별개의견의 논리는 공단의 건설기계 임대인 등에 대한 대위권 행사를 허용함이 가혹하다는 결론을 먼저 내놓은 다음 그에 맞는 구체적인 해결 방안을 찾는 방식이므","하나의 사업’을 ‘보험가입자인 둘 이상의 사업주가 각각 같은 사업을 행하되 동일 장소, 동일 위험권 내에서 같은 사업(목적물)의 완성을 위하여 행하는 것",미검수
법제처 OPEN API/prec,615953,2025다213608,납입금반환청구의소,https://www.law.go.kr/DRF/lawService.do?OC=test&target=prec&ID=615953&type=HTML,(조 번호 미표기),안전,판례 문맥 추론 · 단일 신호,안전,,," 주택건설사업(이하 ‘이 사건 사업’이라 한다)을 시행하기 위하여 설립된 지역주택조합으로, 2018. 10. 15. 조합설립인가를, 2020. 9. 3. 사업계획승인을 받았다. 나. 원고는 2018. 11. 17. 피고와 사이에 피고의 조합원으로 가입하여 이 사건 사업에 따라 신축될 아파트 중 59㎡형 주택 1채를 분양받기로 하는 조합원 가입계약(이하 ‘이 사건 가입계약’이라 한다)을 체결하였다. 다. 이 사건 가입계약에서는 원고가 총분담금 5억 6,000만 원을 납입하고 업무용역비 2,000만 원을 별도로 지급해야 하는 것으로 되어 있다. 이에 따라 원고는 피고에게 분담금 중 일부에 업무용역비 2,000만 원을 포함한 합계 350,082,900원(이하 ‘이 사건 제 납입금’이라 한다)을 지급하였다. 피고는 2022. 8. 조합총회 결의를 통하여 원고에게 추가분담금 491,300,000원을 요구하였다. 라. 피고 조합규약 제8조 제1호는 ‘주택조합설립인가 신청일부터 당해 조합주택의 입주가능일까지 주택을 소유하지 아니하거나 주거전용면적 85㎡ 이하의 주택 1채를 소유한 세대주일 것’을 조합원 자격으로 정하고, 제12조 제2항은 ""관계 법령 및 이 규약에서 정하는 조합원 자격에 해당하지 않게 된 자의 조합원 자격은 자동 상실된다."", 같은 조 제4항은 ""탈퇴, 조합원 자격의 상실, 제명 등으로 조합원의 지위를 상실한 자에 대하여는 조합원이 납입한 제 납입금에서 소정의 공동부담금을 공제한 잔액을 환급청구일로부터 30일 이내에 지급하되, 총회의 의결로서 공제할 공동부담금 및 환급시기를 따로 정할 수 있다.""라고 규정하고 있다. 마. 이 사건 가입계약 제3조 제1항에서는 ‘원고는 주택법령에 규정한 지역주택조합원의 자격에 문제가 없음을 보증하고, 준공 및 입주 시까지 그 자격을 유지하기로 한다.’, 제8조 제2항에서는 ‘피고는 원고가 본 계약 내용을 성실히 이행하지 아니하였을 때 원고에게 이행의 최고 또는 기타의 별도 최고 없이 서면 통지로써 계약을 해지할 수 있고, 이 경우 원고의 조합원 자격 및 본계약자로서의 지위는 자동 상실된다.’, 같은 조 제3항에서는 ‘원고의 귀책사유로 본 계약이 해지 시 원고는 조합원 분담금 총금액 중 10%에 해당하는 금원을 위약금으로 몰취 또는 배상하되, 환불금이 있는 경우 조합사업의 특성상 그 반환 시기는 탈퇴, 제명 또는 해지된 자의 권리ㆍ의무를 승계할 신규 조합원으로 대체 또는 임의 분양자로 대체되어 입금이 완료된 후 이자 없이 환불하고, 업무대행비는 업무대행사에 귀속된 보수로서 환불하지 아니한다.’, 제15조 제1항에서는 ‘본 계약서에서 정하지 않은 사항에 대하여는 피고의 조합규약, 시공사와의 사업약정서, 공사도급(변경)계약서, 업무대행사와의 업무대행계약서, 신탁사와의 자금관리대리사무계약서 및 관계 법령에 따르기로 한다.’는 취지로 정하고 있다. 바. 원고는 이 사건 가입계약 체결 당시에는 조합원 자격인 세대주 지위를 갖추고 있었으나 2023. 3. 20. 세대주를 배우자로 변경하는 세대주 변경 신고를 함으로써 세대주 지위를 상실하였다. 사. 원고는 2023. 4. 7. 이 사건 소를 제기하였는데, 주위적 청구로서 이 사건 가입계약의 취소 또는 해제를 주장하고, 예비적 청구로서 이 사건 가입계약상 조합원 자격의 상실 또는 조합 탈퇴를 주장하였다. 2. 원심의 판단 가. 원심은 원고의 주위적 청구를 기각한 다음, 원고의 예비적 청구에 관하여, 원고가 2023. 3. 20. 세대주 지위를 상실하여 피고 조합규약 제8조 제1호 및 제12조 제2항에 따라 피고 조합원 자격을 상실하였으므로, 피고는 피고 조합규약 제12조 제4항에 따라 원고에게 이 사건 제 납입금에서 공동부담금에 해당하는 업무대행비 2,000만 원을 공제한 잔액을 원고가 환급을 청구한 날로부터 30일 이내에 지급할 의무가 있다고 판단하였다. 나. 그리고 원심은 피고의 이 사건 가입계약 해지 주장, 즉 피고가 원고의 피고 조합원 자격 상실을 이 사건 가입계","라 한다)을 체결하였다. 다. 이 사건 가입계약에서는 원고가 총분담금 5억 6,000만 원을 납입하고 업무용역비 2,000만 원을 별도로 지급해야 하는 것으로 되어 있다. 이에 따라 원고는 피고에게 분담금 중 일부에 업무용역비 2,000만 원을 포함한 합계 350,082,900원(이하",미검수
법제처 OPEN API/prec,615953,2025다213608,납입금반환청구의소,https://www.law.go.kr/DRF/lawService.do?OC=test&target=prec&ID=615953&type=HTML,제3조,안전,판례 문맥 추론 · 단일 신호,안전,,,"하지 않게 된 자의 조합원 자격은 자동 상실된다."", 같은 조 제4항은 ""탈퇴, 조합원 자격의 상실, 제명 등으로 조합원의 지위를 상실한 자에 대하여는 조합원이 납입한 제 납입금에서 소정의 공동부담금을 공제한 잔액을 환급청구일로부터 30일 이내에 지급하되, 총회의 의결로서 공제할 공동부담금 및 환급시기를 따로 정할 수 있다.""라고 규정하고 있다. 마. 이 사건 가입계약 제3조 제1항에서는 ‘원고는 주택법령에 규정한 지역주택조합원의 자격에 문제가 없음을 보증하고, 준공 및 입주 시까지 그 자격을 유지하기로 한다.’, 제8조 제2항에서는 ‘피고는 원고가 본 계약 내용을 성실히 이행하지 아니하였을 때 원고에게 이행의 최고 또는 기타의 별도 최고 없이 서면 통지로써 계약을 해지할 수 있고, 이 경우 원고의 조합원 자격 및 본계약자로서의 지위는 자동 상실된다.’, 같은 조 제3항에서는 ‘원고의 귀책사유로 본 계약이 해지 시 원고는 조합원 분담금 총금액 중 10%에 해당하는 금원을 위약금으로 몰취 또는 배상하되, 환불금이 있는 경우 조합사업의 특성상 그 반환 시기는 탈퇴, 제명 또는 해지된 자의 권리ㆍ의무를 승계할 신규 조합원으로 대체 또는 임의 분양자로 대체되어 입금이 완료된 후 이자 없이 환불하고, 업무대행비는 업무대행사에 귀속된 보수로서 환불하지 아니한다.’, 제15조 제1항에서는 ‘본 계약서에서 정하지 않은 사항에 대하여는 피고의 조합규약, 시공사와의 사업약정서, 공사도급(변경)계약서, 업무대행사와의 업무대행계약서, 신탁사와의 자금관리대리사무계약서 및 관계 법령에 따르기로 한다.’는 취지로 정하고 있다. 바. 원고는 이 사건 가입계약 체결 당시에는 조합원 자격인 세대주 지위를 갖추고 있었으나 2023. 3. 20. 세대주를 배우자로 변경하는 세대주 변경 신고를 함으로써 세대주 지위를 상실하였다. 사. 원고는 2023. 4. 7. 이 사건 소를 제기하였는데, 주위적 청구로서 이 사건 가입계약의 취소 또는 해제를 주장하고, 예비적 청구로서 이 사건 가입계약상 조합원 자격의 상실 또는 조합 탈퇴를 주장하였다. 2. 원심의 판단 가. 원심은 원고의 주위적 청구를 기각한 다음, 원고의 예비적 청구에 관하여, 원고가 2023. 3. 20. 세대주 지위를 상실하여 피고 조합규약 제8조 제1호 및 제12조 제2항에 따라 피고 조합원 자격을 상실하였으므로, 피고는 피고 조합규약 제12조 제4항에 따라 원고에게 이 사건 제 납입금에서 공동부담금에 해당하는 업무대행비 2,000만 원을 공제한 잔액을 원고가 환급을 청구한 날로부터 30일 이내에 지급할 의무가 있다고 판단하였다. 나. 그리고 원심은 피고의 이 사건 가입계약 해지 주장, 즉 피고가 원고의 피고 조합원 자격 상실을 이 사건 가입계약 제8조 제2항에서 정한 해지사유로 보아 이 사건 가입계약을 해지하였으므로 원고에 대한 분담금의 반환 범위 및 시기에 관하여 그 해지의 효과로서 규정된 이 사건 가입계약 제8조 제3항이 적용되어야 한다는 주장을 다음과 같은 이유로 배척하였다. 1) 조합원이 입주가능일 전에 세대주 지위를 상실하여 조합원 자격에 해당하지 않게 된 경우에는 그와 동시에 조합원 자격을 자동으로 상실하고 조합원 지위도 잃게 된다고 보아야 하므로 피고의 해지통보가 필요하지 아니하다. 2) 이 사건 가입계약 제15조 제1항은 문언 그대로 이 사건 가입계약에서 정하지 않은 사항에 대해서는 조합규약 등과 관계 법령에 따른다는 것일 뿐 위 조항의 의미를 이 사건 가입계약이 피고의 조합규약보다 항상 우선하여 적용된다거나 피고 조합규약의 적용과 효력을 부인할 수 있다는 것으로 해석할 수는 없다. 3) 이 사건 가입계약 제8조 제2항에서 세대주 변경 등에 따른 조합원 자격 상실을 해지사유로 명시하고 있지 아니하다. 다만 같은 조 제1호에서 ‘이 사건 계약 내용을 성실하게","원고는 주택법령에 규정한 지역주택조합원의 자격에 문제가 없음을 보증하고, 준공 및 입주 시까지 그 자격을 유지하기로 한다",미검수
법제처 OPEN API/prec,615953,2025다213608,납입금반환청구의소,https://www.law.go.kr/DRF/lawService.do?OC=test&target=prec&ID=615953&type=HTML,(조 번호 미표기),(판단 불명확),판단 불명확,,,,"서는 조합규약 등과 관계 법령에 따른다는 것일 뿐 위 조항의 의미를 이 사건 가입계약이 피고의 조합규약보다 항상 우선하여 적용된다거나 피고 조합규약의 적용과 효력을 부인할 수 있다는 것으로 해석할 수는 없다. 3) 이 사건 가입계약 제8조 제2항에서 세대주 변경 등에 따른 조합원 자격 상실을 해지사유로 명시하고 있지 아니하다. 다만 같은 조 제1호에서 ‘이 사건 계약 내용을 성실하게 이행하지 아니하였을 때’를 해지사유로 규정하고 있을 뿐인데 해지는 피고의 서면 통지 의사표시를 필요로 하고 그 효과는 ‘조합원 자격 및 그 지위의 상실’인 점을 고려하면, 주택법령 및 피고 조합규약에 따라 이미 조합원 자격 및 지위가 자동 상실된 경우가 위 제1호의 사유에 포함되는 것으로 보기 어렵다. 4) 피고 조합규약 제12조 제4항이 총회 의결로서 공제할 공동부담금 및 환급시기를 따로 정할 수 있다고 규정하고 있기는 하나, 피고의 창립총회에서 ‘조합원 자격 상실의 경우 공제할 공동부담금 산정방법 및 환급시기’에 대한 의안이 상정되어 이에 관한 논의가 진행되었다거나 가입계약서의 구체적 내용이 심의ㆍ의결되었다고 보기는 어렵다. 3. 대법원의 판단 가. 지역주택조합과 조합원 사이의 법률관계는 근거 법령이나 조합규약의 규정, 조합총회의 결의 또는 조합과 조합원 사이의 약정에 따라 규율된다. 일반적으로 지역주택조합사업은 무주택자들이 주택 마련이라는 일정한 목적을 가지고 조합설립 준비단계에서부터 사업부지의 확보, 조합의 설립과 사업계획승인, 아파트 등 주택의 건축에 이르기까지 일련의 절차를 진행하여 시행되고, 조합원은 사업의 진행과정에서 그 진행단계에 따라 지속적으로 발생하는 사업비에 충당할 분담금을 납부할 의무를 진다. 근거 법령에 따라 마련된 조합규약이나 가입계약에는 조합원의 의무로서 분담금 및 기타 비용에 관한 납부의무를 정하고, 조합원 지위를 상실한 경우 납부한 분담금에 대하여 별도의 환불 범위, 방법 및 시기 등을 정하고 있다. 이러한 지역주택조합사업과 가입계약의 성질, 조합규약이나 가입계약의 내용, 당사자들의 의사, 조합원 분담금 납부의 성질, 형태와 방법 등을 고려하여 보면, 조합원이 그 지위를 상실하면 그 효력은 장래에 향해서만 미친다고 보아야 한다(대법원 2022. 7. 14. 선고 2021다281999, 282008 판결 참조). 그리고 조합원에게 조합의 비용 중 일정 부분을 부담하도록 하기 위하여는 그와 같은 취지를 조합규약이나 조합총회의 결의, 조합과 조합원 사이의 약정 등으로 미리 정하여야 한다. 조합원의 지위 상실로 인한 분담금 환급절차에서 조합의 비용 중 일정 부분을 공제하는 경우도 마찬가지이다(대법원 2022. 2. 11. 선고 2021다282046, 282053 판결 등 참조). 나. 앞서 본 사실관계를 위와 같은 법리에 비추어 살펴보면, 원심의 판단은 아래와 같은 이유로 받아들이기 어렵다. 1) 지역주택가입계약은 지역주택조합의 조합원이 되어 신축 아파트를 취득할 목적으로 체결된다. 원고가 2023. 3. 20. 세대주 지위를 상실함으로써 지역주택조합인 피고의 조합원 자격을 상실하고 조합원 지위도 상실하였더라도 그 효력은 장래에 향해서만 미친다. 이로써 당초 원고와 피고 사이에 이 사건 가입계약을 체결한 목적의 달성이 불가능하게 된 것일 뿐, 이를 이유로 이 사건 가입계약이 무효로 된다거나 그 효력이 당연히 상실된다고 보기는 어렵다. 2) 원고는 피고에 대하여 이 사건 가입계약에서 정한 의무를 부담한다. 이 사건 가입계약 제3조 제1항에서 ‘원고는 주택법령에 규정한 지역주택조합원의 자격에 문제가 없음을 보증하고, 준공 및 입주 시까지 그 자격을 유지’하기로 정하였음에도, 원고가 입주가능일 전인 2023. 3. 20. 세대주를 배우자로 변경하는 세대주변경 신고를 하여 세대주 지위를 상실한",해지사유로 규정하고 있을 뿐인데 해지는 피고의 서면 통지 의사표시를 필요로 하고 그 효과는,미검수
법제처 OPEN API/prec,615953,2025다213608,납입금반환청구의소,https://www.law.go.kr/DRF/lawService.do?OC=test&target=prec&ID=615953&type=HTML,(조 번호 미표기),(판단 불명확),판단 불명확,,,," 세대주 지위를 상실함으로써 지역주택조합인 피고의 조합원 자격을 상실하고 조합원 지위도 상실하였더라도 그 효력은 장래에 향해서만 미친다. 이로써 당초 원고와 피고 사이에 이 사건 가입계약을 체결한 목적의 달성이 불가능하게 된 것일 뿐, 이를 이유로 이 사건 가입계약이 무효로 된다거나 그 효력이 당연히 상실된다고 보기는 어렵다. 2) 원고는 피고에 대하여 이 사건 가입계약에서 정한 의무를 부담한다. 이 사건 가입계약 제3조 제1항에서 ‘원고는 주택법령에 규정한 지역주택조합원의 자격에 문제가 없음을 보증하고, 준공 및 입주 시까지 그 자격을 유지’하기로 정하였음에도, 원고가 입주가능일 전인 2023. 3. 20. 세대주를 배우자로 변경하는 세대주변경 신고를 하여 세대주 지위를 상실한 이상 이는 피고에 대하여 조합원 자격요건 유지의무를 위반한 것에 해당하므로, 피고는 원고의 이러한 의무불이행을 이유로 이 사건 가입계약 제8조 제2항에 따라 계약을 해지할 수 있다고 봄이 상당하다. 3) 원고의 조합원의 지위 상실로 인한 분담금 환급절차에서 조합의 비용 중 일정 부분을 공제하는 경우 피고의 조합규약뿐만 아니라 이 사건 가입계약도 그 근거가 될 수 있다. 이 사건 가입계약 제15조는 문언 그대로 해당 계약서에서 정하지 아니한 내용에 대하여 피고의 조합규약, 시공사와의 사업약정서 등에서 정한 사항을 보충적으로 적용한다는 것으로서, 피고 조합규약 제12조 제4항은 반환될 제 납입금에서 공제될 ‘공동부담금’의 구체적인 범위를 규정하고 있지 않는 반면, 피고의 조합규약이 제정ㆍ시행된 후 체결된 이 사건 가입계약은 제8조 제3항에서 공제될 ‘공동부담금’의 범위 및 반환시기를 구체적으로 규정한 것으로 볼 수 있다. 4) 이 사건 가입계약 제8조 제3항의 공제조항은 이 사건 가입계약과 조합규약 문언의 전체적인 취지, 지역주택조합 사업의 특성과 사업 수행을 위한 분담금의 중요성, 조합원 자격 상실 방법을 악용하여 분담금 납부의무를 벗어나려고 하는 시도를 방지할 필요성 등을 고려하였을 때, 민법 제398조의 손해배상의 예정에 해당한다고 볼 수 있다. 피고는 원고의 조합원 자격 유지의무 위반을 이유로 이 사건 가입계약을 해지하였다면 위 공제조항을 근거로 원고에게 조합원분담금 총금액 중 10%에 해당하는 금원 및 업무대행비를 손해배상 예정액으로 청구하거나, 이미 납부한 제 납입금에서 이를 공제하고 나머지 분담금만을 반환할 수 있다. 5) 따라서 원고는 2023. 3. 20. 세대주 지위를 상실함으로써 피고의 조합원 자격과 지위를 상실하였다 할 것이나, 그와 별개로 피고는 이 사건 가입계약 제8조 제2항에 따라 원고의 조합원 자격 유지의무 위반을 이유로 이 사건 가입계약을 해지할 수 있고, 그 경우 원고에게 반환할 분담금의 범위 및 시기에 관하여는 이 사건 가입계약 제8조 제3항이 적용될 수 있다(원심이 인용한 대법원 2020. 10. 15. 선고 2020다227639 판결은 이 사건과 사안이 달라 원용하기에 적절하지 아니하다). 다. 그런데도 원심은 판시와 같은 이유만으로 원고가 2023. 3. 20. 세대주 지위를 상실함과 동시에 자동적으로 원고의 조합원 자격과 지위가 상실되므로 피고 조합의 해지통보가 필요하지 아니하고, 설령 그 후 피고의 해지통보가 있었다고 하더라도 분담금의 반환 범위와 그 시기는 조합규약 제12조 제4항에 따라 결정되어야 하며, 달리 원고의 위약금을 공제해야 한다거나 아직 해약금의 반환시기가 도래하지 않았다고 볼 근거를 찾을 수 없다고 판단하였다. 그리하여 피고의 원고에 대한 이 사건 가입계약 해지의 의사표시가 적법한지 여부와 이에 따른 분담금의 반환 범위 및 그 이행기 도래 여부 등에 관하여 살펴보지 아니한 채 피고가 원고에게 이 사건 제 납입금에서 업무대행비 2,000만 원만을 공제한 잔액을 원고가 환급을 청구한 날로부터 30일 이내에 반환할 ","원고는 주택법령에 규정한 지역주택조합원의 자격에 문제가 없음을 보증하고, 준공 및 입주 시까지 그 자격을 유지",미검수
법제처 OPEN API/prec,614385,2023다239756,채무부존재확인,https://www.law.go.kr/DRF/lawService.do?OC=test&target=prec&ID=614385&type=HTML,(조 번호 미표기),(판단 불명확),판단 불명확,,,,"소재 토지 등을 개발하는 (사업명 생략)에 관한 협약(이하 ‘이 사건 사업협약’이라고 한다)을 체결하였다. 원고는 이 사건 사업협약에 따라 한국철도공사에 대해 부담하는 협약이행보증금 납부의무를 이행하기 위하여 2007. 12. 21.경 피고와 사이에 보험계약자 원고, 피보험자 한국철도공사, 보험가입금액 51,696,000,000원인 이행보증보험계약(이하 ‘이 사건 보증보험계약’이라고 한다)을 체결하고, 피고로부터 발급받은 이행보증보험증권을 한국철도공사에 제출하였다. 이 사건 보증보험계약은 ‘원고가 본인의 채무 또는 의무를 이행하지 아니함으로써 피고가 보험금을 지급한 때에는 원고는 지급보험금을 곧 변상하고, 지연될 경우에는 지급보험금에 대하여 보험금 지급일 다음 날부터의 지연손해금을 가산하여 변상한다.’라고 정하고 있다. 나. 원고의 신청에 따라 2013. 4. 8. 서울중앙지방법원 2013회합47호로 원고에 대한 회생절차개시결정이 내려졌다(이하 ‘이 사건 회생절차’라고 하고, 회생절차 개시와 종결 전후를 불문하고 모두 ‘원고’라고만 한다). 다. 한국철도공사는 2013. 4. 29.경 원고 등 컨소시엄 구성원들의 채무불이행을 이유로 이 사건 사업협약을 해제한 후 피고에게 이 사건 보증보험계약에서 정한 보험금의 지급을 요청하였다. 라. 피고는 2013. 5. 10. 이 사건 회생절차에서 원고에 대한 미확정 구상채권 73,067,825,506원을 회생채권으로 신고하였는데, 원고의 관리인은 그중 21,371,825,506원을 시인하고, 이 사건 보증보험계약에 의한 51,696,000,000원의 미확정 구상채권(이하 ‘이 사건 회생채권’이라고 한다)에 대하여 이의를 제기하였다. 이에 따라 피고는 2013. 6. 14. 원고의 관리인을 상대로 서울중앙지방법원 2013회확1220호로 이 사건 회생채권이 존재한다는 확인을 구하는 회생채권조사확정재판을 신청하였다. 마. 원고의 회생계획(이하 ‘이 사건 회생계획’이라고 한다)은 2013. 6. 28. 인가되었다. 그에 따르면 원고의 관리인이 시인하였으나 회생절차개시결정 당시에 아직 피고가 보증금을 지급하지 않아 발생하지 않은 피고의 21,371,825,506원의 채권은 ‘미확정 구상채권’으로서 ""원금과 개시 전 이자는, 보증기관이 채무자를 위하여 채무를 대위변제하고 구상채무가 확정될 경우 보증기관이 대위변제 사실과 관련된 증빙서류를 채무자에게 제출한 날로부터 당초 약정서상 명시된 지급기일에 변제하고, 개시 후 이자는 전액을 면제""하는 것으로(제3장 제3절 제3조), 원고의 관리인이 이의를 제기한 이 사건 회생채권은 ‘미확정 회생채권’으로서 ""미확정 채권이 회생담보권 또는 회생채권으로 확정될 경우, 그 권리의 성질 및 내용에 비추어 가장 유사한 회생담보권 또는 회생채권의 권리변경 및 변제방법에 따라 변제""하는 것으로(제3장 제4절 제2조) 각 규정하고, 총칙 부분에서는 ""본 회생계획안에 따른 채무의 변제를 변제기일에 이행하지 못할 경우에는 미변제 금액에 대하여 변제기일 다음 날부터 실제 변제기일까지 연 10%의 이자율을 변제한다.""라고 정하고 있다(제3장 제1절 제7조, 이하 ‘이 사건 지연손해금 조항’이라고 한다). 바. 피고는 2013. 7. 31.경 한국철도공사에 이 사건 보증보험계약에 따른 보험금 51,696,000,000원을 지급하고 이를 원고에게 통지하였다. 사. 원피고 사이의 회생채권조사확정재판에서 2013. 12. 9. 이 사건 사업협약이 적법하게 해제되었음을 인정하기 어렵다는 이유로 ‘피고의 원고에 대한 이 사건 회생채권이 존재하지 아니함을 확인한다.’라는 결정이 내려졌다. 이에 대하여 피고가 회생채권조사확정재판에 대한 이의의 소(이하 ‘이 사건 이의소송’이라고 한다)를 제기하였다. 이 사건 이의소송의 제1심에서 이 사건 사업협약이 적법하","라고 한다)을 체결하고, 피고로부터 발급받은 이행보증보험증권을 한국철도공사에 제출하였다. 이 사건 보증보험계약은",미검수
법제처 OPEN API/prec,614385,2023다239756,채무부존재확인,https://www.law.go.kr/DRF/lawService.do?OC=test&target=prec&ID=614385&type=HTML,(조 번호 미표기),(판단 불명확),판단 불명확,,,," 원고 등 컨소시엄 구성원들의 채무불이행을 이유로 이 사건 사업협약을 해제한 후 피고에게 이 사건 보증보험계약에서 정한 보험금의 지급을 요청하였다. 라. 피고는 2013. 5. 10. 이 사건 회생절차에서 원고에 대한 미확정 구상채권 73,067,825,506원을 회생채권으로 신고하였는데, 원고의 관리인은 그중 21,371,825,506원을 시인하고, 이 사건 보증보험계약에 의한 51,696,000,000원의 미확정 구상채권(이하 ‘이 사건 회생채권’이라고 한다)에 대하여 이의를 제기하였다. 이에 따라 피고는 2013. 6. 14. 원고의 관리인을 상대로 서울중앙지방법원 2013회확1220호로 이 사건 회생채권이 존재한다는 확인을 구하는 회생채권조사확정재판을 신청하였다. 마. 원고의 회생계획(이하 ‘이 사건 회생계획’이라고 한다)은 2013. 6. 28. 인가되었다. 그에 따르면 원고의 관리인이 시인하였으나 회생절차개시결정 당시에 아직 피고가 보증금을 지급하지 않아 발생하지 않은 피고의 21,371,825,506원의 채권은 ‘미확정 구상채권’으로서 ""원금과 개시 전 이자는, 보증기관이 채무자를 위하여 채무를 대위변제하고 구상채무가 확정될 경우 보증기관이 대위변제 사실과 관련된 증빙서류를 채무자에게 제출한 날로부터 당초 약정서상 명시된 지급기일에 변제하고, 개시 후 이자는 전액을 면제""하는 것으로(제3장 제3절 제3조), 원고의 관리인이 이의를 제기한 이 사건 회생채권은 ‘미확정 회생채권’으로서 ""미확정 채권이 회생담보권 또는 회생채권으로 확정될 경우, 그 권리의 성질 및 내용에 비추어 가장 유사한 회생담보권 또는 회생채권의 권리변경 및 변제방법에 따라 변제""하는 것으로(제3장 제4절 제2조) 각 규정하고, 총칙 부분에서는 ""본 회생계획안에 따른 채무의 변제를 변제기일에 이행하지 못할 경우에는 미변제 금액에 대하여 변제기일 다음 날부터 실제 변제기일까지 연 10%의 이자율을 변제한다.""라고 정하고 있다(제3장 제1절 제7조, 이하 ‘이 사건 지연손해금 조항’이라고 한다). 바. 피고는 2013. 7. 31.경 한국철도공사에 이 사건 보증보험계약에 따른 보험금 51,696,000,000원을 지급하고 이를 원고에게 통지하였다. 사. 원피고 사이의 회생채권조사확정재판에서 2013. 12. 9. 이 사건 사업협약이 적법하게 해제되었음을 인정하기 어렵다는 이유로 ‘피고의 원고에 대한 이 사건 회생채권이 존재하지 아니함을 확인한다.’라는 결정이 내려졌다. 이에 대하여 피고가 회생채권조사확정재판에 대한 이의의 소(이하 ‘이 사건 이의소송’이라고 한다)를 제기하였다. 이 사건 이의소송의 제1심에서 이 사건 사업협약이 적법하게 해제되었다는 이유로 ‘회생채권조사확정재판을 취소하고, 피고의 원고에 대한 이 사건 회생채권은 51,696,000,000원임을 확인한다.’라는 판결이 선고되었고(서울중앙지방법원 2015. 6. 5. 선고 2013가합63109 판결), 이에 대한 원고의 항소와 상고가 모두 기각되어 그 판결은 2019. 10. 31. 그대로 확정되었다. 아. 원고는 이 사건 회생채권의 변제기일이 이 사건 이의소송 판결의 확정으로 이 사건 회생채권의 존재와 범위가 확정된 2019. 10. 31.에 도래함을 전제로 하여, 피고를 상대로 이 사건 회생채권에 대한 2013. 8. 1.부터 2019. 10. 31.까지의 지연손해금(이하 ‘이 사건 지연손해금’이라고 한다) 채권의 부존재확인을 구하는 이 사건 소를 제기하였다. 2. 제1 내지 3 상고이유에 관한 판단 가. 1) 「채무자 회생 및 파산에 관한 법률」(이하 ‘채무자회생법’이라고 한다) 제243조에 따라 인가된 회생계획은 법률행위의 해석 방법에 따라 해석하여야 한다. 회생계획 문언의 객관적 의미를 합리적으로 해석하되, 그 문언의 객관적인 의미가 명확하지 않은 경우에는 그 문언의 형식과 내용, 회생계획안 작성 경위, 회생절차 이해관계인들의 진정한 의사 등을 종합적으로 고려하여 사회정의와 형평의 이념에 맞도록 논리와 경험의 법칙, 사회일반의 상식과 거래의 통념에 따라 ",사건 회생채권’이라고 한다)에 대하여 이의를 제기하였다. 이에 따라 피고는 2013. 6. 14. 원고의 관리인을 상대로 서울중앙지방법원 2013회확1220호로 이 사건 회생채권이 존재한다는 확인을 구하는 회생채권조사확정재판을 신청하였다. 마. 원고의 회생계획(이하,미검수
법제처 OPEN API/prec,613161,2024다305605,건물인도·손해배상(기),https://www.law.go.kr/DRF/lawService.do?OC=test&target=prec&ID=613161&type=HTML,(조 번호 미표기),(판단 불명확),판단 불명확,,,," 같다. 가. 원고(반소피고, 이하 ‘원고’라 한다)들은 소외 1로부터 원심 별지 기재 건물을 매수하여 2023. 4. 21. 1/2 지분씩 소유권이전등기를 마쳤다. 나. 피고(반소원고, 이하 ‘피고’라 한다)는 2012. 3. 7. 소외 1의 모인 소외 2와 원심 별지 기재 건물 중 일부(이하 ‘이 사건 건물’이라 한다)에 관하여 임대차계약(이하 ‘이 사건 임대차계약’이라 한다)을 체결한 다음 식육점을 운영하였고, 이후 이 사건 임대차계약은 여러 차례 갱신되었다. 다. 원고들은 2023. 5. 1.경부터 피고에게 재건축 필요성 등을 이유로 이 사건 임대차계약을 해지한다는 내용의 문자메시지를 보냈고, 2023. 5. 22. 피고를 상대로 임대차계약 종료를 이유로 이 사건 건물의 인도를 구하는 소를 제기하였다. 라. 피고는 2023. 12. 29. 원고 1에게 ""저는 사장님과 계약을 연장하고자 하는데, 저와의 계약을 종료하고자 하시면 제가 권리금 50,000,000원을 받기로 한 새로운 임차인이 있으니 그 새로운 임차인과 계약을 해 주시기 바랍니다.""라는 내용의 문자메시지를 보냈는데, 원고들은 2024. 1. 11. 피고에게 원고들이 육계 도소매업을 운영하기 위해 이 사건 건물을 인도받아야 한다는 내용의 손해배상청구예정통지서를 발송하였다. 이에 대해 피고는 2024. 1. 24. 원고들을 상대로 권리금 회수기회 보호의무 위반을 이유로 손해배상금의 지급을 구하는 이 사건 반소를 제기하였고, 원고들은 2024. 1. 25. 자 답변서, 2024. 2. 5. 자 참고서면에서 거듭하여 원고들이 육계 도소매업을 운영하기 위해 이 사건 건물을 인도받아야 한다고 주장하였다. 2. 반소청구 부분에 대한 상고이유에 관한 판단 가. 원심 판단 원심은 이 사건 임대차계약이 원고들의 소 제기일로부터 약 10개월이 지난 2024. 3. 7. 비로소 종료되었다고 보면서도 한편으로 판시와 같은 이유로, 피고가 신규임차인이 되려는 자의 성명, 직업 내지 보증금 또는 차임을 지급할 자력이 있는지 여부 등을 알 수 있는 구체적인 인적사항을 제시하지 않았으므로 신규임차인을 주선하지 않았고, 원고들이 정당한 사유 없이 피고가 신규임차인이 되려는 자를 주선하더라도 그와 임대차계약을 체결하지 않겠다는 의사를 확정적으로 표시하였다고 보기 어렵다고 본 다음, 원고들이「상가건물 임대차보호법」(이하 ‘상가임대차법’이라 한다)을 위반하여 피고의 권리금 회수를 방해하였다고 볼 수 없다는 이유로 피고의 손해배상청구를 배척하였다. 나. 대법원 판단 1) 상가임대차법 제10조의4의 문언과 내용, 입법 취지에 비추어 보면, 임대인이 스스로 영업할 계획이라는 이유만으로 임차인이 주선한 신규임차인이 되려는 자와 임대차계약의 체결을 거절한 것에는 상가임대차법 제10조의4 제1항 제4호에서 정한 정당한 사유가 있다고 볼 수 없다(대법원 2020. 9. 3. 선고 2018다252441, 252458 판결, 대법원 2020. 12. 24. 선고 2020다240175, 240182 판결 등 참조). 한편 임차인이 임대인에게 권리금 회수 방해로 인한 손해배상을 구하기 위해서는 원칙적으로 임차인이 신규임차인이 되려는 자를 주선하였어야 한다. 그러나 임대인이 정당한 사유 없이 임차인이 신규임차인이 되려는 자를 주선하더라도 그와 임대차계약을 체결하지 않겠다는 의사를 확정적으로 표시하였다면 이러한 경우에까지 임차인에게 신규임차인을 주선하도록 요구하는 것은 불필요한 행위를 강요하는 결과가 되어 부당하다. 이와 같은 특별한 사정이 있다면 임차인이 실제로 신규임차인을 주선하지 않았더라도 임대인의 위와 같은 거절행위는 상가임대차법 제10조의4 제1항 제4호에서 정한 거절행위에 해당한다고 보아야 한다. 따라서 임차인은 같은 조 제3항에 따라 임대인에게 권리금 회수 방해로 인한 손해배상을 청구할 수 있다. 임대인이 위와 같이 정당한 사유 없이 임차인이 주선할 신규임차인이 되려는 자와 임대차계약을 체결할 의사가 없음을 확정적으로 표시하였는지 여부는 임대차계약이 종료될 무렵 신규임차인의 주선과 관련해서 임대","라 한다)을 체결한 다음 식육점을 운영하였고, 이후 이 사건 임대차계약은 여러 차례 갱신되었다. 다. 원고들은 2023. 5. 1.경부터 피고에게 재건축 필요성 등을 이유로 이 사건 임대차계약을 해지한다는 내용의 문자메시지를 보냈고, 2023. 5. 22. 피고를 상대로 임대차계약 종료를 이유로 이 사건 건물의 인도를 구하는 소를 제기하였다. 라. 피고는 2023. 12. 29. 원고 1에게",미검수
법제처 OPEN API/prec,622105,2024가합86459,장애차별구제청구,https://www.law.go.kr/DRF/lawService.do?OC=test&target=prec&ID=622105&type=HTML,(조 번호 미표기),(판단 불명확),판단 불명확,,,,")3-4. 참여 중단 조치가. 즉시 참여 중단2) 즉시 참여 중단 사항나) 장기요양등급 판정을 받은 경우 라. 원고는 2023년 말 2024년 장애인일자리사업 참가자로 선발되어, 2024. 1. 1. 사단법인 ○○○(2024. 5. 17. ‘사단법인 △△△’으로 명칭이 변경되었다, 이하 변경 전후를 불문하고 ‘이 사건 법인’이라 한다)와 근로계약(이하 ‘이 사건 근로계약’이라 한다)을 체결하였다. 이 사건 근로계약의 주요내용은 아래와 같다(갑 제5호증). 2. 계약기간: 2024. 1. 1.부터 2024. 12. 31.까지□ 참여 중단 사항 안내① 즉시 참여 중단- 장기요양등급 판정을 받은 경우5. 주요담당업무: 동료상담(사무보조)7. 임금① 보수는 월 552,160원(고용보험 개인 부담금 포함)8. 앞에 명시된 내용 이외의 사항은「2024년 장애인일자리 사업안내」지침에 따라 시행되며, 지침의 변경 또는 사정에 따라 근로조건은 변경될 수 있음 마. 원고는 (날짜 생략) 65세 이상의 노인이 되었고, 원고의 거주지 관할인 은평구 □□동주민센터 담당자는 원고에게 노인장기요양보험법상 요양등급심사를 받도록 안내하였다. 이에 원고는 장기요양등급심사를 거쳐 2024. 2. 29. 장기요양 1등급(심신의 기능상태 장애로 일상생활에서 전적으로 다른 사람의 도움이 필요한 자로서 장기요양인정 점수가 95점 이상인 자)의 수급자로 판정되었다(갑 제6호증). 바. 이 사건 법인은 원고가 ‘장기요양등급 판정을 받은 경우’에 해당한다고 판단하여 2024. 3. 13.경 원고에게 퇴직을 통보하였다. 사. 이후 피고는 ""2025년 장애인일자리 사업안내(을 제4호증, 이하 ‘2025년 사업안내’라 한다)""를 발간하였는데, Ⅱ. 3. 3-1. 나.항의 ‘참여 신청 제외 대상’ 항목에서 ‘장기요양등급 판정을 받은 사람(등급외자는 신청 가능)’을 삭제하고, Ⅱ. 3. 3-4. 가. 2)항의 ‘즉시 참여 중단 사항’ 항목에서 ‘장기요양등급 판정을 받은 경우’ 역시 삭제하여 장기요양등급 판정자가 장애인일자리사업에 참여할 수 있도록 하는 한편, 선발과정에서 아래와 같이 장기요양등급 판정자에 대한 추가적인 절차를 규정하였다. Ⅱ. 사업운영3. 공통 운영 사항3-1. 참여자 모집 및 선발마. 참여자 선발3) 선발방법다) 수행기관은 필요 시 상담의견서[서식10]를 작성하여 참여 신청자의 장애관련사항, 특이사항 등을 파악해야 함, 특히 장기요양등급 판정자의 경우에는 등급에 따른 특성[서식39] 등을 고려하여 근로 가능 여부 등 반드시 확인하여야 함 ※ 수행기관은 장기요양등급 판정자의 근로 가능 여부 등을 확인하기 위해 필요한 경우 의사진단서 등 제출을 요구할 수 있음라) 수행기관은 선발기준표[서식11]를 작성하여 고득점자 순으로 선발하며, 면접 시 참여 신청자의 사업 참여 가능 여부를 확인하여 최종 선발 여부 확정 ※ 장애인일자리 사업에 참여하는 노인장기요양보험 수급자의 경우, 향후 국민건강보험공단의 장기요양등급 적정성 확인을 위한 조사대상으로 선정될 수 있음을 고지(참여조건 합의서에 관련 내용 반영) 아. 관련 법령은 별지2 기재와 같다. [인정 근거] 다툼 없는 사실, 갑 제1, 2, 4 내지 6호증, 을 제3, 4호증(가지번호 포함, 이하 같다)의 각 기재, 변론 전체의 취지 2. 당사자 주장의 요지 가. 원고 1) 2024년 사업안내 관련 손해배상청구에 대하여 피고는 정당한 사유 없이 2024년 사업안내를 통해 장기요양등급 판정을 받은 장애인을 일률적으로 장애인일자리사업에서 배제하였다. 이는 장기요양등급 판정을 받은 장애인에 대한 직접차별이자, 뇌병변장애인과 지체장애인에 대한 간접차별에 해당한다. 피고는 장애인차별금지 및 권리구제 등에 관한 법률(이하 ‘장애인차별금지법’이라 한다) 제26조 제3항 제2호, 제4조 제1항 제1호, 제2호를 위반하였다. 원고는 위법한 피고의 2024년 사업안내로 인하여 2024. 3. 13.경 이 사건 법인에서 퇴직처리되었고, 이에 따라 위 퇴직시점부터 당초 계약기간인 2024. 12. 31.까지 받을 수 있던 나머지 급여 ","라 한다)을 체결하였다. 이 사건 근로계약의 주요내용은 아래와 같다(갑 제5호증). 2. 계약기간: 2024. 1. 1.부터 2024. 12. 31.까지□ 참여 중단 사항 안내① 즉시 참여 중단- 장기요양등급 판정을 받은 경우5. 주요담당업무: 동료상담(사무보조)7. 임금① 보수는 월 552,160원(고용보험 개인 부담금 포함)8. 앞에 명시된 내용 이외의 사항은「2024년 장애인일자리 사업안내",미검수
법제처 OPEN API/prec,618189,2023다206091,부담금반환청구의소·정산금,https://www.law.go.kr/DRF/lawService.do?OC=test&target=prec&ID=618189&type=HTML,(조 번호 미표기),(판단 불명확),판단 불명확,,,," 기록에 따르면 다음과 같은 사실을 알 수 있다. 가. 피고(반소원고, 이하 ‘피고’라 한다)는 울산 남구 (이하 생략) 일원을 사업시행구역으로 하여 주택건설사업을 시행하기 위해 설립된 지역주택조합이다. 나. 소외인과 원고(반소피고, 이하 ‘원고’라 한다) 1은 2014년 말경과 2015년 초경 사이에 피고의 전신인 (가칭)○○지역주택조합 추진위원회와 이 사건 조합가입계약을 체결하였고, 원고 2는 소외인으로부터 조합원 지위를 양수하였다. 다. 이 사건 조합가입계약에서는 원고들이 각자 총분담금 2억 1,156만 원을 납입하고 업무용역비 1,000만 원을 별도로 지급해야 하는 것으로 되어 있다. 이에 따라 원고들은 피고에게 각 분담금 합계 51,756,000원을 납입하였고, 각 1,000만 원을 업무용역비로 지급하였다. 라. 이 사건 조합가입계약 제3조는 ""조합원 자격 부적격(상실), 조합원 탈퇴(해지, 해제, 조합사업추진불가) 등의 사유로 조합원 납입금액을 환불 시 계약금은 경비 정산 후 환불되며, 업무용역비는 환불되지 않습니다.""라고 정하였다. 피고 조합 규약 제12조 제4항은 ""탈퇴, 조합원 자격의 상실, 제명 등으로 조합원의 지위를 상실한 자에 대하여는 조합원이 납입한 제 납입금에서 추진비로 납부한 금액을 공제한 잔액을 환급청구일로부터 30일 이내에 지급하되, 총회의 의결로 공제할 공동부담금 및 환급시기를 따로 정할 수 있다.""라고 규정하고 있다. 마. 피고는 2019. 4. 28. 개최된 정기총회에서 ‘탈퇴, 조합원 자격의 상실, 제명 등으로 조합원의 지위를 상실한 자에 대하여는 조합원이 납입한 제 납입금(분담금 + 업무용역비) 중 전체 분담금의 20%와 업무용역비 100%를 제외한 잔액을 반환한다.’는 내용으로 이 사건 의결을 하였다. 바. 이후 원고 1의 최종 분담금은 3억 5,000만 원(업무용역비 포함)으로, 원고 2의 최종 분담금은 3억 4,100만 원(업무용역비 포함)으로 확정되었다. 사. 피고 조합 규약 제8조 제1호는 ‘주택조합설립인가 신청일부터 당해 조합주택의 입주가능일까지 주택을 소유하지 아니하거나 주거전용면적 85㎡ 이하의 주택 1채를 소유한 세대주일 것’을 조합원 자격으로 정하였는데, 원고 1은 이 사건 조합가입계약 체결 당시에, 원고 2는 소외인으로부터 조합원 지위를 양수할 당시에 각 세대주 지위를 갖추고 있었으나 이 사건 의결 이후에 원고 1은 2019. 6. 10., 원고 2는 2019. 6. 3. 각 세대주 지위를 상실하였다. 2. 판단 가. 원심은 판시와 같은 이유로 다음과 같이 판단하였다. 1) 피고 조합 규약 제12조 제4항에 따라 이 사건 의결에서 공제금을 정한 것은, 조합원의 지위 상실로 인하여 실제 피고에게 손해가 발생하였는지 여부 및 손해액 확정에 관한 분쟁을 예방함과 동시에 조합원들에게 심리적 부담을 주어 조합원 자격을 유지할 의무를 이행하도록 강제하는 효과도 있으므로 손해배상액의 예정에 해당한다. 2) 이 사건 의결과 같은 합동행위로 손해배상액을 예정한 경우에도 손해배상예정액을 감액할 수 있는 민법 제398조 제2항이 적용되고, 기록에 나타난 여러 사정 등에 비추어 볼 때 이 사건 의결에서 전체 분담금의 20%를 공제금으로 정한 것은 부당히 과다하므로 이를 전체 분담금의 10%로 감액함이 타당하다. 나. 원심판결의 이유를 관련 법리와 기록에 비추어 살펴보면, 원심이 설시한 손해배상예정액 감액사유에 다소 부적절한 부분이 있기는 하나 원심의 결론은 수긍할 수 있고, 거기에 상고이유 주장과 같이 논리와 경험의 법칙을 위반하여 자유심증주의의 한계를 벗어나거나 손해배상액 예정의 성립, 비법인사단 총회 결의의 해석, 민법 제398조 제2항의 적용 범위 및 감액 요건 등에 관한 법리를 오해하여 판결에 영향을 미친 잘못이 없다. 3. 결론 상고를 모두 기각하고 상고비용은 패소자가 부담하도록 하여, 관여 대법관의 일치된 의견으로 주문과 같이 판결한다. 대법관 이숙연(재판장) 이흥구 오석준(주심) 노경필 ]]>","조합원 지위를 양수하였다. 다. 이 사건 조합가입계약에서는 원고들이 각자 총분담금 2억 1,156만 원을 납입하고 업무용역비 1,000만 원을 별도로 지급해야 하는 것으로 되어 있다. 이에 따라 원고들은 피고에게 각 분담금 합계 51,756,000원을 납입하였고, 각 1,000만 원을 업무용역비로 지급하였다. 라. 이 사건 조합가입계약 제3조는 ""조합원 자격 부적격(상실), 조합원 탈퇴(해지, 해제, 조합사업추진불가) 등의 사유로 조합원 납입금액을 환불 시 계약금은 경비 정산 후 환불되며, 업무용역비는 환불되지 않습니다.",미검수
법제처 OPEN API/prec,619493,2023나20705,업무대행자 지위 확인 등,https://www.law.go.kr/DRF/lawService.do?OC=test&target=prec&ID=619493&type=HTML,(조 번호 미표기),위험,판례 문맥 추론 · 단일 신호,위험,,,"회사의 주주명부에는 총 주식수 중 60%를 소외 3이, 40%를 소외 2가 소유하는 것으로 기재되어 있다.""로 고친다. ▣ 제1심 판결문 제6면 제7행 중 ""28호증""을 ""28, 49 내지 52, 56, 112, 113, 146호증""으로 고친다. 2. 피고의 본안 전 항변에 대한 판단 가. 피고의 항변 요지 원고의 업무대행자 지위 확인 청구는, ① 이 사건 업무대행계약이 이미 해지되었음이 명백하고, 원고가 2021. 1.경 ‘이 사건 대리사무계약상 원고가 가지는 일체의 지위가 소멸되었음을 확인한다’는 내용의 지위소멸확인서(이하 ‘이 사건 지위소멸확인서’라 한다)를 작성함으로써 현실적으로 업무대행자로서 피고의 조합업무에 관여할 수도 없는 상태에서, 오로지 피고의 조합 업무를 방해할 목적으로 지위확인을 구하고 있는 점, ② 원고는 2024. 8. 21. 피고에게 ‘향후 공동주택이 준공되면 잔여 업무대행수수료를 추가로 청구할 예정이다’라는 공문(을 제136호증)을 발송하였는바, 이행소송인 잔여 업무대행수수료 청구의 소를 제기함으로써 위 목적을 실현할 수 있는 점에서 그 확인의 이익이 인정되지 않아 부적법하다. 나. 관련 법리 확인의 소에는 권리보호요건으로서 확인의 이익이 있어야 하고, 확인의 이익은 확인판결을 받는 것이 원고의 권리 또는 법률상의 지위에 현존하는 불안·위험을 제거하는 가장 유효적절한 수단일 때에 인정된다(대법원 2019. 6. 13. 선고 2017다277986, 277993 판결 참조). 기본이 되는 포괄적 권리관계로부터 파생하는 청구권을 주장하여 이행청구를 하는 것이 가능한 경우라도 그 기본이 되는 권리관계 자체에 대하여 다툼이 있어서 즉시 확정의 현실적 필요가 있는 경우에는 확인의 소를 제기할 수 있다(대법원 2020. 6. 4. 선고 2016다245142 판결 등 참조). 다. 판단 앞서 든 증거들 및 갑 제36, 43호증, 을 제148호증의 각 기재에 변론 전체의 취지를 더하여 알 수 있는 다음과 같은 사정들, 즉 ① 원고는 이 사건 업무대행계약의 효력이 존속하고 있다고 주장함에 대하여, 피고는 위 업무대행계약이 이미 해지되어 효력이 없다고 다투고 있는 점, ② 원고는 2023. 7. 25. 피고의 새로운 업무대행사인 주식회사 ☆☆☆(이하 ‘소외 5 회사’라고만 한다)에게 ‘현재 원고의 피고에 대한 업무대행자 지위 확인소송이 진행 중이고, 향후 원고는 피고의 업무대행자로서 이 사건 업무대행계약에 기한 업무를 성실히 수행할 예정이며, 귀사가 향후에도 피고의 대행업무를 수행할 경우 원고에 대하여 법적 책임을 지게 된다’는 취지의 내용증명우편을 발송하기도 한 점, ③ 피고가 신축한 공동주택에 대하여 2024. 11. 29. 자로 사용검사가 완료되긴 하였으나, 이 사건 업무대행계약은 원고가 수행하여야 할 대행업무 범위에 조합청산 업무까지 포함하고 있고 업무대행기간을 ‘조합 청산일까지’로 정하고 있어서, 원고의 업무대행자 지위를 확인하는 판결이 확정되는 경우 원고가 향후 피고의 청산 등 업무를 수행할 수 있는지 여부가 달라지는 점, ④ 가사 이 사건 지위소멸확인서 작성으로 인해 원고가 ▽▽▽신탁에 대하여 더 이상 이 사건 대리사무계약상의 PM용역사 지위를 주장할 수 없게 되었다고 보더라도, 그 사정만으로 원고가 이 사건 업무대행계약에 따른 조합청산 대행업무 등을 수행하는 것이 불가능하게 되었다고 단정할 수도 없는 점 등에 비추어 보면, 원고의 업무대행자 지위 확인청구는 이 사건 업무대행계약과 관련한 원고의 현재 및 장래의 법률상 지위에 관한 법적 불안정을 해소하는 데 필요하고도 적절한 수단이 될 수 있으므로, 그 확인을 구할 이익이 있다고 봄이 타당하다. 따라서 피고의 본안 전 항변은 이유 없다. 3. 업무대행자 지위 확인청구에 관한 본안 판단 가. 당사자들의 주장 요지 1) 원고",사건 대리사무계약상 원고가 가지는 일체의 지위가 소멸되었음을 확인한다,미검수
법제처 OPEN API/prec,619493,2023나20705,업무대행자 지위 확인 등,https://www.law.go.kr/DRF/lawService.do?OC=test&target=prec&ID=619493&type=HTML,(조 번호 미표기),(판단 불명확),판단 불명확,,,,"도 인정된다(4 주장). (3) 원고는 위와 같이 수임인으로서의 선관주의의무를 위반하거나 피고에 대한 범죄행위 등 불법행위를 저질렀고 사익 추구를 위해 피고에 대한 반신의적 행위를 하였으므로, 원·피고 사이에는 위임계약의 기초가 되는 신뢰관계가 파탄되어 더 이상 업무대행계약관계의 존속을 기대할 수 없게 되었다(5 주장). 나. 지위소멸확인서 작성에 따라 이 사건 업무대행계약이 합의해지되었는지 여부(1 주장에 관한 판단) 1) 앞서 든 증거들 및 을 제1호증의 기재에 변론 전체의 취지를 종합하면, 피고가 원고에게 이 사건 해지통지를 발송한 이후인 2020. 12. 30. 재차 원고에게 ‘이 사건 업무대행계약이 해지되었고 이에 따라 원고의 업무대행자 지위가 소멸하였다’고 통보하면서 ""원고는 대리사무계약의 업무대행사로서 대리사무계약상 갖는 일체의 지위가 소멸되었음을 확인하며, 향후 이에 대해 귀사에 어떠한 이의도 제기하지 않을 것임을 확인합니다. ▽▽▽신탁 귀중.""이라고 기재된 지위소멸확인서를 작성해 줄 것을 요구한 사실, 원고는 이에 대해 별다른 이의를 제기하지 않은 채 2021. 1. 15. 위와 같은 내용의 이 사건 지위소멸확인서를 작성해 준 사실은 인정된다. 2) 그러나, 앞서 든 증거들에 변론 전체의 취지를 종합하여 알 수 있는 다음과 같은 사정들, 즉 ① 이 사건 지위소멸확인서는 소멸의 대상으로 ‘원고가 이 사건 대리사무계약상 PM용역사로서 가지는 일체의 지위’만을, 그 의사표시의 상대방으로 ‘▽▽▽신탁’만을 각 적시하고 있는 점, ② 비록 이 사건 대리사무계약이 이 사건 업무대행계약에 따른 원고의 대행업무를 원활히 수행하게 할 목적으로 체결되었다고 하더라도, 양 계약은 당사자 및 계약 내용을 달리 하는 별개의 계약이고, 이 사건 대리사무계약상의 원고 지위나 권리(자금집행에 대한 동의권)가 소멸된다고 하여 곧바로 원고가 이 사건 업무대행계약에 따른 권리 행사나 의무 이행을 할 수 없게 되는 것은 아닌 점, ③ 계약의 합의해지는 계약 당사자 간에 기존 계약의 효력을 장래에 향하여 소멸시키기로 하는 내용의 청약과 승낙이라는 서로 대립하는 의사표시가 합치될 것을 요건으로 하는데, 이 사건 지위소멸확인서 날인 당시 원고가 피고에게 이 사건 업무대행계약의 효력까지 소멸시킨다는 의사표시를 하였다고 볼 만한 객관적인 자료가 없는 점, ④ 실제로 원고는 이 사건 지위소멸확인서에 날인한 후 약 3개월 뒤인 2021. 4. 29. ‘피고의 이 사건 해지통지가 무효이고 원고의 업무대행자 지위가 유지되고 있다’고 주장하면서 이 사건 소를 제기한 점 등을 고려하면, 위 1)항 기재 사실들 및 피고가 제출한 증거들만으로는 원고가 이 사건 지위소멸확인서 작성을 통해 이 사건 업무대행계약을 해지하기로 피고와 합의하였다고 인정하기에 부족하고, 달리 이를 인정할 증거가 없다. 3) 따라서 피고의 이 부분 주장은 이유 없다. 다. 민법 제689조 제1항에 따라 이 사건 업무대행계약이 해지되었는지 여부(2 주장에 관한 판단) 이 부분에 관하여 이 법원이 적을 이유는, 아래와 같이 일부 수정하는 것 외에는 제1심판결 이유 제3의 다.항 중 2)항 및 3)항 부분(제1심 판결문 제9면 제4행부터 제10면 제17행까지)의 기재와 같으므로, 민사소송법 제420조 본문에 의하여 이를 그대로 인용한다. ▣ 제1심 판결문 제9면 제4행 중 ""2)""를 ""1)""로, 제17행 중 ""3)""을 ""2)""로 각 고친다. ▣ 제1심 판결문 제10면 제2행 중 ""갑 제5호증, 을 제9, 10호증의 각 기재에 의하면""을 ""앞서 든 증거들 및 갑 제46호증, 을 제48, 53호증의 각 기재에 변론 전체의 취지를 종합하면""으로 고친다. ▣ 제1심 판결문 제10면 제16, 17행 중 ""해지사유(이하 ‘이 사건 해지사유’라 한다)에 의해서만 이 사건 업무대행 계약을 해지할 수 있다.""를 ""해지사유(이하 ‘이 사건 약정해지사유’라 한다)에 따른 약정해지 또는 채무불이행 등을 이유로 한 법정해지에 의하지 않고는 이 사건 업무대행계약을 해지할 수 없다. 이와 전제를 달리하는 피고의 이 ","합의해지되었는지 여부(1 주장에 관한 판단) 1) 앞서 든 증거들 및 을 제1호증의 기재에 변론 전체의 취지를 종합하면, 피고가 원고에게 이 사건 해지통지를 발송한 이후인 2020. 12. 30. 재차 원고에게 ‘이 사건 업무대행계약이 해지되었고 이에 따라 원고의 업무대행자 지위가 소멸하였다’고 통보하면서 ""원고는 대리사무계약의 업무대행사로서 대리사무계약상 갖는 일체의 지위가 소멸되었음을 확인하며, 향후 이에 대해 귀사에 어떠한 이의도 제기하지 않을 것임을 확인합니다. ▽▽▽신탁 귀중.""이",미검수
법제처 OPEN API/prec,619493,2023나20705,업무대행자 지위 확인 등,https://www.law.go.kr/DRF/lawService.do?OC=test&target=prec&ID=619493&type=HTML,(조 번호 미표기),(판단 불명확),판단 불명확,,,,"이라고 기재된 지위소멸확인서를 작성해 줄 것을 요구한 사실, 원고는 이에 대해 별다른 이의를 제기하지 않은 채 2021. 1. 15. 위와 같은 내용의 이 사건 지위소멸확인서를 작성해 준 사실은 인정된다. 2) 그러나, 앞서 든 증거들에 변론 전체의 취지를 종합하여 알 수 있는 다음과 같은 사정들, 즉 ① 이 사건 지위소멸확인서는 소멸의 대상으로 ‘원고가 이 사건 대리사무계약상 PM용역사로서 가지는 일체의 지위’만을, 그 의사표시의 상대방으로 ‘▽▽▽신탁’만을 각 적시하고 있는 점, ② 비록 이 사건 대리사무계약이 이 사건 업무대행계약에 따른 원고의 대행업무를 원활히 수행하게 할 목적으로 체결되었다고 하더라도, 양 계약은 당사자 및 계약 내용을 달리 하는 별개의 계약이고, 이 사건 대리사무계약상의 원고 지위나 권리(자금집행에 대한 동의권)가 소멸된다고 하여 곧바로 원고가 이 사건 업무대행계약에 따른 권리 행사나 의무 이행을 할 수 없게 되는 것은 아닌 점, ③ 계약의 합의해지는 계약 당사자 간에 기존 계약의 효력을 장래에 향하여 소멸시키기로 하는 내용의 청약과 승낙이라는 서로 대립하는 의사표시가 합치될 것을 요건으로 하는데, 이 사건 지위소멸확인서 날인 당시 원고가 피고에게 이 사건 업무대행계약의 효력까지 소멸시킨다는 의사표시를 하였다고 볼 만한 객관적인 자료가 없는 점, ④ 실제로 원고는 이 사건 지위소멸확인서에 날인한 후 약 3개월 뒤인 2021. 4. 29. ‘피고의 이 사건 해지통지가 무효이고 원고의 업무대행자 지위가 유지되고 있다’고 주장하면서 이 사건 소를 제기한 점 등을 고려하면, 위 1)항 기재 사실들 및 피고가 제출한 증거들만으로는 원고가 이 사건 지위소멸확인서 작성을 통해 이 사건 업무대행계약을 해지하기로 피고와 합의하였다고 인정하기에 부족하고, 달리 이를 인정할 증거가 없다. 3) 따라서 피고의 이 부분 주장은 이유 없다. 다. 민법 제689조 제1항에 따라 이 사건 업무대행계약이 해지되었는지 여부(2 주장에 관한 판단) 이 부분에 관하여 이 법원이 적을 이유는, 아래와 같이 일부 수정하는 것 외에는 제1심판결 이유 제3의 다.항 중 2)항 및 3)항 부분(제1심 판결문 제9면 제4행부터 제10면 제17행까지)의 기재와 같으므로, 민사소송법 제420조 본문에 의하여 이를 그대로 인용한다. ▣ 제1심 판결문 제9면 제4행 중 ""2)""를 ""1)""로, 제17행 중 ""3)""을 ""2)""로 각 고친다. ▣ 제1심 판결문 제10면 제2행 중 ""갑 제5호증, 을 제9, 10호증의 각 기재에 의하면""을 ""앞서 든 증거들 및 갑 제46호증, 을 제48, 53호증의 각 기재에 변론 전체의 취지를 종합하면""으로 고친다. ▣ 제1심 판결문 제10면 제16, 17행 중 ""해지사유(이하 ‘이 사건 해지사유’라 한다)에 의해서만 이 사건 업무대행 계약을 해지할 수 있다.""를 ""해지사유(이하 ‘이 사건 약정해지사유’라 한다)에 따른 약정해지 또는 채무불이행 등을 이유로 한 법정해지에 의하지 않고는 이 사건 업무대행계약을 해지할 수 없다. 이와 전제를 달리하는 피고의 이 부분 주장은 이유 없다.""로 고친다. 라. 이 사건 업무대행계약 제13조에 따라 위 계약이 해지되었는지 여부(3, 4 주장에 관한 판단) 이 부분에 관하여 이 법원이 적을 이유는, 아래와 같이 일부 수정하는 것 외에는 제1심판결 이유 제3의 라.항 부분(제1심 판결문 제10면 제19행부터 제21면 제11행까지)의 기재와 같으므로, 민사소송법 제420조 본문에 의하여 이를 그대로 인용한다. ▣ 제1심 판결문 제11면 제5행 및 그 이하의 각 ""이 사건 해지사유""를 ""이 사건 약정해지사유""로 각 고친다. ▣ 제1심 판결문 제11면 제8행 중 ""송치의견서""부터 제10행까지를 ""◎◎ 회계법인이 작성한 피고에 ","만을, 그 의사표시의 상대방으로 ‘▽▽▽신탁",미검수
법제처 OPEN API/prec,619493,2023나20705,업무대행자 지위 확인 등,https://www.law.go.kr/DRF/lawService.do?OC=test&target=prec&ID=619493&type=HTML,(조 번호 미표기),(판단 불명확),판단 불명확,,,,"부담하였다가 피고가 정식으로 설립된 후 피고로부터 위 비용을 정산받기로 한다는 의미이고, 피고도 위 조항을 같은 의미로 이해했기에 조합원총회 의결을 거쳐서 원고에게 원고가 부담했던 조합사무실 운영비용 197,027,480원을 지급한 것이며, 위 197,027,480원 외의 조합사무실 운영비용은 원고가 피고로부터 지급받은 사실이 없다’고 주장하면서 다툰다. 이 사건 업무대행계약의 계약조건 제4조 제2항은 ‘조합사무실 운영비용(인건비 포함)은 조합 설립 전까지 업무대행사에서 부담한다’고만 정하고 있을 뿐, 추후에 그 비용을 조합 자금에서 정산한다거나 원고에게 반환한다는 등의 단서가 붙어있지 않은 반면에, 대행정산비용 289,000,000원에 관하여는 같은 조 제7항 및 제9항에서 ""원고가 피고(추진위원회)에게 대여하기로 하고"", ""원고의 대여금은 피고 조합원들의 조합운영비에서 정산하기로 한다""라고 규정하여 추후 반환되어야 하는 ‘대여금’임을 명시하고 있는 점, 원고도 2023. 4. 25. 자 준비서면에서는 ‘사업을 위한 일체의 비용은 피고 조합이 부담해야 하는 것이지만, 이 사건 업무대행계약 당시 추진위원회의 강력한 요구를 원고가 수용하여 제4조 제2항을 정하게 되었다. 그런데 그 이후 원고가 당초 예상했던 것보다 장기간 동안 많은 자금을 투입하면서 예정된 범위를 넘는 업무를 수행하여야 했고, 그러한 원고의 노력으로 2년 반 만에 피고가 조합설립 인가를 받을 수 있게 되자, 이러한 노력에 대한 보상으로 피고 조합이 원고가 지출한 조합사무실 운영비용 197,027,480원을 보전해 준 것이다.’라는 취지로 주장한 바 있는 점 등을 고려하면, 이 사건 업무대행계약 당시에는 원고와 추진위원회가 조합 설립 전까지의 추진위원회 사무실 운영비용을 원고가 최종적으로 부담하기로 약정했던 것으로 보이긴 한다. 그러나 피고 조합이 설립된 이후에 개최된 2017. 9. 16. 자 피고 정기총회에서 ‘2014. 12.경부터 2017. 8. 20.까지 원고로부터 받은 추진위원회 사업비 및 지출경비, 차입금을 상환’할 목적으로 제안된 ‘사업비 지출경비 승인’ 안건이 가결된 점(위 안건 결의에서 승인된 2017. 8. 20.까지의 사업비 및 경비, 차입금은 ㉮ 토지 매수대금과 건축설계대금을 비롯한 각종 선급금 합계 1,160,869,200원, ㉯ 원고로부터의 차입금 109,000,000원, ㉰ 사무용품 등 기타비용, 업무추진비 등 지출내역 합계 197,027,480원이었다), 그 후 2019. 5. 24. 개최된 피고 이사회에서는 원고에 대한 차입금채무 원금 1,269,869,200원(위 총회에서 승인받은 ㉮ 1,160,869,200원과 ㉯ 109,000,000원을 합한 금액이다) 및 이에 대한 이자 332,725,376원을 상환하기로 하는 결의가 이루어진 점, 피고는 2019. 10. 1. ▽▽▽신탁에게 원고에 대한 피고의 차입금 1,467,003,000원 및 이자 332,725,376원을 합한 1,799,728,376원의 자금집행을 요청하여, 2019. 10. 4. 원고에게 위 1,799,728,376원이 지급되었는데, 그중 차입금 원금 1,467,003,000원은 위 1,269,869,200원에다가 2017. 9. 16. 자 총회에서 승인된 지출경비 197,027,480원(㉰)을 더한 금액으로 보이는 점을 종합해 보면, 피고는 조합원총회의 결의를 거쳐 원고와의 사이에 조합설립 전의 사무실 운영비용으로 원고가 지출한 197,027,480원을 반환해 주기로 합의한 후 원고에게 위 비용을 반환하였다고 보아야 하므로, 이를 ‘용역업무 이행에 필요한 비용을 부담하지 않는 경우’ 내지 ‘조합사무실 운영비를 3개월 이상 연체하는 경우’ 등의 약정해지사유에 해당한다고 보기는 어렵다. 한편 피고는 ‘피고 설립 인가일까지의 조합사무실 운영비용으로 384,720,618원이 발생했고 위 금액이 원고에 대한 단기차입금채무로 계상되어 2019. 10. 4. 변제되었으며, 위 384,720,618원의 차입금 계상에 대해서는 피고의 이사회나 총회 결의가 없었다’고 ","계약조건 제4조 제2항은 ‘조합사무실 운영비용(인건비 포함)은 조합 설립 전까지 업무대행사에서 부담한다’고만 정하고 있을 뿐, 추후에 그 비용을 조합 자금에서 정산한다거나 원고에게 반환한다는 등의 단서가 붙어있지 않은 반면에, 대행정산비용 289,000,000원에 관하여는 같은 조 제7항 및 제9항에서 ""원고가 피고(추진위원회)에게 대여하기로 하고"", ""원고의 대여금은 피고 조합원들의 조합운영비에서 정산하기로 한다",미검수
법제처 OPEN API/prec,619493,2023나20705,업무대행자 지위 확인 등,https://www.law.go.kr/DRF/lawService.do?OC=test&target=prec&ID=619493&type=HTML,제3조,(판단 불명확),판단 불명확,,,,"한 증거들만으로는 ‘쌍방이 인정할 수 있는 부득이한 사유가 있을 경우’ 내지 ‘원고가 용역업무를 보고 없이 3개월 이상 진행하지 않은 경우’ 등 이 사건 약정해지사유에 해당한다고 보기 어려울 뿐만 아니라, 원고가 이 사건 업무대행계약상의 채무를 불이행하였다거나 소외 3과 소외 4가 원고의 직무집행에 관하여 불법행위를 저질렀다고 인정하기에 부족하다. (1) 이 사건 업무대행계약 제3조 제1항 제1호 (17)목은 ‘분양대행 관련 수수료는 원고가 지급받는 대행수수료 범위에서 제외한다’고 규정하고 있으므로, 이 사건 업무대행계약상의 대행업무 범위에 분양대행 용역은 포함되지 아니함이 명백하고, 원고에게 피고를 위해 분양대행업체를 선정해 주거나 피고의 분양대행계약 체결을 대행 또는 주선할 의무를 부과하는 조항도 없다. 그렇다면 피고가 소외 1 회사와 2017. 12. 7. 자 및 2019. 5. 24. 자 각 분양대행계약을 체결함에 있어서 조합원총회 결의를 거치지 않았더라도, 원고가 피고의 대표자 등 임원들과 통모하여 피고의 의사결정을 사실상 지배하는 지위에 있었다고 볼 만한 뚜렷한 증거가 없는 이 사건에서, 위 각 분양대행계약의 체결 자체가 원고의 이 사건 업무대행계약상의 의무 불이행(선관주의의무 위반) 내지 불법행위를 구성한다고 단정하기는 어렵다. (2) 소외 3이 원고의 부회장으로서 이 사건 업무대행계약의 실무를 일부 담당함과 아울러 소외 1 회사의 과반주주로서 원고와 소외 1 회사의 의사결정에 동시에 영향을 미칠 수 있는 지위에 있었다고 하더라도, 원고와 소외 1 회사는 별개의 법인격을 가지는 독립된 권리·의무의 주체이므로, 소외 1 회사가 위 각 분양대행계약에 따른 용역업무를 이행하지 않은 것에 대해 원고가 책임을 부담해야 한다고 볼 수 없다. 또한 소외 3이나 소외 4가 당시 피고 조합의 임원들과 통모하여 이 부분 자금 집행에 관한 피고의 의사결정을 사실상 지배하였다고 볼 만한 자료가 없는 이상, 피고가 위 분양대행계약에 따른 용역대금을 소외 1 회사에게 지급한 것과 관련하여 원고에게 이 사건 업무대행계약에 기한 채무불이행 책임이 있다고 보기도 어렵다. (3) 피고는 ‘위법하게 작성된 2020. 9. 7. 자 정산합의서에 따라 소외 1 회사가 피고로부터 770,000,000원을 우선 지급받은 것’에 관하여 소외 9, 소외 3, 소외 4를 특정경제범죄가중처벌등에관한법률위반(배임) 등 혐의로 고소하였는데, 2021. 12. 15. 안양동안경찰서는 ‘당시 소외 1 회사가 2015. 4. 20. 자, 2017. 12. 7. 자 각 분양대행계약에 기한 용역대금을 지급받기 위해 피고 소유 부동산을 가압류한 상태였고, 피고 조합의 운영비 조달이 시급한 상황이어서 부득이하게 위 2020. 9. 7. 자 정산합의서를 작성한 것으로, 범죄 혐의를 인정하기 어렵다’는 이유로 불송치결정을 하였고, 피고가 이에 대하여 이의신청을 하였으나, 이 법원 변론종결일까지도 위 혐의사실에 대하여 공소제기가 이루어지지 않은 것으로 보인다. 또한 피고는 앞에서 본 소외 1 회사와 소외 9, 소외 3, 소외 4를 상대로 제기한 소송에서 ‘2020. 9. 7. 자 정산합의서에 따라 770,000,000원을 지급받은 행위가 횡령 내지 배임의 불법행위에 해당한다’고 주장하면서 같은 금액의 손해배상청구도 하였는데, 이 부분 청구에 대해서는 ‘피고와 소외 1 회사 사이에 2015. 4. 20. 자, 2017. 12. 7. 자 각 분양대행계약이 체결된 사실이 있고, 소외 1 회사는 2020. 1.경부터 피고에게 분양대행 용역대금의 지급을 요청하였으며, 피고의 2020. 3. 5. 자 이사회에서도 이러한 점이 언급되었다’는 등의 이유로 횡령 내지 배임의 불법행위 성립을 부정하는 판결이 확정되었다. 위와 같은 관련 민·형사사건에서의 판결문",분양대행 관련 수수료는 원고가 지급받는 대행수수료 범위에서 제외한다,미검수
법제처 OPEN API/prec,619493,2023나20705,업무대행자 지위 확인 등,https://www.law.go.kr/DRF/lawService.do?OC=test&target=prec&ID=619493&type=HTML,(조 번호 미표기),(판단 불명확),판단 불명확,,,," 해지사유 12에 관한 판단 가) 을 제49 내지 51, 56, 59, 109호증의 각 기재에 의하면, ㉠ 피고는 소외 1 회사와의 사이에 2018. 7. 18., 2018. 12. 11., 2019. 5. 21. 세 차례에 걸쳐 서류징구업무 용역계약을 체결하였고, 그중 2018. 7. 18. 자 용역계약은 ‘미동의서 제출서류 징구’ 및 ‘공동주택약정서, 관리신탁처분계약서 징구’를, 2018. 12. 11. 자 용역계약은 공동주택약정서, 관리신탁처분계약서 징구‘를, 2019. 5. 21. 자 용역계약은 ’공동주택 매매계약서 징구‘를 각 그 목적으로 하는 사실, ㉡ 피고가 소외 1 회사를 상대로 ‘피고가 위 2019. 5. 21. 자 서류징구업무 용역계약에 기해 소외 1 회사에게 지급한 47,740,000원을 포함한 250,140,000원의 부당이득반환’을 구하는 소송(수원지방법원 안양지원 2020가합101961, 수원고등법원 2022나23868, 대법원 2024다243660 사건)에서 ‘2019. 5. 21. 자 서류징구업무 용역계약은 예산으로 정한 사항 외에 조합원에게 부담이 될 계약이므로 피고 총회의 결의를 거쳐야 함에도 이를 거치지 아니하여 무효이고, 위 용역계약에 따른 매매계약서 등 징구 업무를 소외 1 회사가 실제로 수행했다고 보기도 어렵다’라는 이유로 피고의 소외 1 회사에 대한 위 250,140,000원의 부당이득반환청구를 인용하는 판결이 선고되어 확정된 사실이 인정된다. 한편 원고와 피고 사이의 이 사건 업무대행계약 제3조 제1항 본문에서 ‘원고는 이 사건 사업과 관련이 있는 토지사용승낙서 및 각종 동의서 확보를 포함하여 다음 각 호의 업무를 수행하여야 한다’고 규정하고 있는 사실은 기초사실에서 본 바와 같으므로, 피고와 소외 1 회사 사이의 위 각 용역계약에서 정한 서류징구업무는 본래 원고가 이 사건 업무대행계약에 따라 수행하여야 하는 업무범위에 속하는 것이라고 볼 여지가 있긴 하다. 나) 그러나, 위 기초사실에 의하여 알 수 있거나, 갑 제40, 45호증, 을 제17호증의 각 기재에 변론 전체의 취지를 종합하여 인정할 수 있는 다음과 같은 사실 및 사정들에 비추어 보면, 위 가)항에서 인정한 사실이나 피고가 제출한 증거들만으로는 피고가 소외 1 회사에게 위 각 서류징구업무 용역계약에 따른 용역대금을 지급한 것과 관련하여 이 사건 업무대행계약 제13조 제1항 가.호에서 정한 해지사유 또는 그 밖의 약정해지사유가 존재한다고 보기 어렵고, 위 용역대금 지급과 관련하여 원고가 이 사건 업무대행계약상의 채무를 불이행하였다거나 소외 3과 소외 4가 원고의 직무집행에 관하여 불법행위를 저질렀다고 인정하기에도 부족하다. (1) 이 사건 업무대행계약의 계약조건 제12조 제2항 및 제3항은 ‘원고는 효율적인 업무수행의 필요에 의하여 업무의 일부를 제3자에게 의뢰하여 수행하게 하거나 원고와 공동으로 업무를 수행하게 할 수 있다. 이 경우 피고와 협의하여 피고의 승인 하에 시행하여야 한다.’고 규정하여, 피고의 승인 하에 원고의 업무 일부를 제3자에게 위탁할 수 있도록 하고 있다. 이에 따르면 원고가 이 사건 업무대행계약에 따라 수행하여야 하는 업무의 일부를 소외 1 회사 등 다른 업체에게 위탁하는 것이 금지된다고 볼 수 없고, 이 경우 다른 업체에 업무 일부를 위탁함에 따라 소요되는 비용을 반드시 원고가 부담하여야 한다는 규정도 없다. 오히려 이 사건 업무대행계약의 계약조건 제3조 제1항 제1호 17목은 ‘대여금 기타 피고와 원고가 인정하는 업무비용은 대행수수료 범위에서 제외한다’고 규정하고 있으므로, 다른 업체에게 지급되는 외주 업무비용이라도 원·피고가 협의하여 피고의 부담으로 하는 것이 가능한데, 피고의 2018. 7. 17. 자 및 2019. 6. 5. 자 각 이사",", 2018. 12. 11. 자 용역계약은 공동주택약정서, 관리신탁처분계약서 징구",미검수
법제처 OPEN API/prec,619493,2023나20705,업무대행자 지위 확인 등,https://www.law.go.kr/DRF/lawService.do?OC=test&target=prec&ID=619493&type=HTML,(조 번호 미표기),(판단 불명확),판단 불명확,,,,", 2018. 12. 11., 2019. 5. 21. 세 차례에 걸쳐 서류징구업무 용역계약을 체결하였고, 그중 2018. 7. 18. 자 용역계약은 ‘미동의서 제출서류 징구’ 및 ‘공동주택약정서, 관리신탁처분계약서 징구’를, 2018. 12. 11. 자 용역계약은 공동주택약정서, 관리신탁처분계약서 징구‘를, 2019. 5. 21. 자 용역계약은 ’공동주택 매매계약서 징구‘를 각 그 목적으로 하는 사실, ㉡ 피고가 소외 1 회사를 상대로 ‘피고가 위 2019. 5. 21. 자 서류징구업무 용역계약에 기해 소외 1 회사에게 지급한 47,740,000원을 포함한 250,140,000원의 부당이득반환’을 구하는 소송(수원지방법원 안양지원 2020가합101961, 수원고등법원 2022나23868, 대법원 2024다243660 사건)에서 ‘2019. 5. 21. 자 서류징구업무 용역계약은 예산으로 정한 사항 외에 조합원에게 부담이 될 계약이므로 피고 총회의 결의를 거쳐야 함에도 이를 거치지 아니하여 무효이고, 위 용역계약에 따른 매매계약서 등 징구 업무를 소외 1 회사가 실제로 수행했다고 보기도 어렵다’라는 이유로 피고의 소외 1 회사에 대한 위 250,140,000원의 부당이득반환청구를 인용하는 판결이 선고되어 확정된 사실이 인정된다. 한편 원고와 피고 사이의 이 사건 업무대행계약 제3조 제1항 본문에서 ‘원고는 이 사건 사업과 관련이 있는 토지사용승낙서 및 각종 동의서 확보를 포함하여 다음 각 호의 업무를 수행하여야 한다’고 규정하고 있는 사실은 기초사실에서 본 바와 같으므로, 피고와 소외 1 회사 사이의 위 각 용역계약에서 정한 서류징구업무는 본래 원고가 이 사건 업무대행계약에 따라 수행하여야 하는 업무범위에 속하는 것이라고 볼 여지가 있긴 하다. 나) 그러나, 위 기초사실에 의하여 알 수 있거나, 갑 제40, 45호증, 을 제17호증의 각 기재에 변론 전체의 취지를 종합하여 인정할 수 있는 다음과 같은 사실 및 사정들에 비추어 보면, 위 가)항에서 인정한 사실이나 피고가 제출한 증거들만으로는 피고가 소외 1 회사에게 위 각 서류징구업무 용역계약에 따른 용역대금을 지급한 것과 관련하여 이 사건 업무대행계약 제13조 제1항 가.호에서 정한 해지사유 또는 그 밖의 약정해지사유가 존재한다고 보기 어렵고, 위 용역대금 지급과 관련하여 원고가 이 사건 업무대행계약상의 채무를 불이행하였다거나 소외 3과 소외 4가 원고의 직무집행에 관하여 불법행위를 저질렀다고 인정하기에도 부족하다. (1) 이 사건 업무대행계약의 계약조건 제12조 제2항 및 제3항은 ‘원고는 효율적인 업무수행의 필요에 의하여 업무의 일부를 제3자에게 의뢰하여 수행하게 하거나 원고와 공동으로 업무를 수행하게 할 수 있다. 이 경우 피고와 협의하여 피고의 승인 하에 시행하여야 한다.’고 규정하여, 피고의 승인 하에 원고의 업무 일부를 제3자에게 위탁할 수 있도록 하고 있다. 이에 따르면 원고가 이 사건 업무대행계약에 따라 수행하여야 하는 업무의 일부를 소외 1 회사 등 다른 업체에게 위탁하는 것이 금지된다고 볼 수 없고, 이 경우 다른 업체에 업무 일부를 위탁함에 따라 소요되는 비용을 반드시 원고가 부담하여야 한다는 규정도 없다. 오히려 이 사건 업무대행계약의 계약조건 제3조 제1항 제1호 17목은 ‘대여금 기타 피고와 원고가 인정하는 업무비용은 대행수수료 범위에서 제외한다’고 규정하고 있으므로, 다른 업체에게 지급되는 외주 업무비용이라도 원·피고가 협의하여 피고의 부담으로 하는 것이 가능한데, 피고의 2018. 7. 17. 자 및 2019. 6. 5. 자 각 이사회 회의록에 의하면 2018. 7. 18. 자, 2019. 5. 21. 자 각 서류징구업무 용역계약에 대하여는 ‘시공사인 소외 13 회사 ","각 그 목적으로 하는 사실, ㉡ 피고가 소외 1 회사를 상대로",미검수
법제처 OPEN API/prec,619493,2023나20705,업무대행자 지위 확인 등,https://www.law.go.kr/DRF/lawService.do?OC=test&target=prec&ID=619493&type=HTML,(조 번호 미표기),(판단 불명확),판단 불명확,,,,"류징구업무 용역계약에 따른 용역대금을 지급한 것과 관련하여 이 사건 업무대행계약 제13조 제1항 가.호에서 정한 해지사유 또는 그 밖의 약정해지사유가 존재한다고 보기 어렵고, 위 용역대금 지급과 관련하여 원고가 이 사건 업무대행계약상의 채무를 불이행하였다거나 소외 3과 소외 4가 원고의 직무집행에 관하여 불법행위를 저질렀다고 인정하기에도 부족하다. (1) 이 사건 업무대행계약의 계약조건 제12조 제2항 및 제3항은 ‘원고는 효율적인 업무수행의 필요에 의하여 업무의 일부를 제3자에게 의뢰하여 수행하게 하거나 원고와 공동으로 업무를 수행하게 할 수 있다. 이 경우 피고와 협의하여 피고의 승인 하에 시행하여야 한다.’고 규정하여, 피고의 승인 하에 원고의 업무 일부를 제3자에게 위탁할 수 있도록 하고 있다. 이에 따르면 원고가 이 사건 업무대행계약에 따라 수행하여야 하는 업무의 일부를 소외 1 회사 등 다른 업체에게 위탁하는 것이 금지된다고 볼 수 없고, 이 경우 다른 업체에 업무 일부를 위탁함에 따라 소요되는 비용을 반드시 원고가 부담하여야 한다는 규정도 없다. 오히려 이 사건 업무대행계약의 계약조건 제3조 제1항 제1호 17목은 ‘대여금 기타 피고와 원고가 인정하는 업무비용은 대행수수료 범위에서 제외한다’고 규정하고 있으므로, 다른 업체에게 지급되는 외주 업무비용이라도 원·피고가 협의하여 피고의 부담으로 하는 것이 가능한데, 피고의 2018. 7. 17. 자 및 2019. 6. 5. 자 각 이사회 회의록에 의하면 2018. 7. 18. 자, 2019. 5. 21. 자 각 서류징구업무 용역계약에 대하여는 ‘시공사인 소외 13 회사 등의 요청이나 독촉에 따라 빠른 서류 징구 등을 독려하기 위하여 소외 1 회사와 별도 용역계약을 체결하기로 한다’는 취지의 피고 이사회 의결이 있었던 것으로 보인다. (2) 그리고 소외 1 회사와 피고 사이의 위 각 서류징구업무 용역계약이 피고 조합원들에게 부담이 될 계약이어서 조합원총회의 의결을 거쳤어야 함에도 피고가 이를 거치지 않았다고 하더라도, 그로 인해 위 각 용역계약이 무효로 됨에 따른 불이익은 피고를 비롯한 계약당사자들이 스스로 부담해야 하는 것이고, 원고가 피고와 소외 1 회사 사이의 위 각 용역계약에 관하여 피고 총회의 승인결의까지 받아주기로 약정하였다는 등의 사정이 없는 한, 위 각 서류징구 업무가 본래 이 사건 업무대행계약상의 원고 업무범위에 속해 있었다거나 소외 1 회사가 원고의 경영진과 특수관계에 있는 법인이라는 이유만으로 위 각 용역계약이 절차적 요건을 충족하지 못해 무효로 된 것에 관한 책임이 원고에게 귀속된다고 볼 수 없다. 또한 소외 3이나 소외 4가 당시 피고의 대표자 소외 9 등과 결탁하여 피고의 의사결정을 사실상 지배하는 지위에 있었다고 볼 만한 증거도 부족하므로, 피고의 위 각 용역계약의 체결 및 이행 행위에 관하여 소외 3이나 소외 4가 불법행위 책임을 부담한다고 보기도 어렵다. (3) 피고가 근거로 들고 있는 소외 3, 소외 4와 소외 2 사이의 대화내용 녹취서의 내용을 살펴보아도 소외 3이나 소외 4가 피고의 자금을 유출·횡령하기 위해 소외 1 회사와 불필요한 이중계약을 체결하도록 하였음을 뒷받침할 만한 내용은 없는 점, 위에서 보았듯이 이 사건 업무대행계약 당시부터 원·피고는 필요한 경우 원고의 업무 중 일부를 별도로 위탁할 수 있도록 예정하고 있었고, 피고 이사회에서도 이들 서류징구업무에 대한 별도 용역계약의 필요성에 대해 검토와 논의를 한 뒤 계약을 승인한 것으로 보이는 점 등을 고려하면, 단순히 원고의 업무범위에 속하는 서류징구 업무를 소외 3이 과반주주인 소외 1 회사에 별도로 위탁하였다는 사실만으로 이를 횡령 등의 불법행위라고 볼 수도 없다. 6) 해지사유 15에 관한 판단 가) 먼저 소외 3, 소외 4가 소외 8 회사로부터 9,000만 원의 리베이트를 수령하였다는 부분에 관하여 본다. (1) 앞서 든 증거들 및 갑 제60, 65호증, 을 제8",원고는 효율적인 업무수행의 필요에 의하여 업무의 일부를 제3자에게 의뢰하여 수행하게 하거나 원고와 공동으로 업무를 수행하게 할 수 있다. 이 경우 피고와 협의하여 피고의 승인 하에 시행하여야 한다,미검수
법제처 OPEN API/prec,619493,2023나20705,업무대행자 지위 확인 등,https://www.law.go.kr/DRF/lawService.do?OC=test&target=prec&ID=619493&type=HTML,(조 번호 미표기),(판단 불명확),판단 불명확,,,,"규정하여, 피고의 승인 하에 원고의 업무 일부를 제3자에게 위탁할 수 있도록 하고 있다. 이에 따르면 원고가 이 사건 업무대행계약에 따라 수행하여야 하는 업무의 일부를 소외 1 회사 등 다른 업체에게 위탁하는 것이 금지된다고 볼 수 없고, 이 경우 다른 업체에 업무 일부를 위탁함에 따라 소요되는 비용을 반드시 원고가 부담하여야 한다는 규정도 없다. 오히려 이 사건 업무대행계약의 계약조건 제3조 제1항 제1호 17목은 ‘대여금 기타 피고와 원고가 인정하는 업무비용은 대행수수료 범위에서 제외한다’고 규정하고 있으므로, 다른 업체에게 지급되는 외주 업무비용이라도 원·피고가 협의하여 피고의 부담으로 하는 것이 가능한데, 피고의 2018. 7. 17. 자 및 2019. 6. 5. 자 각 이사회 회의록에 의하면 2018. 7. 18. 자, 2019. 5. 21. 자 각 서류징구업무 용역계약에 대하여는 ‘시공사인 소외 13 회사 등의 요청이나 독촉에 따라 빠른 서류 징구 등을 독려하기 위하여 소외 1 회사와 별도 용역계약을 체결하기로 한다’는 취지의 피고 이사회 의결이 있었던 것으로 보인다. (2) 그리고 소외 1 회사와 피고 사이의 위 각 서류징구업무 용역계약이 피고 조합원들에게 부담이 될 계약이어서 조합원총회의 의결을 거쳤어야 함에도 피고가 이를 거치지 않았다고 하더라도, 그로 인해 위 각 용역계약이 무효로 됨에 따른 불이익은 피고를 비롯한 계약당사자들이 스스로 부담해야 하는 것이고, 원고가 피고와 소외 1 회사 사이의 위 각 용역계약에 관하여 피고 총회의 승인결의까지 받아주기로 약정하였다는 등의 사정이 없는 한, 위 각 서류징구 업무가 본래 이 사건 업무대행계약상의 원고 업무범위에 속해 있었다거나 소외 1 회사가 원고의 경영진과 특수관계에 있는 법인이라는 이유만으로 위 각 용역계약이 절차적 요건을 충족하지 못해 무효로 된 것에 관한 책임이 원고에게 귀속된다고 볼 수 없다. 또한 소외 3이나 소외 4가 당시 피고의 대표자 소외 9 등과 결탁하여 피고의 의사결정을 사실상 지배하는 지위에 있었다고 볼 만한 증거도 부족하므로, 피고의 위 각 용역계약의 체결 및 이행 행위에 관하여 소외 3이나 소외 4가 불법행위 책임을 부담한다고 보기도 어렵다. (3) 피고가 근거로 들고 있는 소외 3, 소외 4와 소외 2 사이의 대화내용 녹취서의 내용을 살펴보아도 소외 3이나 소외 4가 피고의 자금을 유출·횡령하기 위해 소외 1 회사와 불필요한 이중계약을 체결하도록 하였음을 뒷받침할 만한 내용은 없는 점, 위에서 보았듯이 이 사건 업무대행계약 당시부터 원·피고는 필요한 경우 원고의 업무 중 일부를 별도로 위탁할 수 있도록 예정하고 있었고, 피고 이사회에서도 이들 서류징구업무에 대한 별도 용역계약의 필요성에 대해 검토와 논의를 한 뒤 계약을 승인한 것으로 보이는 점 등을 고려하면, 단순히 원고의 업무범위에 속하는 서류징구 업무를 소외 3이 과반주주인 소외 1 회사에 별도로 위탁하였다는 사실만으로 이를 횡령 등의 불법행위라고 볼 수도 없다. 6) 해지사유 15에 관한 판단 가) 먼저 소외 3, 소외 4가 소외 8 회사로부터 9,000만 원의 리베이트를 수령하였다는 부분에 관하여 본다. (1) 앞서 든 증거들 및 갑 제60, 65호증, 을 제88, 91 내지 95, 106 내지 108, 160호증의 각 기재, 을 제153호증의 영상에 변론 전체의 취지를 종합하여 인정되는 다음 사실들에 비추어 보면, 피고와 소외 8 회사 사이의 홍보관 건립공사 도급계약 체결 과정에서 원고의 본부장인 소외 4가소외 2를 통해 위 도급계약의 계약금액을 1억 원 가량 부풀려 체결하도록 한 다음 2019. 3. 14. 소외 8 회사의 하수급인으로부터 9,000만 원을 돌려받은 사실을 추인할 수 있고, 이에 반하는 갑 제60호증의 기재 등 원고가 제출한 증거들만",대여금 기타 피고와 원고가 인정하는 업무비용은 대행수수료 범위에서 제외한다,미검수
법제처 OPEN API/prec,619493,2023나20705,업무대행자 지위 확인 등,https://www.law.go.kr/DRF/lawService.do?OC=test&target=prec&ID=619493&type=HTML,(조 번호 미표기),(판단 불명확),판단 불명확,,,," 나서 소외 17이 돈을 제게 줬기 때문에 저는 당연히 영업활동비라고 생각하였습니다. 그런데 제가 소개시켜서 성과와 실적이 없고, 소외 17은 회사가 어렵다고 하니까 제가 소외 17에게 받은 돈을 돌려주겠다고 말하고 나서 받은 금액만큼 현금이나 계좌로 이체하여 반환해줬습니다.""라고 진술한 점, ② 피고와 소외 6 회사 사이에 2017. 8. 16. 작성된 광고홍보대행계약서(을 제39호증)는 제4조 제1항에서 ‘소외 6 회사는 본 계약과 관련된 일체의 비용에 대해 피고의 사전승인을 받아야 한다’라고 규정하고, 제5조 제1항에서 ‘광고 예산은 총액 1,796,700,000원(부가가치세 별도)을 최고 한도로 하며, 추가 광고비 발생 시 피고와 소외 6 회사가 협의하여 결정한다’라고, 같은 조 제3항에서 ‘소외 6 회사는 광고비 및 제작비를 계약금을 제외하고 매월 단위로 광고비용을 집계하여 세금계산서를 첨부하여 피고에게 청구한다’라고 각 규정되어 있는 점 등을 고려하면, 소외 6 회사가 임의로 광고 물량을 부풀리는 등으로 과다한 광고비용 내지 기성금을 청구하거나 지급받기는 어려운 구조인 것으로 보이며, ③ 피고는 소외 2와 소외 18 내지 소외 17 사이의 대화 녹취록(을 제102 내지 104호증) 외에는 소외 3이 소외 6 회사로부터 돈을 직접 지급받았다거나 소외 4가 소외 6 회사로부터 돈을 지급받게 된 경위가 피고 주장과 같다고 볼 만한 객관적인 자료를 제출하지 못하고 있는 점 등에 비추어 보면, 피고가 제출한 증거들 및 주장하는 사정들만으로는 소외 3이나 소외 4가 소외 6 회사로 하여금 과다한 용역대금을 수령하게 한 뒤 위 업체로부터 리베이트를 수령하였음을 인정하기에 부족하고, 달리 이를 인정할 증거가 없다. 따라서 피고의 이 부분 주장은 받아들이지 않는다. 다) 소외 3, 소외 4가소외 7 회사로부터 5,000,000원의 리베이트를 수령하였다는 부분에 관하여 본다. 피고의 조합원 소외 12 등이 2020. 7. 17. 소외 3, 소외 4, 소외 2를 ‘소외 6 회사, 소외 7 회사, 소외 8 회사 등으로부터 합계 3억 5,700만 원 상당의 리베이트를 수령하였다’는 업무상배임 혐의로 고소하였고, 안양동안경찰서는 2024. 8. 25. 소외 4와 소외 2에 대해 기소의견으로 송치한 사실은 앞서 본 바와 같고, 을 제105호증의 기재 및 변론 전체의 취지에 의하면, 소외 4가 2018. 4. 26. 소외 2에게 ""그 인테리어 돈 받는 거 나한테 달라고""라고 말하였고, 이에 소외 2가 ""아, 500만 원?""이라고 묻자 소외 4는 ""어. 현금으로 받아.""라고 답한 사실은 인정된다. 그러나 갑 제62호증, 을 제44호증의 각 기재에 변론 전체의 취지를 더하여 알 수 있는 다음과 같은 사실 또는 사정들, 즉 ① 피고는 2018. 4. 11. 자 이사회에서 ""1. 홍보관 내장공사 업체는 소외 7 회사, 공사금액 5,000만 원(VAT 별도)으로 결정한다.""는 기타 안건을 상정하였고, 위 이사회에 참석하였던 임원 5명 모두가 위 안건에 찬성한 사실, ② 피고와 소외 7 회사는 홍보관 내장공사에 관하여 공사대금 5,500만 원(부가가치세 500만 원 포함)으로 하는 도급계약을 체결한 사실, ③ 소외 4가 소외 2에게 위와 같이 현금으로 받으라고 지시한 500만 원이 어떤 금전을 지칭하는 것인지, 어떠한 경위로 지급받는 돈인지 여부가 위 녹취록(을 제105호증)의 전후 사정을 고려하더라도 불분명한 점 등에 비추어 보면, 피고가 제출한 증거들 및 주장하는 사정들만으로는 소외 3이나 소외 4가소외 7 회사로부터 5,000,000원 상당의 리베이트를 수령하였다고 인정하기에 부족하고, 달리 이를 인정할 증거가 없다. 따라서 피고의 이 부분 주장도 받아들이지 않는다. 7) 해지사유 18에 관한 판단 위 기초사실에 의하여 알 수 있거나, ",(을 제39호증)는 제4조 제1항에서 ‘소외 6 회사는 본 계약과 관련된 일체의 비용에 대해 피고의 사전승인을 받아야 한다,미검수
법제처 OPEN API/prec,619493,2023나20705,업무대행자 지위 확인 등,https://www.law.go.kr/DRF/lawService.do?OC=test&target=prec&ID=619493&type=HTML,(조 번호 미표기),(판단 불명확),판단 불명확,,,,"20671 판결 참조). 앞서 든 증거들 및 갑 제10, 35, 42, 43호증, 을 제66호증의 3의 각 기재에 변론 전체의 취지를 더하여 알 수 있는 다음과 같은 사실 또는 사정들, 즉 ① 비록 이 사건 업무대행계약의 처분문서라고 할 수 있는 2017. 8. 9. 자 계약서나 그 이전에 작성된 2014. 12. 2. 자 및 2016. 8. 2. 자 각 시행대행계약서에는 ‘업무대행수수료는 세대 당 1,500만 원으로 한다’고만 기재되어 있고 ‘부가가치세를 별도로 지급한다’는 취지의 문구가 기재되어 있지는 않으나, 피고와 조합원들 사이의 각 조합원가입계약서는 제5조 제3항에서 ‘조합업무추진비는 추후 조합에서 별도의 정산절차를 거치지 않고 조합업무대행사(원고)의 수입으로 회계처리한다’고 규정하고 있고, 일부 조합원가입계약서 상 업무추진비에는 ‘부가가치세 별도’임이 명시되어 있는 사실, ② 이 사건 업무대행계약 기간 동안 피고는 원고의 동의를 받아 ▽▽▽신탁에게 아래 표 기재 각 금액에 대한 자금집행을 요청하였고, 위 각 자금집행 요청서에 첨부된 원고 작성의 업무대행수수료 청구 공문 및 전자세금계산서에는 각 해당 공급가액과 해당 부가가치세액이 모두 기재되어 있는 사실, ③ 위 자금집행 요청에 따라 ▽▽▽신탁이 2017. 9.경부터 2020. 2.경까지 원고에게 합계 5,313,000,000원의 업무대행수수료를 지급한 사실, ④ 피고는 이 사건 소가 제기되기 전까지는 원고가 위와 같이 부가가치세를 포함하여 청구하고 지급받은 것에 대하여 이의를 제기한 적이 없었던 것으로 보이는 점, ⑤ 피고는 2022. 12. 11. 자 및 2023. 11. 25. 자 각 정기총회에서 ‘업무대행비’ 항목 공급가액에 대하여 부가가치세를 별도로 지급하는 것으로 기재된 사업수지표를 첨부하여 사업비예산(안) 변경 승인 안건을 상정하여, 그 승인 결의를 받은 사실 등에 비추어 보면, 원·피고 사이에 업무대행수수료에 대한 부가가치세를 별도로 지급하기로 하는 묵시적인 약정이 있었다고 봄이 타당하다. 순번일자청구금액부가가치세합계12017. 9. 20.1,000,000,000원100,000,000원1,100,000,000원22017. 12. 28.450,000,000원45,000,000원495,000,000원32018. 1. 24.200,000,000원20,000,000원220,000,000원42018. 4. 11.300,000,000원30,000,000원330,000,000원52018. 6. 23.300,000,000원30,000,000원330,000,000원62018. 7. 23.100,000,000원10,000,000원110,000,000원72018. 8. 23.100,000,000원10,000,000원110,000,000원82018. 11. 16.80,000,000원8,000,000원88,000,000원92018. 12. 13.400,000,000원40,000,000원440,000,000원102019. 1. 7.800,000,000원80,000,000원880,000,000원112019. 2. 21.300,000,000원30,000,000원330,000,000원122019. 7. 8.600,000,000원60,000,000원660,000,000원132020. 2. 11.200,000,000원20,000,000원220,000,000원합계4,830,000,000원483,000,000원5,313,000,000원 3) 따라서 특별한 사정이 없는 한, 피고는 원고에게 이 사건 업무대행계약에서 정한 총 업무대행수수료 7,788,000,000원(= 472세대 × 세대당 15,000,000원 × 부가가치세 포함 110%)의 80%에 해당하는 6,230,400,000원(= 7,","업무대행수수료는 세대 당 1,500만 원으로 한다",미검수
법제처 OPEN API/prec,619493,2023나20705,업무대행자 지위 확인 등,https://www.law.go.kr/DRF/lawService.do?OC=test&target=prec&ID=619493&type=HTML,(조 번호 미표기),(판단 불명확),판단 불명확,,,,"① 비록 이 사건 업무대행계약의 처분문서라고 할 수 있는 2017. 8. 9. 자 계약서나 그 이전에 작성된 2014. 12. 2. 자 및 2016. 8. 2. 자 각 시행대행계약서에는 ‘업무대행수수료는 세대 당 1,500만 원으로 한다’고만 기재되어 있고 ‘부가가치세를 별도로 지급한다’는 취지의 문구가 기재되어 있지는 않으나, 피고와 조합원들 사이의 각 조합원가입계약서는 제5조 제3항에서 ‘조합업무추진비는 추후 조합에서 별도의 정산절차를 거치지 않고 조합업무대행사(원고)의 수입으로 회계처리한다’고 규정하고 있고, 일부 조합원가입계약서 상 업무추진비에는 ‘부가가치세 별도’임이 명시되어 있는 사실, ② 이 사건 업무대행계약 기간 동안 피고는 원고의 동의를 받아 ▽▽▽신탁에게 아래 표 기재 각 금액에 대한 자금집행을 요청하였고, 위 각 자금집행 요청서에 첨부된 원고 작성의 업무대행수수료 청구 공문 및 전자세금계산서에는 각 해당 공급가액과 해당 부가가치세액이 모두 기재되어 있는 사실, ③ 위 자금집행 요청에 따라 ▽▽▽신탁이 2017. 9.경부터 2020. 2.경까지 원고에게 합계 5,313,000,000원의 업무대행수수료를 지급한 사실, ④ 피고는 이 사건 소가 제기되기 전까지는 원고가 위와 같이 부가가치세를 포함하여 청구하고 지급받은 것에 대하여 이의를 제기한 적이 없었던 것으로 보이는 점, ⑤ 피고는 2022. 12. 11. 자 및 2023. 11. 25. 자 각 정기총회에서 ‘업무대행비’ 항목 공급가액에 대하여 부가가치세를 별도로 지급하는 것으로 기재된 사업수지표를 첨부하여 사업비예산(안) 변경 승인 안건을 상정하여, 그 승인 결의를 받은 사실 등에 비추어 보면, 원·피고 사이에 업무대행수수료에 대한 부가가치세를 별도로 지급하기로 하는 묵시적인 약정이 있었다고 봄이 타당하다. 순번일자청구금액부가가치세합계12017. 9. 20.1,000,000,000원100,000,000원1,100,000,000원22017. 12. 28.450,000,000원45,000,000원495,000,000원32018. 1. 24.200,000,000원20,000,000원220,000,000원42018. 4. 11.300,000,000원30,000,000원330,000,000원52018. 6. 23.300,000,000원30,000,000원330,000,000원62018. 7. 23.100,000,000원10,000,000원110,000,000원72018. 8. 23.100,000,000원10,000,000원110,000,000원82018. 11. 16.80,000,000원8,000,000원88,000,000원92018. 12. 13.400,000,000원40,000,000원440,000,000원102019. 1. 7.800,000,000원80,000,000원880,000,000원112019. 2. 21.300,000,000원30,000,000원330,000,000원122019. 7. 8.600,000,000원60,000,000원660,000,000원132020. 2. 11.200,000,000원20,000,000원220,000,000원합계4,830,000,000원483,000,000원5,313,000,000원 3) 따라서 특별한 사정이 없는 한, 피고는 원고에게 이 사건 업무대행계약에서 정한 총 업무대행수수료 7,788,000,000원(= 472세대 × 세대당 15,000,000원 × 부가가치세 포함 110%)의 80%에 해당하는 6,230,400,000원(= 7,788,000,000원 × 80%) 중 원고가 이미 피고로부터 지급받았음을 자인하는 5,313,000,000원을 뺀 나머지 917,400,000원(= 6,230,400,000원 － 5,313,000,000원) 및 이에 대하여 이 사건 사업에 관한 사업계획승인이 있",조합업무추진비는 추후 조합에서 별도의 정산절차를 거치지 않고 조합업무대행사(원고)의 수입으로 회계처리한다,미검수
법제처 OPEN API/prec,619493,2023나20705,업무대행자 지위 확인 등,https://www.law.go.kr/DRF/lawService.do?OC=test&target=prec&ID=619493&type=HTML,(조 번호 미표기),(판단 불명확),판단 불명확,,,,"액이 부당하게 과다하여 신의성실의 원칙이나 형평의 원칙에 반하므로, 상당한 범위 내에서 감액되어야 한다‘고 주장한다. 원고의 직원인 소외 4가 소외 2를 통해 소외 8 회사의 하수급인으로부터 9,000만 원의 리베이트를 수령한 사실이 인정되는 것은 앞서 본 바와 같으나, 앞서 든 증거들에 변론 전체의 취지를 더하여 알 수 있는 다음과 같은 사정들, 즉 ① 이 사건 업무대행계약은 피고의 필요에 따라 원고와 대등한 입장에서 체결되었고, 원고가 우월적 지위에서 위 계약을 체결하거나 보수액을 정한 것은 아닌 점, ② 이 사건 업무대행계약은 ’이 사건 사업의 성공적인 완성‘을 목적으로 하는데(제1조), 피고의 이 사건 해지통지가 있기 이전에 이미 이 사건 사업에 관한 사업계획승인이 이루어져 이 사건 사업의 주요 부분이 차질 없이 진행된 것으로 볼 수 있고, 원고의 이 사건 사업에 대한 기여나 사업계획승인 등의 성과를 부정하기는 어려운 점, ③ 이 사건 업무대행계약 제4조 제3항에는 업무대행수수료의 지급시기로 ’조합설립인가 후 30%, 사업계획승인 후 50%‘라고 규정하고 있으므로, 피고로서는 조합설립인가와 사업계획승인 등이 이루어진다면 위 비율에 해당하는 업무대행수수료를 지급할 의사를 가지고 있었다고 보이는 점, ④ 피고는 2020. 12. 2. 소외 5 회사와의 사이에 업무대행계약을 새로이 체결하면서 업무대행의 대가로 총 22억 원, 인센티브는 4억 원을 지급하기로 정하였는데, 위 계약 당시는 이 사건 사업에 관한 사업계획승인이 이미 내려진 이후로서 소외 13 회사와의 공사도급계약 체결도 목전에 두고 있는 등 이 사건 사업의 주요한 부분이 상당 부분 진행된 상태였음에도 세대당 약 5,000,000원 가량으로 책정하여 업무대행수수료를 약정한 것으로 보이는 점, ⑤ 소외 4의 리베이트 수수 금액은 9,000만 원으로서, 이를 원고가 이 사건 업무대행계약에 따라 지급받게 되는 업무대행수수료 채권액과 비교하면 원고의 보수액을 감액하여야 할 만큼 크다고 보기는 어려울 뿐만 아니라, 뒤에서 보는 바와 같이 피고의 이 사건에서의 상계항변에 따라 원고의 피고에 대한 업무대행수수료채권은 위 리베이트 수수와 관련한 피고의 손해배상채권과 대등액의 범위에서 상계되어 소멸된 점 등을 종합적으로 고려할 때, 이 사건 업무대행계약에서 정한 보수액이 부당하게 과다하여 신의성실의 원칙이나 형평의 원칙에 반한다고 보기 어렵고, 달리 그와 같이 볼 만한 증거가 없다. 따라서 피고의 이 부분 주장도 받아들일 수 없다. 3) 상계 내지 공제 항변에 관한 판단 가) 항변의 요지 피고는 원고에 대하여 아래 ⑴~⑸항 기재와 같은 채권을 가지므로, 이를 자동채권으로 하여 원고의 피고에 대한 위 업무대행수수료 채권과 상계하거나 피고가 가지는 위 각 채권액 상당은 원고의 위 업무대행수수료 채권액에서 공제되어야 한다는 취지로 주장한다. (1) 해지사유 4와 관련하여 피고가 원고에 대하여 가지는, 이 사건 업무대행계약상 원고가 부담하여야 하는 조합사무실 운영비용인데도 피고가 대신 지출한 금액 384,720,618원에 관한 부당이득반환청구권(이하 ’제1 자동채권‘이라 한다) (2) 해지사유 11과 관련하여 피고가 원고에 대하여 가지는, 소외 3과 소외 4가 소외 9와 공모하여 피고로 하여금 소외 1 회사와의 사이에 무효인 분양대행계약에 대한 정산합의서를 작성하고 그중 770,000,000원을 지급하게 함으로써 피고가 입은 손해 770,000,000원에 관한 채무불이행 내지 불법행위로 인한 손해배상채권(이하 ’제2 자동채권‘이라 한다) (3) 해지사유 12와 관련하여 피고가 원고에 대하여 가지는, 피고로 하여금 소외 1 회사와 별도의 서류징구업무 용역계약을 체결하고 이중으로 용역대금을 지급하게 함으로써 피고가 입은 손해 973,060,000원에 관한 채무불이행 내지 불법행위로 인한 손해배상채권 또는 부당이득반환청구권(이하 ’제3 자동채권‘이라 한다) (4) 해지사유 15와 관련하여 피고가 원고에 대하여 가지는, 이 사건 업무대행계약상의 채무 불이행으로 인한 손해배상채권, 소외","결되었고, 원고가 우월적 지위에서 위 계약을 체결하거나 보수액을 정한 것은 아닌 점, ② 이 사건 업무대행계약은 ’이 사건 사업의 성공적인 완성‘을 목적으로 하는데(제1조), 피고의 이 사건 해지통지가 있기 이전에 이미 이 사건 사업에 관한 사업계획승인이 이루어져 이 사건 사업의 주요 부분이 차질 없이 진행된 것으로 볼 수 있고, 원고의 이 사건 사업에 대한 기여나 사업계획승인 등의 성과를 부정하기는 어려운 점, ③ 이 사건 업무대행계약 제4조 제3항에는 업무대행수수료의 지급시기로 ’조합설립인가 후 30%, 사업계획승인 후 50%",미검수
법제처 OPEN API/prec,618147,2023다203221,분담금반환청구의소·정산금,https://www.law.go.kr/DRF/lawService.do?OC=test&target=prec&ID=618147&type=HTML,제3조,(판단 불명확),판단 불명확,,,,"만 원)을 납입하고 업무용역비 1,000만 원을 별도로 지급해야 하는 것으로 되어 있다. 이에 따라 피고에게, 원고 1, 원고 3은 각 41,156,000원, 원고 2, 원고 4는 각 51,756,000원, 원고 5는 73,490,000원, 원고 6은 87,157,000원을 각 분담금으로 납입하였고, 각 1,000만 원을 업무용역비로 지급하였다. 라. 이 사건 조합가입계약 제3조는 ""조합원 자격 부적격(상실), 조합원 탈퇴(해지, 해제, 조합사업추진불가) 등의 사유로 조합원 납입금액을 환불 시 계약금은 경비 정산 후 환불되며, 업무용역비는 환불되지 않습니다.""라고 정하였다. 피고의 조합규약 제12조 제4항에서는 ""탈퇴, 조합원 자격의 상실, 제명 등으로 조합원의 지위를 상실한 자에 대하여는 조합원이 납입한 제 납입금에서 추진비로 납부한 금액을 공제한 잔액을 환급청구일로부터 30일 이내에 지급하되, 총회의 의결로 공제할 공동부담금 및 환급시기를 따로 정할 수 있다.""라고 규정하고 있다. 마. 피고는 2019. 4. 28. 개최된 정기총회에서 ‘탈퇴, 조합원 자격의 상실, 제명 등으로 조합원의 지위를 상실한 자에 대하여는 조합원이 납입한 제 납입금(분담금 + 업무용역비) 중 전체 분담금의 20%와 업무용역비 100%를 제외한 잔액을 반환한다.’는 내용으로 이 사건 의결을 하였다. 바. 이후 원고 6의 최종 분담금은 420,380,000원(업무용역비 포함)으로, 나머지 원고들의 최종 분담금은 각 342,179,000원(업무용역비 포함)으로 각각 확정되었다. 사. 피고 조합 규약 제8조 제1호는 ‘주택조합설립인가 신청일부터 당해 조합주택의 입주가능일까지 주택을 소유하지 아니하거나 주거전용면적 85㎡ 이하의 주택 1채를 소유한 세대주일 것’을 조합원 자격으로 정하였는데, 원고들은 이 사건 조합가입계약 체결 당시에는 세대주 지위를 갖추고 있었으나 이 사건 의결 이후인 2019. 6.부터 2019. 11.까지 사이에 세대주 지위를 상실하였다. 2. 판단 가. 원심은 그 판시와 같은 이유로 다음과 같이 판단하였다. 피고 조합규약 제12조 제4항에 따라 이 사건 의결에서 공제금을 정한 것은, 조합원의 지위 상실로 인하여 실제 피고에게 손해가 발생하였는지 여부 및 손해액 확정에 관한 분쟁을 예방함과 동시에 조합원들에게 심리적 부담을 주어 조합원 자격을 유지할 의무를 이행하도록 강제하는 효과도 있으므로 손해배상액의 예정에 해당한다. 이 사건 의결과 같은 합동행위로 손해배상액을 예정한 경우에도 손해배상의 예정액을 감액할 수 있는 민법 제398조 제2항이 적용되고, 이 사건 의결의 목적, 원고들과 피고의 지위, 계약금을 전체 매매대금의 10% 정도로 정하는 거래관행 등에 비추어 볼 때, 이 사건 의결에서 전체 분담금의 20%를 공제금으로 정한 것은 부당히 과다하므로, 이를 전체 분담금의 10%로 감액함이 타당하다. 나. 원심판결의 이유를 관련 법리와 기록에 비추어 살펴보면, 원심의 이유 중 손해배상예정액 감액 사유 부분에 다소 부적절한 부분이 보이나 원심의 결론은 정당한 것으로 받아들일 수 있고, 상고이유 주장과 같이 논리와 경험의 법칙을 위반하여 자유심증주의의 한계를 벗어나거나 손해배상액 예정의 성립과 비법인사단 총회 결의의 해석 또는 민법 제398조 제2항의 적용 범위 및 감액 요건 등에 관한 법리를 오해하여 판결에 영향을 미친 잘못이 없다. 3. 결론 상고를 모두 기각하고 상고비용은 패소자가 부담하기로 하여, 관여 대법관의 일치된 의견으로 주문과 같이 판결한다. 대법관 신숙희(재판장) 노태악(주심) 서경환 마용주 ]]>","조합원 자격 부적격(상실), 조합원 탈퇴(해지, 해제, 조합사업추진불가) 등의 사유로 조합원 납입금액을 환불 시 계약금은 경비 정산 후 환불되며, 업무용역비는 환불되지 않습니다.",미검수
법제처 OPEN API/prec,612857,2023다226170,손해배상(기),https://www.law.go.kr/DRF/lawService.do?OC=test&target=prec&ID=612857&type=HTML,(조 번호 미표기),(판단 불명확),판단 불명확,,,,"으며, ◇◇◇와의 안정적인 계약관계를 통해 성장 가능성이 크다.’는 취지가 기재된 투자제안서와 재무실사보고서 등을 제공하였다. 2) 이 사건 SPC는 2015. 7. 16. 이 사건 회사가 발행한 보통주식 전부를 소유하고 있던 주주들(이하 ‘매도인들’이라고 한다)과 위 보통주식 전부를 매매대금 125,000,000,000원에 매수하는 주식매매계약(이하 ‘이 사건 주식매매계약’이라고 한다)을 체결하였다. 3) 이 사건 SPC는 이 사건 PEF가 출자한 87,000,000,000원 및 별도로 발행한 사모사채를 통하여 조달한 40,000,000,000원 합계 127,000,000,000원의 자금을 확보한 다음, 2015. 7. 30. 매도인들에게 매매대금 125,000,000,000원을 지급하고 이 사건 회사가 발행한 보통주식 전부를 취득하였다. 라. 이 사건 회사 관련 상황 1) 머니투데이는 2015. 5. 28. ""◇◇◇, 경기 김포에 자체 생산 공장 건설""이라는 제목으로 ‘◇◇◇가 2016. 4.경까지 월 1,000만 개 이상의 제품 생산력을 갖춘 공장을 완공할 예정이고, 향후 위 공장에서 이 사건 화장품을 생산할 것이며, 현재는 OEM 업체인 이 사건 회사에서 ◇◇◇ 제품을 생산 중이다.’는 취지의 기사(이하 ‘이 사건 기사’라고 한다)를 게재하였다. 2) 그다음 날인 2015. 5. 29. 피고 △△△ 주식회사(이하 ‘피고 1 회사’라고 한다) 소속 소외 1은 피고 주식회사 ☆☆☆(이하 ‘피고 2 회사’라고 한다) 소속 소외 2에게 이 사건 기사와 유사한 내용을 첨부하여 이 사건 회사에 대한 확인이 필요하다는 취지의 이메일을 보냈고, 그 이메일이 같은 날 매도인들 측에게 전달되었다. 같은 날 피고 2 회사 소속 소외 3이 매도인들 측에게 보낸 이메일에는 ◇◇◇의 공장 신축과 관련하여 ""판매사가 공장을 신축한다고 하면 당연히 투심통과가 어려운바, 저희 쪽에서 공유하지는 않았다."", ""문제는 브랜드 지속 가능성 리스크, 위생허가 리스크, 상표권 리스크에 ‘◇◇◇ 자체 공장 리스크(공급처 리스크)’가 더해지면 투자자 입장에서는 20~30억 투자조차 철회할 리스크가 있다."", ""다만 어떻게든 본건 거래 종결만 한다면""과 같은 내용이 포함되어 있다. 3) 피고 2 회사는 2015. 6. 16. 투자자 중 1인인 ▽▽▽ 주식회사로부터 이 사건 기사에 관한 사실 여부 확인 등을 요청받고, 매도인들 측에게 그 취지를 전달하였다. 매도인들 측은 이 사건 회사 명의로 머니투데이에 이 사건 기사 중 일부를 삭제해 달라는 내용의 공문을 보내는 한편 기자에게 이 사건 기사에 대한 수정 검토를 요청하였다. 그 후 머니투데이는 위 공문에 기재된 내용대로 이 사건 기사를 수정하였다. 4) ◇◇◇는 2015. 7. 2. 이 사건 회사에 ‘이 사건 화장품 레시피권이 ◇◇◇에 귀속된다.’는 취지가 포함된 변경계약서 초안을 보내는 한편, ‘이 사건 PEF 투자 유치와 관련된 언론보도 중 사실과 다른 내용을 정정하고, ◇◇◇에 대한 사과광고를 게재하며, 이 사건 회사의 지분 전부 또는 일부를 이 사건 PEF 등이 취득하는 경우 ◇◇◇의 화장품 OEM 제조에 차질이 발생할 수 있으므로 관련 대책을 강구하고 조치할 것’ 등을 요구하는 공문을 발송하였다. 마. 이 사건 PEF의 존속기간 만료 등 1) 이 사건 PEF 정관 제4조 제1항은 그 존속기간에 관하여 설립등기일부터 5년으로 정하고 있고, 이 사건 PEF의 법인등기부에는 설립등기일인 2015. 6. 19.부터 5년이 되는 날인 2020. 6. 19. 자로 해산등기가 마쳐져 있다. 2) 이 사건 SPC는 사채권자들에게 2021. 1. 6. 이 사건 SPC가 발행한 사모사채의 만기를 2022. 1. 30.로 1년 연장하고, 그동안 발생한 경과이자 2,443,712,326원의 지급을 유예해줄 것을 요청하였고, 2022. 1. 14. 위 사모사채의 만기를 2023. 1. 30.로 1년 추가 연장하고, 그 무렵까지 발생한 경과이자 4,391,212,326원의 지급을 다시 유예해줄 것을 요청하였다. 2. 피","라고 한다)을 체결하였다. 3) 이 사건 SPC는 이 사건 PEF가 출자한 87,000,000,000원 및 별도로 발행한 사모사채를 통하여 조달한 40,000,000,000원 합계 127,000,000,000원의 자금을 확보한 다음, 2015. 7. 30. 매도인들에게 매매대금 125,000,000,000원을 지급하고 이 사건 회사가 발행한 보통주식 전부를 취득하였다. 라. 이 사건 회사 관련 상황 1) 머니투데이는 2015. 5. 28",미검수
법제처 OPEN API/prec,612857,2023다226170,손해배상(기),https://www.law.go.kr/DRF/lawService.do?OC=test&target=prec&ID=612857&type=HTML,(조 번호 미표기),(판단 불명확),판단 불명확,,,," 측은 이 사건 회사 명의로 머니투데이에 이 사건 기사 중 일부를 삭제해 달라는 내용의 공문을 보내는 한편 기자에게 이 사건 기사에 대한 수정 검토를 요청하였다. 그 후 머니투데이는 위 공문에 기재된 내용대로 이 사건 기사를 수정하였다. 4) ◇◇◇는 2015. 7. 2. 이 사건 회사에 ‘이 사건 화장품 레시피권이 ◇◇◇에 귀속된다.’는 취지가 포함된 변경계약서 초안을 보내는 한편, ‘이 사건 PEF 투자 유치와 관련된 언론보도 중 사실과 다른 내용을 정정하고, ◇◇◇에 대한 사과광고를 게재하며, 이 사건 회사의 지분 전부 또는 일부를 이 사건 PEF 등이 취득하는 경우 ◇◇◇의 화장품 OEM 제조에 차질이 발생할 수 있으므로 관련 대책을 강구하고 조치할 것’ 등을 요구하는 공문을 발송하였다. 마. 이 사건 PEF의 존속기간 만료 등 1) 이 사건 PEF 정관 제4조 제1항은 그 존속기간에 관하여 설립등기일부터 5년으로 정하고 있고, 이 사건 PEF의 법인등기부에는 설립등기일인 2015. 6. 19.부터 5년이 되는 날인 2020. 6. 19. 자로 해산등기가 마쳐져 있다. 2) 이 사건 SPC는 사채권자들에게 2021. 1. 6. 이 사건 SPC가 발행한 사모사채의 만기를 2022. 1. 30.로 1년 연장하고, 그동안 발생한 경과이자 2,443,712,326원의 지급을 유예해줄 것을 요청하였고, 2022. 1. 14. 위 사모사채의 만기를 2023. 1. 30.로 1년 추가 연장하고, 그 무렵까지 발생한 경과이자 4,391,212,326원의 지급을 다시 유예해줄 것을 요청하였다. 2. 피고들의 주의의무 위반에 대하여 가. 원심의 판단 원심은 판시와 같은 이유로, 피고들은 이 사건 주식매매계약에 따른 거래가 종결된 2015. 7. 30. 이전에 투자대상인 이 사건 회사에 관한 중대한 투자위험이 존재할 수 있다는 정황을 발견하였으므로, 원고를 비롯한 투자자들에게 이를 고지하고 합리적으로 조사할 의무가 있었음에도 그러하지 아니함으로써 거래종결 전 주의의무를 위반하였다고 판단하였다. 나. 대법원의 판단 1) 미리 투자대상과 투자방법 및 투자회수구조 등을 결정한 다음 그 투자를 위하여 구 자본시장법에 따른 사모투자전문회사를 설립하고 무한책임사원 겸 업무집행사원이 되어 투자자들에게 유한책임사원으로서 출자하여 투자에 참여하도록 권유하는 자(이하 ‘사모투자전문회사의 설립ㆍ운용자’라고 한다)는 투자자들이 사모투자전문회사에 대한 투자에 참여하는 데 대하여 직접적인 이해관계가 있을 뿐만 아니라 사모투자전문회사를 통한 투자에 관하여 제1차적으로 정보를 생산하고 이를 제공하는 지위에 있다. 이러한 사모투자전문회사의 설립ㆍ운용자는 해당 사모투자전문회사의 투자대상과 투자방법 및 투자회수구조 등의 중요한 사항에 대하여 정확한 정보를 생산하여 이를 사모투자전문회사의 유한책임사원으로서 투자에 참여하려는 투자자들에게 제공할 의무가 있고, 사모투자전문회사의 설립ㆍ운용자가 이러한 의무를 위반하여 투자자들의 투자판단에 영향을 주고 그로 말미암아 투자자들에게 손해가 발생하였다면 그 주의의무를 위반함으로 인한 불법행위책임을 진다[구 간접투자자산 운용업법(2007. 8. 3. 법률 제8635호 자본시장법 부칙 제2조로 폐지)에 관한 대법원 2016. 10. 27. 선고 2015다216796 판결 등 참조]. 사모투자전문회사의 설립ㆍ운용자의 위와 같은 지위는 투자자들이 투자에 참여하여 사모투자전문회사의 유한책임사원이 되었다는 사정만으로 달라진다고 보기 어렵다. 사모투자전문회사의 유한책임사원은 투자대상기업의 선정, 투자대상기업의 지분증권을 매매하는 경우의 가격ㆍ시가ㆍ방법의 결정 등에 관한 업무집행사원의 업무에 관여할 수 없다[구 자본시장법 제269조 제4항, 구 「자본시장과 금융투자업에 관한 법률 시행령」(2015. 6. 30. 대통령령 제26374호로 개정되기 전의 것) 제291조 제2항, 제295조 제3항]. 따라서 투자자들이 유한책임사원이 된 후에도 사모투자전문회사의 설립ㆍ운용자는 유","사건 PEF 투자 유치와 관련된 언론보도 중 사실과 다른 내용을 정정하고, ◇◇◇에 대한 사과광고를 게재하며, 이 사건 회사의 지분 전부 또는 일부를 이 사건 PEF 등이 취득하는 경우 ◇◇◇의 화장품 OEM 제조에 차질이 발생할 수 있으므로 관련 대책을 강구하고 조치할 것",미검수
법제처 OPEN API/prec,618157,2025다207883,손해배상등청구의소,https://www.law.go.kr/DRF/lawService.do?OC=test&target=prec&ID=618157&type=HTML,(조 번호 미표기),위험,판례 문맥 추론 · 단일 신호,위험,,," 하여 주택건설사업을 시행하기 위해 설립된 지역주택조합이다. 나. 원고는 피고의 전신인 (가칭)○○지역주택조합으로부터 ‘가입계약 시 작성된 조합원 분담금액은 확정분담금으로서 변동 없음을 확약합니다.’라는 내용의 확정분담금 약정(이하 ‘이 사건 확정분담금 약정’이라 한다)이 기재된 확약서를 교부받으면서 총분담금 198,000,000원인 조합가입계약(이하 ‘이 사건 조합가입계약’이라 한다)을 체결하였다. 다. 원고는 이 사건 조합가입계약에 따른 분담금 및 업무대행비(이하 ‘분담금 등’이라 한다)로 피고에게 합계 99,600,000원을 납부하였다. 라. 피고는 2017. 3. 7. 조합설립인가를 받았고, 2023. 3. 9. 사업계획승인을 받았다. 2. 가정적 의사에 관한 주장에 대하여 원심은 그 판시와 같이 이 사건 확정분담금 약정은 조합가입계약의 체결 여부를 결정하는 데 중요한 고려사항이 되고 이 사건 확정분담금 약정이 없었더라면 이 사건 조합가입계약을 체결하였을 것으로 인정하기 어렵다는 이유로, 이 사건 확정분담금 약정이 무효인 이상 이 사건 조합가입계약도 무효라고 판단하였다. 원심판결 이유를 기록에 비추어 살펴보면, 원심의 이 부분 판단에 상고이유 주장과 같이 필요한 심리를 다하지 아니하거나 가정적 의사에 관한 법리를 오해하여 판결에 영향을 미친 잘못이 없다. 3. 신의성실의 원칙 위반 주장에 대하여 가. 원심의 판단 원심은 판시와 같은 이유로, 이 사건 확정분담금 약정은 피고 정관 내지 규약의 정함이나 총회결의가 없는 총유물에 관한 관리 및 처분행위로서 무효이고 이 사건 조합가입계약도 무효이므로 피고는 원고에게 납부받은 분담금 등을 부당이득으로 반환할 의무가 있다고 판단하면서, 원고의 위와 같은 주장이 신의성실의 원칙에 반한다는 피고의 항변을 배척하였다. 나. 대법원의 판단 그러나 원심의 판단은 다음과 같은 이유로 받아들이기 어렵다. 1) 지역주택조합 가입계약은, 계약체결 상대방이 조합원으로 가입하여 분담금 등을 납입하고 지역주택조합은 주택건설사업을 통하여 신축하는 아파트 중 해당 세대에 관한 소유권을 이전할 것을 약정하는 계약이다. 조합원이 조합가입계약을 체결하는 궁극적인 목적은 주택건설사업이 성공적으로 완료되어 신축 아파트에 관한 소유권을 취득하는 것이다. 한편 조합원이 조합가입계약과 함께 확정분담금 약정을 체결하는 주된 취지는 조합가입계약의 궁극적인 목적을 달성하려는 것이지, 분담금을 반환받으려는 데 있다고 보기 어렵다. 2) 민법 제276조 제1항은 ‘총유물의 관리 및 처분은 사원총회의 결의에 의한다.’고 규정하고 있다. 비법인사단인 지역주택조합이 조합가입계약과 함께 ‘일부 조합원들에게는 다른 조합원들과 달리 가입계약 당시에 정한 확정분담금으로 아파트를 공급하겠다.’는 확정분담금 약정을 체결하면서 총회의 결의를 거치지 않았다면, 확정분담금 약정은 총회결의 없는 총유물의 관리 및 처분행위에 해당하여 무효가 될 수 있고, 이는 함께 체결한 조합가입계약의 무효 또는 취소 원인이 될 수 있다. 지역주택조합의 총회결의 없이 체결된 확정분담금 약정을 무효로 보는 취지는 확정분담금 약정을 체결한 일부 조합원들로부터 추가 분담금을 납부받지 않고 주택을 공급하게 되면 지역주택조합이 추진하는 주택건설사업의 재원 부족을 야기하고 안정적인 운영에 지장을 초래하여 나머지 조합원들에게 손해가 발생하는 것을 방지하기 위함이다. 그런데 조합가입계약과 함께 체결하는 확정분담금 약정이 총회결의를 거치지 않았다는 이유로 무효가 되고 조합가입계약도 민법 제137조 본문에 따라 무효가 되었을 때, 확정분담금 약정을 체결한 조합원들이 별다른 시기나 사유의 제한 없이 조합가입계약의 무효나 취소를 주장하여 납입한 분담금 전액을 반환받아 가는 것을 항상 허용한다면, 지역주택조합은 주택건설",라 한다)을 체결하였다. 다. 원고는 이 사건 조합가입계약에 따른 분담금 및 업무대행비(이하,미검수
법제처 OPEN API/prec,609463,2021두59908,경정거부처분취소,https://www.law.go.kr/DRF/lawService.do?OC=test&target=prec&ID=609463&type=HTML,(조 번호 미표기),(판단 불명확),판단 불명확,,,,"국법인인 ‘△△△ 엘엘씨’(이하 ‘소외 회사’라 한다)로부터 미국에서 특허침해소송을 제기당하였다. 원고는 2013. 12. 23. 소외 회사와 미국에 등록된 40개의 특허권(이하 ‘이 사건 특허권’이라 한다)에 관하여 사용료를 지급하는 조건으로 소송을 종료하고 지역적 범위를 ‘전 세계’로 하는 라이선스를 받는 내용으로 특허권 라이선스 및 화해 계약(이하 ‘이 사건 계약’이라 한다)을 체결하였다. 나. 원고는 2014 사업연도에 소외 회사에 미화 160만 달러(이하 ‘이 사건 사용료’라 한다)를 지급하고, 피고에게 그에 따른 원천징수분 법인세를 납부하였다. 다. 원고는 이 사건 사용료가 ‘국외에 등록되었으나 국내에 등록되지 아니한 특허권’(이하 ‘국내 미등록 특허권’이라 한다)에 대한 사용대가로서 원천징수대상이 되는 국내원천소득이 아니라는 이유로, 2015. 6. 9. 피고에게 원천징수분 법인세의 환급을 구하는 경정청구를 하였다. 피고는 2019. 2. 25. 원고의 경정청구를 거부하였다. 2. 관련 규정 가. 「대한민국과 미합중국간의 소득에 관한 조세의 이중과세 회피와 탈세방지 및 국제무역과 투자의 증진을 위한 협약」(이하 ‘한미조세협약’이라 한다) 제14조 제4항은 ""본 조에서 사용되는 ‘사용료’라 함은 다음의 것을 의미한다.""라고 규정하면서, 제a호에서 ‘문학·예술·과학작품의 저작권 또는 영화필름·라디오 또는 텔레비전 방송용 필름 또는 테이프의 저작권, 특허, 의장, 신안, 도면, 비밀공정 또는 비밀공식, 상표 또는 기타 이와 유사한 재산 또는 권리, 지식, 경험, 기능, 선박 또는 항공기의 사용 또는 사용권에 대한 대가로서 받는 모든 종류의 지급금’을 규정한다. 제6조는 ""이 협약의 목적상 소득의 원천은 다음과 같이 취급된다.""라고 규정하면서, 제3항에서 ""제14조 제4항에 규정된 재산의 사용 또는 사용할 권리에 대하여 동 조항에 규정된 사용료는 어느 체약국 내의 동 재산의 사용 또는 사용할 권리에 대하여 지급되는 경우에만 동 체약국 내에 원천을 둔 소득으로 취급된다.""라고 규정한다. 제2조 제2항 전문(前文)은 ""이 협약에서 사용되나 이 협약에서 정의되지 아니한 기타의 용어는, 달리 문맥에 따르지 아니하는 한, 그 조세가 결정되는 체약국의 법에 따라 내포하는 의미를 가진다.""라고 규정한다. 나. 구 법인세법(2015. 12. 15. 법률 제13555호로 개정되기 전의 것, 이하 같다) 제93조는 ""외국법인의 국내원천소득은 다음 각 호와 같이 구분한다.""라고 규정하면서, 제8호에서 ""다음 각 목의 어느 하나에 해당하는 권리·자산 또는 정보(이하 이 호에서 ‘권리 등’이라 한다)를 국내에서 사용하거나 그 대가를 국내에서 지급하는 경우 그 대가 및 그 권리 등을 양도함으로써 발생하는 소득. 다만 소득에 관한 이중과세 방지협약에서 사용지를 기준으로 하여 그 소득의 국내원천소득 해당 여부를 규정하고 있는 경우에는 국외에서 사용된 권리 등에 대한 대가는 국내 지급 여부에도 불구하고 국내원천소득으로 보지 아니한다. 이 경우 특허권, 실용신안권, 상표권, 디자인권 등 권리의 행사에 등록이 필요한 권리(이하 이 호에서 ‘특허권 등’이라 한다)는 해당 특허권 등이 국외에서 등록되었고 국내에서 제조·판매 등에 사용된 경우에는 국내 등록 여부에 관계없이 국내에서 사용된 것으로 본다.""라고 규정한다(이상과 같이 한미조세협약은 ‘특허’, 구 법인세법은 ‘특허권’이라는 용어를 사용하고 있으므로 아래에서도 이를 고려하여 두 가지 용어를 혼용하기로 한다). 3. 국내 미등록 특허권에 대한 사용료가 국내원천소득에 해당하는지 여부 가. 관련 법리 한미조세협약은 구 법인세법 제93조 제8호에서 규정하는 ‘사용지를 기준으로 하여 사용료소득의 국내원천소득 해당 여부를 규정하고 있는 이중과세 방",라 한다)을 체결하였다. 나. 원고는 2014 사업연도에 소외 회사에 미화 160만 달러(이하,미검수
법제처 OPEN API/prec,609463,2021두59908,경정거부처분취소,https://www.law.go.kr/DRF/lawService.do?OC=test&target=prec&ID=609463&type=HTML,(조 번호 미표기),(판단 불명확),판단 불명확,,,,"상당한 정도의 정보력, 판단력, 협상력을 갖춘 상태에서 자신들의 의도를 문언에 정확하게 담아냈을 가능성이 크기 때문이다. 이 사건 계약서는 자세하고 체계적인 내용으로 작성되었다. 이 사건 계약 당사자는 우리나라의 대기업과 미국의 특허관리회사였다. 계약 체결 과정에서 특허나 조세 등 관련 법 영역 전문가의 도움을 받았을 가능성도 크다. 그 성과물로 탄생한 이 사건 계약은 라이선스의 지역적 범위를 ‘전 세계’로 명시하였다. 라이선스로 허용되는 행위 유형도 ‘제조, 사용, 판매, 판매 제안, 수입, 수출 또는 그 밖의 처분’이라고 광범위하게 정하였다. 이에 대한 대가로 미화 160만 달러가 일시불로 지급되었다. 반대의견은 이러한 처분문서의 기재와 달리 오로지 ‘미국’이라는 특정한 지역에서의 ‘판매’에 대한 대가로만 위 사용료를 책정하여 지급하였다는 것이 거래당사자의 진정한 의사였다고 한다. 하지만 이러한 견해야말로 문언으로 명확하게 표현된 거래당사자의 의사를 제쳐둔 채 법원이 임의로 계약 내용을 재구성하는 것과 다름없다. 반대의견은 다수의견의 견해와 같이 설령 ‘특허기술의 국내 사실상 사용’만을 내용으로 하는 라이선스 계약이 외형상 존재하더라도, 그 계약은 실질적으로는 특허의 사용에 관한 계약이 아니고 그와 별개인 노하우 이전 등에 관한 내용의 계약으로 볼 수 있을 따름이라고 부연한다. 그러나 현실에서는 특허와 노하우 등이 불가분적인 포괄적 패키지 형태로 라이선스 대상이 되는 경우가 흔하다. 특허권 속지주의 입론에 의하면 이러한 일체의 라이선스 대상을 ‘특허’와 ‘노하우’로 구별한 뒤 전자는 미국, 후자는 우리나라를 사용지로 보아 과세권을 다르게 배분하여야 한다는 결론에 이르게 될 것이다. 하지만 이는 당사자의 의사나 계약의 실제 모습에 비추어 지나치게 도식적이다. 라. 반대의견의 기타 논거에 관하여 반대의견은 그 밖에도 국내법에 의한 조약 배제, 유동적 해석의 한계 등 여러 가지 논거를 들어 다수의견을 비판한다. 그러나 이 논거들은 모두 특허권 속지주의 입론이 타당하다는 전제에 기초하고 있다. 이 입론이 타당하지 않은 이상 반대의견이 추가로 제시한 논거들의 당부는 굳이 반박할 필요가 없다. 반대의견은 판례 변경 필요성이 없다고도 한다. 하지만 다수의견의 입장처럼 ‘특허의 사용’을 올바르게 이해하여 한국에 과세권이 인정된다는 법적 결론에 이르는 경우에도 여전히 판례 변경 필요성이 없다고 말할 수 있을까? 반대의견은 판례 변경 필요성에 대해 말하지만 결국에는 종전 판례의 타당성 존부와 정도에 대한 입장이 다수의견과 다르다는 점을 그저 반복하여 말하고 있을 뿐이다. 판례 변경 필요성에 관한 일반론(이에 관해서는 대법원 2025. 7. 24. 선고 2023다240299 전원합의체 판결 중 다수의견 및 반대의견에 대한 각 보충의견 참조) 차원에서 보더라도, 우리 과세당국이 오랫동안 일관되게 취하여 온 입장이나, 지금까지 원천징수 형태로 해당 사용료소득에 대한 과세가 일단 이루어지는 경우가 많았던 현실 등에 비추어 보면 이번 판례 변경이 감내하기 어려운 예측 가능성 내지 신뢰 침해를 야기하는 것도 아니다. 그 밖의 부수적 논거들도 특허권 속지주의 입론의 타당성에 관한 결론을 좌우할 만한 것은 아니지만, 다수의견에 대한 현실적 우려를 담고 있으므로 아래에서 답변한다. 1) ‘한미조세협약의 목적에 반하는 결과 야기’에 관하여 반대의견은, 다수의견에 따를 경우 이중과세의 회피라는 한미조세협약의 목적에 반한다고 한다. 조약의 목적이 조약 해석에 고려될 수 있음은 물론이다. 그런데 조약의 목적은, 조약 자체의 추상적이고 일반적인 목적과 개별 조약 조항의 구체적이고 개별적인 목적 등 다양한 층위로 구성된다. 이때 우선적으로 고려되어야 할 것은 직접적으로 해석 대상이 되는 개별 ",전 세계’로 명시하였다. 라이선스로 허용되는 행위 유형도,미검수
법제처 OPEN API/prec,609463,2021두59908,경정거부처분취소,https://www.law.go.kr/DRF/lawService.do?OC=test&target=prec&ID=609463&type=HTML,(조 번호 미표기),(판단 불명확),판단 불명확,,,,"는 안 되고, 법률행위가 이루어진 동기와 경위, 그 법률행위로 달성하려는 목적과 진정한 의사, 거래의 관행 등까지 모두 종합하여 합리적으로 해석하여야 한다. 반대의견은 위와 같은 법리를 기초로 이 사건 사용료가 ‘미국 특허권의 미국 내 실시에 대한 대가’라는 점을 충분히 논증하였고, 이는 이 사건 계약서의 기재를 감안하더라도 다르지 않다. 다수 보충의견은 이 사건 계약서에 라이선스의 지역적 범위가 ‘전 세계’로 명시된 점이나 허용되는 행위 유형이 판매뿐만 아니라 제조, 수입, 수출 등까지 광범위하게 정해진 점을 근거로 제시한다. 그러면서 이 사건 사용료가 전적으로 미국 내 사용만을 위한 것은 아니라거나, 오로지 ‘미국’이라는 특정한 지역에서의 ‘판매’에 대한 대가로만 사용료를 책정하여 지급한 것이 아니라고 한다. 하지만 이 사건 계약서의 다른 부분을 보면, 원고와 소외 회사가 진정으로 라이선스의 대상으로 삼고자 했던 것은 미국 내에서 효력을 가지는 ‘미국 특허권’이고 그 특허권에 의한 보호와 동떨어진 채 존재하는 ‘발명’이 아님을 충분히 알 수 있다. 이 사건 계약 제2조에는 ""원고가 ‘라이선스 대상 특허’ 관련 본 계약에 포함된 라이선스 및 면책에 대한 대가로 사용료를 지급한다(In consideration of the licenses and releases contained in this agreement relating to the ‘licensed patents’, 원고 shall pay to 소외 회사 …).""라고 규정하고 있는데, 전문에서는 그 ‘라이선스 대상 특허’(licensed patents)가 별지에 명시된 특허와 그 관련 특허임을 명시하고 있고, 별지에는 미국 특허등록번호 40개가 열거되어 있다. 다수 보충의견이 인용한 처분문서의 문언을 중시하여야 한다는 법리에 따르면 이 사건 계약에서의 라이선스 대상은 위 해당 문언과 같이 미국 등록 특허권 그 자체로 보아야 한다. 언뜻 이에 배치되는 듯한 위 라이선스의 지역적 범위에 관한 기재(예컨대 ‘worldwide’)는 단지 원고가 미국 특허권인 이 사건 특허권을 사용함에 있어서 지역적 제약을 따로 설정하지 아니하였음을 주의적·확인적으로 언급한 것일 뿐이다. 이는 가령 원고가 우리나라에서 제품을 제조한 후 이를 미국에서 수입·판매하는 것에 대해 따로 문제 삼지 않겠다는 취지일 따름이다. 이를 특허권 속지주의 관점에서 보면 ‘우리나라에서 제품을 제조하는 것’ 자체는 원래부터 금지되지도 않지만, 해당 제조행위에 대해 미국 특허권자가 법적으로 문제를 제기하지 않겠다는 점을 재차 확인하는 취지에서 들어간 문구 정도로 이해하는 것이 자연스럽다. 이러한 문구가 포함되었다고 해서, 이 사건 사용료의 체결 경위나 라이선스 대상에 관하여 훨씬 중요한 명시적 기재가 존재함에도, 이 사건 사용료 전체를 미국 특허권의 효력이 미치지 않는 국내에서 이루어진 발명의 사실상 사용에 대한 대가로 파악하는 것은 본말이 전도된 것이다. 라. 판매지(미국) 원천의 배제 문제에 관하여 다수의견은 ‘특허권 등록 국가에서의 법률상 사용(실시)’을 ‘특허의 사용’이라는 용어의 포섭 범위에서 완전히 제외하여, 마치 특허의 사용장소가 오로지 우리나라이고 우리나라만이 원천지국으로서의 과세권을 행사할 수 있는 것처럼 보고 있다. 이러한 다수의견은 별다른 근거도 없이 특허가 제조 단계에서만 사용될 수 있다는 전제에 서 있다. 그러나 특허는 오로지 제조 단계에서만 사용될 수 있는 것이 아니라 제품의 판매나 대여, 수입 등 단계에서도 사용될 수 있다고 보는 것이 일반적인 상식에 부합한다. 구 법인세법 제93조 제8호 단서 후문도 ‘특허권이 국내에서 제조·판매 등에 사용된 경우’라고 하여 특허가 판매 단계에서도 사용될 수 있음을 당연한 전제로 삼고 있다. 그렇다면 다수의견에 대하여 다음과 같은 의문이 제기된다. 판매 장소인 미국은 왜 특허의 사용장소에서 전면 배제되어야 하는가? 다수의견처럼 ‘특허기술’이 국","전 세계’로 명시된 점이나 허용되는 행위 유형이 판매뿐만 아니라 제조, 수입, 수출 등까지 광범위하게 정해진 점을 근거로 제시한다. 그러면서 이 사건 사용료가 전적으로 미국 내 사용만을 위한 것은 아니라거나, 오로지",미검수
법제처 OPEN API/prec,609463,2021두59908,경정거부처분취소,https://www.law.go.kr/DRF/lawService.do?OC=test&target=prec&ID=609463&type=HTML,(조 번호 미표기),(판단 불명확),판단 불명확,,,," 라이선스의 지역적 범위가 ‘전 세계’로 명시된 점이나 허용되는 행위 유형이 판매뿐만 아니라 제조, 수입, 수출 등까지 광범위하게 정해진 점을 근거로 제시한다. 그러면서 이 사건 사용료가 전적으로 미국 내 사용만을 위한 것은 아니라거나, 오로지 ‘미국’이라는 특정한 지역에서의 ‘판매’에 대한 대가로만 사용료를 책정하여 지급한 것이 아니라고 한다. 하지만 이 사건 계약서의 다른 부분을 보면, 원고와 소외 회사가 진정으로 라이선스의 대상으로 삼고자 했던 것은 미국 내에서 효력을 가지는 ‘미국 특허권’이고 그 특허권에 의한 보호와 동떨어진 채 존재하는 ‘발명’이 아님을 충분히 알 수 있다. 이 사건 계약 제2조에는 ""원고가 ‘라이선스 대상 특허’ 관련 본 계약에 포함된 라이선스 및 면책에 대한 대가로 사용료를 지급한다(In consideration of the licenses and releases contained in this agreement relating to the ‘licensed patents’, 원고 shall pay to 소외 회사 …).""라고 규정하고 있는데, 전문에서는 그 ‘라이선스 대상 특허’(licensed patents)가 별지에 명시된 특허와 그 관련 특허임을 명시하고 있고, 별지에는 미국 특허등록번호 40개가 열거되어 있다. 다수 보충의견이 인용한 처분문서의 문언을 중시하여야 한다는 법리에 따르면 이 사건 계약에서의 라이선스 대상은 위 해당 문언과 같이 미국 등록 특허권 그 자체로 보아야 한다. 언뜻 이에 배치되는 듯한 위 라이선스의 지역적 범위에 관한 기재(예컨대 ‘worldwide’)는 단지 원고가 미국 특허권인 이 사건 특허권을 사용함에 있어서 지역적 제약을 따로 설정하지 아니하였음을 주의적·확인적으로 언급한 것일 뿐이다. 이는 가령 원고가 우리나라에서 제품을 제조한 후 이를 미국에서 수입·판매하는 것에 대해 따로 문제 삼지 않겠다는 취지일 따름이다. 이를 특허권 속지주의 관점에서 보면 ‘우리나라에서 제품을 제조하는 것’ 자체는 원래부터 금지되지도 않지만, 해당 제조행위에 대해 미국 특허권자가 법적으로 문제를 제기하지 않겠다는 점을 재차 확인하는 취지에서 들어간 문구 정도로 이해하는 것이 자연스럽다. 이러한 문구가 포함되었다고 해서, 이 사건 사용료의 체결 경위나 라이선스 대상에 관하여 훨씬 중요한 명시적 기재가 존재함에도, 이 사건 사용료 전체를 미국 특허권의 효력이 미치지 않는 국내에서 이루어진 발명의 사실상 사용에 대한 대가로 파악하는 것은 본말이 전도된 것이다. 라. 판매지(미국) 원천의 배제 문제에 관하여 다수의견은 ‘특허권 등록 국가에서의 법률상 사용(실시)’을 ‘특허의 사용’이라는 용어의 포섭 범위에서 완전히 제외하여, 마치 특허의 사용장소가 오로지 우리나라이고 우리나라만이 원천지국으로서의 과세권을 행사할 수 있는 것처럼 보고 있다. 이러한 다수의견은 별다른 근거도 없이 특허가 제조 단계에서만 사용될 수 있다는 전제에 서 있다. 그러나 특허는 오로지 제조 단계에서만 사용될 수 있는 것이 아니라 제품의 판매나 대여, 수입 등 단계에서도 사용될 수 있다고 보는 것이 일반적인 상식에 부합한다. 구 법인세법 제93조 제8호 단서 후문도 ‘특허권이 국내에서 제조·판매 등에 사용된 경우’라고 하여 특허가 판매 단계에서도 사용될 수 있음을 당연한 전제로 삼고 있다. 그렇다면 다수의견에 대하여 다음과 같은 의문이 제기된다. 판매 장소인 미국은 왜 특허의 사용장소에서 전면 배제되어야 하는가? 다수의견처럼 ‘특허기술’이 국내 제조 국면에서 사용된 것으로 보더라도, 그 제품이 다시 미국으로 수입·판매되는 국면에서는 ‘특허’(권리)가 사용되지 않는 것처럼 보아야 하는 이유는 대체 무엇인가? 만일 미국에서의 ‘사용’을 배제할 수 없다면, 소득 원천지로서 제조지(우리나라)와 판매지(미국)가 경합하는 상황이라 할 수 있을 것인데, 다수의견이 내세우는 것처럼 이 사건 사용료의 원천이 오롯이 우리나라에 있다고 보아야 하는 근거는 무엇인가? 다수의견이 해석의 근거로 삼고 있는 구 법인세법 제93조 제8호","대상으로 삼고자 했던 것은 미국 내에서 효력을 가지는 ‘미국 특허권’이고 그 특허권에 의한 보호와 동떨어진 채 존재하는 ‘발명’이 아님을 충분히 알 수 있다. 이 사건 계약 제2조에는 ""원고가 ‘라이선스 대상 특허’ 관련 본 계약에 포함된 라이선스 및 면책에 대한 대가로 사용료를 지급한다(In consideration of the licenses and releases contained in this agreement relating to the ‘licensed patents’, 원고 shall pay to 소외 회사 …).",미검수
법제처 OPEN API/prec,616719,2024나2048856,부당이득금,https://www.law.go.kr/DRF/lawService.do?OC=test&target=prec&ID=616719&type=HTML,(조 번호 미표기),(판단 불명확),판단 불명확,,,,"부재료는 가맹본부가 지정하는 업체에서 공급받아야 하는 필수품목에 해당한다고 보인다), 이는 가맹점사업자의 계약의 자유를 과도하게 제한하는 결과를 초래할 수 있어 부당하다. ④ 한편, ‘협의’의 사전적 의미는 ‘서로의 의견이 일치함’을 의미하는 합의와 달리 ‘둘 이상의 사람이 서로 협력하여 논의함’을 의미하는 것으로 그 사전적 의미가 다르고, 이 사건 각 가맹계약서는 ‘협의’와 ‘합의’를 구분하여 사용하고 있는데, 이 사건 각 가맹계약 제28조 제1항은 원·부재료 가격 변경을 ‘합의’가 아닌 ‘협의’의 대상으로 명시하고 있다. ⑤ 가맹사업법 제14조의2 제2항에서도 가맹본부와 가맹계약을 체결·유지하고 있는 가맹점사업자로만 구성된 가맹점사업자단체는 그 가맹본부에 대하여 가맹계약의 변경 등 거래 조건에 대한 협의를 요청할 수 있다고 규정하여, 거래조건 변경을 협의의 대상으로 규정하고 있다. ⑥ 만약 원·부재료 가격 변경 시 단순히 의견 수렴 및 교환 절차를 넘어 가맹점사업자들 전부와의 의사 합치를 요한다면, 가맹점사업자들 사이에 서로 이해관계가 일치하지 않을 경우 가맹본부로서는 외부의 시장 환경 및 경제여건의 변화에 탄력적으로 대응하는 데 어려움을 겪을 수밖에 없고, 피고가 1,000명이 넘는 가맹점사업자들과 거래를 하면서 가맹사업의 통일성 및 상품·용역의 동일성을 유지할 수 없어 가맹사업 자체의 유지·운영이 곤란해질 우려도 있다(이에 대하여 원고들은, 가맹사업법은 가맹점사업자와 소비자 간 거래 단계에서 품질기준 준수만을 요구하고 있는 점, 가맹본부가 가맹점사업자에게 원·부재료를 공급하는 것 자체가 가맹법상 가맹사업의 본질적 내용에 해당하는 것이 아니라는 점 등을 근거로, 원·부재료 가격을 가맹점사업자들에게 통일적으로 적용해야 하는 것은 아니라는 취지로 주장하나, 원·부재료의 공급가격에 차이가 생길 경우, 가맹점사업자들 간의 원가 구조에 중대한 불균형을 초래할 수 있고, 영업상의 공정한 경쟁을 저해하며 가맹사업의 균형성과 일관성을 해치게 될 수 있으므로, 원고들이 들고 있는 사정만으로, 가맹본부가 전체 가맹점사업자와 사이에 원·부재료의 공급가격을 동일하게 적용하고자 하는 것이 불필요한 것이라고 단정할 수는 없다). 이러한 사정을 고려할 때, 이 사건 각 가맹계약이 원·부재료의 가격 변경과 관련한 절차를 ‘합의’가 아닌 ‘협의’의 대상으로 정한 것은, 가맹사업의 일관성을 확보함과 동시에 가맹점사업자의 의견을 반영하기 위한 절충적 방안으로 이해하는 것이 타당하다. 3. 1, 2차 물대인상에 있어 실체적 하자(가격 변경의 필요성이 있는지)가 있는지에 관한 판단 』 ○ 제12면 제4행의 ""2차 물대인상""을 ""1, 2차 물대인상""으로 고친다. ○ 제12면 제17행의 ""가맹사업자들에게""를 ""가맹점사업자들에게""로 고친다. ○ 제13면 제5행과 제6행 사이에 다음의 내용을 추가한다. 『4) 가맹본부의 물품공급은 가맹사업의 본질적 요소가 아니므로, 피고가 가맹점사업자들로 하여금 자신을 거쳐 물품을 공급받도록 하면서 계약 체결 시점에 이미 정해진 물품 공급가격을 변경하고자 한다면 물품구입 및 공급에 직접적으로 소요되는 비용이 증가하였다는 등의 사정이 있어야 이를 정당화할 수 있는 것인데, 피고가 가격 인상 필요성의 원인으로 들고 있는 인건비나 임차료, 고정자산투자와 관련된 감가상각비 등은 물품공급 여부와 무관하게 소요되는 고정비적 성격의 비용에 불과하고, 영업이익률을 높이기 위한 목적 또한 물품구입 및 공급비용과는 무관한 사정으로, 위와 같은 사유는 물대인상을 정당화하는 근거가 되지 못한다.』 ○ 제13면 제7행부터 마지막 행까지를 다음과 같이 고친다. 『1) 앞서 든 증거들, 갑 제4, 18호증, 을 제23호증의 각 기재에 의하면, 1차 물대인상 전, 피고가 거래처인 □□□ 주식회","협의’와 ‘합의’를 구분하여 사용하고 있는데, 이 사건 각 가맹계약 제28조 제1항은 원·부재료 가격 변경을",미검수
법제처 OPEN API/prec,616719,2024나2048856,부당이득금,https://www.law.go.kr/DRF/lawService.do?OC=test&target=prec&ID=616719&type=HTML,(조 번호 미표기),(판단 불명확),판단 불명확,,,,"호증""으로 고친다. ○ 제28면 제16행의 ""원고의""를 ""원고들의""로 고친다. ○ 제29면 제10행 말미에 아래 내용을 추가한다. 『또한 구 가맹사업법(2024. 1. 2. 법률 제19912호로 개정되기 전의 것) 제11조 제2항 제12호 및 동법 시행령(2023. 11. 16. 대통령령 제33873호로 개정되기 전의 것) 제12조 제2호에 의하면, 가맹계약서에는 ""가맹점사업자의 영업설비·집기 등의 설치와 유지·보수 및 그 비용의 부담에 관한 사항""이 기재되어야 한다고 규정하고 있는데, 피고는 최초로 가맹점사업자들에게 POS 사용료를 부과하기 약 1년 전부터 아래 나)항에서 보는 바와 같이 가맹점사업자들에게 이 사건 교체에 관해 알린 후, 2023. 11. 6. 정보공개서 및 가맹계약서 수시변경등록 절차를 진행하여 POS 사용료를 가맹계약서(2023. 11. 29. 개정) 제19조의 계속가맹금 항목에 포함시켰는바, 이로써 POS 사용료 부과에 관한 근거가 마련되었다고도 볼 수 있다.』 ○ 제29면 제20행의 ""위 자료에도""부터 제30면 제1행까지를 다음과 같이 고친다. 『위 자료에 ‘신규 POS 시스템으로 교체한 이후 30,000원(부가가치세 제외)의 이용료가 부과된다.’는 내용이 기재되어 있다.』 ○ 제30면 제9행의 ""불리한 것으로""부터 제12행까지를 ""불리한 것으로 보이지 아니한다.""로 고친다. 3. 추가 판단 가. 원고들의 주장 요지 1) 원고들 가) 1차 물대인상 당시 △△패티의 구입단가는 팩당 6,490원에서 6,190원으로 인하된 상태였고, 2차 물대인상 당시 △△패티의 구입단가는 팩당 5,990원으로, 가슴살패티의 구입단가는 4,500원에서 4,480원으로 인하된 상태였다. 또한 피고의 매출액 대비 원가 비율은 해를 거듭할수록 하락하였고, 매출액 대비 영업이익률은 급상승하였다. 그럼에도 불구하고 피고는 △△패티와 가슴살패티의 구입단가 인상으로 인한 비용 증가가 있다거나, 외부 환경 변화로 인하여 누적된 비용증가가 있는 것처럼 가맹점사업자들을 기망하여 1, 2차 물대인상을 진행하였는바, 원고들은 2024. 6. 18.자 준비서면의 송달로써 이를 취소한다. 따라서 피고는 원고들에게 1, 2차 물대인상에 따라 피고가 원고들로부터 취득한 부당이득금 원금과 로열티 및 이에 따른 부가가치세 합계액 및 이에 대한 지연손해금을 지급할 의무가 있다. 나) 선택적으로, 피고는 이 사건 각 가맹계약 제28조 제1항을 위반하여 1, 2차 물대인상에 따른 가격인상분 상당의 이익을 취득하였고, 이로써 원고들에게 동액 상당의 손해를 입혔으므로, 이 사건 각 가맹계약 제44조 제1항에 따라 계약위반으로 지급받은 물대인상분 상당액 및 이에 대한 지연손해금을 지급할 의무가 있다. 2) 원고 9, 원고 49, 원고 62, 원고 67, 원고 77 피고는 1차 물대인상 이후 위 원고들과 가맹계약을 체결하면서 1차 물대인상 전 가격으로 △△패티를 공급하기로 약정하였음에도, 위 원고들에게 1차 물대인상 후의 가격으로 △△패티를 공급하였다. 따라서 피고는 위 원고들에게 이 사건 각 가맹계약 제44조 제1항에 따라 손해배상으로서 약정 가격과 실제 공급가격의 차액에 해당하는 금액을 지급할 의무가 있다. 나. 부당이득반환 청구에 관한 판단 살피건대, 1, 2차 물대인상 당시 가격 인상의 필요성이 없었다고 단정하기 어려운 점은 앞서 본 바와 같고, 피고가 가맹점사업자들에게 1, 2차 물대인상 당시 제시한 자료가 허위의 자료라는 점을 인정할 아무런 증거가 없는 점(원고들은, 피고가 브라질산 △△패티 구입가격 및 국내산 가슴살패티의 구입가격이 각각 20% 또는 19% 정도 올랐음을 근거로 제시한 것이 허위의 정보라고 주장하나, 피고가 제시한 △△패티와 가슴살",맹점사업자의 영업설비·집기 등의 설치와 유지·보수 및 그 비용의 부담에 관한 사항,미검수
법제처 OPEN API/prec,608455,2025다212297,부당이득금,https://www.law.go.kr/DRF/lawService.do?OC=test&target=prec&ID=608455&type=HTML,(조 번호 미표기),안전,판례 문맥 추론 · 단일 신호,안전,,,"019. 10. 22. 60,000,000원, 2019. 11. 14. 40,000,000원, 2020. 3. 31. 20,000,000원 합계 120,000,000원의 사업자금을 지급하였다. 라. 이 사건 사업은 코로나19 감염병 사태의 영향 등으로 2021. 1.경 사실상 폐업하게 되었다. 마. 원고는, 주위적으로 원고가 피고의 계약 위반을 이유로 이 사건 계약을 해제하였으므로 피고는 원고에게 원상회복으로 위 120,000,000원을 반환하여야 하고, 예비적으로 이 사건 계약이 유효하다면 피고는 수익이 없더라도 원고에게 최소한 월 2,000,000원의 수익금을 지급할 의무가 있으므로 이에 따른 수익금 미지급분을 지급하여야 한다고 주장하였다. 2. 준거법 관련 상고이유에 대하여 가. 관련 법리 1) 구 국제사법(2022. 1. 4. 법률 제18670호로 전부 개정되기 전의 것, 이하 ‘구 국제사법’이라 한다) 제1조는 ""이 법은 외국적 요소가 있는 법률관계에 관하여 국제재판관할에 관한 원칙과 준거법을 정함을 목적으로 한다.""라고 규정하고 있으므로, 외국적 요소가 있는 법률관계에 대하여는 특별한 사정이 없는 한 국제사법의 규정을 적용하여 준거법을 정하여야 한다. 2) 법원은 외국적 요소가 있는 법률관계에 적용되는 준거법이 외국법인 경우 그 내용을 직권으로 조사하여야 한다. 따라서 법원은 준거법 관련 주장이 없더라도 적극적으로 석명권을 행사하여 당사자에게 의견 진술 기회를 부여하거나 필요한 자료를 제출하게 하는 등 그 법률관계에 적용될 국제협약 또는 국제사법에 따른 준거법에 관하여 심리, 조사할 의무가 있다(대법원 1990. 4. 10. 선고 89다카20252 판결, 대법원 2022. 1. 13. 선고 2021다269388 판결 등 참조). 3) 구 국제사법 제25조 제1항은 ""계약은 당사자가 명시적 또는 묵시적으로 선택한 법에 의한다. 다만 묵시적인 선택은 계약내용 그 밖에 모든 사정으로부터 합리적으로 인정할 수 있는 경우에 한한다.""라고 규정하고 있으므로 당사자는 계약의 준거법을 자유롭게 선택할 수 있다(대법원 2022. 1. 13. 선고 2021다269388 판결, 대법원 2025. 3. 27. 선고 2021다242185 판결 등 참조). 나. 이 사건에 관한 판단 1) 이 사건 계약은 캄보디아에서 이루어지는 사업에 관한 사업자금 제공과 수익 배분 등을 내용으로 하고 있다. 이 사건 계약에 따른 사업은 캄보디아 법에 따라 설립된 소외 회사에 의하여 수행될 예정이었다. 원고와 피고는 이 사건 계약에 관한 권리와 의무를 캄보디아 법에 따르도록 합의하였다. 이상의 사정들을 종합하면 이 사건 계약의 법률관계에는 구 국제사법 제1조에서 정한 외국적 요소가 있으므로 국제사법을 적용하여 준거법을 정하여야 한다. 구 국제사법 제25조 제1항에 따르면 당사자는 계약의 준거법을 자유롭게 선택할 수 있다. 원고와 피고는 이 사건 계약상 권리와 의무에 관하여는 캄보디아 법에 따르도록 정하였는데, 이는 이 사건 계약의 준거법을 캄보디아 법으로 선택한 것으로 볼 수 있다. 따라서 법원은 준거법인 캄보디아 법의 내용을 직권으로 심리, 조사하여야 한다. 2) 원심은 이 사건 계약을 ‘금전, 물품공급능력 및 노하우 등을 상호 출자하여 이익을 공유하기로 하는 동업계약’으로 인정하였다. 또한 원심은 해제권 유보의 특약이 없는 한 원상회복을 전제로 한 동업계약 해제는 허용되지 않고 잔여재산 분배청구나 손해배상이 문제 될 뿐이라는 이유로 원고의 주위적 청구를 배척하였다. 한편 원심은 이 사건 계약에 관한 법률관계의 준거법이 무엇인지를 명시적으로 밝히지 않은 채 기초 사실 부분에서 캄보디아 민법 제407조, 제409조, 제411조의 내용을 밝혔다. 해당 조항들은 계약 위반 시 계약해제가 가능하고(제407조), 해제권자는 해제의 의사표시를 함으로써 계약을 해제할 수 있으며(제409조), 계약해제 시 원상회복의무가 발생한다(제411조)는 등 계약해제 일반에 관한 내용이다. 그러나 이러한 캄보디아 법의 내용만으로는 원심이 판단한 것처럼 동업계약 해제는 원","로 위 120,000,000원을 반환하여야 하고, 예비적으로 이 사건 계약이 유효하다면 피고는 수익이 없더라도 원고에게 최소한 월 2,000,000원의 수익금을 지급할 의무가 있으므로 이에 따른 수익금 미지급분을 지급하여야 한다고 주장하였다. 2. 준거법 관련 상고이유에 대하여 가. 관련 법리 1) 구 국제사법(2022. 1. 4. 법률 제18670호로 전부 개정되기 전의 것, 이하 ‘구 국제사법’이라 한다) 제1조는 ""이 법은 외국적 요소가 있는 법률관계에 관하여 국제재판관할에 관한 원칙과 준거법을 정함을 목적으로 한다.",미검수
법제처 OPEN API/prec,608455,2025다212297,부당이득금,https://www.law.go.kr/DRF/lawService.do?OC=test&target=prec&ID=608455&type=HTML,(조 번호 미표기),(판단 불명확),판단 불명확,,,,"다. 구 국제사법 제25조 제1항에 따르면 당사자는 계약의 준거법을 자유롭게 선택할 수 있다. 원고와 피고는 이 사건 계약상 권리와 의무에 관하여는 캄보디아 법에 따르도록 정하였는데, 이는 이 사건 계약의 준거법을 캄보디아 법으로 선택한 것으로 볼 수 있다. 따라서 법원은 준거법인 캄보디아 법의 내용을 직권으로 심리, 조사하여야 한다. 2) 원심은 이 사건 계약을 ‘금전, 물품공급능력 및 노하우 등을 상호 출자하여 이익을 공유하기로 하는 동업계약’으로 인정하였다. 또한 원심은 해제권 유보의 특약이 없는 한 원상회복을 전제로 한 동업계약 해제는 허용되지 않고 잔여재산 분배청구나 손해배상이 문제 될 뿐이라는 이유로 원고의 주위적 청구를 배척하였다. 한편 원심은 이 사건 계약에 관한 법률관계의 준거법이 무엇인지를 명시적으로 밝히지 않은 채 기초 사실 부분에서 캄보디아 민법 제407조, 제409조, 제411조의 내용을 밝혔다. 해당 조항들은 계약 위반 시 계약해제가 가능하고(제407조), 해제권자는 해제의 의사표시를 함으로써 계약을 해제할 수 있으며(제409조), 계약해제 시 원상회복의무가 발생한다(제411조)는 등 계약해제 일반에 관한 내용이다. 그러나 이러한 캄보디아 법의 내용만으로는 원심이 판단한 것처럼 동업계약 해제는 원칙적으로 허용되지 않고 잔여재산 분배청구나 손해배상이 문제 될 뿐이라는 결론을 이끌어낼 수 없다. 오히려 원심은 동업계약 해제를 둘러싼 캄보디아 법의 내용을 충분히 심리, 조사하지 않은 채 우리나라 민법상 조합계약에 관한 법리를 적용하였다는 의문도 든다. 이러한 원심의 판단에는 직권조사사항 및 준거법에 관한 법리를 오해하고 필요한 심리를 다하지 않아 판결에 영향을 미친 잘못이 있다. 3. 이 사건 계약 조항의 해석에 관한 상고이유에 대하여 가. 원심은, 이 사건 사업이 폐업하게 되었고 이 사건 계약에 따르면 피고의 채무불이행에 대한 조정이 불가능한 경우 소외 회사의 해산 및 청산 후 잔여재산의 50%를 원고에게 지급하기로 되어 있다는 점 등을 근거로, 이 사건 계약에 따르면 원고가 이 사건 계약에 기한 피고의 채무불이행을 이유로 직접 피고에게 월 최소 수익금 2,000,000원의 지급을 구할 수 없다고 판단하였다. 나. 그러나 앞서 본 사실관계에 따르면 이 사건 계약상 사업 수익이 없더라도 피고는 원고에게 매월 2,000,000원을 수익금으로 지급하도록 되어 있다. 원심이 든 잔여재산 50% 지급 조항은 피고의 채무불이행으로 소외 회사가 해산하여 청산되는 경우의 배분에 관한 조항일 뿐 위 최소 수익금 지급 조항을 배제하는 조항으로까지 해석되지는 않는다. 그러므로 이 사건 계약에서 정한 수익 배분의 종료 사유가 발생할 때까지는 위 최소 수익금 지급 조항에 따른 수익금이 계속 지급되어야 한다. 그렇다면 원심은 계약 해석에 관한 캄보디아 법의 내용을 살펴본 후, 위와 같은 해석이 캄보디아 법에 부합하는지, 만약 부합하지 않는다면 피고가 원고에게 아직 지급하지 않은 수익금이 얼마인지 등을 심리하였어야 한다. 원심의 판단에는 계약의 해석 및 준거법에 관한 법리를 오해하고 필요한 심리를 다하지 않아 판결에 영향을 미친 잘못이 있다. 4. 결론 그러므로 나머지 상고이유에 대한 판단을 생략한 채 원심판결을 파기하고, 사건을 다시 심리·판단하도록 원심법원에 환송하기로 하여, 관여 대법관의 일치된 의견으로 주문과 같이 판결한다. 대법관 박영재(재판장) 오경미 권영준(주심) 엄상필 ]]>","금전, 물품공급능력 및 노하우 등을 상호 출자하여 이익을 공유하기로 하는 동업계약",미검수
법제처 OPEN API/prec,615681,2024다296213,손해배상(기),https://www.law.go.kr/DRF/lawService.do?OC=test&target=prec&ID=615681&type=HTML,(조 번호 미표기),(판단 불명확),판단 불명확,,,,"한다). 이 사건 입찰 공고문에는 ‘입찰자는 반드시 우리 공사 전자입찰특별유의서, 물품구매입찰유의서, 청렴계약 입찰 특별유의서 등 입찰에 필요한 모든 사항에 대하여 입찰 전에 완전히 숙지하고 입찰에 응하여야 하며, 이를 숙지 못한 책임은 입찰자에게 있음’이라는 업체 제시문이 기재되어 있고, ‘청렴계약 입찰 특별유의서’가 파일 형태로 첨부되어 있었다(이하 ‘이 사건 청렴계약 입찰 특별유의서’라 한다). 다. 이 사건 청렴계약 입찰 특별유의서 제4조의2는 경쟁입찰에서 입찰참가자가 담합행위로 인하여 원고에게 손해를 입혔을 경우 공정거래위원회 조사결과 담합행위에 참여한 모든 입찰참가자는 ‘담합에 따라 결정된 낙찰가격과 담합이 없었을 경우 형성되었으리라고 인정되는 가격의 차액’(제1호) 등을 연대하여 원고에게 배상하여야 하고(제1항), 원고에게 손해를 입혔으나 구체적인 손해액을 산정하기 곤란하거나 불가능하다고 원고가 판단하는 경우는 계약금액의 10%를 원고에게 연대하여 배상하여야 한다(제2항)고 정하고 있다(이하 ‘이 사건 손해배상액예정 조항’이라 한다). 라. 공정거래위원회는 2020. 4. 27. 피고들이 이 사건 입찰에 참여하는 과정에서 담합행위(이하 ‘이 사건 담합행위’라 한다)를 하였다는 이유로 피고들에 대하여 시정명령과 과징금을 부과하였다. 피고들 중 일부는 법원에 시정명령 및 과징금 부과처분의 취소를 구하는 행정소송을 제기하였으나 해당 피고들의 청구를 모두 기각하는 내용의 판결이 확정되었다. 2. 주위적 청구에 관한 판단 원심은 판시와 같은 이유로, 이 사건 손해배상액예정 조항은 「약관의 규제에 관한 법률」(이하 ‘약관법’이라 한다) 제2조에서 규정하고 있는 ‘약관’에 해당하고, 이는 설명의무 대상에 해당한다고 본 다음, 원고가 피고들에게 이 사건 손해배상액예정 조항의 내용을 설명하였다고 보기 어렵다는 이유로 원고의 이 사건 손해배상액예정 조항에 따른 손해배상청구를 배척하였다. 원심판결 이유를 관련 법리와 기록에 비추어 살펴보면, 원심판단은 수긍할 수 있다. 거기에 상고이유 주장과 같이 약관법이 정한 약관의 의미와 설명의무 대상에 관한 법리오해 등의 잘못이 없다. 3. 예비적 청구에 관한 판단 가. 원심 판단 원심은 판시와 같은 이유로, 다음과 같이 판단하였다. 1) 원고는 늦어도 공정거래위원회가 피고들에게 이 사건 담합행위를 이유로 시정명령 및 과징금을 부과한 2020. 4. 27.경에는 이 사건 담합행위의 위법성 및 그로 인한 손해 발생을 현실적이고도 구체적으로 인식하였다. 2) 원고는 2020. 11. 26. 이 사건 소 제기 당시에는 이 사건 손해배상액예정 조항에 따른 손해배상청구만을 청구원인으로 하였을 뿐이고, 2020. 4. 27.로부터 3년이 경과한 이후인 2023. 11. 24.에서야 준비서면 제출을 통해 비로소 불법행위로 인한 손해배상청구를 예비적 청구원인으로 추가하였다. 3) 원고의 피고들에 대한 불법행위로 인한 손해배상청구권은 시효완성으로 소멸하였고, 이 사건 소 제기 당시 소멸시효가 중단되었다는 원고의 재항변은 이유 없다. 나. 대법원 판단 1) 구 공정거래법(2018. 9. 18. 법률 제15784호로 개정되기 전의 것, 이하 같다) 제56조 제1항에 의한 손해배상청구권은 법적 성격이 불법행위로 인한 손해배상청구권이므로 이에 관하여는 민법 제766조 제1항의 단기소멸시효가 적용된다(대법원 2014. 9. 4. 선고 2013다215843 판결 등 참조). 시효제도의 존재 이유는 영속된 사실 상태를 존중하고 권리 위에 잠자는 자를 보호하지 않는다는 데에 있고 특히 소멸시효에서는 후자의 의미가 강하므로, 권리자가 재판상 그 권리를 주장하여 권리 위에 잠자는 것이 아님을 표명한 때에는 시효중단 사유가 된다. 이러한 시효중단 사유로서의 재판상 청구에는 소멸시효 대상인 그 권리 자체의 이행청구나 확인청구를 하는 경우만이 아니라, 그",라 한다). 다. 이 사건 청렴계약 입찰 특별유의서 제4조의2는 경쟁입찰에서 입찰참가자가 담합행위로 인하여 원고에게 손해를 입혔을 경우 공정거래위원회 조사결과 담합행위에 참여한 모든 입찰참가자는,미검수
법제처 OPEN API/prec,607789,2022다311736,"임대차보증금[임대차보증금에서 위약벌 및 손해배상예정액을 공제하기로 약정한 임차인에 대해 회생절차가 개시된 경우, 임대인이 회생채권으로 주장할 수 있는 임대차보증금반환채권의 범위가 다투어진 사건]",https://www.law.go.kr/DRF/lawService.do?OC=test&target=prec&ID=607789&type=HTML,(조 번호 미표기),위험,판례 문맥 추론 · 단일 신호,위험,,,"고와 사이에, 원고 소유이던 서울 종로구 (주소 생략) 토지 및 그 지상에 위치한 지하 3층, 지상 17층 규모의 건물(이하 ‘이 사건 건물’이라 한다)을 피고에게 매도함과 동시에 이를 임대차보증금 5,694,177,840원, 임대차기간 2013. 12. 4.부터 2023. 12. 3.까지로 정하여 원고가 임차하기로 약정하였다(이하 임대차 부분을 가리켜 ‘이 사건 임대차계약’이라고 한다). 원고는 그 무렵 피고에게 위 임대차보증금을 지급하고(이하 ‘이 사건 임대차보증금’이라고 한다), 이 사건 건물을 원고 본사 사옥으로 사용하여 왔다. 다. 이 사건 임대차계약 제19조 제1항에서는, ""「채무자 회생 및 파산에 관한 법률」 제119조 또는 제335조에 근거하여 임차인의 관리인 또는 파산관재인이 본 계약을 중도에 해지하는 경우, 임차인은 ‘본 계약 해지 시점 당시의 월 임대료 × 24’로 계산된 위약벌을 임대인에게 지급하여야 하고, 임대인은 본 항에 따른 위약벌을 임대차보증금에서 공제할 수 있으며, 임차인은 이에 대하여 아무런 이의 없이 동의한다.""라고, 같은 조 제2항에서는 ""「채무자 회생 및 파산에 관한 법률」 제119조 또는 제335조에 근거하여 임차인의 관리인 또는 파산관재인이 본 계약을 중도에 해지하는 경우, 임차인은 본 조 제(1)항에 따른 위약벌 이외에 ‘본 계약 해지 시점 당시의 월 임대료 및 월 관리비 합계액 × 24’의 금액과 ‘본 계약 해지 시점부터 2차 임대차기간 종료일까지의 월 임대료 및 월 관리비 합계액’ 중 적은 금액으로 계산된 손해배상 예정액을 임대인에게 지급하여야 하고, 임대인은 본 항에 따른 손해배상 예정액을 임대차보증금에서 공제할 수 있으며, 임차인은 이에 대하여 아무런 이의 없이 동의한다.""라는 내용을 각 규정하고 있다(이하 이 사건 임대차계약 제19조 제1항, 제2항을 ‘대상조항’이라고 하고, 그중 공제에 관한 부분만을 가리켜 ‘이 사건 공제약정’이라고 한다). 라. 원고는 2017. 9. 11. 서울회생법원 2017회합100149호로 회생절차개시신청을 하여 같은 해 10. 12. 회생절차개시결정을 받았고(이하 종전 회생절차와 구별하여 ‘이 사건 회생절차’라고 한다), 같은 날 선임된 원고의 관리인은 회생법원의 허가를 받아 2018. 4. 6. 「채무자 회생 및 파산에 관한 법률」(이하 ‘채무자회생법’이라고 한다) 제119조 제1항에 의하여 쌍방미이행 쌍무계약인 이 사건 임대차계약을 해지한 다음 2018. 8. 31. 피고에게 이 사건 건물을 인도하였다. 원고에 대하여 2018. 5. 24. 회생계획인가결정이, 같은 해 6. 25. 회생절차종결결정이 각 내려졌다. 마. 한편 피고는 이 사건 회생절차 진행 중인 2017. 11. 15. 이 사건 임대차계약 해지로 인한 장래 위약벌 및 손해배상금 합계 14,506,968,792원의 채권을 신고하였고, 이에 대하여 원고 관리인이 전부 이의함에 따라 피고는 서울회생법원 2018회확100011호로 회생채권조사확정재판을 신청하였다. 위 법원은 2020. 1. 16. 대상조항을 무효라고 보기는 어려우나 다만 여러 사정을 종합하여 손해배상 예정액을 10%로 감액한다고 하면서, ""피고의 원고에 대한 회생채권은 위약벌 6,301,177,176원과 손해배상 예정액 820,579,161원의 합계 7,121,756,337원임을 확정한다.""라고 결정하였다(이하 위 위약벌과 손해배상 예정액을 ‘이 사건 위약벌’과 ‘이 사건 손해배상 예정액’이라고 한다). 원고는 이에 불복하여 서울회생법원 2020가합100265호로 이의의 소를 제기하였으나, 위 법원은 2020. 11. 18. 위 회생채권조사확정재판을 인가하는 판결을 하였고, 이에 대한 원고의 항소가 2021. 6. 17. 기각되어 위 판결이 ",라고 한다). 원고는 그 무렵 피고에게 위 임대차보증금을 지급하고(이하,미검수
법제처 OPEN API/prec,607789,2022다311736,"임대차보증금[임대차보증금에서 위약벌 및 손해배상예정액을 공제하기로 약정한 임차인에 대해 회생절차가 개시된 경우, 임대인이 회생채권으로 주장할 수 있는 임대차보증금반환채권의 범위가 다투어진 사건]",https://www.law.go.kr/DRF/lawService.do?OC=test&target=prec&ID=607789&type=HTML,제19조,위험,판례 문맥 추론 · 단일 신호,위험,,,"보증금 5,694,177,840원, 임대차기간 2013. 12. 4.부터 2023. 12. 3.까지로 정하여 원고가 임차하기로 약정하였다(이하 임대차 부분을 가리켜 ‘이 사건 임대차계약’이라고 한다). 원고는 그 무렵 피고에게 위 임대차보증금을 지급하고(이하 ‘이 사건 임대차보증금’이라고 한다), 이 사건 건물을 원고 본사 사옥으로 사용하여 왔다. 다. 이 사건 임대차계약 제19조 제1항에서는, ""「채무자 회생 및 파산에 관한 법률」 제119조 또는 제335조에 근거하여 임차인의 관리인 또는 파산관재인이 본 계약을 중도에 해지하는 경우, 임차인은 ‘본 계약 해지 시점 당시의 월 임대료 × 24’로 계산된 위약벌을 임대인에게 지급하여야 하고, 임대인은 본 항에 따른 위약벌을 임대차보증금에서 공제할 수 있으며, 임차인은 이에 대하여 아무런 이의 없이 동의한다.""라고, 같은 조 제2항에서는 ""「채무자 회생 및 파산에 관한 법률」 제119조 또는 제335조에 근거하여 임차인의 관리인 또는 파산관재인이 본 계약을 중도에 해지하는 경우, 임차인은 본 조 제(1)항에 따른 위약벌 이외에 ‘본 계약 해지 시점 당시의 월 임대료 및 월 관리비 합계액 × 24’의 금액과 ‘본 계약 해지 시점부터 2차 임대차기간 종료일까지의 월 임대료 및 월 관리비 합계액’ 중 적은 금액으로 계산된 손해배상 예정액을 임대인에게 지급하여야 하고, 임대인은 본 항에 따른 손해배상 예정액을 임대차보증금에서 공제할 수 있으며, 임차인은 이에 대하여 아무런 이의 없이 동의한다.""라는 내용을 각 규정하고 있다(이하 이 사건 임대차계약 제19조 제1항, 제2항을 ‘대상조항’이라고 하고, 그중 공제에 관한 부분만을 가리켜 ‘이 사건 공제약정’이라고 한다). 라. 원고는 2017. 9. 11. 서울회생법원 2017회합100149호로 회생절차개시신청을 하여 같은 해 10. 12. 회생절차개시결정을 받았고(이하 종전 회생절차와 구별하여 ‘이 사건 회생절차’라고 한다), 같은 날 선임된 원고의 관리인은 회생법원의 허가를 받아 2018. 4. 6. 「채무자 회생 및 파산에 관한 법률」(이하 ‘채무자회생법’이라고 한다) 제119조 제1항에 의하여 쌍방미이행 쌍무계약인 이 사건 임대차계약을 해지한 다음 2018. 8. 31. 피고에게 이 사건 건물을 인도하였다. 원고에 대하여 2018. 5. 24. 회생계획인가결정이, 같은 해 6. 25. 회생절차종결결정이 각 내려졌다. 마. 한편 피고는 이 사건 회생절차 진행 중인 2017. 11. 15. 이 사건 임대차계약 해지로 인한 장래 위약벌 및 손해배상금 합계 14,506,968,792원의 채권을 신고하였고, 이에 대하여 원고 관리인이 전부 이의함에 따라 피고는 서울회생법원 2018회확100011호로 회생채권조사확정재판을 신청하였다. 위 법원은 2020. 1. 16. 대상조항을 무효라고 보기는 어려우나 다만 여러 사정을 종합하여 손해배상 예정액을 10%로 감액한다고 하면서, ""피고의 원고에 대한 회생채권은 위약벌 6,301,177,176원과 손해배상 예정액 820,579,161원의 합계 7,121,756,337원임을 확정한다.""라고 결정하였다(이하 위 위약벌과 손해배상 예정액을 ‘이 사건 위약벌’과 ‘이 사건 손해배상 예정액’이라고 한다). 원고는 이에 불복하여 서울회생법원 2020가합100265호로 이의의 소를 제기하였으나, 위 법원은 2020. 11. 18. 위 회생채권조사확정재판을 인가하는 판결을 하였고, 이에 대한 원고의 항소가 2021. 6. 17. 기각되어 위 판결이 그 무렵 그대로 확정되었다(서울고등법원 2020나2046494호, 이하 ‘관련 판결’이라고 한다). 바. 원고는 피고를 상대로 이 사건 임대차보증금에서 차임 등을 공제한 나머지 1,324,640,605원 및 이에 대한 지연손해금의 지급을 구하는 이 사건 소를 제기하였고, 이에 대하여 피고는 관","채무자 회생 및 파산에 관한 법률」 제119조 또는 제335조에 근거하여 임차인의 관리인 또는 파산관재인이 본 계약을 중도에 해지하는 경우, 임차인은",미검수
법제처 OPEN API/prec,607789,2022다311736,"임대차보증금[임대차보증금에서 위약벌 및 손해배상예정액을 공제하기로 약정한 임차인에 대해 회생절차가 개시된 경우, 임대인이 회생채권으로 주장할 수 있는 임대차보증금반환채권의 범위가 다투어진 사건]",https://www.law.go.kr/DRF/lawService.do?OC=test&target=prec&ID=607789&type=HTML,제19조,위험,판례 문맥 추론 · 단일 신호,위험,,," 관리비 합계액 × 24’의 금액과 ‘본 계약 해지 시점부터 2차 임대차기간 종료일까지의 월 임대료 및 월 관리비 합계액’ 중 적은 금액으로 계산된 손해배상 예정액을 임대인에게 지급하여야 하고, 임대인은 본 항에 따른 손해배상 예정액을 임대차보증금에서 공제할 수 있으며, 임차인은 이에 대하여 아무런 이의 없이 동의한다.""라는 내용을 각 규정하고 있다(이하 이 사건 임대차계약 제19조 제1항, 제2항을 ‘대상조항’이라고 하고, 그중 공제에 관한 부분만을 가리켜 ‘이 사건 공제약정’이라고 한다). 라. 원고는 2017. 9. 11. 서울회생법원 2017회합100149호로 회생절차개시신청을 하여 같은 해 10. 12. 회생절차개시결정을 받았고(이하 종전 회생절차와 구별하여 ‘이 사건 회생절차’라고 한다), 같은 날 선임된 원고의 관리인은 회생법원의 허가를 받아 2018. 4. 6. 「채무자 회생 및 파산에 관한 법률」(이하 ‘채무자회생법’이라고 한다) 제119조 제1항에 의하여 쌍방미이행 쌍무계약인 이 사건 임대차계약을 해지한 다음 2018. 8. 31. 피고에게 이 사건 건물을 인도하였다. 원고에 대하여 2018. 5. 24. 회생계획인가결정이, 같은 해 6. 25. 회생절차종결결정이 각 내려졌다. 마. 한편 피고는 이 사건 회생절차 진행 중인 2017. 11. 15. 이 사건 임대차계약 해지로 인한 장래 위약벌 및 손해배상금 합계 14,506,968,792원의 채권을 신고하였고, 이에 대하여 원고 관리인이 전부 이의함에 따라 피고는 서울회생법원 2018회확100011호로 회생채권조사확정재판을 신청하였다. 위 법원은 2020. 1. 16. 대상조항을 무효라고 보기는 어려우나 다만 여러 사정을 종합하여 손해배상 예정액을 10%로 감액한다고 하면서, ""피고의 원고에 대한 회생채권은 위약벌 6,301,177,176원과 손해배상 예정액 820,579,161원의 합계 7,121,756,337원임을 확정한다.""라고 결정하였다(이하 위 위약벌과 손해배상 예정액을 ‘이 사건 위약벌’과 ‘이 사건 손해배상 예정액’이라고 한다). 원고는 이에 불복하여 서울회생법원 2020가합100265호로 이의의 소를 제기하였으나, 위 법원은 2020. 11. 18. 위 회생채권조사확정재판을 인가하는 판결을 하였고, 이에 대한 원고의 항소가 2021. 6. 17. 기각되어 위 판결이 그 무렵 그대로 확정되었다(서울고등법원 2020나2046494호, 이하 ‘관련 판결’이라고 한다). 바. 원고는 피고를 상대로 이 사건 임대차보증금에서 차임 등을 공제한 나머지 1,324,640,605원 및 이에 대한 지연손해금의 지급을 구하는 이 사건 소를 제기하였고, 이에 대하여 피고는 관련 판결에서 인정된 위약벌 및 손해배상 예정액을 공제하면 원고에게 지급할 보증금이 존재하지 않는다고 다투었다. 2. 원심의 판단 원심은, 다음과 같은 이유로 원고의 피고에 대한 청구는 모두 이유 없다고 보아 원고의 청구를 기각하였다. 가. 이 사건 임대차계약이 종료된 이상 피고는 원고에게 이 사건 임대차보증금 5,694,177,840원에서 원고가 공제를 자인하는 미지급 차임, 관리비, 원상복구비용 등 4,369,537,235원을 공제한 나머지 1,324,640,605원(= 5,694,177,840원 － 4,369,537,235원) 및 이에 대하여 이 사건 건물 인도 완료 다음 날인 2018. 9. 1.부터의 지연손해금을 지급할 의무가 있다. 나. 원고는 2013. 1.경 종전 회생절차종결결정을 받은 후 2013. 11. 29. 이 사건 건물을 피고에게 매도하면서 같은 날 이 사건 임대차계약을 체결하였는데, 이러한 경위로 이 사건 임대차계약에 대상조항이 규정된 것으로 보인다. 특히 이 사건 공제약정은 피고에게 공제권을 부여하면","대상조항’이라고 하고, 그중 공제에 관한 부분만을 가리켜",미검수
법제처 OPEN API/prec,615843,2024나2034079,손해배상(기),https://www.law.go.kr/DRF/lawService.do?OC=test&target=prec&ID=615843&type=HTML,(조 번호 미표기),위험,판례 문맥 추론 · 단일 신호,위험,,,"격, 양도인과 양수인 간의 신분관계 등 제반 상황에 비추어 판단하여야 한다(대법원 2022. 1. 14. 선고 2017다257098 판결 등 참조). 라. 판단 갑 제62, 63, 65, 86호증의 각 기재에 의하면, 원고는 2024. 10. 8. 이 사건 주식회사로부터 150만 달러의 손해배상채권을 양수하는 내용의 채권양수도계약을 체결한 사실, 위 채권양수도계약서 제F항은 ‘그 대가의 충분성과 수령에 관한 사항은 여기에 명시된 것과 같습니다.’라고 규정하는 사실, 원고는 이 사건 주식회사의 발행 주식 전부를 보유하고 있는 사실이 각 인정된다. 제1심 법원은 2024. 7. 11., 피고들의 행위로 인하여 원고에게 손해가 발생하지 아니하였고, 만약 손해가 발생하였더라도 이는 이 사건 주식회사의 손해라는 이유에서 원고의 제1심에서의 청구를 모두 기각하는 판결을 선고한 사실, 원고는 2024. 10. 10. 자 항소이유서에서 ‘2024. 10. 8. 자로 이 사건 주식회사의 손해배상채권을 양수하였다.’면서 양수금 청구를 추가한 사실은 기록상 명백하다. 원고와 이 사건 주식회사 사이의 채권양수도계약은, 양수도 대상 채권의 액수는 150만 달러로 특정하면서도, 양수도대금에 관하여는 ‘대가의 충분성’이라고만 하여 막연하고 추상적으로 기재되어 있을 뿐이고, 달리 양수도대금의 액수를 대강이라도 특정할 만한 기재가 없다. 또한 위 계약서에 대가가 수령되었다는 취지로 기재된 것 외에는, 이 사건 주식회사가 원고로부터 양수도대금을 현실로 수령하였다고 볼 만한 객관적인 증거가 없다. 채권 양도인이 양수도대금도 특정하지 아니하고 채권을 양도한다거나, 현실로 대금을 지급받았는지도 분명히 하지 아니한 채 채권부터 먼저 이전하여 준다는 것은, 특별한 사정이 없는 한 받아들이기 어렵다. 원고는 제1심에서 손해의 귀속 주체가 이 사건 주식회사일 여지가 있다는 이유로 패소한 후 불과 3개월 만에 위 채권을 양수하면서 곧바로 이 사건에서 양수금 청구를 추가한 점, 원고는 이 사건 주식회사의 완전모회사이므로 이 사건 주식회사에게 현실로 대금을 지급하지 아니하더라도 채권양도의 외관을 용이하게 만들 수 있는 지위에 있는 점 등을 감안하면, 위 채권양도는 소송행위를 하게 하는 것을 주목적으로 이루어진 경우로서 신탁법 제6조가 유추적용되어 무효이다. 이에 대하여 원고는, 변호사가 양수금 청구를 대리하는 이상 소송신탁에 해당하지 아니한다고도 주장하나, 소송대리인의 자격과 무관하게 소송행위를 하게 하는 것을 주목적으로 채권양도가 이루어진 이상 달리 볼 수 없으므로, 원고의 이 부분 주장은 받아들이지 않는다. 이 사건 소 중 주위적 청구 부분은 부적법하다. 3. 당사자들 주장의 요지 이하에서는 제1, 2 예비적 청구에 대하여만 본다. 가. 원고의 주장 1) 피고들의 지위 피고 1은 원고의 ‘부사장’, ‘본부장’ 등의 명칭을, 피고 2는 원고의 ‘부사장’, ‘수석이사’ 등의 명칭을 사용하며 원고의 구조조정 및 자금운용 업무를 지시·집행하였는바, 피고들은 상법 제402조의2 제1항 제2, 3호에서 말하는 이사로 보는 자에 해당한다. 2) 제1 예비적 청구 피고들은 상법 제401조의2 제1항에 따라 상법 제399조에 있어 원고의 이사로 의제되는 자이다. 피고들은 원고의 주요 자산인 이 사건 주식회사 주식의 가치를 극대화하기 위하여 이 사건 주식회사의 경영을 관리·감독할 의무가 있다. 피고들은 이 사건 주식회사의 이사이기도 하였으므로, 이 사건 주식회사의 대표이사 소외 1이 이 사건 주식회사에 예치된 2,247,500달러를 횡령하는 과정을 알거나 알 수 있었다. 그럼에도 불구하고 피고들은 이 사건 주식회사에 대하여 아무런 관리·감독을 하지 아니하여 이 사건 주식회사에서 2,247,500달러",제F항은 ‘그 대가의 충분성과 수령에 관한 사항은 여기에 명시된 것과 같습니다.,미검수
법제처 OPEN API/prec,615843,2024나2034079,손해배상(기),https://www.law.go.kr/DRF/lawService.do?OC=test&target=prec&ID=615843&type=HTML,(조 번호 미표기),(판단 불명확),판단 불명확,,,,"첨부 문서로 피고들이 서명한 수기 품의서가 첨부되어 있었다. ④ 피고 2는 2019. 2. 1. 소외 1로부터, 2019. 1. 31. 자로 송금한 금액이 정상적으로 입금되었다면서, ""□□□ LLC(이하 ‘소외 3 회사’라고 한다) 지분 50% 확보를 위한 계약 서류를 리뷰하고 있고, 리뷰가 끝나면 바로 전달해드리겠다.""는 메일을 받았는데, 위 메일에는 이 사건 지분투자계약서가 첨부되어 있지 아니하였다. ⑤ 피고 2는 2019. 2. 3. 소외 1로부터, 이 사건 지분투자계약서에 관하여 법률 자문을 받았으나 특이한 점을 발견하지 못했고, 다만 변호사가 지분투자계약서를 일부 개정하였다는 메일을 받았는데, 위 메일 본문에는 ‘첨부된 ＃1 서류는 최초 이사장님께 보내드렸던 서류와 동일합니다.’라고 기재되어 있고, 첨부 파일로는 ‘(1) 제1차 LOI 서류’와 ‘(5) 마지막 수정본 LOI 서류’가 각 첨부되어 있었다. 위 메일에는 ‘우리의 목적은 2월 중순에 땅 파는 공사를 시작하는 것’이라고도 기재되어 있다. ⑥ 소외 1은 이 사건 유한회사의 대표이사로서 2019. 2. 11. 소외 3 회사에 합계 미화 2,000만 달러를 투자하고 소외 3 회사의 지분을 투자하는 내용의 지분투자 계약서(이하 ‘이 사건 지분투자계약’이라 한다)에 서명하였는데, 위 계약서에 따르면 대금 2,000만 달러 중 200만 달러를 2019. 2. 13.까지 지급하기로 되어 있고, ‘당사자들에게 구속력을 갖게 되는 200만 달러의 계약금(deposit)이 송금될 때까지는 구속력이 없다.’고 기재되어 있다. ⑦ 피고 2는 2019. 2. 12. 소외 1로부터, 이 사건 지분투자계약서에 서명하였고, ‘이사장님 말씀하신대로 먼저 200만 달러를 페이하는 조건입니다 … 송금 와이어는 내일 소외 3 회사에 송금하겠습니다.’라는 메일을 받았다. ⑧ 이 사건 유한회사·주식회사 모두의 대표이사인 소외 1은 2019. 2. 14. 이 사건 주식회사의 계좌에서 200만 달러의 수표(이하 ‘이 사건 제1 수표’라고 한다)를 발행하면서 그 수취인으로 이 사건 지분투자계약의 당사자인 소외 3 회사를 기재하였다. ⑨ 소외 1은 2019. 2. 25. 이 사건 주식회사의 계좌에서 247,500달러의 수표(이하 ‘이 사건 제2 수표’라고 한다)를 발행하면서 그 수취인으로 소외 3 회사를 기재하였다. ⑩ 이 사건 유한회사는 2019. 3. 4. 무렵 그 명의로 미국 ◇◇◇ 은행에 계좌를 개설하였다. ⑪ 소외 1은 미국에서 제기된 관련 사건 소송에서 진술하였는데, 그중 이 사건에 관계된 진술은 ㉠ 이 사건 주식회사와 관련하여 ‘제가 지시를 받는 경우는 언제나 피고들로부터입니다.’, ㉡ 이 사건 송금계약에 관하여 ‘피고들이 한국에서 작성한 후 저에게 보내서 서명하고 다시 보내달라고 요청했습니다.’, ㉢ 이 사건 제1, 2 송금에 관하여 ‘피고들이 한국에서 청구서를 보냈다는 것입니다. … 피고들이 저에게 인보이스를 보냈고, 제가 서명한 후 다시 보냈습니다.’, ㉣ 이 사건 제1 수표에 관하여 ‘한국에 있는 피고들의 지시에 따라 준비된 것입니다. 소외 3 회사에 보낼 200만 달러의 수표였습니다.’, ㉤ 이 사건 제2 수표에 관하여 ‘이것도 피고들의 지시에 따른 것으로 247,500달러를 소외 3 회사에 지불해야 했습니다.’, ㉥ 이 사건 지분투자계약에 관하여 ‘이 문서는 한국에 제공되었습니다. 제가 이런 일을 할 수 있는 권리가 어디 있겠습니까？ … (이 계약서를) 피고들 두 사람에게만 주었습니다.’, ‘2019년 2월에 200만 달러를 지불한 후 … 한국에서도 파산 신청이 이루어졌습니다. 그래서 그 합의는 존재하지 않는 것으로 여겨졌습니다.’, ㉦ 2019. 1.~2. 무렵 피고들과의 연락 빈도에 관하여 ‘거의 2, 3일에 한 번씩 연락을 했어요. 가끔은 거의 매일 카톡이나, 전화, 이메일로 연락을 했어요.’라는 진술이 있다. 2) 위 인정사실에 비추어 알 수 있는 다음과 같은 사정에 의하면, 피고들은 원고가 이 사건 주식회사에 이 사건 제1, 2 송금을 하면","첨부되어 있지 아니하였다. ⑤ 피고 2는 2019. 2. 3. 소외 1로부터, 이 사건 지분투자계약서에 관하여 법률 자문을 받았으나 특이한 점을 발견하지 못했고, 다만 변호사가 지분투자계약서를 일부 개정하였다는 메일을 받았는데, 위 메일 본문에는 ‘첨부된 ＃1 서류는 최초 이사장님께 보내드렸던 서류와 동일합니다.",미검수
법제처 OPEN API/prec,615843,2024나2034079,손해배상(기),https://www.law.go.kr/DRF/lawService.do?OC=test&target=prec&ID=615843&type=HTML,(조 번호 미표기),(판단 불명확),판단 불명확,,,,"I 서류’와 ‘(5) 마지막 수정본 LOI 서류’가 각 첨부되어 있었다. 위 메일에는 ‘우리의 목적은 2월 중순에 땅 파는 공사를 시작하는 것’이라고도 기재되어 있다. ⑥ 소외 1은 이 사건 유한회사의 대표이사로서 2019. 2. 11. 소외 3 회사에 합계 미화 2,000만 달러를 투자하고 소외 3 회사의 지분을 투자하는 내용의 지분투자 계약서(이하 ‘이 사건 지분투자계약’이라 한다)에 서명하였는데, 위 계약서에 따르면 대금 2,000만 달러 중 200만 달러를 2019. 2. 13.까지 지급하기로 되어 있고, ‘당사자들에게 구속력을 갖게 되는 200만 달러의 계약금(deposit)이 송금될 때까지는 구속력이 없다.’고 기재되어 있다. ⑦ 피고 2는 2019. 2. 12. 소외 1로부터, 이 사건 지분투자계약서에 서명하였고, ‘이사장님 말씀하신대로 먼저 200만 달러를 페이하는 조건입니다 … 송금 와이어는 내일 소외 3 회사에 송금하겠습니다.’라는 메일을 받았다. ⑧ 이 사건 유한회사·주식회사 모두의 대표이사인 소외 1은 2019. 2. 14. 이 사건 주식회사의 계좌에서 200만 달러의 수표(이하 ‘이 사건 제1 수표’라고 한다)를 발행하면서 그 수취인으로 이 사건 지분투자계약의 당사자인 소외 3 회사를 기재하였다. ⑨ 소외 1은 2019. 2. 25. 이 사건 주식회사의 계좌에서 247,500달러의 수표(이하 ‘이 사건 제2 수표’라고 한다)를 발행하면서 그 수취인으로 소외 3 회사를 기재하였다. ⑩ 이 사건 유한회사는 2019. 3. 4. 무렵 그 명의로 미국 ◇◇◇ 은행에 계좌를 개설하였다. ⑪ 소외 1은 미국에서 제기된 관련 사건 소송에서 진술하였는데, 그중 이 사건에 관계된 진술은 ㉠ 이 사건 주식회사와 관련하여 ‘제가 지시를 받는 경우는 언제나 피고들로부터입니다.’, ㉡ 이 사건 송금계약에 관하여 ‘피고들이 한국에서 작성한 후 저에게 보내서 서명하고 다시 보내달라고 요청했습니다.’, ㉢ 이 사건 제1, 2 송금에 관하여 ‘피고들이 한국에서 청구서를 보냈다는 것입니다. … 피고들이 저에게 인보이스를 보냈고, 제가 서명한 후 다시 보냈습니다.’, ㉣ 이 사건 제1 수표에 관하여 ‘한국에 있는 피고들의 지시에 따라 준비된 것입니다. 소외 3 회사에 보낼 200만 달러의 수표였습니다.’, ㉤ 이 사건 제2 수표에 관하여 ‘이것도 피고들의 지시에 따른 것으로 247,500달러를 소외 3 회사에 지불해야 했습니다.’, ㉥ 이 사건 지분투자계약에 관하여 ‘이 문서는 한국에 제공되었습니다. 제가 이런 일을 할 수 있는 권리가 어디 있겠습니까？ … (이 계약서를) 피고들 두 사람에게만 주었습니다.’, ‘2019년 2월에 200만 달러를 지불한 후 … 한국에서도 파산 신청이 이루어졌습니다. 그래서 그 합의는 존재하지 않는 것으로 여겨졌습니다.’, ㉦ 2019. 1.~2. 무렵 피고들과의 연락 빈도에 관하여 ‘거의 2, 3일에 한 번씩 연락을 했어요. 가끔은 거의 매일 카톡이나, 전화, 이메일로 연락을 했어요.’라는 진술이 있다. 2) 위 인정사실에 비추어 알 수 있는 다음과 같은 사정에 의하면, 피고들은 원고가 이 사건 주식회사에 이 사건 제1, 2 송금을 하면, 그 송금액이 이 사건 유한회사를 위한 이 사건 지분투자계약의 대금으로 사용될 계획이어서 원고가 이를 회수할 가능성이 없음을 알면서도, 이 사건 제1, 2 송금 과정에 관여하였다고 인정된다. 설령 그렇지 않다 하더라도, 피고들은 위 송금액이 이 사건 유한회사를 위하여 사용되는 것을 용인하였거나, 적어도 그러한 결과를 예견할 수 있었음에도 불구하고 위 각 송금에 관여 또는 방치하였다. 가) 피고들은 이 사건 제1, 2 송금 전에 이 사건 유한회사 명의로 이 사건 지분투자계약이 진행되고 있었음을 알고 있었다. ① 피고 1은 이 사건 제1, 2 송금이 있기 전","라 한다)에 서명하였는데, 위 계약서에 따르면 대금 2,000만 달러 중 200만 달러를 2019. 2. 13.까지 지급하기로 되어 있고",미검수
법제처 OPEN API/prec,615843,2024나2034079,손해배상(기),https://www.law.go.kr/DRF/lawService.do?OC=test&target=prec&ID=615843&type=HTML,(조 번호 미표기),(판단 불명확),판단 불명확,,,,"약서(이하 ‘이 사건 지분투자계약’이라 한다)에 서명하였는데, 위 계약서에 따르면 대금 2,000만 달러 중 200만 달러를 2019. 2. 13.까지 지급하기로 되어 있고, ‘당사자들에게 구속력을 갖게 되는 200만 달러의 계약금(deposit)이 송금될 때까지는 구속력이 없다.’고 기재되어 있다. ⑦ 피고 2는 2019. 2. 12. 소외 1로부터, 이 사건 지분투자계약서에 서명하였고, ‘이사장님 말씀하신대로 먼저 200만 달러를 페이하는 조건입니다 … 송금 와이어는 내일 소외 3 회사에 송금하겠습니다.’라는 메일을 받았다. ⑧ 이 사건 유한회사·주식회사 모두의 대표이사인 소외 1은 2019. 2. 14. 이 사건 주식회사의 계좌에서 200만 달러의 수표(이하 ‘이 사건 제1 수표’라고 한다)를 발행하면서 그 수취인으로 이 사건 지분투자계약의 당사자인 소외 3 회사를 기재하였다. ⑨ 소외 1은 2019. 2. 25. 이 사건 주식회사의 계좌에서 247,500달러의 수표(이하 ‘이 사건 제2 수표’라고 한다)를 발행하면서 그 수취인으로 소외 3 회사를 기재하였다. ⑩ 이 사건 유한회사는 2019. 3. 4. 무렵 그 명의로 미국 ◇◇◇ 은행에 계좌를 개설하였다. ⑪ 소외 1은 미국에서 제기된 관련 사건 소송에서 진술하였는데, 그중 이 사건에 관계된 진술은 ㉠ 이 사건 주식회사와 관련하여 ‘제가 지시를 받는 경우는 언제나 피고들로부터입니다.’, ㉡ 이 사건 송금계약에 관하여 ‘피고들이 한국에서 작성한 후 저에게 보내서 서명하고 다시 보내달라고 요청했습니다.’, ㉢ 이 사건 제1, 2 송금에 관하여 ‘피고들이 한국에서 청구서를 보냈다는 것입니다. … 피고들이 저에게 인보이스를 보냈고, 제가 서명한 후 다시 보냈습니다.’, ㉣ 이 사건 제1 수표에 관하여 ‘한국에 있는 피고들의 지시에 따라 준비된 것입니다. 소외 3 회사에 보낼 200만 달러의 수표였습니다.’, ㉤ 이 사건 제2 수표에 관하여 ‘이것도 피고들의 지시에 따른 것으로 247,500달러를 소외 3 회사에 지불해야 했습니다.’, ㉥ 이 사건 지분투자계약에 관하여 ‘이 문서는 한국에 제공되었습니다. 제가 이런 일을 할 수 있는 권리가 어디 있겠습니까？ … (이 계약서를) 피고들 두 사람에게만 주었습니다.’, ‘2019년 2월에 200만 달러를 지불한 후 … 한국에서도 파산 신청이 이루어졌습니다. 그래서 그 합의는 존재하지 않는 것으로 여겨졌습니다.’, ㉦ 2019. 1.~2. 무렵 피고들과의 연락 빈도에 관하여 ‘거의 2, 3일에 한 번씩 연락을 했어요. 가끔은 거의 매일 카톡이나, 전화, 이메일로 연락을 했어요.’라는 진술이 있다. 2) 위 인정사실에 비추어 알 수 있는 다음과 같은 사정에 의하면, 피고들은 원고가 이 사건 주식회사에 이 사건 제1, 2 송금을 하면, 그 송금액이 이 사건 유한회사를 위한 이 사건 지분투자계약의 대금으로 사용될 계획이어서 원고가 이를 회수할 가능성이 없음을 알면서도, 이 사건 제1, 2 송금 과정에 관여하였다고 인정된다. 설령 그렇지 않다 하더라도, 피고들은 위 송금액이 이 사건 유한회사를 위하여 사용되는 것을 용인하였거나, 적어도 그러한 결과를 예견할 수 있었음에도 불구하고 위 각 송금에 관여 또는 방치하였다. 가) 피고들은 이 사건 제1, 2 송금 전에 이 사건 유한회사 명의로 이 사건 지분투자계약이 진행되고 있었음을 알고 있었다. ① 피고 1은 이 사건 제1, 2 송금이 있기 전에 이 사건 유한회사를 설립하여 그 지분 전부를 소유한 1인 주주였고, 피고 2는 피고 1의 배우자이다. 피고들은 이 사건 제1, 2 송금이 있기 전부터, 이 사건 유한회사가 체결하려는 이 사건 지분투자계약의 내용을 알 수 있는 지위에 있었다. ② 2019. 2. 1. 자 메일에는 소외 1이 이 사건 지분투자계약서를 검토하고 있다고 명",사장님 말씀하신대로 먼저 200만 달러를 페이하는 조건입니다 … 송금 와이어는 내일 소외 3 회사에 송금하겠습니다,미검수
법제처 OPEN API/prec,615843,2024나2034079,손해배상(기),https://www.law.go.kr/DRF/lawService.do?OC=test&target=prec&ID=615843&type=HTML,(조 번호 미표기),(판단 불명확),판단 불명확,,,,"고 한다)를 발행하면서 그 수취인으로 소외 3 회사를 기재하였다. ⑩ 이 사건 유한회사는 2019. 3. 4. 무렵 그 명의로 미국 ◇◇◇ 은행에 계좌를 개설하였다. ⑪ 소외 1은 미국에서 제기된 관련 사건 소송에서 진술하였는데, 그중 이 사건에 관계된 진술은 ㉠ 이 사건 주식회사와 관련하여 ‘제가 지시를 받는 경우는 언제나 피고들로부터입니다.’, ㉡ 이 사건 송금계약에 관하여 ‘피고들이 한국에서 작성한 후 저에게 보내서 서명하고 다시 보내달라고 요청했습니다.’, ㉢ 이 사건 제1, 2 송금에 관하여 ‘피고들이 한국에서 청구서를 보냈다는 것입니다. … 피고들이 저에게 인보이스를 보냈고, 제가 서명한 후 다시 보냈습니다.’, ㉣ 이 사건 제1 수표에 관하여 ‘한국에 있는 피고들의 지시에 따라 준비된 것입니다. 소외 3 회사에 보낼 200만 달러의 수표였습니다.’, ㉤ 이 사건 제2 수표에 관하여 ‘이것도 피고들의 지시에 따른 것으로 247,500달러를 소외 3 회사에 지불해야 했습니다.’, ㉥ 이 사건 지분투자계약에 관하여 ‘이 문서는 한국에 제공되었습니다. 제가 이런 일을 할 수 있는 권리가 어디 있겠습니까？ … (이 계약서를) 피고들 두 사람에게만 주었습니다.’, ‘2019년 2월에 200만 달러를 지불한 후 … 한국에서도 파산 신청이 이루어졌습니다. 그래서 그 합의는 존재하지 않는 것으로 여겨졌습니다.’, ㉦ 2019. 1.~2. 무렵 피고들과의 연락 빈도에 관하여 ‘거의 2, 3일에 한 번씩 연락을 했어요. 가끔은 거의 매일 카톡이나, 전화, 이메일로 연락을 했어요.’라는 진술이 있다. 2) 위 인정사실에 비추어 알 수 있는 다음과 같은 사정에 의하면, 피고들은 원고가 이 사건 주식회사에 이 사건 제1, 2 송금을 하면, 그 송금액이 이 사건 유한회사를 위한 이 사건 지분투자계약의 대금으로 사용될 계획이어서 원고가 이를 회수할 가능성이 없음을 알면서도, 이 사건 제1, 2 송금 과정에 관여하였다고 인정된다. 설령 그렇지 않다 하더라도, 피고들은 위 송금액이 이 사건 유한회사를 위하여 사용되는 것을 용인하였거나, 적어도 그러한 결과를 예견할 수 있었음에도 불구하고 위 각 송금에 관여 또는 방치하였다. 가) 피고들은 이 사건 제1, 2 송금 전에 이 사건 유한회사 명의로 이 사건 지분투자계약이 진행되고 있었음을 알고 있었다. ① 피고 1은 이 사건 제1, 2 송금이 있기 전에 이 사건 유한회사를 설립하여 그 지분 전부를 소유한 1인 주주였고, 피고 2는 피고 1의 배우자이다. 피고들은 이 사건 제1, 2 송금이 있기 전부터, 이 사건 유한회사가 체결하려는 이 사건 지분투자계약의 내용을 알 수 있는 지위에 있었다. ② 2019. 2. 1. 자 메일에는 소외 1이 이 사건 지분투자계약서를 검토하고 있다고 명시적으로 기재되어 있는바, 피고들은 늦어도 위 시점에 이 사건 지분투자계약의 존재를 알 수 있었다. ③ 나아가 2019. 2. 3. 자 메일에서는 ‘최초 이사장님께 보내드렸던 서류’라는 기재가 있는데, 선행하는 2019. 2. 1. 자 메일에는 이 사건 지분투자계약서 초안이 첨부되어 있지 아니하다. 이에 따르면 2019. 2. 1. 전에 다른 메일이나 다른 경로로 피고 2에게 이미 이 사건 지분투자계약서 초안이 전달되었을 가능성이 있다. 소외 1은 미국에서의 관련 사건에서 피고들과 전화나 메신저로도 연락하였다고 진술한 점은 이에 부합한다. 2019. 2. 3. 자 메일에는 2월 중순에 착공을 목표한다고도 기재되어 있는데, 총액 2,000만 달러 상당의 이 사건 지분투자계약을 검토하는 데에는 적어도 한 달 이상의 시간이 소요되었으리라고 보이므로, 이 사건 제1, 2 송금이 이루어진 2019. 1. 28. 및 30. 전부터 이미 이 사건 지분투자계약에 관한 논의",피고들이 한국에서 작성한 후 저에게 보내서 서명하고 다시 보내달라고 요청했습니다,미검수
법제처 OPEN API/prec,615843,2024나2034079,손해배상(기),https://www.law.go.kr/DRF/lawService.do?OC=test&target=prec&ID=615843&type=HTML,(조 번호 미표기),(판단 불명확),판단 불명확,,,,"니다. … 피고들이 저에게 인보이스를 보냈고, 제가 서명한 후 다시 보냈습니다.’, ㉣ 이 사건 제1 수표에 관하여 ‘한국에 있는 피고들의 지시에 따라 준비된 것입니다. 소외 3 회사에 보낼 200만 달러의 수표였습니다.’, ㉤ 이 사건 제2 수표에 관하여 ‘이것도 피고들의 지시에 따른 것으로 247,500달러를 소외 3 회사에 지불해야 했습니다.’, ㉥ 이 사건 지분투자계약에 관하여 ‘이 문서는 한국에 제공되었습니다. 제가 이런 일을 할 수 있는 권리가 어디 있겠습니까？ … (이 계약서를) 피고들 두 사람에게만 주었습니다.’, ‘2019년 2월에 200만 달러를 지불한 후 … 한국에서도 파산 신청이 이루어졌습니다. 그래서 그 합의는 존재하지 않는 것으로 여겨졌습니다.’, ㉦ 2019. 1.~2. 무렵 피고들과의 연락 빈도에 관하여 ‘거의 2, 3일에 한 번씩 연락을 했어요. 가끔은 거의 매일 카톡이나, 전화, 이메일로 연락을 했어요.’라는 진술이 있다. 2) 위 인정사실에 비추어 알 수 있는 다음과 같은 사정에 의하면, 피고들은 원고가 이 사건 주식회사에 이 사건 제1, 2 송금을 하면, 그 송금액이 이 사건 유한회사를 위한 이 사건 지분투자계약의 대금으로 사용될 계획이어서 원고가 이를 회수할 가능성이 없음을 알면서도, 이 사건 제1, 2 송금 과정에 관여하였다고 인정된다. 설령 그렇지 않다 하더라도, 피고들은 위 송금액이 이 사건 유한회사를 위하여 사용되는 것을 용인하였거나, 적어도 그러한 결과를 예견할 수 있었음에도 불구하고 위 각 송금에 관여 또는 방치하였다. 가) 피고들은 이 사건 제1, 2 송금 전에 이 사건 유한회사 명의로 이 사건 지분투자계약이 진행되고 있었음을 알고 있었다. ① 피고 1은 이 사건 제1, 2 송금이 있기 전에 이 사건 유한회사를 설립하여 그 지분 전부를 소유한 1인 주주였고, 피고 2는 피고 1의 배우자이다. 피고들은 이 사건 제1, 2 송금이 있기 전부터, 이 사건 유한회사가 체결하려는 이 사건 지분투자계약의 내용을 알 수 있는 지위에 있었다. ② 2019. 2. 1. 자 메일에는 소외 1이 이 사건 지분투자계약서를 검토하고 있다고 명시적으로 기재되어 있는바, 피고들은 늦어도 위 시점에 이 사건 지분투자계약의 존재를 알 수 있었다. ③ 나아가 2019. 2. 3. 자 메일에서는 ‘최초 이사장님께 보내드렸던 서류’라는 기재가 있는데, 선행하는 2019. 2. 1. 자 메일에는 이 사건 지분투자계약서 초안이 첨부되어 있지 아니하다. 이에 따르면 2019. 2. 1. 전에 다른 메일이나 다른 경로로 피고 2에게 이미 이 사건 지분투자계약서 초안이 전달되었을 가능성이 있다. 소외 1은 미국에서의 관련 사건에서 피고들과 전화나 메신저로도 연락하였다고 진술한 점은 이에 부합한다. 2019. 2. 3. 자 메일에는 2월 중순에 착공을 목표한다고도 기재되어 있는데, 총액 2,000만 달러 상당의 이 사건 지분투자계약을 검토하는 데에는 적어도 한 달 이상의 시간이 소요되었으리라고 보이므로, 이 사건 제1, 2 송금이 이루어진 2019. 1. 28. 및 30. 전부터 이미 이 사건 지분투자계약에 관한 논의가 진행 중이었을 가능성이 높다. ④ 소외 1은 미국에서의 관련 사건 소송에서 2019. 1.~2. 무렵 피고들과 거의 매일 또는 2~3일 간격으로 연락했으며, 피고들에게 이 사건 지분투자계약서를 송부하여 주었다고 진술하였다. 2019. 1. 무렵에는, 신생 회사였던 이 사건 유한회사에게 있어 이 사건 지분투자계약이 상당한 비중을 차지하는 사업이었다고 보이는바, 위 회사의 대표이사였던 소외 1이 위 회사의 1인 주주 및 그 배우자인 피고들과 연락하였다면, 이 사건 지분투자계약에 관한 내용을 언급하였다고 봄이 자연스럽다. 나) 피고들은 이 사건 유한회사가 이 사건 지분투자계약상 대금을 지급할 자력이 없음",문서는 한국에 제공되었습니다. 제가 이런 일을 할 수 있는 권리가 어디 있겠습니까？ … (이 계약서를) 피고들 두 사람에게만 주었습니다,미검수
법제처 OPEN API/prec,615843,2024나2034079,손해배상(기),https://www.law.go.kr/DRF/lawService.do?OC=test&target=prec&ID=615843&type=HTML,(조 번호 미표기),(판단 불명확),판단 불명확,,,,"계상된 마리화나 재배 시설은 2024년까지도 착공하지 못하였거나 그와 유사한 상태로 보이는바, 2019. 1. 무렵 인출된 이 사건 제1, 2 수표금이 공장 건설 비용으로 투입되었을 가능성은 낮다고 보인다. 위 조사보고서만으로 이 사건 제1, 2 수표금이 이 사건 주식회사를 위하여 지급되었다고 볼 수 없다. ⑦ 소외 1은 미국에서의 관련 사건 소송에서, 이 사건 지분투자계약의 당사자를 이 사건 ‘주식회사’로 하였어야 함에도 이 사건 ‘유한회사’로 오기하였고, 이후 이 사건 주식회사 명의로 소외 3 회사 지분이 취득되도록 수정하였다고 진술하였으며, 피고들도 그러한 취지에서 이 사건 제1, 2 수표금이 종국적으로 이 사건 주식회사의 이익을 위하여 지출되었다고 주장한다. 그러나 2,000만 달러 상당의 계약을 체결하면서 계약 체결의 주체를 착오하였다는 주장은 그 자체로 경험칙상 받아들이기 어렵다. 을 제21호증은 이 사건 주식회사가 소외 3 회사 지분을 취득하였음을 전제로 세금을 신고한다면 제출하게 되는, 세금 신고인 측에서 스스로 작성하여 미국 과세 당국에 제출하는 문서이다. 이는 이 사건 주식회사가 지분을 취득하였음을 소외 3 회사가 확인하여 주는 문서가 아니고, 위 문서에는 소외 3 회사의 서명 등도 없다. 그럼에도 피고들은 위 서증의 기재와 같은 세금 신고 사실이 있었는지에 관하여 해당 관청에 조회하는 등 그 사실 확인을 위한 최소한의 조치도 취하지 아니하였다. 따라서 위 문서가 실제로 미국 과세 당국에 제출되어 그 기재대로 세금 신고가 이루어졌다거나, 신고 내용대로 세금이 부과되었다고 보기도 어렵다. 위 증거만으로 소외 3 회사 지분 취득의 주체가 이 사건 주식회사라고 볼 수 없다[설령 을 제21호증의 기재대로 세금 신고가 있었다고 하더라도, 원고의 미국 내 대마 사업은 2023. 2. 14. 무렵 이미 상당한 분쟁 상태에 있었다고 보이는 반면(갑 제37호증), 을 제21호증은 소외 1의 메일상 2023. 4. 4.에야 피고 2에게 송부되었는바(을 제24호증), 이러한 행위들만으로 계약 체결 주체의 착오 및 그 시정 사실을 인정하기 어렵다]. 소외 3 회사는 2024. 12. 무렵 해산하였다고 보이는데, 원고는 이 사건 주식회사가 해산 과정에서 아무런 통지 절차나 재산권 보호 절차를 받지 못했다고 주장하였고, 이에 관하여 피고들도 별다른 반박을 하지 못하였다. 그밖에 피고들은 이 사건 주식회사가 소외 3 회사 지분을 취득하였다고 볼 만한 변경계약서 등 관련 자료를 제출하지 아니하였는바, 이 사건 지분투자계약에 따라 소외 3 회사 지분을 취득한 주체는 이 사건 지분투자계약서의 당사자 표시에 따라 이 사건 유한회사로 인정될 뿐이다. ⑧ 피고들은 이 사건 지분투자계약서가 구속력 없는 투자의향서에 불과하다고도 주장한다. 그러나 위 문서 말미에는 ‘투자제안서가 200만 달러의 계약금이 송금될 때까지는 구속력이 없다.’고 기재되어 있다. 소외 1은 이 사건 유한회사의 대표이사로서 이에 서명하고 소외 3 회사에 200만 달러를 송금하였다. 위 문서는 그 제목이나 명칭과는 무관하게, 이 사건 유한회사와 소외 3 회사 사이에서 구속력 있게 성립한 지분투자계약서에 해당한다. 마) 이상의 사실과 사정 등을 종합하면, 피고들은 이 사건 제1, 2 송금 전에 ① 이 사건 유한회사 명의로 이 사건 지분투자계약을 체결하는 방안을 검토 중임과 ② 이 사건 유한회사 명의로 이 사건 지분투자계약을 체결하더라도 이 사건 유한회사는 대금을 지급할 자력이 없음을 알면서도, ③ 이 사건 유한회사의 이 사건 지분투자계약 체결, ④ 원고의 이 사건 제1, 2 송금, ⑤ 이 사건 주식회사 계좌에서의 이 사건 제1, 2 수표 발행 및 소외 3 회사에의 지급에 관여하였다. ",주식회사’로 하였어야 함에도 이 사건,미검수
법제처 OPEN API/prec,614503,2025가단75932,구상금,https://www.law.go.kr/DRF/lawService.do?OC=test&target=prec&ID=614503&type=HTML,(조 번호 미표기),(판단 불명확),판단 불명확,,,,"건 소장 부본 송달일 다음 날부터 다 갚는 날까지는 연 12%의 비율에 의한 금원을 지급하라. 【이 유】 1. 사건의 경위가 되는 사실관계 가. 사건관계인의 지위 등 ○ 서울특별시택시운송사업조합과 주식회사 △△△(이하 주식회사인 사건관계인의 상호에서 ‘주식회사’ 기재를 생략한다)는 2021. 5. 13. 서울법인택시 내부 모니터광고사업 대행계약(이하 ‘이 사건 광고사업대행계약’이라 한다)을 체결하였다. 이때 작성된 모니터광고사업 대행계약서(갑 제1호증)에는 [별지] 모니터광고사업 대행계약서(발췌)의 이미지 파일과 같은 내용이 포함되어 있다. ○ 원고는 「여객자동차 운수사업법」 제60조에 따라 국토교통부장관의 허가를 받아 공제사업을 하는 법인으로, (법인명 1 생략) 등 택시를 이용하여 여객자동차운수사업을 하는 법인택시회사들과 「자동차손해배상 보장법」 제5조 제3항 제1호에 따른 자동차공제계약을 체결하였다. ○ 피고는 손해보험회사이고, 2022. 4. 14. 무렵 △△△와 생산물배상책임보험계약을 체결하였다(이하 ‘이 사건 보험계약’이라 한다). 이 사건 보험계약의 피보험자는 △△△이고, 보험기간은 2022. 4. 16. 24:00부터 2023. 4. 18. 24:00까지이며, 이 사건 보험계약에 적용되는 보험약관은 보상하는 손해에 관하여 아래와 같이 규정한다. 제3조(보상하는 손해) 회사는 피보험자가 보험증권상의 보장지역 내에서 이 약관과 이에 첨부된 특별약관의 제 규정에 따라 피보험자가 제조, 판매, 공급 또는 시공한 보험증권에 기재된 ""생산물""이 타인에게 양도된 후 보험기간 중에 그 생산물로 생긴 우연한 사고로 인하여 피해자의 신체장해나 재물손해에 대한 법률상의 배상책임을 부담함으로써 입은 아래의 손해를 이 약관에 따라 보상하여 드립니다. 1. 피보험자가 피해자에게 지급할 책임을 지는 법률상의 손해배상금 2. 계약자 또는 피보험자가 지출한 아래의 비용 가. 피보험자가 제11조(손해방지의무) 제1항 제1호의 손해의 방지 또는 경감을 위하여 지출한 필요 또는 유익하였던 비용 나. 피보험자가 제11조(손해방지의무) 제1항 제2호에 따라 제3자로부터 손해의 배상을 받을 수 있는 그 권리를 지키거나 행사하기 위하여 지출한 필요 또는 유익하였던 비용 다. 피보험자가 지급한 소송비용, 변호사비용, 중재, 화해 또는 조정에 관한 비용(이하 ‘방어비용’이라 합니다) 나. 교통사고의 발생 등 ○ (법인명 1 생략)의 운전자인 소외 1은 2022. 5. 11. 12:06경 서울 중구 회현동 459에 있는 도로에서 (법인명 1 생략) 소유의 (차량번호 1 생략) 법인택시를 운전하다가 앞선 차량의 후미(後尾)를 추돌(追突)하였다. 이 교통사고로 위 법인택시의 조수석 뒤쪽 자리에 앉아 있던 승객 소외 2가 비골 골절과 뇌진탕 등의 상해를 입었다. 원고는 2022. 7. 13.까지 소외 2가 위 교통사고로 입은 상해를 치료한 의료기관에 합계 1,886,720원의 공제금을 지급하였고, 2022. 6. 22. 소외 2에게 합의금으로 200만 원의 공제금을 지급하였다. ○ 원고는 위 공제금 지급을 포함하여, 아래 표에 적은 대로 모두 12건의 교통사고에 관하여 법인택시회사들 소유의 법인택시에 탔던 승객들에게 합계 77,676,520원의 공제금을 지급하였다. 순번법인택시회사교통사고일사고 내용피해 승객상해 내용지급공제금 (택시번호) 1(법인명 1 생략)2022. 5. 11.선행 차량 후미 추돌소외 2비골 골절, 뇌진탕3,886,720원 (차량번호 1 생략) 2(법인명 2 생략)2022. 9. 18.중앙분리대 충돌소외 3치관 파절, 턱밑 열상14,730,770원 (차량번호 2 생략) 3(법인명 3 생략)2022. 12. 11.선행 차량 후미 추돌소외 4치관 파절, 눈주위 타박상8,447,000원 (차량번호 3 생략) 4(법인명 4 생략)2022. 12. 12.주차차량 접촉 후 가드레일 충돌소외 5안면",라 한다)을 체결하였다. 이때 작성된 모니터광고사업 대행계약서(갑 제1호증)에는 [별지] 모니터광고사업 대행계약서(발췌)의 이미지 파일과 같은 내용이 포함되어 있다. ○ 원고는 「여객자동차 운수사업법,미검수
법제처 OPEN API/prec,614503,2025가단75932,구상금,https://www.law.go.kr/DRF/lawService.do?OC=test&target=prec&ID=614503&type=HTML,(조 번호 미표기),(판단 불명확),판단 불명확,,,," 운수사업법」 제60조에 따라 국토교통부장관의 허가를 받아 공제사업을 하는 법인으로, (법인명 1 생략) 등 택시를 이용하여 여객자동차운수사업을 하는 법인택시회사들과 「자동차손해배상 보장법」 제5조 제3항 제1호에 따른 자동차공제계약을 체결하였다. ○ 피고는 손해보험회사이고, 2022. 4. 14. 무렵 △△△와 생산물배상책임보험계약을 체결하였다(이하 ‘이 사건 보험계약’이라 한다). 이 사건 보험계약의 피보험자는 △△△이고, 보험기간은 2022. 4. 16. 24:00부터 2023. 4. 18. 24:00까지이며, 이 사건 보험계약에 적용되는 보험약관은 보상하는 손해에 관하여 아래와 같이 규정한다. 제3조(보상하는 손해) 회사는 피보험자가 보험증권상의 보장지역 내에서 이 약관과 이에 첨부된 특별약관의 제 규정에 따라 피보험자가 제조, 판매, 공급 또는 시공한 보험증권에 기재된 ""생산물""이 타인에게 양도된 후 보험기간 중에 그 생산물로 생긴 우연한 사고로 인하여 피해자의 신체장해나 재물손해에 대한 법률상의 배상책임을 부담함으로써 입은 아래의 손해를 이 약관에 따라 보상하여 드립니다. 1. 피보험자가 피해자에게 지급할 책임을 지는 법률상의 손해배상금 2. 계약자 또는 피보험자가 지출한 아래의 비용 가. 피보험자가 제11조(손해방지의무) 제1항 제1호의 손해의 방지 또는 경감을 위하여 지출한 필요 또는 유익하였던 비용 나. 피보험자가 제11조(손해방지의무) 제1항 제2호에 따라 제3자로부터 손해의 배상을 받을 수 있는 그 권리를 지키거나 행사하기 위하여 지출한 필요 또는 유익하였던 비용 다. 피보험자가 지급한 소송비용, 변호사비용, 중재, 화해 또는 조정에 관한 비용(이하 ‘방어비용’이라 합니다) 나. 교통사고의 발생 등 ○ (법인명 1 생략)의 운전자인 소외 1은 2022. 5. 11. 12:06경 서울 중구 회현동 459에 있는 도로에서 (법인명 1 생략) 소유의 (차량번호 1 생략) 법인택시를 운전하다가 앞선 차량의 후미(後尾)를 추돌(追突)하였다. 이 교통사고로 위 법인택시의 조수석 뒤쪽 자리에 앉아 있던 승객 소외 2가 비골 골절과 뇌진탕 등의 상해를 입었다. 원고는 2022. 7. 13.까지 소외 2가 위 교통사고로 입은 상해를 치료한 의료기관에 합계 1,886,720원의 공제금을 지급하였고, 2022. 6. 22. 소외 2에게 합의금으로 200만 원의 공제금을 지급하였다. ○ 원고는 위 공제금 지급을 포함하여, 아래 표에 적은 대로 모두 12건의 교통사고에 관하여 법인택시회사들 소유의 법인택시에 탔던 승객들에게 합계 77,676,520원의 공제금을 지급하였다. 순번법인택시회사교통사고일사고 내용피해 승객상해 내용지급공제금 (택시번호) 1(법인명 1 생략)2022. 5. 11.선행 차량 후미 추돌소외 2비골 골절, 뇌진탕3,886,720원 (차량번호 1 생략) 2(법인명 2 생략)2022. 9. 18.중앙분리대 충돌소외 3치관 파절, 턱밑 열상14,730,770원 (차량번호 2 생략) 3(법인명 3 생략)2022. 12. 11.선행 차량 후미 추돌소외 4치관 파절, 눈주위 타박상8,447,000원 (차량번호 3 생략) 4(법인명 4 생략)2022. 12. 12.주차차량 접촉 후 가드레일 충돌소외 5안면부 열상2,753,430원 (차량번호 4 생략) 5(법인명 5 생략)2023. 3. 3.도로 우측 가로등 충격소외 6비골 골절, 광대뼈 및 상악골 골절11,221,900원 (차량번호 5 생략) 6(법인명 6 생략)2023. 3. 6.중앙분리대 충돌소외 7윗입술 열상,치아 파절3,249,500원 (차량번호 6 생략) 7(법인명 7 생략)2023. 3. 17.중앙분리대 충돌소외 8눈꺼풀 및 눈주위 열린 상처5,552,750원 (차량번호 7 생략) 8(법인명 8 생략)2023. 3. 18.횡단보도 신호등 충돌소외 9두피의 열린 상처6,659,600원 (차량번호 8 생략) 9(법인명 9 생략)2023. 4. 23.선행 차량 후미 추돌소외 10치관 파절, 비골 골절4,169,570원 (차량번호 9 생략) 10(법인명 10","라 한다). 이 사건 보험계약의 피보험자는 △△△이고, 보험기간은 2022. 4. 16. 24:00부터 2023. 4. 18. 24:00까지이며, 이 사건 보험계약에 적용되는 보험약관은 보상하는 손해에 관하여 아래와 같이 규정한다. 제3조(보상하는 손해) 회사는 피보험자가 보험증권상의 보장지역 내에서 이 약관과 이에 첨부된 특별약관의 제 규정에 따라 피보험자가 제조, 판매, 공급 또는 시공한 보험증권에 기재된",미검수
법제처 OPEN API/prec,607231,2025다209893,분양대금반환청구의소·매매대금[상가의 수분양자인 원고들이 동시이행항변권을 포기한 것인지 문제된 사건],https://www.law.go.kr/DRF/lawService.do?OC=test&target=prec&ID=607231&type=HTML,제4조,(판단 불명확),판단 불명확,,,," ‘원고’라 한다)들과 피고(반소원고, 이하 ‘피고’라 한다)는 2020. 3. 1. 원고들이 피고에게서 이 사건 상가를 분양대금 1,269,657,720원(부가가치세 포함)에 분양받는 내용의 이 사건 분양계약을 체결하였다. 이후 원고들은 피고에 계약금 53,500,000원, 중도금 160,500,000원 합계 214,000,000원을 지급하였다. 나. 이 사건 분양계약 제4조 제1항, 제2항은 ‘원고들이 잔금 납부를 지연하여 잔금 지급일이 경과하였을 때에는 그 경과일수에 대하여 연 12%의 연체료를 가산하여 납부하여야 한다. 피고의 귀책사유로 소유권이전이 지연되는 경우에는 원고들이 기납부한 금액에 대하여 위 연체요율에 따라 원고들에게 지체상금을 지급하거나 잔여금액에서 공제한다.’고 정하고 있다. 한편 제1조 제1항에서 정한 잔금 지급일은 ‘준공 후 20일 이내’인데, 원고들과 피고는 제14조 제11항에서 ""잔금은 임대차계약 완료 시 입금한다.""라는 특약을 두었다. 다. 피고는 2020. 11. 13. 이 사건 상가 건물에 대하여 사용승인을 받고, 2020. 11. 23. 소유권보존등기를 마쳤다. 라. 피고는 2020. 12. 11. 이 사건 상가에 관하여 함양농업협동조합에 채권최고액을 10억 원으로 한 근저당권설정등기를 마쳐주었고(이하 ‘이 사건 근저당권’이라 한다), 2022. 5. 18. 소외인과 사이에 이 사건 상가를 보증금 50,000,000원, 월 차임 3,800,000원으로 정하여 임대하는 내용의 임대차계약(이하 ‘이 사건 임대차계약’이라 한다)을 체결하였다. 소외인은 2022. 6. 3.까지 피고에 임대차보증금 전액을 지급한 후 이 사건 상가에서 음식점을 운영하고 있다. 마. 원고들은 2022. 6. 27. 피고에 ‘피고가 이 사건 임대차계약을 무단으로 체결하고 이 사건 상가를 소외인에게 인도하였으므로 이 사건 분양계약을 해제한다. 또한 피고는 건축물분양법을 위반하여 이 사건 상가를 분양하였다.’는 내용의 통지를 하였고, 2022. 8. 2. 위 통지와 같은 주장을 하며 원상회복을 구하는 이 사건 본소를 제기하였다(본소장 부본은 2022. 8. 11. 피고에 송달됨). 바. 피고는 2022. 8. 4. 원고들에게 잔금 및 연체료를 2022. 8. 12.까지 지급하라고 요구하면서 소유권이전등기에 필요한 서류 일체를 법무사 사무실에 준비해두었다는 내용의 통지를 하였다. 사. 원고들은 피고와 그 대표이사 등을 건축물분양법 위반 혐의로 고발하였으나, 2023. 1. 19. 각하 처분이 내려졌다. 2. 본소 청구에 관하여 원심은 판시와 같은 이유로, 피고가 원고들의 동의 또는 승낙 없이 이 사건 근저당권을 설정하였다고 볼 만한 증거가 없으므로 피고의 이 사건 상가에 관한 소유권이전등기의무가 이행불능이라고 할 수 없다고 보아, 원고들의 분양대금 반환청구를 받아들이지 않았다. 원심판결 이유를 관련 법리와 기록에 비추어 살펴보면, 위와 같은 원심의 판단은 정당하고, 거기에 상고이유 주장과 같이 논리와 경험의 법칙을 위반하여 자유심증주의의 한계를 벗어나거나 증거능력, 증명책임 분배에 관한 법리를 오해한 잘못이 없다. 3. 반소 청구에 관하여 가. 원심의 판단 원심은 판시와 같은 이유로, 이 사건 분양계약 제4조 제1항, 제2항의 연체료와 지체상금 약정은 쌍무계약상의 동시이행에 관한 권리를 쌍방이 포기하기로 하는 특약에 해당하므로 원고들은 미지급 잔금과 이에 대하여 이 사건 임대차계약이 완료된 다음 날인 2022. 6. 4.부터 다 갚는 날까지 연 12%의 비율로 계산한 연체료를 가산하여 지급하여야 한다고 판단하였다. 나. 대법원의 판단 1) 부동산 매매계약에서 특별한 사정이 없는 한 매수인의 잔대금 지급의무와 매도인의 소유권이전등기서류 교부의무는 동시이행관계에 있다. 동시이행항변권의 포기는 명시적 의사표시뿐만 아니라 묵시적 의사표시로 이루어지는 것도 가능하지만, 묵시적 의사표시의 해석을 통한 동시이행항변권 포기의 인정은 엄격하고 신중하게 이루어져야 한다(",원고들이 잔금 납부를 지연하여 잔금 지급일이 경과하였을 때에는 그 경과일수에 대하여 연 12%의 연체료를 가산하여 납부하여야 한다. 피고의 귀책사유로 소유권이전이 지연되는 경우에는 원고들이 기납부한 금액에 대하여 위 연체요율에 따라 원고들에게 지체상금을 지급하거나 잔여금액에서 공제한다,미검수
법제처 OPEN API/prec,607231,2025다209893,분양대금반환청구의소·매매대금[상가의 수분양자인 원고들이 동시이행항변권을 포기한 것인지 문제된 사건],https://www.law.go.kr/DRF/lawService.do?OC=test&target=prec&ID=607231&type=HTML,(조 번호 미표기),(판단 불명확),판단 불명확,,,,"존등기를 마쳤다. 라. 피고는 2020. 12. 11. 이 사건 상가에 관하여 함양농업협동조합에 채권최고액을 10억 원으로 한 근저당권설정등기를 마쳐주었고(이하 ‘이 사건 근저당권’이라 한다), 2022. 5. 18. 소외인과 사이에 이 사건 상가를 보증금 50,000,000원, 월 차임 3,800,000원으로 정하여 임대하는 내용의 임대차계약(이하 ‘이 사건 임대차계약’이라 한다)을 체결하였다. 소외인은 2022. 6. 3.까지 피고에 임대차보증금 전액을 지급한 후 이 사건 상가에서 음식점을 운영하고 있다. 마. 원고들은 2022. 6. 27. 피고에 ‘피고가 이 사건 임대차계약을 무단으로 체결하고 이 사건 상가를 소외인에게 인도하였으므로 이 사건 분양계약을 해제한다. 또한 피고는 건축물분양법을 위반하여 이 사건 상가를 분양하였다.’는 내용의 통지를 하였고, 2022. 8. 2. 위 통지와 같은 주장을 하며 원상회복을 구하는 이 사건 본소를 제기하였다(본소장 부본은 2022. 8. 11. 피고에 송달됨). 바. 피고는 2022. 8. 4. 원고들에게 잔금 및 연체료를 2022. 8. 12.까지 지급하라고 요구하면서 소유권이전등기에 필요한 서류 일체를 법무사 사무실에 준비해두었다는 내용의 통지를 하였다. 사. 원고들은 피고와 그 대표이사 등을 건축물분양법 위반 혐의로 고발하였으나, 2023. 1. 19. 각하 처분이 내려졌다. 2. 본소 청구에 관하여 원심은 판시와 같은 이유로, 피고가 원고들의 동의 또는 승낙 없이 이 사건 근저당권을 설정하였다고 볼 만한 증거가 없으므로 피고의 이 사건 상가에 관한 소유권이전등기의무가 이행불능이라고 할 수 없다고 보아, 원고들의 분양대금 반환청구를 받아들이지 않았다. 원심판결 이유를 관련 법리와 기록에 비추어 살펴보면, 위와 같은 원심의 판단은 정당하고, 거기에 상고이유 주장과 같이 논리와 경험의 법칙을 위반하여 자유심증주의의 한계를 벗어나거나 증거능력, 증명책임 분배에 관한 법리를 오해한 잘못이 없다. 3. 반소 청구에 관하여 가. 원심의 판단 원심은 판시와 같은 이유로, 이 사건 분양계약 제4조 제1항, 제2항의 연체료와 지체상금 약정은 쌍무계약상의 동시이행에 관한 권리를 쌍방이 포기하기로 하는 특약에 해당하므로 원고들은 미지급 잔금과 이에 대하여 이 사건 임대차계약이 완료된 다음 날인 2022. 6. 4.부터 다 갚는 날까지 연 12%의 비율로 계산한 연체료를 가산하여 지급하여야 한다고 판단하였다. 나. 대법원의 판단 1) 부동산 매매계약에서 특별한 사정이 없는 한 매수인의 잔대금 지급의무와 매도인의 소유권이전등기서류 교부의무는 동시이행관계에 있다. 동시이행항변권의 포기는 명시적 의사표시뿐만 아니라 묵시적 의사표시로 이루어지는 것도 가능하지만, 묵시적 의사표시의 해석을 통한 동시이행항변권 포기의 인정은 엄격하고 신중하게 이루어져야 한다(대법원 2005. 4. 15. 선고 2004다27150 판결, 대법원 2013. 6. 13. 선고 2011다94509 판결 취지 참조). 한편 매수인이 대금을 약정기일까지 납부하지 아니할 경우 그 체납액에 대하여 연체료를 가산하여 지급하기로 하는 연체료 약정은 이행지체에 대한 손해배상의 예정으로서 지체책임이 발생할 때 비로소 그 지급의무가 발생한다(대법원 1997. 7. 25. 선고 97다5541 판결, 대법원 1998. 2. 10. 선고 96다7793, 7809, 7816 판결 참조). 앞서 본 사실관계에 따르면, 원고들은 이 사건 임대차계약 완료 시 피고에게 잔금을 지급하여야 하는데 소외인이 2022. 6. 3. 임대차보증금의 지급을 완료하였으므로, 원고들의 잔금지급의무와 피고의 이 사건 상가에 관한 소유권이전등기서류 교부의무는 적어도 2022. 6. 4.부터 동시이행관계에 있게 된다. 한편 잔금 납입 지연에 대하여 연체료를 가산하는 이 사건 분양계약 제4조",라 한다)을 체결하였다. 소외인은 2022. 6. 3.까지 피고에 임대차보증금 전액을 지급한 후 이 사건 상가에서 음식점을 운영하고 있다. 마. 원고들은 2022. 6. 27. 피고에,미검수
법제처 OPEN API/prec,619303,2023나2058221,임금,https://www.law.go.kr/DRF/lawService.do?OC=test&target=prec&ID=619303&type=HTML,제2조,안전,판례 문맥 추론 · 단일 신호,안전,,,"당하는 직무급으로 매월 15만 원을 지급받았는데, 급여명세서 상으로는 직무급과 조정액을 합한 금액이 ‘직무수당 + 조정급여’ 항목으로 지급되었다(갑 제4호증). ⑵ 직무급은 일반직 중 일정한 직급에 해당하는 근로자에게 매월 일률적으로 지급되는 금원이므로, 소정근로의 대가로서 정기적, 일률적으로 지급되는 통상임금에 해당한다. ⑶ 한편, 일반직 원고들의 근로계약서 제2조 제2항은 ""법정수당을 제외한 제 금품, 직무급 및 보전액은 지급월 15일 미만 근무자에 대해서는 지급하지 아니한다""고 정하고 있으나[을 제17호증], 이는 소정근로일수(위에서 본 바와 같이 1일 8시간, 1주 40시간) 이내로 정해진 근무일수 조건으로, 소정근로를 온전하게 제공하는 근로자라면 충족할 수 있는 조건이므로 위와 같은 조건이 부가되어 있다는 사정만으로 직무급의 통상임금성이 부정되지 아니한다. 3) 외지근무보조비(원고 1에 한하여) : 통상임금에 해당하지 아니함 외지근무보조비는 아래 ‘4. 퇴직금 청구에 관한 판단’ 부분에서 보듯이 근로 대가성을 인정하기 어려워 임금으로 볼 수 없으므로 통상임금에 해당하지 아니한다. 4) 개인연금보험료, 중식대 : 통상임금에 해당함 개인연금보험료와 중식대가 통상임금에 해당한다는 점에 대하여는 당사자 사이에 다툼이 없다. 5) 소결론 명절상여금, 가정의 달 상여금은 기능직 원고들에 대하여, 직무급은 일반직 원고들에 대하여, 개인연금보험료, 중식대는 원고들 모두에 대하여 통상임금에 해당한다. 반면 ‘업적급 중 최소지급분 초과액’과 외지근무보조비는 통상임금에 해당하지 않는다. 다. 미지급 법정수당의 산정 1) 원고 1의 통상임금에 산입되는 명절상여금의 액수 가) 원고 1의 주장 피고는 기능직 근로자들에게, 책정급여[= 기본급(본봉+직책수당) + 노사가 합의한 일정시간의 시간외근로수당]를 명절상여금 산정의 기준액으로 정하여 위 금액의 100%를 설과 추석에 각 명절상여금으로 지급하였다. 그러나 피고는 기능직 원고들 중 항만운영 5급(원고들 중에는 원고 1만이 이에 해당한다)에 대해서만 다른 기능직 근로자들과 달리 책정급여의 8% 상당 금액을 명절상여금 기준액으로 정하여 위 금액의 100%를 설, 추석에 각 명절상여금으로 지급하였다. 피고의 이러한 조치는 헌법 제11조 , 근로기준법 제6조 를 위반한 차별적 처우에 해당하므로 원고 1의 통상임금을 산정할 때에는 다른 기능직 근로자들과 동일한 기준으로 산정한 명절상여금을 산입하여야 한다. 나) 판단 ⑴ 근로기준법 등이 금지하는 차별에 해당한다는 이유로 불법행위 손해배상청구를 하는 것은 별론으로 하고, 미지급 임금 자체를 구할 수 없으므로, 명절상여금 미달액이 미지급 임금임을 전제로 한 원고 1의 이 부분 임금 차액 청구는 그 자체로 이유 없다. ⑵ 원고 1의 주장을 명절상여금에 관한 차별로 인하여 통상임금이 과소 산정됨에 따라 발생한 손해의 배상을 구하는 것으로 선해하여 보더라도, 다음과 같은 이유에서 차별이 성립한다고 볼 수 없다. ㈎ 명절상여금 산정 기준은, 항만운영직 5급만이 항만운영직의 다른 직급(1~4급)이나 다른 기능직 직군들과 다를 뿐, 항만운영직 1~4급과 항만운영직 외의 기능직 직군들의 명절상여금 산정 기준은 동일한 것으로 보인다(그렇기에 원고 1 외에 항만운영직 2~4급인 원고들은 이러한 차별 주장을 하고 있지 않다). 그런데 항만운영직 5급은 장차 4급 이상으로 승진할 것이 예정되어 있다는 점에서 고정된 ‘사회적 신분’에 해당한다고 볼 수 없다. ㈏ 피고가 항만운영직 중 가장 낮은 직급인 5급에 대해서만 명절상여금 산정 기준을 달리 정한 것은, 종전 전문직이 수행하였던 ‘부두 내 항만 분야 직무’를 전문화하여 이를 담당할 별도의 항만운영직 직군을 2015. 4. 신설하면서, 전문직의 연봉제 임금체","법정수당을 제외한 제 금품, 직무급 및 보전액은 지급월 15일 미만 근무자에 대해서는 지급하지 아니한다",미검수
법제처 OPEN API/prec,612903,2024나54706,계약금반환청구의소,https://www.law.go.kr/DRF/lawService.do?OC=test&target=prec&ID=612903&type=HTML,(조 번호 미표기),안전,판례 문맥 추론 · 신호 혼재,안전,,,"고는 부산 남구 (이하 생략) 일원에서 공동주택(이하 ‘이 사건 아파트’라 한다)을 신축·분양하는 사업(이하 ‘이 사건 사업’이라 한다)을 추진하기 위하여 주택법에 따라 2017. 10. 18. 관할관청의 인가를 받아 설립된 지역주택조합이다. 나. 원고는 2019. 12. 10. 피고에게 조합가입계약의 계약금 명목으로 5,000만 원을 지급하였고(이하 ‘이 사건 계약금’이라 한다), 2020. 1. 29. 피고와 사이에 조합원 분담금을 3억 9,840만 원으로 정하여 아파트 1세대를 분양받기로 하는 내용의 조합가입계약서를 작성함으로써 조합가입계약을 체결하였다(이하 ‘이 사건 조합가입계약’이라 하고, 위 계약서를 ‘이 사건 조합가입계약서‘라 한다). 다. 원고는 이 사건 조합가입계약 체결 당시 피고로부터 ‘2020. 6.까지 사업계획승인 미접수 시 납입한 분담금 전액을 환불할 것을 보장합니다(2019. 12. 접수 예정).’라는 내용이 기재되고 피고의 인장이 날인된 ‘계약안심보장증서’를 교부받았다(이하 위 증서를 ‘이 사건 안심보장증서‘라고 하고, 그에 따른 환불약정을 ‘이 사건 환불약정’이라 한다). 2. 주장 및 판단 가. 당사자들의 주장 1) 원고의 주장 ① 이 사건 환불약정은 피고의 총회결의가 없어서 무효이고, 위 약정이 유효하다고 하더라도 재원 부족으로 인하여 분담금 반환은 불가능하다. 그럼에도 피고는 이 사건 환불약정이 유효하고 그 이행도 가능한 것처럼 원고를 기망하였으므로 피고는 원고에게 불법행위에 따른 손해배상으로 이 사건 계약금 및 이에 대한 지연손해금을 지급할 의무가 있다. ② 이 사건 조합가입계약은 조합원총회의 결의 없이 이루어진 총유물의 처분행위에 해당하여 무효이거나, 사기 또는 상대방이 유발한 동기의 착오에 의한 의사표시로서 이를 취소하므로, 피고는 원고에게 부당이득반환으로 이 사건 계약금 및 이에 대한 지연손해금을 반환하여야 한다. 2) 피고의 주장 ① 이 사건 계약금은 조합원 가입계약서에서 지정한 계좌로 입금되지 않았으므로 분담금 납부로 인정할 수 없다. ② 원고는 이 사건 안심보장증서가 없었더라도 조합가입계약을 체결하였을 것이므로, 이 사건 환불약정으로 인한 착오와 계약 사이에 인과관계가 없고, 환불약정이 무효라고 하더라도 이 사건 가입계약 전체가 무효라고 할 수는 없다. ③ 이 사건 조합가입계약이 무효라고 하더라도 원고는 묵시적으로 위 계약을 추인하였다. ④ 원고의 이 사건 청구는 신의칙에 반한다. 나. 판단 1) 이 사건 계약금이 분담금 납입으로 인정되는지 여부 앞서 든 증거들과 갑 제5호증, 수영세무서장의 과세정보회신서의 각 기재 및 변론 전체의 취지를 종합하여 인정되는 다음과 같은 사정을 종합하면 원고가 이 사건 계약금을 납입한 것은 피고에 대한 분담금의 납입으로서 유효하다고 보아야 한다. ○ 이 사건 조합가입계약서에 조합원 분담금 납입계좌를 지정하고 그 외의 방법을 통한 입금은 인정되지 않는다는 규정을 두고 있는데, 피고가 지정계좌 입금이 아닌 다른 방식으로 이 사건 계약금을 지급한 사실은 인정된다. 그러나 이 사건 계약금이 납입된 시기는 납입계좌가 기재되어 있는 이 사건 조합가입계약서가 작성되기 이전이고, 이 사건 계약금이 입금된 계좌는 피고의 분양업무를 대행하던 회사의 계좌인 것으로 보이는 사정 또한 인정된다. ○ 이 사건 계약금이 납부된 2019. 12. 10. 당시 피고의 조합장은 소외 1이었는데(피고는 소외 1이 2019. 12. 10. 이전에 사임하여 피고 조합 대표자의 지위에 있지 않았다고 다투나, 을 제2호증의4의 기재, 수영세무서장의 과세정보회신결과에 의하면 소외 1을 비롯하여 피고 조합 집행부 임원들이 집단 사퇴를 하여 2019. 12. 22. 후임 집행부 선출을 위한 임시총회가 개최될 예정이었던 사실, 소외 1은 2019년경부터 2020. 1. 8.까지 피고 조합의 대표자로 신고 되어 있었던 사실","라 한다), 2020. 1. 29. 피고와 사이에 조합원 분담금을 3억 9,840만 원으로 정하여 아파트 1세대를 분양받기로 하는 내용의 조합가입계약서를 작성함으로써 조합가입계약을 체결하였다(이하",미검수
법제처 OPEN API/prec,612903,2024나54706,계약금반환청구의소,https://www.law.go.kr/DRF/lawService.do?OC=test&target=prec&ID=612903&type=HTML,(조 번호 미표기),안전,판례 문맥 추론 · 신호 혼재,안전,,," 설립된 지역주택조합이다. 나. 원고는 2019. 12. 10. 피고에게 조합가입계약의 계약금 명목으로 5,000만 원을 지급하였고(이하 ‘이 사건 계약금’이라 한다), 2020. 1. 29. 피고와 사이에 조합원 분담금을 3억 9,840만 원으로 정하여 아파트 1세대를 분양받기로 하는 내용의 조합가입계약서를 작성함으로써 조합가입계약을 체결하였다(이하 ‘이 사건 조합가입계약’이라 하고, 위 계약서를 ‘이 사건 조합가입계약서‘라 한다). 다. 원고는 이 사건 조합가입계약 체결 당시 피고로부터 ‘2020. 6.까지 사업계획승인 미접수 시 납입한 분담금 전액을 환불할 것을 보장합니다(2019. 12. 접수 예정).’라는 내용이 기재되고 피고의 인장이 날인된 ‘계약안심보장증서’를 교부받았다(이하 위 증서를 ‘이 사건 안심보장증서‘라고 하고, 그에 따른 환불약정을 ‘이 사건 환불약정’이라 한다). 2. 주장 및 판단 가. 당사자들의 주장 1) 원고의 주장 ① 이 사건 환불약정은 피고의 총회결의가 없어서 무효이고, 위 약정이 유효하다고 하더라도 재원 부족으로 인하여 분담금 반환은 불가능하다. 그럼에도 피고는 이 사건 환불약정이 유효하고 그 이행도 가능한 것처럼 원고를 기망하였으므로 피고는 원고에게 불법행위에 따른 손해배상으로 이 사건 계약금 및 이에 대한 지연손해금을 지급할 의무가 있다. ② 이 사건 조합가입계약은 조합원총회의 결의 없이 이루어진 총유물의 처분행위에 해당하여 무효이거나, 사기 또는 상대방이 유발한 동기의 착오에 의한 의사표시로서 이를 취소하므로, 피고는 원고에게 부당이득반환으로 이 사건 계약금 및 이에 대한 지연손해금을 반환하여야 한다. 2) 피고의 주장 ① 이 사건 계약금은 조합원 가입계약서에서 지정한 계좌로 입금되지 않았으므로 분담금 납부로 인정할 수 없다. ② 원고는 이 사건 안심보장증서가 없었더라도 조합가입계약을 체결하였을 것이므로, 이 사건 환불약정으로 인한 착오와 계약 사이에 인과관계가 없고, 환불약정이 무효라고 하더라도 이 사건 가입계약 전체가 무효라고 할 수는 없다. ③ 이 사건 조합가입계약이 무효라고 하더라도 원고는 묵시적으로 위 계약을 추인하였다. ④ 원고의 이 사건 청구는 신의칙에 반한다. 나. 판단 1) 이 사건 계약금이 분담금 납입으로 인정되는지 여부 앞서 든 증거들과 갑 제5호증, 수영세무서장의 과세정보회신서의 각 기재 및 변론 전체의 취지를 종합하여 인정되는 다음과 같은 사정을 종합하면 원고가 이 사건 계약금을 납입한 것은 피고에 대한 분담금의 납입으로서 유효하다고 보아야 한다. ○ 이 사건 조합가입계약서에 조합원 분담금 납입계좌를 지정하고 그 외의 방법을 통한 입금은 인정되지 않는다는 규정을 두고 있는데, 피고가 지정계좌 입금이 아닌 다른 방식으로 이 사건 계약금을 지급한 사실은 인정된다. 그러나 이 사건 계약금이 납입된 시기는 납입계좌가 기재되어 있는 이 사건 조합가입계약서가 작성되기 이전이고, 이 사건 계약금이 입금된 계좌는 피고의 분양업무를 대행하던 회사의 계좌인 것으로 보이는 사정 또한 인정된다. ○ 이 사건 계약금이 납부된 2019. 12. 10. 당시 피고의 조합장은 소외 1이었는데(피고는 소외 1이 2019. 12. 10. 이전에 사임하여 피고 조합 대표자의 지위에 있지 않았다고 다투나, 을 제2호증의4의 기재, 수영세무서장의 과세정보회신결과에 의하면 소외 1을 비롯하여 피고 조합 집행부 임원들이 집단 사퇴를 하여 2019. 12. 22. 후임 집행부 선출을 위한 임시총회가 개최될 예정이었던 사실, 소외 1은 2019년경부터 2020. 1. 8.까지 피고 조합의 대표자로 신고 되어 있었던 사실이 인정되고, 이러한 사실들로 미루어 소외 1은 임원들의 집단사퇴로 인하","라 하고, 위 계약서를 ‘이 사건 조합가입계약서",미검수
법제처 OPEN API/prec,612903,2024나54706,계약금반환청구의소,https://www.law.go.kr/DRF/lawService.do?OC=test&target=prec&ID=612903&type=HTML,(조 번호 미표기),안전,판례 문맥 추론 · 신호 혼재,안전,,,"목으로 5,000만 원을 지급하였고(이하 ‘이 사건 계약금’이라 한다), 2020. 1. 29. 피고와 사이에 조합원 분담금을 3억 9,840만 원으로 정하여 아파트 1세대를 분양받기로 하는 내용의 조합가입계약서를 작성함으로써 조합가입계약을 체결하였다(이하 ‘이 사건 조합가입계약’이라 하고, 위 계약서를 ‘이 사건 조합가입계약서‘라 한다). 다. 원고는 이 사건 조합가입계약 체결 당시 피고로부터 ‘2020. 6.까지 사업계획승인 미접수 시 납입한 분담금 전액을 환불할 것을 보장합니다(2019. 12. 접수 예정).’라는 내용이 기재되고 피고의 인장이 날인된 ‘계약안심보장증서’를 교부받았다(이하 위 증서를 ‘이 사건 안심보장증서‘라고 하고, 그에 따른 환불약정을 ‘이 사건 환불약정’이라 한다). 2. 주장 및 판단 가. 당사자들의 주장 1) 원고의 주장 ① 이 사건 환불약정은 피고의 총회결의가 없어서 무효이고, 위 약정이 유효하다고 하더라도 재원 부족으로 인하여 분담금 반환은 불가능하다. 그럼에도 피고는 이 사건 환불약정이 유효하고 그 이행도 가능한 것처럼 원고를 기망하였으므로 피고는 원고에게 불법행위에 따른 손해배상으로 이 사건 계약금 및 이에 대한 지연손해금을 지급할 의무가 있다. ② 이 사건 조합가입계약은 조합원총회의 결의 없이 이루어진 총유물의 처분행위에 해당하여 무효이거나, 사기 또는 상대방이 유발한 동기의 착오에 의한 의사표시로서 이를 취소하므로, 피고는 원고에게 부당이득반환으로 이 사건 계약금 및 이에 대한 지연손해금을 반환하여야 한다. 2) 피고의 주장 ① 이 사건 계약금은 조합원 가입계약서에서 지정한 계좌로 입금되지 않았으므로 분담금 납부로 인정할 수 없다. ② 원고는 이 사건 안심보장증서가 없었더라도 조합가입계약을 체결하였을 것이므로, 이 사건 환불약정으로 인한 착오와 계약 사이에 인과관계가 없고, 환불약정이 무효라고 하더라도 이 사건 가입계약 전체가 무효라고 할 수는 없다. ③ 이 사건 조합가입계약이 무효라고 하더라도 원고는 묵시적으로 위 계약을 추인하였다. ④ 원고의 이 사건 청구는 신의칙에 반한다. 나. 판단 1) 이 사건 계약금이 분담금 납입으로 인정되는지 여부 앞서 든 증거들과 갑 제5호증, 수영세무서장의 과세정보회신서의 각 기재 및 변론 전체의 취지를 종합하여 인정되는 다음과 같은 사정을 종합하면 원고가 이 사건 계약금을 납입한 것은 피고에 대한 분담금의 납입으로서 유효하다고 보아야 한다. ○ 이 사건 조합가입계약서에 조합원 분담금 납입계좌를 지정하고 그 외의 방법을 통한 입금은 인정되지 않는다는 규정을 두고 있는데, 피고가 지정계좌 입금이 아닌 다른 방식으로 이 사건 계약금을 지급한 사실은 인정된다. 그러나 이 사건 계약금이 납입된 시기는 납입계좌가 기재되어 있는 이 사건 조합가입계약서가 작성되기 이전이고, 이 사건 계약금이 입금된 계좌는 피고의 분양업무를 대행하던 회사의 계좌인 것으로 보이는 사정 또한 인정된다. ○ 이 사건 계약금이 납부된 2019. 12. 10. 당시 피고의 조합장은 소외 1이었는데(피고는 소외 1이 2019. 12. 10. 이전에 사임하여 피고 조합 대표자의 지위에 있지 않았다고 다투나, 을 제2호증의4의 기재, 수영세무서장의 과세정보회신결과에 의하면 소외 1을 비롯하여 피고 조합 집행부 임원들이 집단 사퇴를 하여 2019. 12. 22. 후임 집행부 선출을 위한 임시총회가 개최될 예정이었던 사실, 소외 1은 2019년경부터 2020. 1. 8.까지 피고 조합의 대표자로 신고 되어 있었던 사실이 인정되고, 이러한 사실들로 미루어 소외 1은 임원들의 집단사퇴로 인하여 대표자의 권한을 대행할 사람이 없어 후임 대표가 선출될 때까지 대표권을 행사하였을 가능성이 높아 보인다), 피고는 2019. 12. 10.자로 영수자를 ‘○○○지역주택조합 대표자 소외 1’",2020. 6.까지 사업계획승인 미접수 시 납입한 분담금 전액을 환불할 것을 보장합니다(2019. 12. 접수 예정),미검수
법제처 OPEN API/prec,606173,2024다317332,건물인도·손해배상(기)[부속물 매매대금 채권을 수동채권으로 한 임대인의 상계 의사표시 이전 임차인의 목적물 점유가 불법점유인지 문제된 사건],https://www.law.go.kr/DRF/lawService.do?OC=test&target=prec&ID=606173&type=HTML,제2조,(판단 불명확),판단 불명확,,,,"을 갱신하여 오다가, 2018. 4. 25.경 임대차 기간을 2018. 4. 30.부터 2020. 4. 29.까지, 차임을 2018. 4. 30.부터 2019. 4. 29.까지는 월 72,555,940원, 2019. 4. 30.부터 2020. 4. 29.까지는 월 74,732,610원으로 각 정하여 임대하는 내용의 이 사건 임대차계약을 체결하였다. 2) 이 사건 임대차계약 제2조 제2항은 ‘임대인 또는 임차인이 계약 갱신을 원하지 않는 경우 임대차 기간 만료 1개월 전까지 상대방에 대하여 그 의사를 통보하기로 한다.’고 정하고 있는데, 원고가 임대차 기간 만료일인 2020. 4. 29.로부터 1개월 전인 2020. 3. 26. 피고에게 계약 갱신 거절의 의사를 표시함으로써 이 사건 임대차계약은 2020. 4. 29. 종료되었다. 3) 이 사건 임대차계약 제17조, 제19조 제1항은 ‘임차인이 임대차계약 만료일까지 목적물을 반환하지 않는 경우 임대인에게 임대차계약 만료일 다음 날부터 목적물 반환일까지의 기간에 대해 임대료의 1.3배에 상당하는 금액 등을 납부해야 한다.’고 정하고 있다. 4) 피고가 이 사건 건물 부분 사용의 편익을 위하여 설치한 조명시설, 소방설비에 대하여 부속물매수청구권을 행사한다는 의사가 표시된 이 사건 2023. 5. 19. 자 준비서면이 2023. 5. 26. 원고에게 송달되었다. 5) 한편 원고가 피고의 불법점유로 인한 손해배상채권을 자동채권으로 하여 피고의 부속물 매매대금 채권과 대등액에서 상계한다는 의사가 표시된 이 사건 2023. 6. 30. 자 준비서면이 같은 날 피고에게 송달되었다. 다. 원심은 위와 같은 사실관계를 기초로 하여 다음과 같이 판단하였다. 피고가 이 사건 2023. 5. 19. 자 준비서면의 송달로 부속물매수청구권 행사 의사를 표시함으로써 부속물에 관한 매매계약이 성립하였다고 하더라도 이미 발생한 원고의 월 차임 1.3배 상당의 손해배상 예정액 채권을 소멸하게 하는 것은 아니고, 원고가 손해배상 예정액 채권과 피고의 부속물 매매대금 채권을 대등액에서 상계하여 부속물 매매대금 채권이 소멸함으로써 동시이행항변권의 이행지체 저지효 역시 소멸하였다. 따라서 피고는 원고로부터 원상회복 의무 이행을 유예받은 기한을 넘긴 후인 2020. 11. 1.부터 이 사건 건물 부분을 불법점유하고 있는 것이므로, 그때부터 이 사건 건물 부분을 반환할 때까지의 기간 전부에 관하여 이 사건 임대차계약 제19조 제1항에서 정한 대로 월 차임의 1.3배에 해당하는 월 97,152,393원(= 74,732,610원 × 1.3)의 비율로 계산한 돈을 손해배상 예정액으로 원고에게 지급할 의무가 있다. 라. 그러나 앞서 본 법리에 비추어 보면, 원심의 판단 중 피고가 2023. 5. 26.부터 2023. 6. 30.까지 이 사건 건물 부분을 점유한 것을 불법점유로 보아 피고에게 이 사건 임대차계약 제19조 제1항에 따른 손해배상 예정액의 지급을 명한 부분은 다음과 같은 이유에서 수긍하기 어렵다. 1) 피고가 이 사건 2023. 5. 19. 자 준비서면의 송달로 조명시설, 소방설비에 대한 부속물매수청구권을 행사하여 원고와 피고 사이에 이에 관한 매매계약이 성립되었고, 원고는 피고에 대하여 부속물 매매대금 지급의무를 부담하게 되었다. 2) 원고가 부속물 매매대금 지급의무를 이행하거나 적법하게 이행의 제공을 하는 등으로 동시이행항변권을 상실시키지 않는다면, 피고가 적법한 부속물매수청구권 행사 후에 이 사건 건물 부분을 계속 점유하는 것을 불법점유라고 할 수 없다. 그런데 이 사건에서 원고가 상계의 의사표시에 앞서 부속물 매매대금 지급의무를 이행하였거나 적법하게 이행의 제공을 하였음을 알 수 있는 자료가 없다. 3) 피고의 부속물매수청구권 행사 후에 원고가 그에 따른 피고의 부속물 매매대금 채권을 피고의 ",임대인 또는 임차인이 계약 갱신을 원하지 않는 경우 임대차 기간 만료 1개월 전까지 상대방에 대하여 그 의사를 통보하기로 한다,미검수
법제처 OPEN API/prec,606173,2024다317332,건물인도·손해배상(기)[부속물 매매대금 채권을 수동채권으로 한 임대인의 상계 의사표시 이전 임차인의 목적물 점유가 불법점유인지 문제된 사건],https://www.law.go.kr/DRF/lawService.do?OC=test&target=prec&ID=606173&type=HTML,제17조,(판단 불명확),판단 불명확,,,,"은 ‘임대인 또는 임차인이 계약 갱신을 원하지 않는 경우 임대차 기간 만료 1개월 전까지 상대방에 대하여 그 의사를 통보하기로 한다.’고 정하고 있는데, 원고가 임대차 기간 만료일인 2020. 4. 29.로부터 1개월 전인 2020. 3. 26. 피고에게 계약 갱신 거절의 의사를 표시함으로써 이 사건 임대차계약은 2020. 4. 29. 종료되었다. 3) 이 사건 임대차계약 제17조, 제19조 제1항은 ‘임차인이 임대차계약 만료일까지 목적물을 반환하지 않는 경우 임대인에게 임대차계약 만료일 다음 날부터 목적물 반환일까지의 기간에 대해 임대료의 1.3배에 상당하는 금액 등을 납부해야 한다.’고 정하고 있다. 4) 피고가 이 사건 건물 부분 사용의 편익을 위하여 설치한 조명시설, 소방설비에 대하여 부속물매수청구권을 행사한다는 의사가 표시된 이 사건 2023. 5. 19. 자 준비서면이 2023. 5. 26. 원고에게 송달되었다. 5) 한편 원고가 피고의 불법점유로 인한 손해배상채권을 자동채권으로 하여 피고의 부속물 매매대금 채권과 대등액에서 상계한다는 의사가 표시된 이 사건 2023. 6. 30. 자 준비서면이 같은 날 피고에게 송달되었다. 다. 원심은 위와 같은 사실관계를 기초로 하여 다음과 같이 판단하였다. 피고가 이 사건 2023. 5. 19. 자 준비서면의 송달로 부속물매수청구권 행사 의사를 표시함으로써 부속물에 관한 매매계약이 성립하였다고 하더라도 이미 발생한 원고의 월 차임 1.3배 상당의 손해배상 예정액 채권을 소멸하게 하는 것은 아니고, 원고가 손해배상 예정액 채권과 피고의 부속물 매매대금 채권을 대등액에서 상계하여 부속물 매매대금 채권이 소멸함으로써 동시이행항변권의 이행지체 저지효 역시 소멸하였다. 따라서 피고는 원고로부터 원상회복 의무 이행을 유예받은 기한을 넘긴 후인 2020. 11. 1.부터 이 사건 건물 부분을 불법점유하고 있는 것이므로, 그때부터 이 사건 건물 부분을 반환할 때까지의 기간 전부에 관하여 이 사건 임대차계약 제19조 제1항에서 정한 대로 월 차임의 1.3배에 해당하는 월 97,152,393원(= 74,732,610원 × 1.3)의 비율로 계산한 돈을 손해배상 예정액으로 원고에게 지급할 의무가 있다. 라. 그러나 앞서 본 법리에 비추어 보면, 원심의 판단 중 피고가 2023. 5. 26.부터 2023. 6. 30.까지 이 사건 건물 부분을 점유한 것을 불법점유로 보아 피고에게 이 사건 임대차계약 제19조 제1항에 따른 손해배상 예정액의 지급을 명한 부분은 다음과 같은 이유에서 수긍하기 어렵다. 1) 피고가 이 사건 2023. 5. 19. 자 준비서면의 송달로 조명시설, 소방설비에 대한 부속물매수청구권을 행사하여 원고와 피고 사이에 이에 관한 매매계약이 성립되었고, 원고는 피고에 대하여 부속물 매매대금 지급의무를 부담하게 되었다. 2) 원고가 부속물 매매대금 지급의무를 이행하거나 적법하게 이행의 제공을 하는 등으로 동시이행항변권을 상실시키지 않는다면, 피고가 적법한 부속물매수청구권 행사 후에 이 사건 건물 부분을 계속 점유하는 것을 불법점유라고 할 수 없다. 그런데 이 사건에서 원고가 상계의 의사표시에 앞서 부속물 매매대금 지급의무를 이행하였거나 적법하게 이행의 제공을 하였음을 알 수 있는 자료가 없다. 3) 피고의 부속물매수청구권 행사 후에 원고가 그에 따른 피고의 부속물 매매대금 채권을 피고의 이 사건 건물 부분 불법점유로 인한 원고의 손해배상채권과 상계하는 의사를 표시함에 따라 그 부속물 매매대금 채권이 소멸된다고 하더라도, 양 채권을 정산하는 기준시기가 상계적상이 있었던 때인 부속물 매매대금 채권 발생 시점으로 소급하는 것일 뿐, 상계의 의사표시 이전까지 존재하였던 원고의 부속물 매매대금 지급의무와 피고의 이 사건 건물 부분 인도의무 사이의 동시이행관계가 상계적상이 있었던 시기로 소급하여 소멸되고 이로 인하여 피고의 위 인도의무가 그때부터 이행",임차인이 임대차계약 만료일까지 목적물을 반환하지 않는 경우 임대인에게 임대차계약 만료일 다음 날부터 목적물 반환일까지의 기간에 대해 임대료의 1.3배에 상당하는 금액 등을 납부해야 한다,미검수
법제처 OPEN API/prec,606173,2024다317332,건물인도·손해배상(기)[부속물 매매대금 채권을 수동채권으로 한 임대인의 상계 의사표시 이전 임차인의 목적물 점유가 불법점유인지 문제된 사건],https://www.law.go.kr/DRF/lawService.do?OC=test&target=prec&ID=606173&type=HTML,(조 번호 미표기),(판단 불명확),판단 불명확,,,,"단하였다. 이 부분 원심판결 이유를 관련 법리와 기록에 비추어 살펴보면, 위와 같은 원심의 판단에 상고이유 주장과 같이 부속물의 범위, 처분문서의 해석 등에 관한 법리를 오해하거나 이유불비 등으로 판결에 영향을 미친 위법이 없다. 5. 「상가건물 임대차보호법」의 적용 및 해석에 관하여(피고의 제4 상고이유) 원심은 판시와 같은 이유로, 원고와 피고가 이 사건 임대차계약에서 임차인의 계약갱신요구권 행사에 관한 「상가건물 임대차보호법」 제10조 제2항의 적용을 배제하기로 합의하였다고 볼 수 없고, 이 사건은 권리금 회수기회 보호 등에 관한 같은 법 제10조의4가 적용되지 않는 같은 법 제10조의5 제2호의 ‘임대차 목적물인 상가건물이 「국유재산법」에 따른 국유재산 또는 「공유재산 및 물품 관리법」에 따른 공유재산인 경우’에 해당한다고 판단하였다. 이 부분 원심판결 이유를 관련 법리와 기록에 비추어 살펴보면, 위와 같은 원심의 판단에 상고이유 주장과 같이 처분문서의 해석, 「상가건물 임대차보호법」 제10조의5의 적용 범위 등에 관한 법리를 오해하여 판결에 영향을 미친 위법이 없다. 6. 결론 가. 원심판결의 본소에 관한 피고 패소 부분 중 2023. 5. 26.부터 2023. 6. 30.까지의 기간에 대하여 아래 인용범위를 초과하여 지급을 명한 부분을 파기하되, 이 부분 사건은 이 법원이 직접 재판하기에 충분하므로 민사소송법 제437조에 의하여 자판하기로 한다. 이 사건 임대차계약 종료 시 이 사건 건물 부분의 월 차임은 74,732,610원이고, 통상 부동산의 점유·사용으로 인한 이득액은 그 부동산의 차임 상당액이라 할 것인데 이 사건 임대차계약 종료 후의 월 차임 상당액도 위 월 차임과 같은 액수일 것으로 추인되므로, 피고는 원고에게 부당이득반환으로 2023. 5. 26.부터 2023. 6. 30.까지 월 74,732,610원의 비율로 계산한 돈을 지급할 의무가 있다. 따라서 위 기간에 대한 원고의 부당이득반환청구(피고의 이 사건 건물 부분 점유·사용에 관한 원고의 청구는 손해배상 예정액 지급 또는 부당이득 반환을 선택적으로 구하는 취지로 선해할 수 있다)는 위 인정 범위 내에서 이유 있다. 제1심판결이 위 기간에 대하여 월 차임의 1.3배인 월 97,152,393원의 비율로 계산한 돈의 지급을 명한 부분 중 위 인용 범위를 넘는 부분은 부당하므로 이를 취소하고, 그 취소 부분에 해당하는 원고의 본소청구를 기각한다. 나. 원고의 상고와 피고의 나머지 상고를 모두 기각하고, 소송총비용의 부담을 정하여, 관여 대법관의 일치된 의견으로 주문과 같이 판결한다. 대법관 박영재(재판장) 오경미 엄상필(주심) ]]>","상가건물 임대차보호법」 제10조 제2항의 적용을 배제하기로 합의하였다고 볼 수 없고, 이 사건은 권리금 회수기회 보호 등에 관한 같은 법 제10조의4가 적용되지 않는 같은 법 제10조의5 제2호의",미검수
법제처 OPEN API/prec,606973,2023가합96954,해고무효확인,https://www.law.go.kr/DRF/lawService.do?OC=test&target=prec&ID=606973&type=HTML,(조 번호 미표기),(판단 불명확),판단 불명확,,,,"회사이고, 2021. 7. 1. 주식회사 ○○○홈쇼핑(이하 ‘△△홈쇼핑’이라 한다)을 흡수합병한 이후 홈쇼핑 사업도 영위하고 있다. 2) 원고는 2005. 5.경 ‘△△ 쇼핑호스트 선발대회’를 통하여 △△홈쇼핑과 근로계약을 체결하고 쇼핑호스트로 활동하다가, 퇴직원을 제출하여 가입기간에 상응하는 퇴직연금을 지급받은 후, 2017년경부터는 ‘쇼핑호스트 업무 위촉계약서’를 기초로 한 쇼핑호스트 업무 위촉계약을 체결하고 2023. 7. 31.까지 △△홈쇼핑에서 쇼핑호스트로 활동한 사람이다. 나. 쇼핑호스트 업무 위촉계약의 내용 원고와 피고는 2017. 1. 1.경 계약기간을 2017. 1. 1.부터 2019. 12. 31.까지로 하여 위와 같이 쇼핑호스트 업무 위촉계약을 체결하였고, 2020. 1. 1.경 계약기간을 2020. 1. 1.부터 2022. 12. 31.까지로 하여 같은 내용의 계약을 다시 체결하였으며, 2023. 2. 1.경 계약기간을 2023. 2. 1.부터 2025. 1. 31.까지로 하여 같은 내용의 계약을 다시 체결하였다(이하 위 각 계약을 ‘이 사건 위촉계약’이라 하고, 이 사건 위촉계약 체결 시 작성한 ‘쇼핑호스트 업무 위촉계약서’의 주요 내용은 아래와 같다). 피고와 원고는 다음과 같이 프리랜서 쇼핑호스트 업무 위촉계약(이하 ‘본 계약’이라 함)을 체결하고 이의 성실한 준수를 약정한다.제1조(계약의 목적)본 계약은 피고가 운영하는 상품 판매 채널(생방송, 데이터방송, 모바일, VOD, 각종 사전제작 및 제휴채널)(이하 ‘매장’이라고 함)에서 원고의 쇼핑호스트 업무(이하 ‘업무’라 함)를 성실히 수행함에 있어 필요한 피고와 원고의 권리와 의무를 명확히 함을 목적으로 한다.제2조(업무 범위 및 방법)1. 본 계약에 따라 원고는 다음 각호에 규정된 업무를 성실히 수행하여야 한다. ① 사전미팅 참석: 상품 내용 및 방송 판매 기획 숙지 ② 피고의 연출 기획에 맞는 방송 프로그램 쇼핑호스트 업무 ③ 기타 피고가 업무와 관련하여 별도로 요청하는 사항2. 피고와 원고는 상호 협의에 따라 원고의 구체적인 업무 수행 일자 또는 방송 프로그램 출연일자를 정한다(일정 변경 포함). 단, 원고는 자신의 개인적인 사유로 방송 프로그램 출연일자 변경이 필요할 경우 방송 프로그램의 제작 또는 방송 일정을 고려하여 방송일 기준 최소 2주일 전에 피고에게 통지하여 피고의 동의를 받아야 한다.제4조(수수료)1. 피고는 원고가 계약상 업무를 수행한 대가로 수수료를 지급하기로 하며, 지급기준은 다음 각호와 같다. ① TV홈쇼핑(케이블 TV 홈쇼핑, 위성방송, IPTV 등 포함 / 이하 ‘TV홈쇼핑’이라 함) 생방송 또는 녹화방송 출연 시: 1시간당 삼십오만 원(￦350,000) ② 각종 사전 제작물(데이터홈쇼핑 녹화물, TV홈쇼핑용 인서트 등 포함 / 이하 ‘사전 제작물’이라 함)의 촬영 시 수수료 기준은 다음 각 목과 같다. 가. 1일 총촬영시간 4시간 이하일 경우: TV홈쇼핑 생방송 1시간 수수료 나. 1일 총촬영시간 4시간 초과일 경우: TV홈쇼핑 생방송 1시간 30분 수수료 ③ TV홈쇼핑 생방송 또는 녹화방송의 재방송 출연 시 수수료 기준은 다음과 같다. 가. 해당 생방송 또는 녹화방송의 재방송 시 1회에 한하여 해당 방송의 본 방송 수수료의 20%에 해당하는 금액 ④ 원고가 본 계약상 업무의 수행을 위하여 출장 시 수수료 기준은 다음 각 목과 같다. 가. 국내출장 시: 본 항 제2호의 기준과 동일 나. 해외출장 시: TV홈쇼핑 생방송 1시간 30분 수수료 × 숙박일2. 피고는 매월 해당 월 1일부터 말일까지 발생한 수수료를 정산하여 익월 3일 이내에 원고에게 현금 지급하기로 하며, 제 세금은 원고가 부담한다.3. 본 계약을 위반하여 원고의 피고에 대한 손해배상금, 위약금 등의 지급의무가 발생한 경우, 피고는 원고가 손해배상금, 위약금 등을 완전히 변제할 때까지 수수료 지급을 보류하거나 상계 후 지급할 수 있다제7조(업무상 준수 사항)1. 원고는 다음 각호에 정한 사항을 준수하여야 하며, 위반 시 본 계약이 해지될 수 있음을","기초로 한 쇼핑호스트 업무 위촉계약을 체결하고 2023. 7. 31.까지 △△홈쇼핑에서 쇼핑호스트로 활동한 사람이다. 나. 쇼핑호스트 업무 위촉계약의 내용 원고와 피고는 2017. 1. 1.경 계약기간을 2017. 1. 1.부터 2019. 12. 31.까지로 하여 위와 같이 쇼핑호스트 업무 위촉계약을 체결하였고, 2020. 1. 1.경 계약기간을 2020. 1. 1.부터 2022. 12. 31.까지로 하여 같은 내용의 계약을 다시 체결하였으며, 2023. 2. 1.경 계약기간을 2023. 2. 1.부터 2025. 1. 31.까지로 하여 같은 내용의 계약을 다시 체결하였다(이하 위 각 계약을",미검수
법제처 OPEN API/prec,606973,2023가합96954,해고무효확인,https://www.law.go.kr/DRF/lawService.do?OC=test&target=prec&ID=606973&type=HTML,(조 번호 미표기),안전,판례 문맥 추론 · 단일 신호,안전,,,"2. 31.까지로 하여 위와 같이 쇼핑호스트 업무 위촉계약을 체결하였고, 2020. 1. 1.경 계약기간을 2020. 1. 1.부터 2022. 12. 31.까지로 하여 같은 내용의 계약을 다시 체결하였으며, 2023. 2. 1.경 계약기간을 2023. 2. 1.부터 2025. 1. 31.까지로 하여 같은 내용의 계약을 다시 체결하였다(이하 위 각 계약을 ‘이 사건 위촉계약’이라 하고, 이 사건 위촉계약 체결 시 작성한 ‘쇼핑호스트 업무 위촉계약서’의 주요 내용은 아래와 같다). 피고와 원고는 다음과 같이 프리랜서 쇼핑호스트 업무 위촉계약(이하 ‘본 계약’이라 함)을 체결하고 이의 성실한 준수를 약정한다.제1조(계약의 목적)본 계약은 피고가 운영하는 상품 판매 채널(생방송, 데이터방송, 모바일, VOD, 각종 사전제작 및 제휴채널)(이하 ‘매장’이라고 함)에서 원고의 쇼핑호스트 업무(이하 ‘업무’라 함)를 성실히 수행함에 있어 필요한 피고와 원고의 권리와 의무를 명확히 함을 목적으로 한다.제2조(업무 범위 및 방법)1. 본 계약에 따라 원고는 다음 각호에 규정된 업무를 성실히 수행하여야 한다. ① 사전미팅 참석: 상품 내용 및 방송 판매 기획 숙지 ② 피고의 연출 기획에 맞는 방송 프로그램 쇼핑호스트 업무 ③ 기타 피고가 업무와 관련하여 별도로 요청하는 사항2. 피고와 원고는 상호 협의에 따라 원고의 구체적인 업무 수행 일자 또는 방송 프로그램 출연일자를 정한다(일정 변경 포함). 단, 원고는 자신의 개인적인 사유로 방송 프로그램 출연일자 변경이 필요할 경우 방송 프로그램의 제작 또는 방송 일정을 고려하여 방송일 기준 최소 2주일 전에 피고에게 통지하여 피고의 동의를 받아야 한다.제4조(수수료)1. 피고는 원고가 계약상 업무를 수행한 대가로 수수료를 지급하기로 하며, 지급기준은 다음 각호와 같다. ① TV홈쇼핑(케이블 TV 홈쇼핑, 위성방송, IPTV 등 포함 / 이하 ‘TV홈쇼핑’이라 함) 생방송 또는 녹화방송 출연 시: 1시간당 삼십오만 원(￦350,000) ② 각종 사전 제작물(데이터홈쇼핑 녹화물, TV홈쇼핑용 인서트 등 포함 / 이하 ‘사전 제작물’이라 함)의 촬영 시 수수료 기준은 다음 각 목과 같다. 가. 1일 총촬영시간 4시간 이하일 경우: TV홈쇼핑 생방송 1시간 수수료 나. 1일 총촬영시간 4시간 초과일 경우: TV홈쇼핑 생방송 1시간 30분 수수료 ③ TV홈쇼핑 생방송 또는 녹화방송의 재방송 출연 시 수수료 기준은 다음과 같다. 가. 해당 생방송 또는 녹화방송의 재방송 시 1회에 한하여 해당 방송의 본 방송 수수료의 20%에 해당하는 금액 ④ 원고가 본 계약상 업무의 수행을 위하여 출장 시 수수료 기준은 다음 각 목과 같다. 가. 국내출장 시: 본 항 제2호의 기준과 동일 나. 해외출장 시: TV홈쇼핑 생방송 1시간 30분 수수료 × 숙박일2. 피고는 매월 해당 월 1일부터 말일까지 발생한 수수료를 정산하여 익월 3일 이내에 원고에게 현금 지급하기로 하며, 제 세금은 원고가 부담한다.3. 본 계약을 위반하여 원고의 피고에 대한 손해배상금, 위약금 등의 지급의무가 발생한 경우, 피고는 원고가 손해배상금, 위약금 등을 완전히 변제할 때까지 수수료 지급을 보류하거나 상계 후 지급할 수 있다제7조(업무상 준수 사항)1. 원고는 다음 각호에 정한 사항을 준수하여야 하며, 위반 시 본 계약이 해지될 수 있음을 확인한다. ① 원고는 쇼핑호스트의 이미지가 피고 또는 피고의 브랜드 이미지와 연결되어 소비자들에게 받아들여지는 홈쇼핑 업체의 특성을 고려하여, 본 계약기간 동안 다음 각 목에 정한 사항을 수행할 수 없으며, 본 항은 계약의 해지 또는 종료 이후 1개월 동안 유효하다. 가. 타 홈쇼핑 및 유사 홈쇼핑 등 방송을 통한 유","라 하고, 이 사건 위촉계약 체결 시 작성한",미검수
법제처 OPEN API/prec,606973,2023가합96954,해고무효확인,https://www.law.go.kr/DRF/lawService.do?OC=test&target=prec&ID=606973&type=HTML,(조 번호 미표기),안전,판례 문맥 추론 · 단일 신호,안전,,," 1. 1.경 계약기간을 2020. 1. 1.부터 2022. 12. 31.까지로 하여 같은 내용의 계약을 다시 체결하였으며, 2023. 2. 1.경 계약기간을 2023. 2. 1.부터 2025. 1. 31.까지로 하여 같은 내용의 계약을 다시 체결하였다(이하 위 각 계약을 ‘이 사건 위촉계약’이라 하고, 이 사건 위촉계약 체결 시 작성한 ‘쇼핑호스트 업무 위촉계약서’의 주요 내용은 아래와 같다). 피고와 원고는 다음과 같이 프리랜서 쇼핑호스트 업무 위촉계약(이하 ‘본 계약’이라 함)을 체결하고 이의 성실한 준수를 약정한다.제1조(계약의 목적)본 계약은 피고가 운영하는 상품 판매 채널(생방송, 데이터방송, 모바일, VOD, 각종 사전제작 및 제휴채널)(이하 ‘매장’이라고 함)에서 원고의 쇼핑호스트 업무(이하 ‘업무’라 함)를 성실히 수행함에 있어 필요한 피고와 원고의 권리와 의무를 명확히 함을 목적으로 한다.제2조(업무 범위 및 방법)1. 본 계약에 따라 원고는 다음 각호에 규정된 업무를 성실히 수행하여야 한다. ① 사전미팅 참석: 상품 내용 및 방송 판매 기획 숙지 ② 피고의 연출 기획에 맞는 방송 프로그램 쇼핑호스트 업무 ③ 기타 피고가 업무와 관련하여 별도로 요청하는 사항2. 피고와 원고는 상호 협의에 따라 원고의 구체적인 업무 수행 일자 또는 방송 프로그램 출연일자를 정한다(일정 변경 포함). 단, 원고는 자신의 개인적인 사유로 방송 프로그램 출연일자 변경이 필요할 경우 방송 프로그램의 제작 또는 방송 일정을 고려하여 방송일 기준 최소 2주일 전에 피고에게 통지하여 피고의 동의를 받아야 한다.제4조(수수료)1. 피고는 원고가 계약상 업무를 수행한 대가로 수수료를 지급하기로 하며, 지급기준은 다음 각호와 같다. ① TV홈쇼핑(케이블 TV 홈쇼핑, 위성방송, IPTV 등 포함 / 이하 ‘TV홈쇼핑’이라 함) 생방송 또는 녹화방송 출연 시: 1시간당 삼십오만 원(￦350,000) ② 각종 사전 제작물(데이터홈쇼핑 녹화물, TV홈쇼핑용 인서트 등 포함 / 이하 ‘사전 제작물’이라 함)의 촬영 시 수수료 기준은 다음 각 목과 같다. 가. 1일 총촬영시간 4시간 이하일 경우: TV홈쇼핑 생방송 1시간 수수료 나. 1일 총촬영시간 4시간 초과일 경우: TV홈쇼핑 생방송 1시간 30분 수수료 ③ TV홈쇼핑 생방송 또는 녹화방송의 재방송 출연 시 수수료 기준은 다음과 같다. 가. 해당 생방송 또는 녹화방송의 재방송 시 1회에 한하여 해당 방송의 본 방송 수수료의 20%에 해당하는 금액 ④ 원고가 본 계약상 업무의 수행을 위하여 출장 시 수수료 기준은 다음 각 목과 같다. 가. 국내출장 시: 본 항 제2호의 기준과 동일 나. 해외출장 시: TV홈쇼핑 생방송 1시간 30분 수수료 × 숙박일2. 피고는 매월 해당 월 1일부터 말일까지 발생한 수수료를 정산하여 익월 3일 이내에 원고에게 현금 지급하기로 하며, 제 세금은 원고가 부담한다.3. 본 계약을 위반하여 원고의 피고에 대한 손해배상금, 위약금 등의 지급의무가 발생한 경우, 피고는 원고가 손해배상금, 위약금 등을 완전히 변제할 때까지 수수료 지급을 보류하거나 상계 후 지급할 수 있다제7조(업무상 준수 사항)1. 원고는 다음 각호에 정한 사항을 준수하여야 하며, 위반 시 본 계약이 해지될 수 있음을 확인한다. ① 원고는 쇼핑호스트의 이미지가 피고 또는 피고의 브랜드 이미지와 연결되어 소비자들에게 받아들여지는 홈쇼핑 업체의 특성을 고려하여, 본 계약기간 동안 다음 각 목에 정한 사항을 수행할 수 없으며, 본 항은 계약의 해지 또는 종료 이후 1개월 동안 유효하다. 가. 타 홈쇼핑 및 유사 홈쇼핑 등 방송을 통한 유통업체(이하 통칭하여 ‘경쟁업체’라 함)에 출연하는 행위 나. ‘경쟁업체’의 인터넷, 잡지 등의 광고 모델로 출연하는 행위 다.",주요 내용은 아래와 같다). 피고와 원고는 다음과 같이 프리랜서 쇼핑호스트 업무 위촉계약(이하,미검수
법제처 OPEN API/prec,606973,2023가합96954,해고무효확인,https://www.law.go.kr/DRF/lawService.do?OC=test&target=prec&ID=606973&type=HTML,(조 번호 미표기),(판단 불명확),판단 불명확,,,,"재 및 변론 전체의 취지에 의하여 인정되는 다음과 같은 사실 및 사정을 위 법리에 비추어 보면 원고를 피고의 근로자라고 보기 어려우므로, 원고의 주장은 이유 없다. 가) 피고 소속 쇼핑호스트의 종류 피고에는 ① 출퇴근 시간과 소정 근로시간이 정해져 있고 피고 취업규칙 등 피고 내부규정의 적용을 받는 전문계약직 쇼핑호스트와 ② ‘프리랜서 쇼핑호스트 업무 위촉계약서’를 작성하여 이 사건 위촉계약과 같은 내용의 계약을 체결하고 쇼핑호스트 업무를 수행하는 프리랜서 쇼핑호스트(원고가 여기에 포함된다)가 있다. 이하에서는 프리랜서 쇼핑호스트를 기준으로 판단한다(이하 ‘쇼핑호스트’ 기재는 ‘프리랜서 쇼핑호스트’를 의미하고, 특정이 필요한 경우에만 전문계약직 또는 프리랜서 쇼핑호스트를 특정한다). 나) 구체적인 업무 수행이 피고의 지시대로 이루어지는지 여부 (1) 쇼핑호스트는 방송 3~5일 전에 담당 PD·MD, 협력업체 관계자 등과 함께 회의에 참석하여 판매할 상품의 특징에 관한 설명을 듣고, 상품의 특징과 방송에서의 표현 등을 함께 논의한 후 이를 기초로 하여 개인의 설명 방식이나 요령에 따라 방송을 진행하면서 상품을 설명하고 시연하게 된다. (2) 이처럼 쇼핑호스트의 주요한 업무인 방송 업무가 피고가 주도한 위 회의에서 정한 기본적인 방향과 기획 의도에 따르는 제약이 있기는 하나, ① 이 사건 위촉계약서 제2조 제1항 제1호는 「본 계약에 따라 원고는 다음 각호에 규정된 업무를 성실히 수행하여야 한다. 사전미팅 참석: 상품 내용 및 방송 판매 기획 숙지」를 정하고 있으므로, 원고가 방송을 위하여 피고가 진행하는 회의에 참석하는 것은 계약에서 정한 사항을 이행하는 것으로 볼 수 있는 점, ② 다른 방송과 달리 피고는 쇼핑호스트에게 방송 대본을 주지 않는 점, ③ 쇼핑호스트의 방송 업무 자체는 쇼핑호스트가 개인적인 역량을 발휘하여 자율적으로 수행하는 것으로서 정형화된 업무 수행 방법이 있을 수 없는 점 등에 비추어 보면, 피고가 쇼핑호스트의 업무 수행에 대하여 구체적이고 직접적인 지휘·감독을 한다고 할 수 없다. (3) ① 피고가 행사를 개최하는 경우 전문계약직 쇼핑호스트에게 행사 사회 등 지원업무를 지시하지만, 필요한 경우 프리랜서 쇼핑호스트들에게 행사진행을 요청하였고, ② 쇼핑호스트가 방송통신심의위원회 소위원회 방청교육에 참석하거나 ③ 신입 쇼핑호스트들의 조장이나 멘토 등 업무를 수행하기도 하였으나, 쇼핑호스트로서는 이를 거절하는 등 자유롭게 위 각 업무의 수행 여부를 선택할 수 있었고, 위 각 업무를 수행하는 경우 그에 대한 수수료가 지급되었다. 또한 위 각 업무는 이 사건 위촉계약서 제2조 제1항 제3호의「기타 피고가 업무와 관련하여 별도로 요청하는 사항」에 해당한다고 보아야 하므로, 원고가 이 사건 위촉계약에 따라 위 각 업무를 수행한 것이 피고의 근로자로서 피고의 구속력 있는 지시에 따른 것이라고 볼 수도 없다. 다) 원고의 근무형태(근무시간, 근무장소 등) 및 피고의 근태관리 (1) 쇼핑호스트에 대해서는 고정된 출퇴근시간이나 월 소정근로시간 등이 정해져 있지 않았고, 쇼핑호스트의 출퇴근시간을 관리·감독하는 전산시스템이나 그 내역을 기재하여 제출하게 하는 업무절차도 없었다. 따라서 쇼핑호스트는 홈쇼핑 방송 준비 및 촬영, 방송 후 리뷰, 정리 등을 위해 필요한 ‘방송업무시간(방송녹화 시작 2시간 전~방송종료 후 1시간)’의 준수만 요구되었다. 피고는 여성 쇼핑호스트에게 ‘녹화(생방송) 2시간 전’까지, 남성 쇼핑호스트에게 ‘녹화(생방송) 1시간 30분 전까지’ 분장실로 도착할 것을 요청하였으나, 쇼핑호스트의 주된 업무인 방송 출연은 독자적으로 수행할 수 있는 것이 아니고 피고가 주관하는 방송과 함께 이루어지는 것이라는 특성을 고려하면, 위와 같은 방송 전후 일정한 시간 동안 업무가 강제되는 것은 이 사건 위촉계약에 따른 업무 수행의 일환으로 보아야 하므로,",작성하여 이 사건 위촉계약과 같은 내용의 계약을 체결하고 쇼핑호스트 업무를 수행하는 프리랜서 쇼핑호스트(원고가 여기에 포함된다)가 있다. 이하에서는 프리랜서 쇼핑호스트를 기준으로 판단한다(이하,미검수
법제처 OPEN API/prec,606973,2023가합96954,해고무효확인,https://www.law.go.kr/DRF/lawService.do?OC=test&target=prec&ID=606973&type=HTML,제2조,(판단 불명확),판단 불명확,,,,"의에 참석하여 판매할 상품의 특징에 관한 설명을 듣고, 상품의 특징과 방송에서의 표현 등을 함께 논의한 후 이를 기초로 하여 개인의 설명 방식이나 요령에 따라 방송을 진행하면서 상품을 설명하고 시연하게 된다. (2) 이처럼 쇼핑호스트의 주요한 업무인 방송 업무가 피고가 주도한 위 회의에서 정한 기본적인 방향과 기획 의도에 따르는 제약이 있기는 하나, ① 이 사건 위촉계약서 제2조 제1항 제1호는 「본 계약에 따라 원고는 다음 각호에 규정된 업무를 성실히 수행하여야 한다. 사전미팅 참석: 상품 내용 및 방송 판매 기획 숙지」를 정하고 있으므로, 원고가 방송을 위하여 피고가 진행하는 회의에 참석하는 것은 계약에서 정한 사항을 이행하는 것으로 볼 수 있는 점, ② 다른 방송과 달리 피고는 쇼핑호스트에게 방송 대본을 주지 않는 점, ③ 쇼핑호스트의 방송 업무 자체는 쇼핑호스트가 개인적인 역량을 발휘하여 자율적으로 수행하는 것으로서 정형화된 업무 수행 방법이 있을 수 없는 점 등에 비추어 보면, 피고가 쇼핑호스트의 업무 수행에 대하여 구체적이고 직접적인 지휘·감독을 한다고 할 수 없다. (3) ① 피고가 행사를 개최하는 경우 전문계약직 쇼핑호스트에게 행사 사회 등 지원업무를 지시하지만, 필요한 경우 프리랜서 쇼핑호스트들에게 행사진행을 요청하였고, ② 쇼핑호스트가 방송통신심의위원회 소위원회 방청교육에 참석하거나 ③ 신입 쇼핑호스트들의 조장이나 멘토 등 업무를 수행하기도 하였으나, 쇼핑호스트로서는 이를 거절하는 등 자유롭게 위 각 업무의 수행 여부를 선택할 수 있었고, 위 각 업무를 수행하는 경우 그에 대한 수수료가 지급되었다. 또한 위 각 업무는 이 사건 위촉계약서 제2조 제1항 제3호의「기타 피고가 업무와 관련하여 별도로 요청하는 사항」에 해당한다고 보아야 하므로, 원고가 이 사건 위촉계약에 따라 위 각 업무를 수행한 것이 피고의 근로자로서 피고의 구속력 있는 지시에 따른 것이라고 볼 수도 없다. 다) 원고의 근무형태(근무시간, 근무장소 등) 및 피고의 근태관리 (1) 쇼핑호스트에 대해서는 고정된 출퇴근시간이나 월 소정근로시간 등이 정해져 있지 않았고, 쇼핑호스트의 출퇴근시간을 관리·감독하는 전산시스템이나 그 내역을 기재하여 제출하게 하는 업무절차도 없었다. 따라서 쇼핑호스트는 홈쇼핑 방송 준비 및 촬영, 방송 후 리뷰, 정리 등을 위해 필요한 ‘방송업무시간(방송녹화 시작 2시간 전~방송종료 후 1시간)’의 준수만 요구되었다. 피고는 여성 쇼핑호스트에게 ‘녹화(생방송) 2시간 전’까지, 남성 쇼핑호스트에게 ‘녹화(생방송) 1시간 30분 전까지’ 분장실로 도착할 것을 요청하였으나, 쇼핑호스트의 주된 업무인 방송 출연은 독자적으로 수행할 수 있는 것이 아니고 피고가 주관하는 방송과 함께 이루어지는 것이라는 특성을 고려하면, 위와 같은 방송 전후 일정한 시간 동안 업무가 강제되는 것은 이 사건 위촉계약에 따른 업무 수행의 일환으로 보아야 하므로, 위 사정만으로 원고에 대한 근무시간 지정이나 근태관리가 이루어진 것이라고 할 수 없다. (2) 같은 취지에서, 방송 예정이던 쇼핑호스트가 개인적인 사정으로 방송진행이 불가능해지자 피고가 원고에게 대신 방송을 진행해 달라는 부탁을 한 것이나, 피고가 원고가 참여하는 회의 일정을 잡았던 것, 피고가 태풍 등 돌발 상황으로 인해 쇼핑호스트가 방송 시간에 스튜디오에 도착하지 못하는 비상상황에 대비하여 ‘비상긴급 담당 쇼핑호스트’를 예비적으로 지정해 둔 것(실제로 ‘비상긴급 담당 쇼핑호스트’가 활용된 사례는 없다) 등은 모두 방송 업무의 특성에 따른 통상적인 업무협조요청 범위 내의 것이라고 보아야 한다(공동의 목적을 가지고 업무를 수행하는 계약관계에서 다소의 구속력이 있는 업무요청사항이 존재한다는 사정만으로 그 계약관계를 바로 근로계약관계로 볼 수는 없다). (3) 쇼핑호스트에게는 연차 유급휴가 제도",본 계약에 따라 원고는 다음 각호에 규정된 업무를 성실히 수행하여야 한다. 사전미팅 참석: 상품 내용 및 방송 판매 기획 숙지,미검수
법제처 OPEN API/prec,606973,2023가합96954,해고무효확인,https://www.law.go.kr/DRF/lawService.do?OC=test&target=prec&ID=606973&type=HTML,제2조,(판단 불명확),판단 불명확,,,,"경우 프리랜서 쇼핑호스트들에게 행사진행을 요청하였고, ② 쇼핑호스트가 방송통신심의위원회 소위원회 방청교육에 참석하거나 ③ 신입 쇼핑호스트들의 조장이나 멘토 등 업무를 수행하기도 하였으나, 쇼핑호스트로서는 이를 거절하는 등 자유롭게 위 각 업무의 수행 여부를 선택할 수 있었고, 위 각 업무를 수행하는 경우 그에 대한 수수료가 지급되었다. 또한 위 각 업무는 이 사건 위촉계약서 제2조 제1항 제3호의「기타 피고가 업무와 관련하여 별도로 요청하는 사항」에 해당한다고 보아야 하므로, 원고가 이 사건 위촉계약에 따라 위 각 업무를 수행한 것이 피고의 근로자로서 피고의 구속력 있는 지시에 따른 것이라고 볼 수도 없다. 다) 원고의 근무형태(근무시간, 근무장소 등) 및 피고의 근태관리 (1) 쇼핑호스트에 대해서는 고정된 출퇴근시간이나 월 소정근로시간 등이 정해져 있지 않았고, 쇼핑호스트의 출퇴근시간을 관리·감독하는 전산시스템이나 그 내역을 기재하여 제출하게 하는 업무절차도 없었다. 따라서 쇼핑호스트는 홈쇼핑 방송 준비 및 촬영, 방송 후 리뷰, 정리 등을 위해 필요한 ‘방송업무시간(방송녹화 시작 2시간 전~방송종료 후 1시간)’의 준수만 요구되었다. 피고는 여성 쇼핑호스트에게 ‘녹화(생방송) 2시간 전’까지, 남성 쇼핑호스트에게 ‘녹화(생방송) 1시간 30분 전까지’ 분장실로 도착할 것을 요청하였으나, 쇼핑호스트의 주된 업무인 방송 출연은 독자적으로 수행할 수 있는 것이 아니고 피고가 주관하는 방송과 함께 이루어지는 것이라는 특성을 고려하면, 위와 같은 방송 전후 일정한 시간 동안 업무가 강제되는 것은 이 사건 위촉계약에 따른 업무 수행의 일환으로 보아야 하므로, 위 사정만으로 원고에 대한 근무시간 지정이나 근태관리가 이루어진 것이라고 할 수 없다. (2) 같은 취지에서, 방송 예정이던 쇼핑호스트가 개인적인 사정으로 방송진행이 불가능해지자 피고가 원고에게 대신 방송을 진행해 달라는 부탁을 한 것이나, 피고가 원고가 참여하는 회의 일정을 잡았던 것, 피고가 태풍 등 돌발 상황으로 인해 쇼핑호스트가 방송 시간에 스튜디오에 도착하지 못하는 비상상황에 대비하여 ‘비상긴급 담당 쇼핑호스트’를 예비적으로 지정해 둔 것(실제로 ‘비상긴급 담당 쇼핑호스트’가 활용된 사례는 없다) 등은 모두 방송 업무의 특성에 따른 통상적인 업무협조요청 범위 내의 것이라고 보아야 한다(공동의 목적을 가지고 업무를 수행하는 계약관계에서 다소의 구속력이 있는 업무요청사항이 존재한다는 사정만으로 그 계약관계를 바로 근로계약관계로 볼 수는 없다). (3) 쇼핑호스트에게는 연차 유급휴가 제도가 적용되지 않았고, 매년 개인일정(개인적 사정으로 쇼핑호스트 업무를 수행하지 않는 날로, 사실상 휴가의 기능을 가진 것으로 보인다) 60일 정도를 연속 14일까지 자유롭게 사용할 수 있었다. 쇼핑호스트가 개인일정을 사용하려면 피고의 시스템에 2주 전에 미리 등록을 하여야 하나, 이는 피고가 방송편성 계획을 수립하고 각 방송에 쇼핑호스트를 배정하기 위하여 개인일정 사용에 최소한의 제한을 둔 것에 불과하다. 피고가 일부 쇼핑호스트에게 개인일정 조정 요청을 한 사실이 인정되나, 이러한 요청은 오히려 쇼핑호스트들이 자유롭게 개인일정을 사용할 수 있었기 때문에 나타난 결과로 보인다[이 사건 위촉계약서 제2조 제2항은 「2. 피고와 원고는 상호 협의에 따라 원고의 구체적인 업무 수행 일자 또는 방송 프로그램 출연일자를 정한다(일정 변경 포함).」라고 규정하고 있으므로, 원고가 개인일정을 사용하는 것이나 피고가 원고에게 개인일정 조정을 요청하는 것 모두 이 사건 위촉계약에서 정한 업무 수행 일자 조율의 과정이라고 볼 수 있다]. 또한 쇼핑호스트로서는 개인일정을 사용하려는 경우 위와 같이 피고의 시스템에 개인일정을 등록하는 ",기타 피고가 업무와 관련하여 별도로 요청하는 사항,미검수
법제처 OPEN API/prec,606973,2023가합96954,해고무효확인,https://www.law.go.kr/DRF/lawService.do?OC=test&target=prec&ID=606973&type=HTML,제2조,(판단 불명확),판단 불명확,,,,"면 피고의 시스템에 2주 전에 미리 등록을 하여야 하나, 이는 피고가 방송편성 계획을 수립하고 각 방송에 쇼핑호스트를 배정하기 위하여 개인일정 사용에 최소한의 제한을 둔 것에 불과하다. 피고가 일부 쇼핑호스트에게 개인일정 조정 요청을 한 사실이 인정되나, 이러한 요청은 오히려 쇼핑호스트들이 자유롭게 개인일정을 사용할 수 있었기 때문에 나타난 결과로 보인다[이 사건 위촉계약서 제2조 제2항은 「2. 피고와 원고는 상호 협의에 따라 원고의 구체적인 업무 수행 일자 또는 방송 프로그램 출연일자를 정한다(일정 변경 포함).」라고 규정하고 있으므로, 원고가 개인일정을 사용하는 것이나 피고가 원고에게 개인일정 조정을 요청하는 것 모두 이 사건 위촉계약에서 정한 업무 수행 일자 조율의 과정이라고 볼 수 있다]. 또한 쇼핑호스트로서는 개인일정을 사용하려는 경우 위와 같이 피고의 시스템에 개인일정을 등록하는 것 외에 피고로부터 허가를 받는 등의 절차가 없었으므로, 쇼핑호스트는 자유롭게 개인일정을 사용할 수 있었다고 보아야 한다(반면 피고의 다른 근로자들은 피고의 인사시스템에 연차사용 품의서를 제출하여 휴가를 사용하였다). (4) 또한 피고가 홈쇼핑 방송 일정을 정하여 쇼핑호스트에게 알려주면 쇼핑호스트가 방송에 출연하는 방식으로 업무 일정이 정해지기는 하였으나, 방송 일정 편성과 판매 상품 결정 및 상품에 맞는 쇼핑호스트를 배정하는 것은 홈쇼핑 방송 제작사인 피고가 당연히 해야 할 업무였고, 쇼핑호스트 배정 과정에서 쇼핑호스트들의 일정이 겹치거나 공백이 발생하지 않도록 쇼핑호스트들 사이의 일정을 조율하는 것도 당연히 부수되는 업무였다고 보아야 한다. 이 과정에서 쇼핑호스트는 자신에게 배정된 방송 일정 수락 여부를 결정할 수 있었으므로, 방송 배정에 따른 방송 진행이 강제되었다고 보기도 어렵다(배정받은 방송 출연에 관한 무제한적인 선택권을 보장받지 못하였다는 이유만으로 피고의 출연 지시에 쇼핑호스트들이 구속되는 관계였다고 인정할 수는 없다). (5) 홈쇼핑 방송 촬영을 위해서는 방송설비가 갖추어진 장소에서 많은 사람이 함께 작업을 해야 하는 것이므로, 피고가 홈쇼핑 방송을 위해서 조성한 방송 장소에서 촬영을 하도록 한 것을 들어 ‘쇼핑호스트에게 근무장소를 지정한 것’이라고 보기는 어렵다. 피고는 쇼핑호스트들이 방송 준비를 할 수 있도록 공용 사무공간이나 라운지, 수면실 등을 제공하기도 하였으나 이는 업무상 편의를 위하여 제공하는 것에 불과하고, 쇼핑호스트로서는 방송이나 방송 준비, 회의 외에는 시간과 장소의 제약 없이 업무를 수행할 수 있었으므로, 근무시간과 장소의 지정이 있었다고 볼 수 없다. 라) 근로조건에 관한 사항 (1) 쇼핑호스트는 취업규칙의 적용도 받지 않았고, 이 사건 위촉계약에는 근로시간, 연차 유급휴가 등 근로기준법 제17조에 따라 근로조건으로 명시되어야 하는 사항이 충분해 정해져 있지 않았다. (2) 쇼핑호스트는 피고 근로자들을 대상으로 한 법정의무교육을 받지 않았고, 근로자들에게 제공되는 주택자금·학자금·의료비·휴가비 등의 복리후생 혜택이나 심야교통비 등을 받지 아니하였다. 피고는 쇼핑호스트에게 사원증(ID카드)을 발급해 주기는 하였으나, 쇼핑호스트 외에도 게스트, 성우, 모델이나 협력업체 직원에게도 복지를 제공하고 출입과 구내식당 이용을 위한 ID카드를 발급해 주었으므로, 원고가 위와 같은 혜택을 받은 것만으로는 원고가 피고의 근로자라고 인정하기에 부족하다. (3) 쇼핑호스트에 대하여는 근로소득세가 아닌 사업소득세를 원천징수하였고, 4대 보험(고용보험·산재보험·국민연금·건강보험)의 가입대상자도 아니었다. (4) 쇼핑호스트 업무규정, 방송운영 업무규정, 체험용 샘플 사용 프로세스 등은 쇼핑호스트가 위임계약의 성질을 가지는 이 사건 위촉계약에 따라 업무를 수행하면서 지켜야 할 사항에 불과하고, 위 가이드 등이 업무를 처리함에",2. 피고와 원고는 상호 협의에 따라 원고의 구체적인 업무 수행 일자 또는 방송 프로그램 출연일자를 정한다(일정 변경 포함).,미검수
