source,case_seq,case_no,case_name,doc_url,clause_title,opinion,opinion_source,gold_risk_level_candidate,articles,gold_risk_type_candidates,rationale,clause_text,review_status,clause_text_candidate,confidence,assist_note,_source_file
법제처 OPEN API/prec,605033,2024다215375,손해배상(기)등·손해배상(기)[해외 파생상품시장거래에서 투자중개업자의 장중 반대매매를 정한 약관 조항의 효력과 적용 범위 및 투자중개업자의 선관주의의무 위반 여부 등이 문제된 사건],https://www.law.go.kr/DRF/lawService.do?OC=test&target=prec&ID=605033&type=HTML,(조 번호 미표기),안전,판례 문맥 추론 · 신호 혼재,안전,,,"른 증거금의 추가 예탁을 해야 함에도 이를 하지 않은 경우에 투자자로부터 파생상품 등의 매도와 매수권한을 일임받아 그 파생상품 등을 거래한 것이므로, 자본시장법 제7조 제4항 및 그 위임에 따른 자본시장법 시행령 제7조 제3항 제3호가 예외적으로 허용하는 일임매매에 해당한다고 볼 수 있다. 2) 앞서 본 사실관계를 위와 같은 법리에 비추어 살펴본다. 이 사건 약관 조항은 ""장중에 시세의 급격한 변동 등으로 인하여 고객의 평가위탁총액이 위탁증거금의 20%보다 낮은 경우에는 위탁증거금의 추가 예탁을 요구하지 아니하고 필요한 수량만큼 미결제약정을 반대매매하고 예탁한 대용증권을 처분할 수 있다.""라고 정하여 장중 시세의 급격한 변동으로 투자자인 피고들의 파생상품 등 보유자산 가액이 위탁증거금의 20%에 미달하게 되면 투자중개업자인 원고로 하여금 이 사건 계좌의 파생상품 등에 관하여 장중 반대매매를 통해 청산할 수 있게 하였다. 피고들은 이 사건 계좌를 통해 투자한 파생상품인 니케이 풋옵션의 평가금액을 포함한 평가위탁총액이 위탁증거금의 20%에 미달하지 않도록 관리해야 하고, 그에 미달하는 상황이 발생하면 원고의 추가예탁요구가 없더라도 지체 없이 추가 예탁을 해야 한다. 만약 피고들의 추가 예탁이 이루어지지 않는 경우에는 원고가 이 사건 약관 조항에 의한 장중 반대매매를 실행하여 피고들의 파생상품 등 거래를 청산할 수 있다. 3) 따라서 이 사건 약관 조항에 의한 장중 반대매매는 자본시장법 규정이 예외적으로 허용하는 일임매매에 해당하고, 이 사건 약관 조항이 자본시장법을 위반한 것으로 무효라고 할 수 없다. 나. 유럽형 옵션인 니케이 풋옵션이 이 사건 약관 조항의 적용대상인지 여부 1) 파생상품에는 기초자산이나 기초자산의 가격·이자율·지표·단위 또는 이를 기초로 하는 지수 등에 의하여 산출된 금전 등을 장래의 특정 시점에 인도할 것을 약정하는 계약인 선도(forward)와 선도를 표준화하여 거래소에서 거래하는 선물(future, 이하 ‘협의의 선물’이라 한다), 당사자 어느 한쪽의 의사표시에 의하여 기초자산이나 기초자산의 가격·이자율·지표·단위 또는 이를 기초로 하는 지수 등에 의하여 산출된 금전 등을 수수하는 거래를 성립시킬 수 있는 권리를 부여하는 것을 약정하는 계약인 옵션(option) 등이 있다(자본시장법 제5조 제1항 제1호, 제2호). 옵션은 권리 행사 가능 시기에 따라 만기에만 권리를 행사할 수 있는 유럽형 옵션과 만기 전에도 언제든지 권리를 행사할 수 있는 미국형 옵션으로 나눌 수 있다. 유럽형 옵션의 경우 만기에 이르러야 옵션이 정한 거래를 성립시키는 권리가 행사될 수 있으므로, 만기 도래 전에는 거래 당사자의 결제불이행 위험이 현실화되지 않는다. 하지만 유럽형 옵션의 만기 도래 전이라도 급격한 시세의 변동으로 만기에 투자자가 감당하기 어려운 거액의 결제를 해야 하는 상황이 발생할 가능성이 증가하고 그에 비해 투자자의 위탁증거금 액수는 결제예상금액에 크게 미달하는 등으로 만기 시점의 결제불이행 위험이 발생할 우려가 커졌을 경우 투자중개업자는 결제불이행 위험의 현실화 및 더 큰 손실 발생을 막기 위한 조치를 취할 필요가 있고, 이를 위하여 장중 반대매매에 관한 약관을 둘 수 있다고 보아야 한다. 2) 원심판결 이유를 위와 같은 법리와 기록에 비추어 살펴본다. 가) 피고들이 투자한 니케이 풋옵션은 대체로 만기가 2020. 3. 12.이었고, 그 만기가 도래하였을 때 옵션 매수자가 권리를 행사할 수 있는 유럽형 옵션이다. 원고가 이 사건 약관에 따라 이 사건 반대매매를 실행한 시점은 니케이 풋옵션 만기 전이므로 옵션 매수자의 권리 행사에 따른 결제불이행 위험이 현실화된 상황은 아니었다. 하지만 니케이 풋옵션과 같은 유럽형 옵션의 경우에도 만기 시점의 결제불이행 위험이 급증하고 더 큰 투자손실이 발생하는 상황에 대비하기 위하여 장중 반매매매 조치를 취하게 할 필요가 있으므로, 원고는 유럽형 ","조항은 ""장중에 시세의 급격한 변동 등으로 인하여 고객의 평가위탁총액이 위탁증거금의 20%보다 낮은 경우에는 위탁증거금의 추가 예탁을 요구하지 아니하고 필요한 수량만큼 미결제약정을 반대매매하고 예탁한 대용증권을 처분할 수 있다.",미검수,,,,candidates_prec_약관조항무효.csv
법제처 OPEN API/prec,237881,2020다232709,채무부존재확인·보험금,https://www.law.go.kr/DRF/lawService.do?OC=test&target=prec&ID=237881&type=HTML,(조 번호 미표기),위험,판례 문맥 추론 · 신호 혼재,위험,,,", 그 보험약관의 내용 등이 보험계약자의 정당한 이익과 합리적인 기대에 반할 뿐 아니라 사적자치의 한계를 벗어나는 등 무효라고 볼 만한 사정이 없다면, 법원이 이를 함부로 배척하거나 보험약관 내용을 그 목적과 취지 등과 달리 개별 사건마다 임의로 해석하여서는 안 된다. 나. 앞서 본 사실관계에서 알 수 있는 아래의 사정을 이러한 법리에 비추어 살펴보면, 이 사건 보험계약이 정한 보험금 지급사유로서 ‘피보험자가 보험기간 중 노인장기요양보험 수급대상으로 인정되었을 경우’란 특별한 사정이 없는 한 ‘피보험자가 보험기간 중 국민건강보험공단 등급판정위원회에 의하여 장기요양등급을 판정받은 경우’를 말하고, 피보험자가 노인장기요양보험 수급대상에 해당할 정도의 심신상태임이 확인되었다고 하더라도 장기요양등급 판정을 받지 않은 상태에서 보험계약이 소멸하였다면 보험기간 중 보험금 지급사유가 발생하였다고 볼 수 없다. 1) 이 사건 보통약관 제16조 제1항, 제2항은 보험금 지급사유로서 ‘노인장기요양보험 수급대상으로 인정되었을 경우’에 관하여 ‘국민건강보험공단 등급판정위원회에 의하여 특정 등급의 장기요양등급을 판정받은 경우’라고 정하고 있어서, 보험금 지급사유로 장기요양등급 판정이 요구된다는 점은 문언상 명백하다. 2) 이 사건 보험약관이 보험금 지급사유인 ‘노인장기요양보험 수급대상으로 인정되었을 경우’의 의미를 ‘국민건강보험공단 등급판정위원회에 의하여 특정한 장기요양등급을 판정받은 경우’로 정한 것은 보험금 지급사유의 발생 여부를 ‘장기요양등급의 판정’을 통해 객관적이고 획일적으로 판단하려는 취지이다. 즉, 이 사건 보험계약은 장기요양의 필요성이 장기요양등급 판정을 통해 객관적으로 인정되었을 때를 보험금 지급사유로 정한 것으로서, 일정한 장해의 발생사실 자체를 보험사고로 정하는 보험계약과는 목적과 취지를 달리한다. 3) 이 사건 보험계약은 피보험자의 사망으로 소멸하므로 노인장기요양보험 수급대상 인정, 즉 장기요양등급 판정이라는 보험금 지급사유는 피보험자의 사망일 이전에 발생하여야 한다. 피보험자가 장기요양인정 신청을 한 후 사망한 경우, 사망시점과 장기요양등급 판정시점의 선후관계에 따라 보험금 지급 여부가 달라지는 경우가 있다. 그러나 노인장기요양보험법상 장기요양급여는 성질상 피보험자의 생존을 전제로 하므로 장기요양인정 신청인의 사망 후에는 장기요양등급을 판정할 수 없고, 등급판정위원회가 그 사망 사실을 알지 못한 채 장기요양등급 판정을 하였더라도 이는 사망자에 대한 장기요양등급 판정이어서 법률상 효력이 있다고 보기 어렵다. 그러므로 피보험자의 사망 후에 장기요양등급 판정이 이루어졌다고 하여 이 사건 보험약관이 정하는 보험금 지급사유가 발생하였다고 할 수 없다. 이와 같은 경우는 보험금 지급사유 판단에서 등급판정위원회가 장기요양등급 판정을 하기 전에 피보험자의 사망 사실을 알게 되어 판정을 하지 않은 경우 또는 피보험자가 장기요양인정을 받을 정도의 심신상태에 이르렀으나 장기요양인정을 신청하기 전에 사망하여 판정을 받지 못한 경우와 다르지 않다. 이러한 사정과 함께 이 사건 보험계약의 목적과 취지를 고려하면, 피보험자가 장기요양인정 신청을 한 후 사망한 경우 장기요양등급 판정 시점에 따라 보험금 지급 여부가 달라질 수 있다고 하더라도, 그러한 사정만으로 보험계약의 소멸이나 보험금 지급사유에 관한 약관 내용이 보험계약자의 정당한 이익과 합리적인 기대에 반한다거나 사적자치의 한계를 벗어나는 등으로 무효라고 보기 어렵다. 다. 이와 달리 보험기간 중 장기요양등급 판정을 받지 못하더라도 그 원인으로서 장기요양이 필요하다는 사실이 확인되면 보험금 지급사유가 발생한다고 본 원심의 판단에는 보험약관 해석에 관한 법리를 오해하여 판결에 영향을 미친 잘못이 있다. 이를 지적하는 상고이유 주장은 이유 ",피보험자가 보험기간 중 노인장기요양보험 수급대상으로 인정되었을 경우,미검수,,,,candidates_prec_약관조항무효.csv
법제처 OPEN API/prec,237881,2020다232709,채무부존재확인·보험금,https://www.law.go.kr/DRF/lawService.do?OC=test&target=prec&ID=237881&type=HTML,제16조,위험,판례 문맥 추론 · 신호 혼재,위험,,,"되었을 경우’란 특별한 사정이 없는 한 ‘피보험자가 보험기간 중 국민건강보험공단 등급판정위원회에 의하여 장기요양등급을 판정받은 경우’를 말하고, 피보험자가 노인장기요양보험 수급대상에 해당할 정도의 심신상태임이 확인되었다고 하더라도 장기요양등급 판정을 받지 않은 상태에서 보험계약이 소멸하였다면 보험기간 중 보험금 지급사유가 발생하였다고 볼 수 없다. 1) 이 사건 보통약관 제16조 제1항, 제2항은 보험금 지급사유로서 ‘노인장기요양보험 수급대상으로 인정되었을 경우’에 관하여 ‘국민건강보험공단 등급판정위원회에 의하여 특정 등급의 장기요양등급을 판정받은 경우’라고 정하고 있어서, 보험금 지급사유로 장기요양등급 판정이 요구된다는 점은 문언상 명백하다. 2) 이 사건 보험약관이 보험금 지급사유인 ‘노인장기요양보험 수급대상으로 인정되었을 경우’의 의미를 ‘국민건강보험공단 등급판정위원회에 의하여 특정한 장기요양등급을 판정받은 경우’로 정한 것은 보험금 지급사유의 발생 여부를 ‘장기요양등급의 판정’을 통해 객관적이고 획일적으로 판단하려는 취지이다. 즉, 이 사건 보험계약은 장기요양의 필요성이 장기요양등급 판정을 통해 객관적으로 인정되었을 때를 보험금 지급사유로 정한 것으로서, 일정한 장해의 발생사실 자체를 보험사고로 정하는 보험계약과는 목적과 취지를 달리한다. 3) 이 사건 보험계약은 피보험자의 사망으로 소멸하므로 노인장기요양보험 수급대상 인정, 즉 장기요양등급 판정이라는 보험금 지급사유는 피보험자의 사망일 이전에 발생하여야 한다. 피보험자가 장기요양인정 신청을 한 후 사망한 경우, 사망시점과 장기요양등급 판정시점의 선후관계에 따라 보험금 지급 여부가 달라지는 경우가 있다. 그러나 노인장기요양보험법상 장기요양급여는 성질상 피보험자의 생존을 전제로 하므로 장기요양인정 신청인의 사망 후에는 장기요양등급을 판정할 수 없고, 등급판정위원회가 그 사망 사실을 알지 못한 채 장기요양등급 판정을 하였더라도 이는 사망자에 대한 장기요양등급 판정이어서 법률상 효력이 있다고 보기 어렵다. 그러므로 피보험자의 사망 후에 장기요양등급 판정이 이루어졌다고 하여 이 사건 보험약관이 정하는 보험금 지급사유가 발생하였다고 할 수 없다. 이와 같은 경우는 보험금 지급사유 판단에서 등급판정위원회가 장기요양등급 판정을 하기 전에 피보험자의 사망 사실을 알게 되어 판정을 하지 않은 경우 또는 피보험자가 장기요양인정을 받을 정도의 심신상태에 이르렀으나 장기요양인정을 신청하기 전에 사망하여 판정을 받지 못한 경우와 다르지 않다. 이러한 사정과 함께 이 사건 보험계약의 목적과 취지를 고려하면, 피보험자가 장기요양인정 신청을 한 후 사망한 경우 장기요양등급 판정 시점에 따라 보험금 지급 여부가 달라질 수 있다고 하더라도, 그러한 사정만으로 보험계약의 소멸이나 보험금 지급사유에 관한 약관 내용이 보험계약자의 정당한 이익과 합리적인 기대에 반한다거나 사적자치의 한계를 벗어나는 등으로 무효라고 보기 어렵다. 다. 이와 달리 보험기간 중 장기요양등급 판정을 받지 못하더라도 그 원인으로서 장기요양이 필요하다는 사실이 확인되면 보험금 지급사유가 발생한다고 본 원심의 판단에는 보험약관 해석에 관한 법리를 오해하여 판결에 영향을 미친 잘못이 있다. 이를 지적하는 상고이유 주장은 이유 있다. 4. 그러므로 원심판결을 파기하고, 사건을 다시 심리·판단하도록 원심법원에 환송하기로 하여, 관여 대법관의 일치된 의견으로 주문과 같이 판결한다. 대법관 김선수(재판장) 노태악 오경미(주심) 서경환 ]]>",", 제2항은 보험금 지급사유로서 ‘노인장기요양보험 수급대상으로 인정되었을 경우’에 관하여 ‘국민건강보험공단 등급판정위원회에 의하여 특정 등급의 장기요양등급을 판정받은 경우",미검수,,,,candidates_prec_약관조항무효.csv
법제처 OPEN API/prec,237881,2020다232709,채무부존재확인·보험금,https://www.law.go.kr/DRF/lawService.do?OC=test&target=prec&ID=237881&type=HTML,(조 번호 미표기),위험,판례 문맥 추론 · 신호 혼재,위험,,," 보험금 지급사유가 발생하였다고 볼 수 없다. 1) 이 사건 보통약관 제16조 제1항, 제2항은 보험금 지급사유로서 ‘노인장기요양보험 수급대상으로 인정되었을 경우’에 관하여 ‘국민건강보험공단 등급판정위원회에 의하여 특정 등급의 장기요양등급을 판정받은 경우’라고 정하고 있어서, 보험금 지급사유로 장기요양등급 판정이 요구된다는 점은 문언상 명백하다. 2) 이 사건 보험약관이 보험금 지급사유인 ‘노인장기요양보험 수급대상으로 인정되었을 경우’의 의미를 ‘국민건강보험공단 등급판정위원회에 의하여 특정한 장기요양등급을 판정받은 경우’로 정한 것은 보험금 지급사유의 발생 여부를 ‘장기요양등급의 판정’을 통해 객관적이고 획일적으로 판단하려는 취지이다. 즉, 이 사건 보험계약은 장기요양의 필요성이 장기요양등급 판정을 통해 객관적으로 인정되었을 때를 보험금 지급사유로 정한 것으로서, 일정한 장해의 발생사실 자체를 보험사고로 정하는 보험계약과는 목적과 취지를 달리한다. 3) 이 사건 보험계약은 피보험자의 사망으로 소멸하므로 노인장기요양보험 수급대상 인정, 즉 장기요양등급 판정이라는 보험금 지급사유는 피보험자의 사망일 이전에 발생하여야 한다. 피보험자가 장기요양인정 신청을 한 후 사망한 경우, 사망시점과 장기요양등급 판정시점의 선후관계에 따라 보험금 지급 여부가 달라지는 경우가 있다. 그러나 노인장기요양보험법상 장기요양급여는 성질상 피보험자의 생존을 전제로 하므로 장기요양인정 신청인의 사망 후에는 장기요양등급을 판정할 수 없고, 등급판정위원회가 그 사망 사실을 알지 못한 채 장기요양등급 판정을 하였더라도 이는 사망자에 대한 장기요양등급 판정이어서 법률상 효력이 있다고 보기 어렵다. 그러므로 피보험자의 사망 후에 장기요양등급 판정이 이루어졌다고 하여 이 사건 보험약관이 정하는 보험금 지급사유가 발생하였다고 할 수 없다. 이와 같은 경우는 보험금 지급사유 판단에서 등급판정위원회가 장기요양등급 판정을 하기 전에 피보험자의 사망 사실을 알게 되어 판정을 하지 않은 경우 또는 피보험자가 장기요양인정을 받을 정도의 심신상태에 이르렀으나 장기요양인정을 신청하기 전에 사망하여 판정을 받지 못한 경우와 다르지 않다. 이러한 사정과 함께 이 사건 보험계약의 목적과 취지를 고려하면, 피보험자가 장기요양인정 신청을 한 후 사망한 경우 장기요양등급 판정 시점에 따라 보험금 지급 여부가 달라질 수 있다고 하더라도, 그러한 사정만으로 보험계약의 소멸이나 보험금 지급사유에 관한 약관 내용이 보험계약자의 정당한 이익과 합리적인 기대에 반한다거나 사적자치의 한계를 벗어나는 등으로 무효라고 보기 어렵다. 다. 이와 달리 보험기간 중 장기요양등급 판정을 받지 못하더라도 그 원인으로서 장기요양이 필요하다는 사실이 확인되면 보험금 지급사유가 발생한다고 본 원심의 판단에는 보험약관 해석에 관한 법리를 오해하여 판결에 영향을 미친 잘못이 있다. 이를 지적하는 상고이유 주장은 이유 있다. 4. 그러므로 원심판결을 파기하고, 사건을 다시 심리·판단하도록 원심법원에 환송하기로 하여, 관여 대법관의 일치된 의견으로 주문과 같이 판결한다. 대법관 김선수(재판장) 노태악 오경미(주심) 서경환 ]]>",노인장기요양보험 수급대상으로 인정되었을 경우,미검수,,,,candidates_prec_약관조항무효.csv
법제처 OPEN API/prec,608495,2021가단5295915,약정금청구,https://www.law.go.kr/DRF/lawService.do?OC=test&target=prec&ID=608495&type=HTML,(조 번호 미표기),안전,판례 문맥 추론 · 신호 혼재,안전,,," 주장 이 사건 위촉계약서는 소외 회사가 피고 2와 같은 다수의 영업직원과 계약을 체결하기 위하여 만든 동일한 형식과 내용의 통일된 계약서로서 ‘약관’에 해당하고, 이 사건 위촉계약 제12조는 약관의 규제에 관한 법률 제6조 제1, 2항, 제9조 제1호에 반하여 무효이다. 설령 이 사건 위촉계약 제12조가 유효하다고 하더라도, 피고 2는 소외 회사와 이 사건 위촉계약을 합의해지하였으므로 이 사건 위촉계약서 제12조 제2항 후문의 ‘수탁인이 일방적으로 계약을 해지하는 경우’에 해당하지 않고, 따라서 위 조항에 따른 반환의무는 없다. 나. 청구원인에 관한 판단 위 인정 사실에 의하면, 특별한 사정이 없는 한 피고들은 원고에게 청구취지 기재와 같은 환불금액의 10%에 해당하는 돈과 프로모션금원 전액 상당의 돈을 채권양수인인 원고에게 지급할 의무가 있다. 다. 피고들의 주장에 관한 판단 (1) 근로기준법 위반 여부 (가) 관련 법리 근로기준법상의 근로자에 해당하는지 여부는 계약의 형식이 고용계약인지 도급계약인지보다 그 실질에 있어 근로자가 사업 또는 사업장에 임금을 목적으로 종속적인 관계에서 사용자에게 근로를 제공하였는지 여부에 따라 판단하여야 하고, 여기에서 종속적인 관계가 있는지 여부는 업무 내용을 사용자가 정하고 취업규칙 또는 복무(인사)규정 등의 적용을 받으며 업무 수행 과정에서 사용자가 상당한 지휘·감독을 하는지, 사용자가 근무시간과 근무장소를 지정하고 근로자가 이에 구속을 받는지, 노무제공자가 스스로 비품·원자재나 작업도구 등을 소유하거나 제3자를 고용하여 업무를 대행케 하는 등 독립하여 자신의 계산으로 사업을 영위할 수 있는지, 노무 제공을 통한 이윤의 창출과 손실의 초래 등 위험을 스스로 안고 있는지, 보수의 성격이 근로 자체의 대상적 성격인지, 기본급이나 고정급이 정하여졌는지 및 근로소득세의 원천징수 여부 등 보수에 관한 사항, 근로 제공 관계의 계속성과 사용자에 대한 전속성의 유무와 그 정도, 사회보장제도에 관한 법령에서 근로자로서 지위를 인정받는지 등의 경제적·사회적 여러 조건을 종합하여 판단하여야 한다. 다만, 기본급이나 고정급이 정하여졌는지, 근로소득세를 원천징수하였는지, 사회보장제도에 관하여 근로자로 인정받는지 등의 사정은 사용자가 경제적으로 우월한 지위를 이용하여 임의로 정할 여지가 크기 때문에, 그러한 점들이 인정되지 않는다는 것만으로 근로자성을 쉽게 부정하여서는 안 된다(대법원 2006. 12. 7. 선고 2004다29736 판결 등 참조). 그리고 근로자가 일정 기간 근무하기로 하면서 이를 위반할 경우 소정 금원을 사용자에게 지급하기로 약정하는 경우, 그 약정의 취지가 약정한 근무기간 이전에 퇴직하면 그로 인하여 사용자에게 어떤 손해가 어느 정도 발생하였는지 묻지 않고 바로 소정 금액을 사용자에게 지급하기로 하는 것이라면 이는 명백히 근로기준법 제20조에 반하는 것이어서 효력을 인정할 수 없고, 그 약정이 미리 정한 근무기간 이전에 퇴직하였다는 이유로 마땅히 근로자에게 지급되어야 할 임금을 반환하기로 하는 취지일 때에도, 결과적으로 위 조항의 입법 목적에 반하는 것이어서 역시 그 효력을 인정할 수 없다(대법원 2008. 10. 23. 선고 2006다37274 판결 등 참조). 다만, 의무근로기간의 설정 양상, 반환 대상인 금전의 법적 성격 및 규모·액수, 반환 약정을 체결한 목적이나 경위 등을 종합할 때 그러한 반환 약정이 해당 금전을 지급받은 근로자의 퇴직의 자유를 제한하거나 그 의사에 반하는 근로의 계속을 부당하게 강요하는 것이라고 볼 수 없다면, 이는 근로기준법 제20조가 금지하는 약정이라고 보기 어렵다(대법원 2022. 3. 11. 선고 2017다202272 판결). (나) 피고들이 근로기준법상의 근로자에 해당하는지 여부 갑 제2호",수탁인이 일방적으로 계약을 해지하는 경우,미검수,,,,candidates_prec_약관조항무효.csv
법제처 OPEN API/ftc,10765,,SOPOOOONG임대계약서상 불공정약관조항에 대한 건,https://www.law.go.kr/DRF/lawService.do?OC=test&target=ftc&ID=10765&type=HTML,위약금 조항,무효,조문인용 추론,위험,제8조,과도한 위약금,"2. 위약금 조항 가. 약관조항 나. 피심인 소명 임대차보증금 10%에 해당하는 위약금은 과다하지 않으며, “갑”의 위약 시에도 동일한 금액을 위약금으로 지급하고 있으므로 형평성 차원에서 부당하지 않다. 다. 판단 고객이 개인사정으로 중도에 계약을 해지할 경우 계약상대방은 계약해지로 인한 손해배상액의 분쟁을 예방하기 위해 일정한 위약금을 정할 수 있으나 그 위약금 수준은 계약의 중도해지로 인해 사업자가 입은 실손해를 감안하여 정하는 것이 타당하다. 임대차계약에서 임차사용에 대한 대가는 계약기간동안의 임대보증금에 대한 정기예금 이자분과 월임대료를 합산한 금액, 즉 임대료 총액이라 할 것이고, 계약위반에 대한 위약금은 임대료 총액의 10%해당액으로 하는 것이 통상 거래관행에 따른 적정한 수준이라 할 것이다. 하지만 피청구인은 보증금, 임대료 등을 모두 합산한 금액인 임대금액 총액의 10%를 위약금으로 정하고 있으며, 이 경우 통상 거래관행보다 과도한 위약금이 부과되므로 임차인에게 부당하게 과중한 손해배상의무를 부과하는 것으로 약관법 제8조에 해당된다. ",,미검수,,,근거 서술에 조항 문구 인용 없음. 위약금 수준과 계산 방식에 대한 공정위의 판단 내용만 기술되어 있음,candidates_ftc_불공정약관조항.csv
법제처 OPEN API/ftc,10765,,SOPOOOONG임대계약서상 불공정약관조항에 대한 건,https://www.law.go.kr/DRF/lawService.do?OC=test&target=ftc&ID=10765&type=HTML,이의제기 금지 조항,무효,조문인용 추론,위험,제11조,권리행사 제한,"3. 이의제기 금지 조항 가. 약관조항 나. 피심인 소명 제11조 제6항에서 정하는 개설업종의 변경은 다수당사자들의 이해관계를 조절하기 위한 것으로 일부 소수 당사자들의 이익을 위하여 다수 당사자들의 이익을 침해할 수 없다는 취지에서 규정하고 있다. 또한 위 조항은 관리단회의를 통해 다수결로 이해관계를 조절할 수 있도록 하는 근거조항일 뿐, 임대인이 임의로 개설업종을 변경할 수 있도록 하는 조항은 아니다. 제15조 제2항은 임대차계약서상의 최초의 시설기준을 초과하는 인테리어비용을 임차인이 실비 정산하도록 한 조항으로, 위 조항에 의해 임대인이 별도의 이익을 취하는 것이 아닌 만큼, 임차인에게 불공정하도록 볼 수 없다. 다. 판단 제11조 제6항에 대해 피청구인은 동 조항이 관리단회의를 통해 다수결로 이해관계를 조절할 수 있도록 하는 근거조항일 뿐, 임대인이 임의로 개설업종을 변경할 수 있도록 하는 조항은 아니라고 주장한다. 하지만 약관조항에 관리단회의에 대한 언급이 없을 뿐만 아니라 동 조항에서 분명 “갑”이 지정업종, 용도 및 취급상품을 변경할 수 있음을 규정하고 있다. 업종의 변경은 임차인의 수익과 직결되는 사안으로 계약 당사자간의 합의 또는 임차인이 수긍할 수 있는 별도의 합의가 없는 한 당초 계약과 다른 업종을 강요할 수 없다. 임차인은 계약서와 관리약정에서 정한 지정업종과 다르게 업종이 변경되는 경우, 계약 불이행에 따른 계약해지 등을 주장할 수 있다. 따라서 이의제기를 금하는 조항은 고객의 항변권, 상계권 등의 권리를 상당한 이유없이 배제 또는 제한하는 조항으로 약관법 제11조 제1호에 해당된다. 그리고 제15조 제2항에 대해 피청구인은 임차인의 실비정산의무를 부여한 조항일 뿐, 임대인이 이 조항을 통해 별도의 이득을 얻는 것이 없으므로 부당하지 않다고 주장하고 있다. 하지만 “을”의 동의를 구하는 등의 별도의 합의가 없는 한 “을”에게 청구된 인테리어 비용이 당초 “을”의 예상을 초과하거나 비용산정에 이의가 있는 등의 경우 “을”은 이에 대해 이의제기할 수 있다. 따라서 이의제기를 금하는 조항은 고객의 항변권, 상계권 등의 권리를 상당한 이유 없이 배제 또는 제한하는 조항으로 약관법 제11조 제1호에 해당된다. ",,미검수,,,근거 서술에 이의제기 금지 조항의 구체적 문구 인용 없음. 제11조 제6항과 제15조 제2항의 내용만 설명되어 있음,candidates_ftc_불공정약관조항.csv
법제처 OPEN API/ftc,10765,,SOPOOOONG임대계약서상 불공정약관조항에 대한 건,https://www.law.go.kr/DRF/lawService.do?OC=test&target=ftc&ID=10765&type=HTML,손해배상 청구 금지조항,무효,조문인용 추론,위험,"제7조,제9조",책임 면제|일방적 계약 해지|권리행사 제한|보증금 반환 지연,"4. 손해배상 청구 금지조항 가. 약관조항 나. 피심인 소명 심사대상 약관 제13조 제1항에 대해 피청구인은 불가피한 사유로 인해 임대목적물이 이전, 변경되는 경우 손해배상 의무가 없음을 규정한 것일 뿐, 임대인의 귀책사유로 인해 발생한 손해에 대해 배상책임을 제한하는 것은 아님을 주장하고 있다. 다. 판단 일반적으로 계약 당사자의 귀책사유가 아닌 불가항력의 사유로 채무를 불이행 하는 경우에는 그 책임이 면책된다고 볼 수 있다. 따라서 임대목적물의 이전, 변경과 같이 임차인의 이해관계에 상당히 중요한 영향을 미칠 수 있는 사항을 변경하기 위해서는 약관상에 불가항력 사유의 개념과 범위를 명확하게 하여야 할 것이다. 피청구인은 약관 제13조 제1항이 불가피한 사유로 인해 발생한 손해에 대한 배상을 제한하는 조항일 뿐이라 주장하고 있다. 하지만 동 조항은 “매장운영상 필요한 경우”에 대해 자세하게 규정하고 있지 않을 뿐만 아니라, 사업자의 귀책사유에 의한 임대목적물의 이전, 변경의 경우까지 “매장운영상 필요한 경우”에 포함되는 것으로 해석할 여지가 있다. 따라서 사업자 귀책사유로 인한 임대목적물의 이전, 변경의 경우에도 손해배상을 제한할 우려가 있는 점을 감안할 때 약관법 제7조 제1호에 해당된다. ]]> 나. 피심인 소명 임대보증금을 납부하기 전에는 임차인이 일방적으로 계약을 해제ㆍ해지할 수 있지만, 일단 임대보증금을 납부한 이후에는 별도의 계약해제ㆍ해지 사유가 없는 한 계약해제ㆍ해지가 제한된다는 취지의 조항으로 부당하지 않다. 다. 판단 피청구인의 주장과 같이 보증금을 납부한 후에는 별도의 계약해제ㆍ해지 사유가 없는 한 계약 해제ㆍ해지를 제한하는 것은 부당하다고 볼 수 없다. 하지만 심사대상 약관 제5조 제2항은 계약해제ㆍ해지가 가능한 시점을 임대보증금 납부 전ㆍ후의 구분 없이, 임대보증금을 1회 이상 납부한 후 “갑”이 인정하는 경우에만 가능하도록 제한하고 있다. 따라서 임대보증금 납부 이전의 계약해제ㆍ해지권을 부당하게 제한하고 있으므로 약관법 제9조 제1호에 해당된다. ",,미검수,,,폐기: 제시한 문구가 근거 서술에 없음 (창작 의심),candidates_ftc_불공정약관조항.csv
법제처 OPEN API/ftc,9771,,가원커플결혼정보의 계약서상 불공정약관조항에 대한 건,https://www.law.go.kr/DRF/lawService.do?OC=test&target=ftc&ID=9771&type=HTML,신부인도 후 사업자 면책조항,무효,조문인용 추론,위험,제14조,권리행사 제한,"2. 신부인도 후 사업자 면책조항 가. 약관조항 나. 심사의견 : 무 효 이 계약의 목적은 사업자가 주선한 외국인 배우자와 고객의 성혼이 이루어진 후 최종적으로 신부를 신랑에게 인도함으로써 종료되는 것으로 정하고 있다. 즉 고객의 성혼이라는 일의 완료를 전제로 하고 있어 도급계약의 특성을 보이고 있는 바, 원칙적으로 성혼의 완료에 따라 사업자의 계약상의 의무는 종료된다고 봄이 타당하다. 더욱이, 결혼의 성사는 사업자가 주선한 외국인 배우자와 고객간의 상호신뢰와 합의를 전제로 당사자간의 책임에 따라 결정하는 것이므로 주선과정에서 사업자의 고의ㆍ과실 책임이 없는 한 성혼이후의 당사자간의 문화적 차이, 생활방식의 차이에서 발생하는 문제에까지 사업자의 계약상 책임을 물을 수는 없다. 다만, 계약종료 후 고객과 외국인 배우자 간에 발생한 일체의 민형사상 문제에 대해 사업자에게 책임을 물을 수 없도록 하는 것은 사업자의 귀책으로 인해 발생한 문제까지 책임을 물을 수 없다는 것으로, 이는 사업자가 부담할 위험을 고객에게 부당하게 전가시키는 조항으로 약관법 제14조에 해당된다. ",,미검수,,,근거 서술에 조항 문구 인용 없음. 신부인도 후 사업자 면책 내용이 설명되어 있으나 약관의 정확한 문구가 인용되지 않음,candidates_ftc_불공정약관조항.csv
법제처 OPEN API/ftc,9771,,가원커플결혼정보의 계약서상 불공정약관조항에 대한 건,https://www.law.go.kr/DRF/lawService.do?OC=test&target=ftc&ID=9771&type=HTML,손해배상 및 위자료 조항,무효,조문인용 추론,위험,제6조,부당한 비용·세금 전가|선택권 제한·구입 강제|과도한 위약금,"3. 손해배상 및 위자료 조항 가. 약관조항 나. 심사의견 : 무 효 혼인을 파기하게 된 사유가 고객에게 있는지 외국인 신부 또는 사업자에게 있는지에 따라 손해배상의 주체가 달라진다 할 것이다. 하지만 이 약관조항은 파혼하게 된 귀책사유 구분 없이 모든 파혼에 대해 고객이 사업자 및 외국인 신부에게 손해배상을 하도록 규정하고 있는 바, 이는 고객에게 부당하게 불리한 조항으로 약관법 제6조 제2항 제1호에 해당된다. ]]> 나. 심사의견 : 무 효 민법상 유상계약의 경우 계약을 체결한 후 당사자 일방이 계약이행에 착수하기 전에는 계약금을 포기하고 계약을 해제할 수 있도록 하고 있다(민법 제565조 제1항, 제567조). 그리고 과실책임 원리에 따라 계약이후 사업자의 책임 있는 사유로 계약을 해제할 경우 계약금 반환은 물론 손해배상도 청구할 수 있다. 하지만 위 약관조항은 계약이행의 착수유무나 과실유무에 상관없이 일정시점이 지난 후에는 계약금을 반환하지 않도록 규정하고 있다. 또한 사업자의 과실로 인한 계약해제까지 계약금을 반환하지 못하도록 규정하고 있는바, 이는 고객에게 부당하게 불리한 조항으로 약관법 제6조 제2항 제1호에 해당된다. ",,미검수,,,근거 서술에 조항 문구 인용 없음. 파혼 손해배상 및 계약금 반환 관련 내용이 설명만 되어 있음,candidates_ftc_불공정약관조항.csv
법제처 OPEN API/ftc,10781,,경상남도개발공사의 표준임대차계약서상 불공정약관조항에 대한 건,https://www.law.go.kr/DRF/lawService.do?OC=test&target=ftc&ID=10781&type=HTML,분양전환시 보수ㆍ수선 조항,무효,조문인용 추론,위험,"제7조,제11조",책임 면제|권리행사 제한,"2. 분양전환시 보수ㆍ수선 조항 가. 약관조항 나. 검토의견 : 무효 ㅇ 위 약관조항은 분양전환시 임대인의 수선 등의 책임을 외부도장에 한정하면서, 그 외의 것에 대해서는 임차인의 귀책유무를 고려하지 않고 수선 등의 책임을 임차인에게 전가하고 있음 - 그러므로 동 조항은 상당한 이유없이 사업자가 부담하여야 할 위험을 고객에게 이전시키는 조항으로 약관법 제7조 제2호에 해당됨 ]]> 나. 검토의견 : 무효 ㅇ 임대차계약에 의해 부수적으로 발생하는 임차인의 보증금 반환청구권은 채권으로서 질권설정의 방법으로 담보제공을 할 수 있음 - 이에 따라 임차인은 자금융통을 할 수 있는데 반해 임대인은 별다른 금전적 손해가 발생하지 않음 - 그러나, 위 약관조항은 임대차계약과 관련하여 어떠한 권리설정도 할 수 없도록 규정하고 있으므로 동 조항은 법률의 규정에 의한 고객의 권리를 상당한 이유없이 배제하는 조항으로 약관법 제11조 제1호에 해당됨 ",,미검수,,,근거 서술에 조항 문구 인용 없음. 분양전환시 수선 책임을 외부도장에 한정하고 나머지는 임차인에게 전가하는 내용만 설명되어 있음,candidates_ftc_불공정약관조항.csv
법제처 OPEN API/ftc,9747,,국민이주(주)의 U.S.A E-2 비자 신청계약서상 불공정약관조항에 대한 건,https://www.law.go.kr/DRF/lawService.do?OC=test&target=ftc&ID=9747&type=HTML,수수료 등 환불 불가조항,무효,조문인용 추론,위험,제9조,일방적 계약 해지|권리행사 제한|보증금 반환 지연,"2. 수수료 등 환불 불가조항 가. 약관조항 나. 검토의견 : 무효 고객의 귀책사유로 계약해지시 사업자는 계약의 이행정도에 따라 소요된 비용 및 계약의 해지로 인한 손실비용 등을 감안하여 손해배상액을 예정함이 타당하다. 그러나 동 약관조항은 고객의 귀책사유로 계약해지시 일률적으로 고객이 지불한 수속비의 환불을 청구하지 못하도록 정하고 있다. 또한 고객이 지불한 국내 수수료 및 제반 실비용의 환불청구는 고객의 귀책사유 유무와 관계없이 금지하고 있다. 따라서 동 조항은 사업자의 원상회복의무를 부당하게 경감하는 조항이자, 고객에게 부당하게 과중한 손해배상의무를 부담시키는 조항으로 약관법 제9조 제4호 및 제8조에 해당되어 무효이다. ]]> 나. 검토의견 : 무효 사업자의 귀책사유로 계약의 이행이 불가능한 경우 고객은 계약을 해제할 수 있고(민법 제546조), 이 경우 원상회복의무에 따라 사업자는 고객으로부터 받은 수수료 및 실비를 모두 반환하여야한다(민법 제548조). 그러나, 동 약관조항은 사업자의 귀책사유로 고객의 비자취득이 불가능해 졌을 때 국외 수수료 중 70%만 환불해주고 국내수수료 및 실비용은 아예 환불하지 아니하는 것으로 규정하고 있다. 따라서, 동 조항은 계약의 해제로 인한 사업자의 원상회복의무나 손해배상의무를 부당하게 경감하는 조항으로 약관법 제9조 제4호에 해당되어 무효이다. ",,미검수,,,근거 서술에 조항 문구 인용 없음. 내용만 설명되어 있음,candidates_ftc_불공정약관조항.csv
법제처 OPEN API/ftc,16427,,국제항공운송협회의 여객판매대리점계약상 불공정약관조항에 대한 건,https://www.law.go.kr/DRF/lawService.do?OC=test&target=ftc&ID=16427&type=HTML,(문서 전체 — 조항 구분 없음),무효,조문인용 추론,위험,"제2조,제6조,제7조,제10조,제15조,제17조",부당한 비용·세금 전가|선택권 제한·구입 강제|과도한 위약금|책임 면제|일방적 급부·조건 변경,"16427 의결서 2022약관0758 제 3 소 회 의 2022.8.10. 심의종결일 2022. 6. 15. 기재 약관조항을 이 시정명령을 받은 날로부터 60일 이내에, 삭제 또는 수정하여야 한다. 단, 위 조항의 수정 내용은 사전에 공정거래위원회와 협의를 거친 것이어야 한다. ]]> 과 같이 각 국의 여행사들과 '여객판매대리점계약’(이하 '이 사건 계약’이라 한다)을 체결하고 있는바, 결국 피심인은 이 사건 계약의 한쪽 당사자로서 상대 당사자(여행사)에게 약관을 이 사건 계약의 내용으로 할 것을 제안하는 자이므로 '약관의 규제에 관한 법률 1 ’ 제2조 제2호의 사업자에 해당한다. 이 사건 계약서 (번역문) *자료출처: 심사보고서 소갑 제3호증 2 3 참고로, 피심인이 외국 사업자이기는 하나, 국제사법 제25조 제1항 3 및 이 사건 계약서 제17조 4 등에 따라 대한민국에 본점이 위치한 여행사와의 관계에서는 대한민국의 법률이 적용된다. 나. 피심인의 BSP(Billing and Settlement Plan) 시스템 4 항공사가 노선, 항공권의 유효기간, 좌석 클래스 등을 고려하여 항공권의 가격을 정한 후, 이를 GDS(Global Distribution System)에 등록하면, 여행사들은 GDS에 등록된 항공권의 가격과 조건 등을 비교하여 승객에게 항공권을 판매한다. 5 그러나 여행사들이 피심인의 회원인 항공사의 항공권 발권 대행 업무 권한을 받기 위해서는 피심인과 이 사건 계약을 체결하여야 하며, 항공권의 판매ㆍ대금 정산 업무 등은 피심인의 BSP 시스템 5 을 통해 이루어진다. 6 BSP 시스템의 이용 전에는 항공사가 각 여행사와 개별적으로 대리점 계약을 맺고 발권 대행 수수료를 지급하였으나, BSP 시스템이 도입된 이후부터는 피심인과 각 여행사 간에 이 사건 계약을 체결하되, 여행사에게 지급할 발권 대행 수수료율은 항공사들이 공동으로 정하도록 하였다. 7 그러나 이러한 항공사들의 행위가 부당한 공동행위에 해당할 수 있다는 우려가 제기되자, 피심인은 각각의 항공사가 발권 대행 수수료율을 정하도록 이 사건 계약에 포함된 'Travel Agent’s Handbook’(이하 '여행사 핸드북’이라고도 한다)을 변경하였다. 다. 이 사건 약관조항 8 이 사건 계약서 2.1(a) 조항은 아래 와 같이 항공사와 여행사 간의 관계를 규율하는 거래 조건을 이 사건 계약서에 첨부된 “여행사 핸드북에 포함된 결의(Resolutions)에 명시된 바에 따른다.”라고 규정하고 있다. 이 사건 계약서 (번역문) *자료출처: 소갑 제3호증 9 한편, 이 사건과 관련된 여행사의 수수료 등에 대한 거래 조건은 아래 과 같이 여행사 핸드북의 'SECTION 2’ 중 'Resolution 812’의 9.2.1.(a) 조항(이하 '이 사건 약관조항’이라 한다)에 규정되어 있으며, 이 사건 약관조항에 따르면 BSP 항공사가 여행사에 지급하는 모든 수수료 또는 기타 보수는 BSP 항공사들에 의하여 결정된다. 이 사건 약관 조항 6 2. 위법성 판단 가. 인정사실 및 ",,미검수,BSP 항공사가 여행사에 지급하는 모든 수수료 또는 기타 보수는 BSP 항공사들에 의하여 결정된다,높음,"여행사 핸드북 Resolution 812의 9.2.1.(a) 조항으로 명시되어 있으며, 근거 서술에 따옴표 없이 직접 인용된 문구",candidates_ftc_불공정약관조항.csv
법제처 OPEN API/ftc,12819,,금보개발(주)의 남부컨트리 클럽회칙상 불공정 약관조항에 대한 건,https://www.law.go.kr/DRF/lawService.do?OC=test&target=ftc&ID=12819&type=HTML,평일회원권의 양도ㆍ양수금지조항,무효,조문인용 추론,위험,제11조,권리행사 제한,"2. 평일회원권의 양도ㆍ양수금지조항 가. 검토의견 : 무효 □ 골프장 회원과 체육시설업자와의 계약은 회원가입 계약에 의한 회원지위를 취득하여 체육시설을 우선 이용하기 위한 채권적 법률관계로서『민법』제449조 제1항은 채권이 그 성질상 양도를 허용하지 아니하는 경우를 제외하고 채권은 양도할 수 있도록 규정하고 있음 ㅇ 예탁금 회원제로 운영되는 골프장의 회원권자는 재산적 가치를 지닌 회원권을 자유로이 제3자에게 양도할 수 있다고 할 것이며 [대법원 2000.3.10. 선고 99다70884 판결(약정금) 및 대법원 1989.11.10. 선고 88다카19606 판결(전부금)/ (사)한국골프장경영협회의 주중회원권 양수ㆍ도 현황 참조] ㅇ 정회원(주말회원)이 가지는 체육시설 우선이용권 및 재산권으로서의 채권적 권리를 평일회원(주중회원)에게만 달리할 특별한 사유가 없음에도 평일회원에 한해서만 회원권의 양도ㆍ양수 그 자체를 금지하도록 변경함으로써 기존 평일회원의 제3자와의 계약체결을 부당하게 제한하는 것임 □ 체육시설법 제18조 및 같은법 시행령 제17조 제2호 다목과 제19조 제1호에 의하면 골프장 회원권의 양도ㆍ양수에 관하여 체육시설업자는『회원의 자격을 제한하려는 경우에는 구체적인 자격제한 기준을 미리 약관에 명시』하여야 하고, ㅇ『회원이 그 자격을 다른 사람에게 양도하려는 경우에는 양수하려는 자가 약관에 정한 회원의 자격제한 기준에 해당하는 경우 외에는 이를 제한하여서는 아니 된다』고 규정하여 체육시설업자에게는 회원의 권익을 보호할 의무가 있음 ㅇ 체육시설업자는 골프장 클럽회칙이 정한 절차에 따라 입회승인을 받아 회원의 지위를 취득한 자(양수자)에 대하여 체육시설법령에 따라 미리 약관에 명시하지 아니한 회원자격요건을 내세워 입회승인을 거부할 수 없다고 할 것이고 [대법원 2000.3.10. 선고 99다70884 판결(약정금) 및 대법원 1997.3.11. 선고 96다41595 판결 (회원자격확인) 참조] ㅇ 예탁금 회원제 골프장 평일회원권의 양도ㆍ양수는 회원의 재산권 행사로써 양수인에게 회원의 자격제한기준상 결격사유가 없는 한 체육시설업자는 회원권의 양도ㆍ양수를 승인하여야 할 의무가 있음 - 그럼에도 평일회원권을 골프장 클럽회칙이 정하는 회원의 자격제한 기준과 상관없이 회원권의 양도ㆍ양수 그 자체를 금지함으로써 회원의 재산적 권리행사를 자의적으로 제한한다고 할 것임 □ 따라서 상기 약관조항은 고객이 제3자와 계약을 체결하는 것을 부당하게 제한하는 조항으로 약관법 제11조 제3호에 해당 ",,미검수,,,근거 서술에 조항 문구 인용 없음. 평일회원권의 양도·양수 금지 내용이 설명되어 있으나 약관의 정확한 문구가 인용되지 않음,candidates_ftc_불공정약관조항.csv
법제처 OPEN API/ftc,12819,,금보개발(주)의 남부컨트리 클럽회칙상 불공정 약관조항에 대한 건,https://www.law.go.kr/DRF/lawService.do?OC=test&target=ftc&ID=12819&type=HTML,회원탈회시 연회비 미반환조항,무효,조문인용 추론,위험,제9조,일방적 계약 해지|권리행사 제한|보증금 반환 지연,"3. 회원탈회시 연회비 미반환조항 가. 검토의견 : 무효 □ 일반적으로 회원제 골프장의 경우 일반회원은 보증금 성격의 입회금을 예치함으로서 골프장 시설의 우선 이용권을 부여받고, 연회원은 소멸성 경비인 연회비만 납부하고 회원자격 존속기간 동안 시설이용권을 부여 받는 것이 골프장의 거래관행임 ㅇ 체육시설업자가 예탁금 회원제 골프장의 특성을 감안하지 않고 클럽회칙을 일방적으로 변경하여 입회금 이외에 소멸성 비용인 연회비를 별도 부담하도록 하는 것은 기존 평일회원의 권리변동과 연회비의 법적성격 등에 논란이 있을 수 있고 ㅇ 비록 기존 평일회원에게 연회비 부과가 가능하다 하더라도 클럽회칙에 따라 합리적인 범위내에서 부과하여야 할 것이고, 또한 평일회원에게만 별도 연회비를 부담하도록 규정한 것은 일반 정회원과의 형평성에 반할 수 있음 [대법원 1996.2.27. 선고 95다35098 판결 (제명무효확인) 참조] □ 위 내용을 별론으로 하더라도, 골프장 시설이용 회원계약과 같이 계속적 거래에 의한 채권관계가 종료될 때에는 계약당사자는 상호정산과 원상회복의무가 있으며, 채권이 그 성질상 양도를 허용하지 아니하는 경우를 제외하고 채권의 양도는 가능하다 할 것임 ㅇ 그럼에도 회원 탈회시 골프장 시설이용대가로 받는 연회비의 양도ㆍ양수를 제한하거나 반환하지 않는 것은 부당함 ㅇ 체육시설업자는 연회비가 양도ㆍ양수되더라도 양도자와는 연회비를 합리적으로 정산하고 양수인에게 연회비를 부과하면 손해가 없음에도 특별한 이유없이 연회비의 양도ㆍ양수를 제한하는 것은 부당함 ㅇ 평일회원의 탈회, 제명, 사망 및 법인이 해산될 경우에도 회원의 귀책사유를 불문하고 연회비를 반환하지 않는 것은 부당하므로 회원의 골프장 시설 미사용 잔여기간에 대해서는 정산하여야 할 것임 □ 따라서 위 약관조항은 사업자가 계약의 해제ㆍ해지로 인한 사업자의 원상회복의무나 손해배상의무를 부당하게 경감하는 조항으로 약관법 제9조 제4호에 해당 ",,미검수,,,근거 서술에 조항 문구 인용 없음. 연회비 미반환 관련 내용이 설명되어 있으나 따옴표나 「」로 명시된 원문 조항이 없음,candidates_ftc_불공정약관조항.csv
법제처 OPEN API/ftc,12819,,금보개발(주)의 남부컨트리 클럽회칙상 불공정 약관조항에 대한 건,https://www.law.go.kr/DRF/lawService.do?OC=test&target=ftc&ID=12819&type=HTML,회원 탈회시 입회금의 반환시기조항,무효,조문인용 추론,위험,제9조,일방적 계약 해지|권리행사 제한|보증금 반환 지연,"4. 회원 탈회시 입회금의 반환시기조항 가. 검토의견 : 무효 □ 골프장 시설이용 회원계약과 같이 계속적 계약관계가 종료될 때에는 쌍방당사자는 회원의 탈회와 동시에 입회금의 반환을 상호 교환적으로 청산할 의무가 있으므로 이는 동시이행관계에 있다고 할 것임 ㅇ 체육시설법 제19조 제2호에 의하면 회원의 탈회 또는 탈퇴자에 대한 입회금의 반환시기 등에 관하여는 체육시설업자와 회원간의 약정에 따라 정할 수 있다고 하더라도 ㅇ 회원가입 후 회원권익에 관한 약정이 변경된 경우 기존 회원은 탈회할 수 있으며, 탈퇴자가 입회금의 반환을 요구하는 경우에는 지체없이 이를 반환하도록 규정하고 있으므로 - 위와 같은 사유로 기존 회원이 탈회하면서 입회금 반환을 요구할 경우 지체없이 반환하여야 함에도 탈회 1개월전 회사에 서면통보한 후 탈회서류 접수일로부터 30일 이내에 반환하는 것은 체육시설업자가 입회금의 반환시기(원상회복의무의 이행기)를 지연할 우려가 있으므로 부당하다 할 것임 ㅇ 체육시설법 시행령 제19조 제3호에 의하면 회원자격의 존속기한을 정한 연회원의 경우에도 회원자격기간 종료 후 입회금 반환 요구시 그 요구한 날로부터 10일 이내 반환하도록 규정한 점을 고려할 때 - 회원이 1개월 전에 탈회 의사표시를 한 후 탈회 접수일로부터 30일 이내 반환하는 것은 회원자격기간(1년)에 비해 입회금 반환의 유예기간이 장기라고 봄이 상당함 □ 따라서 상기 약관조항은 사업자가 계약의 해제ㆍ해지로 인한 사업자의 원상회복의무나 손해배상의무를 부당하게 경감하는 조항으로 약관법 제9조 제4호에 해당 ",,미검수,탈회 1개월전 회사에 서면통보한 후 탈회서류 접수일로부터 30일 이내에 반환,보통,"판단 근거 서술에서 문제 조항의 내용이 설명되어 있으며, 인용 표시는 없으나 조항 문구로 보이는 부분을 그대로 옮김",candidates_ftc_불공정약관조항.csv
법제처 OPEN API/ftc,12819,,금보개발(주)의 남부컨트리 클럽회칙상 불공정 약관조항에 대한 건,https://www.law.go.kr/DRF/lawService.do?OC=test&target=ftc&ID=12819&type=HTML,평일회원 자격기간(연장)조항,무효,조문인용 추론,위험,제6조,부당한 비용·세금 전가|선택권 제한·구입 강제|과도한 위약금,"5. 평일회원 자격기간(연장)조항 가. 검토의견 : 무효 □ 골프장 회원의 자격제한은 체육시설법령에 의하여 회원 가입시 구체적으로 미리 약관에 정한 회원의 자격제한 기준에 따라 회원으로서의 결격사유가 없거나 회원이 탈회에 대한 의사표시가 없다면 회원의 자격은 계속하여 유지된다고 할 것임 [서울고법 2008.8.21. 선고 2007나120328 판결 (회원지위확인청구) 참조] ㅇ 골프장 회원계약에 의한 자격취득, 유지, 종료는 계약의 중요한 내용이므로 체육시설업자가 평일회원의 자격연장기준에 대해 구체적으로 미리 약관에 규정함이 없이 임의적인 판단으로 회원자격을 종료한다면 기존 평일회원의 계속적인 체육시설 이용권리를 박탈할 우려가 있으므로 부당함 □ 체육시설업자가 위 법령과 골프장 클럽회칙에 근거하여 회원의 종류에 따라 입회금, 자격기간 등 회원의 자격조건을 다양하게 규정하여 회원 가입계약을 체결할 수 있겠으나 ㅇ 체육시설업자가 위 수정약관의 신규 모집회원에 대한 적용 여부는 별론으로 하더라도 기존의 평일회원 자격기간을 1년으로 일방적으로 변경ㆍ제한함으로써 통상 자격기간이 1년인 연회원과 별차이가 없어 회원제 골프장 평일회원의 일반적인 거래관행(통상 3년)에도 반할 뿐만 아니라 약관의 일방적 변경금지의 원칙에도 반한다고 할 것임 ㅇ 또한 위 약관 단서조항도 회원 가입계약시 이미 약정한 입회금 및 제반비용에 대하여 별도 부과할 근거나 합리적인 기준도 없이 회사의 사정에 따라 언제든지 당초 약정금액과의 차액을 부과할 수 있도록 규정한 것으로 상당한 이유없이 급부의 내용을 사업자가 일방적으로 결정하거나 변경할 수 있도록 한 것임 □ 따라서 위 약관조항은 고객에 대하여 부당하게 불리한 조항이거나 상당한 이유없이 급부의 내용을 사업자가 일방적으로 결정하거나 변경할 수 있도록 권한을 부여하는 조항으로 약관법 제6조 제2항 제1호 및 제10조 제1호에 해당 ",,미검수,,,근거 서술에 조항 문구 인용 없음. 평일회원 자격기간을 1년으로 변경·제한하는 내용과 차액 부과에 관한 단서조항의 존재만 설명되어 있음,candidates_ftc_불공정약관조항.csv
법제처 OPEN API/ftc,12819,,금보개발(주)의 남부컨트리 클럽회칙상 불공정 약관조항에 대한 건,https://www.law.go.kr/DRF/lawService.do?OC=test&target=ftc&ID=12819&type=HTML,평일회원의 자격기간 및 연회비 부과조항,무효,조문인용 추론,위험,제6조,부당한 비용·세금 전가|선택권 제한·구입 강제|과도한 위약금,"6. 평일회원의 자격기간 및 연회비 부과조항 가. 검토의견 : 무효 □ 골프장 회원가입 계약와 더불어 회원의 권리변동도 당사자간 계약의 권리ㆍ의무관계에 중대한 영향을 미치는 사항이므로 정당한 이유없이 일방적으로 급부를 불리하게 변경하는 것은 부당함 ㅇ 일반적으로 예탁금 회원제 골프장은 체육시설법령에 따라 체육시설업자가 골프장 시설 신축을 위한 투자범위 내에서 회원을 모집하고 회원은 회원가입계약에 따라 보증금 성격인 입회금을 예치하고 체육시설 우선이용권을 부여받는 것임 - 일반적으로 평일회원은 입회금을 3년 거치한 후 퇴회시 입회금을 반환받을 수 있고 입회기간을 3년으로 규정하고, 연회원은 입회자격기간을 1년을 정하고 소멸성 비용인 연회비를 납부하고 시설을 이용하는 것이 골프장의 거래관행이라 할 것임 [다른 골프장 평일(주중)회원 회칙 참조] ㅇ 체육시설업자는 위 법령과 골프장 클럽회칙에 근거하여 회원의 종류에 따라 입회금, 자격기간 등 회원의 자격조건을 다양하게 규정하여 회원 가입계약을 체결할 수 있겠으나 - 위 골프장 클럽회칙은 일반골프장과 달리 연회원의 회원종류 및 자격에 대한 별도의 규정이 없을 뿐만 아니라 평일회원의 자격기간, 입회금 예치기간, 연회비 부과 규정을 일방적으로 변경ㆍ신설함으로써 연회원과 혼동할 수 있도록 변경하였음 - 만약 체육시설업자가 평일회원에게 별도 연회비 부과 등이 언제든지 가능해진다면 대부분의 회원제 골프장도 클럽회칙을 일방적으로 변경하여 적용할 가능성을 배제할 수 없음 ㅇ 그리고 체육시설업자가 위 수정약관을 신규 모집회원에 대한 적용여부는 별론으로 하더라도, 기존의 평일회원의 자격기간 제한(1년), 입회금 거치기간(1년), 연회비 및 이용기간에 관한 조항을 정당한 이유없이 일방적으로 변경ㆍ시행함으로써 기존의 평일회원에게 제공할 급부를 일방적으로 불리하게 변경한 것이므로 부당함 - 약관의 일방적 변경금지의 원칙에 따라 약관의 변경은 양당사자가 계약체결과 동일한 방법으로 약관변경의 합의를 한 경우에만 유효할 것이며, 약관의 변경시에는 고객이 그에 대해 동의를 거부하고 종전의 약관의 존속이나 계약해지를 선택할 수 있는 권리가 고객에게 부여되여야 할 것임 □ 따라서 위 약관조항은 기존의 평일회원에게는 정당한 이유없이 일방적으로 급부를 지나치게 불리하게 변경한 것으로 신의성실의 원칙에 반하여 공정을 잃은 조항이거나 고객에게 부당하게 불리한 조항으로 약관법 제6조 제1항 및 제6조 제2항 제1호에 해당 ]]> 가. 검토의견 : 무효 □ 골프장 시설이용관계와 같이 계속적 거래관계에서는 계약의 목적을 달성할 수 없을 정도의 이행불능사유가 아니라면 비록 회원의 책임있는 사유로 계약을 종료한다고 하더라도 상당한 기간을 정하여 최고를 하고 그 기간내에 이행하지 아니한 때 비로소 계약을 종료할 수 있을 것임 ㅇ 회원이 연회비 등 납입의무를 1월 이상 이행하지 아니하여 제명 등 자격을 제한하는 경우라 하더라도 사전에 이행최고를 통한 시정의 기회를 제공하지 아니하고 계속적인 골프장 시설이용관계를 종료하는 것은 부당하다고 할 것임 ",,미검수,,,"근거 서술에 조항 문구 인용 없음. 평일회원의 자격기간, 입회금 예치기간, 연회비 부과 규정의 변경 내용이 설명되어 있으나 원문 조항의 정확한 문구가 인용되지 않음",candidates_ftc_불공정약관조항.csv
법제처 OPEN API/ftc,9731,,누죤상가개발조합의 점포분양 및 토지사용 계약서상 불공정약관조항에 대한 건,https://www.law.go.kr/DRF/lawService.do?OC=test&target=ftc&ID=9731&type=HTML,(문서 전체 — 조항 구분 없음),무효,조문인용 추론,위험,제11조,권리행사 제한,"9731 시정권고서 2009약관1341 2. 검토의견 : 무효 집합건물의 소유 및 관리에 관한 법률 제23조(관리단의 당연설립 등) 및 제29조(규약의 설정, 변경, 폐지)에 따르면 구분소유자에게 관리단의 구성권을 인정하고 있고, 규약의 설정ㆍ변경ㆍ폐지는 관리단의 집회에서 찬성(구분소유자 및 의결권의 각 3/4 이상)을 얻도록 규정하고 있다. 따라서 상가운영 및 관리업무 등을 수행할 관리회사 지정 및 관리규약의 제정은 구분소유권자인 수분양자로 구성된 관리단을 통하여 결정하여야 할 것이다. 그러나 위 약관조항은 수분양자로 하여금 사업자 또는 사업자가 지정한 관리회사와 상가 관리계약을 체결하도록 하고, 동 관리계약을 체결하지 않은 경우 입주를 제한하고 있으며, 사업자가 정하는 관리규정을 일방적으로 따르도록 규정하고 있다. 그러므로 위 조항은 법률의 규정에 의한 고객의 권리를 상당한 이유 없이 배제 또는 제한하는 조항으로 약관법 제11조 제1호에 해당된다. ]]> 2. 검토의견 : 무효 집합건물의 소유 및 관리에 관한 법률 제23조(관리단의 당연설립 등) 및 제29조(규약의 설정, 변경, 폐지)에 따르면 구분소유자에게 관리단의 구성권을 인정하고 있고, 규약의 설정ㆍ변경ㆍ폐지는 관리단의 집회에서 찬성(구분소유자 및 의결권의 각 3/4 이상)을 얻도록 규정하고 있다. 따라서 상가운영 및 관리업무 등을 수행할 관리회사 지정 및 관리규약의 제정은 구분소유권자인 수분양자로 구성된 관리단을 통하여 결정하여야 할 것이다. 그러나 위 약관조항은 수분양자로 하여금 사업자 또는 사업자가 지정한 관리회사와 상가 관리계약을 체결하도록 하고, 동 관리계약을 체결하지 않은 경우 입주를 제한하고 있으며, 사업자가 정하는 관리규정을 일방적으로 따르도록 규정하고 있다. 그러므로 위 조항은 법률의 규정에 의한 고객의 권리를 상당한 이유 없이 배제 또는 제한하는 조항으로 약관법 제11조 제1호에 해당된다. ]]> 2. 검토의견 : 무효 집합건물의 소유 및 관리에 관한 법률 제23조(관리단의 당연설립 등) 및 제29조(규약의 설정, 변경, 폐지)에 따르면 구분소유자에게 관리단의 구성권을 인정하고 있고, 규약의 설정ㆍ변경ㆍ폐지는 관리단의 집회에서 찬성(구분소유자 및 의결권의 각 3/4 이상)을 얻도록 규정하고 있다. 따라서 상가운영 및 관리업무 등을 수행할 관리회사 지정 및 관리규약의 제정은 구분소유권자인 수분양자로 구성된 관리단을 통하여 결정하여야 할 것이다. 그러나 위 약관조항은 수분양자로 하여금 사업자 또는 사업자가 지정한 관리회사와 상가 관리계약을 체결하도록 하고, 동 관리계약을 체결하지 않은 경우 입주를 제한하고 있으며, 사업자가 정하는 관리규정을 일방적으로 따르도록 규정하고 있다. 그러므로 위 조항은 법률의 규정에 의한 고객의 권리를 상당한 이유 없이 배제 또는 제한하는 조항으로 약관법 제11조 제1호에 해당된다. ]]> 2. 검토의견 : 무효 집합건물의 소유 및 관리에 관한 법률 제23조(관리단의 당연설립 등) 및 제29조(규약의 설정, 변경, 폐지)에 따르면 구분소",,미검수,,,"근거 서술에 조항 문구 인용 없음. 조항 내용이 '수분양자로 하여금 사업자 또는 사업자가 지정한 관리회사와 상가 관리계약을 체결하도록 하고, 동 관리계약을 체결하지 않은 경우 입주를 제한하고 있으며, 사업자가 정하는 관리규정을 일방적으로 따르도록 규정'한다고 설명만 되어 있음",candidates_ftc_불공정약관조항.csv
법제처 OPEN API/ftc,10661,,대우웨딩홀 사용계약서상 불공정약관조항에 대한 건,https://www.law.go.kr/DRF/lawService.do?OC=test&target=ftc&ID=10661&type=HTML,(문서 전체 — 조항 구분 없음),무효,조문인용 추론,위험,제8조,과도한 위약금,"10661 시정권고서 2008약관2129 2. 피심인 주장 내용 해당 예약이 취소됨에 따라 영업상 입게 될 손해를 예정하여 위약금을 산정한 것이므로 불공정하지 않다. 3. 판단 일반적으로 예식장 사용계약 및 피로연 계약은 결혼의 특성상 결혼일로부터 1～2개월 전에 예약함이 통상적이며, 또한 피로연장의 경우 결혼일로부터 일정기일 이내에 연회계약이 해약될 시에는 이를 대체할 고객이 없게 되므로 영업상의 손실을 입게 된다. 사업자는 이러한 특수성을 감안하여 합리적인 해약가능기간을 정하고 이를 위반할 시 손해배상토록 함이 타당하다 할 것이므로 피로연장 이용계약해지 시에는 음식물 준비 등의 연회계약의 특성을 감안하여 해약시기에 따라 손해배상액을 달리 정하여야 할 것이다. 그러나 심사대상 약관조항은 예식일로부터 60일전 이후의 계약해지시 위약금 산정에 있어 합리적인 근거 없이 일률적으로 최소보증인원에 대한 금액을 위약금에 포함시키고 있다. 이는 현행 소비자분쟁해결기준*과 비교했을 시에도 지나치게 과도한 금액을 위약금으로 산정한 것으로 고객에게 과도하게 손해배상액을 부담시키는 것으로 판단된다. 또한 “해당 시간 영업 손해에 대한 비용”과 같이 자의적인 해석이 가능한 내용을 위약금 산정조항에 포함시켜 과도한 손해배상액을 요구할 수 있는 여지를 둔 점을 감안할 때 동 약관조항은 고객에게 부당하게 과중한 손해배상의무를 부담시키는 조항으로 약관법 제8조에 해당된다. ]]> 2. 피심인 주장 내용 해당 예약이 취소됨에 따라 영업상 입게 될 손해를 예정하여 위약금을 산정한 것이므로 불공정하지 않다. 3. 판단 일반적으로 예식장 사용계약 및 피로연 계약은 결혼의 특성상 결혼일로부터 1～2개월 전에 예약함이 통상적이며, 또한 피로연장의 경우 결혼일로부터 일정기일 이내에 연회계약이 해약될 시에는 이를 대체할 고객이 없게 되므로 영업상의 손실을 입게 된다. 사업자는 이러한 특수성을 감안하여 합리적인 해약가능기간을 정하고 이를 위반할 시 손해배상토록 함이 타당하다 할 것이므로 피로연장 이용계약해지 시에는 음식물 준비 등의 연회계약의 특성을 감안하여 해약시기에 따라 손해배상액을 달리 정하여야 할 것이다. 그러나 심사대상 약관조항은 예식일로부터 60일전 이후의 계약해지시 위약금 산정에 있어 합리적인 근거 없이 일률적으로 최소보증인원에 대한 금액을 위약금에 포함시키고 있다. 이는 현행 소비자분쟁해결기준*과 비교했을 시에도 지나치게 과도한 금액을 위약금으로 산정한 것으로 고객에게 과도하게 손해배상액을 부담시키는 것으로 판단된다. 또한 “해당 시간 영업 손해에 대한 비용”과 같이 자의적인 해석이 가능한 내용을 위약금 산정조항에 포함시켜 과도한 손해배상액을 요구할 수 있는 여지를 둔 점을 감안할 때 동 약관조항은 고객에게 부당하게 과중한 손해배상의무를 부담시키는 조항으로 약관법 제8조에 해당된다. ]]> 2. 피심인 주장 내용 해당 예약이 취소됨에 따라 영업상 입게 될 손해를 예정하여 위약금을 산정한 것이므로 불공정하지 않다. 3. 판단 일반적으로 예식장 사용계약 및 피로연 계약",,미검수,해당 시간 영업 손해에 대한 비용,높음,따옴표로 명시 인용된 위약금 산정조항의 문구,candidates_ftc_불공정약관조항.csv
법제처 OPEN API/ftc,8783,,대한예수교장로회효자추모관의 효자추모관약관상 불공정약관조항에 대한 건,https://www.law.go.kr/DRF/lawService.do?OC=test&target=ftc&ID=8783&type=HTML,(문서 전체 — 조항 구분 없음),무효,조문인용 추론,위험,제9조,일방적 계약 해지|권리행사 제한|보증금 반환 지연,"8783 시정권고서 2009약관 1485 2. 검토의견 : 무효 계약이 중도에 해지 될 경우 쌍방당사자는 계약의 존속을 전제로 하여 상대방으로부터 받은 급부를 원상회복함으로써 계약관계를 청산하여야 하며, 상대방의 귀책사유에 의한 계약해지로 손해를 입은 계약당사자는 손해배상을 청구할 수 있다. 효자추모관 약관 제7조 제4항 및 제5항은 추모관을 사용하는 고객에게 10년 단위로 미리 추모관 시설관리비(이하 “관리비”라 한다)를 납부하도록 하고 있다. 그리고 추모관 영구사용료(이하 “사용료”라 한다)는 100만원에서 2,000만원에 이르고 추모관 사용권은 매매ㆍ양도ㆍ임대가 금지되어 있어 고객은 추모관을 이용할 필요성이 없어질 경우 추모관 사용계약을 해지할 가능성이 크다. 위와 같은 사항을 고려시 고객의 귀책사유로 추모관 사용계약을 해지할 경우 피심인은 이미 받은 사용료와 관리비에서 고객이 추모관을 이용한 기간동안의 사용료와 동 기간에 해당하는 관리비, 그리고 계약해지로 인한 피심인의 손해 등을 공제한 나머지를 고객에게 반환하여야 한다. 그러나 심사대상약관조항은 고객의 귀책사유로 추모관 사용계약이 해지될 경우 고객의 추모관 사용기간, 잔여 관리비, 피심인의 손해 정도 등에 대한 고려 없이 고객이 관리비 및 사용료를 전혀 환불받을 수 없도록 하고 있어 고객의 원상회복청구권을 부당하게 포기하도록 하는 조항으로 약관법 제9조 제3호에 해당되어 무효이다. ]]> 2. 검토의견 : 무효 계약이 중도에 해지 될 경우 쌍방당사자는 계약의 존속을 전제로 하여 상대방으로부터 받은 급부를 원상회복함으로써 계약관계를 청산하여야 하며, 상대방의 귀책사유에 의한 계약해지로 손해를 입은 계약당사자는 손해배상을 청구할 수 있다. 효자추모관 약관 제7조 제4항 및 제5항은 추모관을 사용하는 고객에게 10년 단위로 미리 추모관 시설관리비(이하 “관리비”라 한다)를 납부하도록 하고 있다. 그리고 추모관 영구사용료(이하 “사용료”라 한다)는 100만원에서 2,000만원에 이르고 추모관 사용권은 매매ㆍ양도ㆍ임대가 금지되어 있어 고객은 추모관을 이용할 필요성이 없어질 경우 추모관 사용계약을 해지할 가능성이 크다. 위와 같은 사항을 고려시 고객의 귀책사유로 추모관 사용계약을 해지할 경우 피심인은 이미 받은 사용료와 관리비에서 고객이 추모관을 이용한 기간동안의 사용료와 동 기간에 해당하는 관리비, 그리고 계약해지로 인한 피심인의 손해 등을 공제한 나머지를 고객에게 반환하여야 한다. 그러나 심사대상약관조항은 고객의 귀책사유로 추모관 사용계약이 해지될 경우 고객의 추모관 사용기간, 잔여 관리비, 피심인의 손해 정도 등에 대한 고려 없이 고객이 관리비 및 사용료를 전혀 환불받을 수 없도록 하고 있어 고객의 원상회복청구권을 부당하게 포기하도록 하는 조항으로 약관법 제9조 제3호에 해당되어 무효이다. ]]> 2. 검토의견 : 무효 계약이 중도에 해지 될 경우 쌍방당사자는 계약의 존속을 전제로 하여 상대방으로부터 받은 급부를 원상회복함으로써 계약관계를 청산하여야 하며, 상대방의 귀책사유에 의한 ",,미검수,,,"근거 서술에 조항 문구 인용 없음. 제7조 제4항 및 제5항의 구체적 문구가 인용되지 않았으며, 문제 조항의 내용만 설명되어 있음",candidates_ftc_불공정약관조항.csv
법제처 OPEN API/ftc,9473,,대한주택보증(주)의 주상복합주택분양보증약관상 불공정약관조항에 대한 건,https://www.law.go.kr/DRF/lawService.do?OC=test&target=ftc&ID=9473&type=HTML,보증채무 이행방법 결정조항,무효,조문인용 추론,위험,제6조,부당한 비용·세금 전가|선택권 제한·구입 강제|과도한 위약금,"2. 보증채무 이행방법 결정조항 가. 약관조항 나. 검토의견 : 무효 주택분양보증계약과 관련한 대법원 판례(선고99다52831)는 구 주택건설촉진법[현 주택법] 및 같은 법 시행령의 관련규정에 비추어서 주택분양보증계약에 있어 주채무자가 부도 등으로 수분양자들에게 주택공급의무를 이행할 수 없게 된 경우, 보증회사는 수분양자들이 청구하는 바에 따라 환급이행 또는 분양이행을 하여야 할 것으로 판단하고 있으며 국토해양부는 현 주택법 규정이 보증이행방법에 대한 선택권을 누가 행사하느냐에 대하여 특별히 정하고 있지는 않으나, 규정 취지로 볼 때 수분양자의 3분의 2이상이 환급이행을 선택하는 경우 보증회사는 입주자의 선택권을 인정하여 예외 없이 환급이행을 하는 것이 타당하다고 판단하고 있다. 이를 종합해 볼 때, 주택분양보증계약에 있어 수분양자의 3분의 2 이상이 환급이행을 선택한 경우 보증회사는 불가피한 사정이 없는 한 수분양자가 선택한 바에 따라 환급이행으로 보증채무를 이행하여야 할 것이다. 그러나 제8조제3항은 환급이행을 원하는 수분양자가 3분의 2가 되지 않아 분양이행을 하여야 하는 경우에도 보증회사가 자의적으로 환급이행을 할 수 있도록 규정하고 있는데, 이는 주택법에서 수분양자들의 2/3이상의 동의를 얻어야만 환급이행이 가능하도록 엄격하게 규정하고 있는 법규정 취지를 파손시키는 것이라 할 수 있다. 또한 제8조 제4항 전단은 수분양자가 분양이행을 원하는 경우에도 피심인이 현저한 분양률저조 등의 이유로 환급이행이 불가피 하다고 보증회사가 인정하는 경우에는 환급이행으로 할 수 있다고 규정하고 있으며, 후단은 약관 제8조 제3항에 따라 수분양자의 3분의 2이상이 환급이행을 선택하고 이에 대하여 보증회사가 환급이행으로 보증채무 이행방법을 결정한 이후에도, 다시 시공자 등이 분양계약을 이행할 수 있다고 보증회사가 인정하는 경우에는 분양이행으로 결정할 수 있도록 정하고 있다. 따라서 위 제8조 제3항, 제4항은 신의성실의 원칙에 반하여 공정을 잃은 약관조항으로서 약관법 제6조 제1항에 해당된다. ",,미검수,,,"근거 서술에 조항 문구 인용 없음. 제8조 제3항, 제4항의 내용이 설명되어 있으나 따옴표나 「」 없이 의역 형태로만 기술됨",candidates_ftc_불공정약관조항.csv
법제처 OPEN API/ftc,9473,,대한주택보증(주)의 주상복합주택분양보증약관상 불공정약관조항에 대한 건,https://www.law.go.kr/DRF/lawService.do?OC=test&target=ftc&ID=9473&type=HTML,관할법원 조항,무효,조문인용 추론,위험,제6조,부당한 비용·세금 전가|선택권 제한·구입 강제|과도한 위약금,"3. 관할법원 조항 가. 약관조항 나. 검토의견 : 무효 피심인은 약관의 형태로 사업자 영업점 소재지 법원을 관할 법원으로 정하고 있는데, 이는 민사소송법상의 관할 규정보다 고객에게 불리한 관할법원을 규정한 것이어서 경제적 약자인 보증채권자에게 응소 및 제소의 불편을 초래할 우려가 있다. 따라서, 동 조항은 신의성실의 원칙에 반하여 공정을 잃은 약관조항으로서 약관법 제6조 제1항에 해당된다 ]]> 나. 검토의견 : 무효 주택분양보증계약은 보증사고 조건이 성취되면 수분양자에게 채권이 발생하고 보증회사에게는 보증채무가 발생한다. 따라서 보증사고 조건의 성취 여부에 따라 당사자의 권리ㆍ의무가 변동되므로 보증사고 조건의 성취 여부는 객관적으로 판단되어져야 할 것임에도, 위 약관조항은 보증사고의 조건 또는 그 성취여부를 보증회사가 자의적이고 주관적으로 결정할 수 있도록 정하고 있다. 이에 대하여 피심인은 보증회사가 보증사고 조건의 성취 여부를 정확하게 판단할 수 있기 때문에 위 조항이 부당하지 않다고 주장하나, 위 조항에 의하면, 객관적으로 주택건설사업자가 주택분양계약을 이행할 수 없게 되어 명백히 보증사고가 발생한 경우에도, 보증회사가 보증사고로 인정하지 않으면 보증사고의 대상이 안 된다는 점에서 피심인의 주장을 인정하기는 곤란하다 따라서 동 조항은 신의성실의 원칙에 반하여 공정을 잃은 약관조항으로서 약관법 제6조 제1항에 해당된다. ",,미검수,,,근거 서술에 관할법원 조항의 구체적 문구 인용 없음. '사업자 영업점 소재지 법원을 관할 법원으로 정하고 있는' 것으로만 내용 설명됨,candidates_ftc_불공정약관조항.csv
법제처 OPEN API/ftc,977,,덕성빌딩의 임대차계약서상 불공정약관조항에 대한 건,https://www.law.go.kr/DRF/lawService.do?OC=test&target=ftc&ID=977&type=HTML,강제명도 조항,무효,조문인용 추론,위험,"제6조,제7조",부당한 비용·세금 전가|선택권 제한·구입 강제|과도한 위약금|책임 면제,2. 강제명도 조항 가. 약관조항 나. 검토의견: 무효 사법상의 권리실현에 있어서 권리자의 자력구제는 원칙적으로 금지되고 민사소송법상의 절차에 의하여 자신의 권리를 실현하는 것이 법절차상의 기본원칙이다. 따라서 사업자에 의한 임차인 소유 물건의 반출ㆍ철거ㆍ폐기처분 등은 임차인의 동의나 민사소송절차에 따른 강제집행절차에 의하여야 함에도 불구하고 임대인이 임의로 그것들을 폐기처분하여도 이에 대한 민ㆍ형사상의 이의를 제기하지 못하도록 하는 조항은 고객에게 부당하게 불리한 조항으로 약관법 제6조 제2항 제1호에 해당하여 무효이다. ]]> 나. 검토의견: 무효 자신의 고의 또는 과실로 인한 위법행위로 타인에게 손해를 가한 경우 그 손해를 배상하여야 할 책임이 있다(민법 제750조). 또한 임대건물이 교육시설ㆍ의료시설ㆍ다중이용업소 등 여러 사람이 출입 또는 근무하거나 거주하는 특수건물이라면 소유자는 그 건물의 화재로 인하여 타인이 사망하거나 부상한 때에는 과실이 없는 경우에도 일정한 범위 안에서 그 손해를 배상할 책임이 있다(화재로 인한 재해보상과 보험가입에 관한 법률 제4조). 따라서 임차인의 영업구역 내 시설 등에서 발생한 사고라 하더라도 일정한 경우 건물 소유자에게 건물의 관리의무가 있을 수 있으므로 약관으로 안전관리에 대한 모든 책임을 임차인의 단독책임으로 할 수는 없다. 그럼에도 불구하고 피청구인의 현행 약관조항은 귀책유무 등을 고려함이 없이 화재 또는 재난 등 사고로 발생한 인명피해 등 일체의 손해에 대하여 임차인의 책임으로 하고 자신은 면책하고 있다. 이는 상당한 이유 없이 사업자의 손해배상 범위를 제한하거나 사업자가 부담하여야 할 위험을 고객에게 떠넘기는 조항으로 약관법 제7조 제2호에 해당하여 무효이다. ,,미검수,임대인이 임의로 그것들을 폐기처분하여도 이에 대한 민ㆍ형사상의 이의를 제기하지 못하도록 하는 조항,보통,"강제명도 조항과 관련하여 판단 근거에 인용된 조항 내용으로, 완전한 원문 표현은 아니나 조항의 핵심 문구로 보임",candidates_ftc_불공정약관조항.csv
법제처 OPEN API/ftc,977,,덕성빌딩의 임대차계약서상 불공정약관조항에 대한 건,https://www.law.go.kr/DRF/lawService.do?OC=test&target=ftc&ID=977&type=HTML,강제명도 조항,무효,조문인용 추론,위험,제6조,부당한 비용·세금 전가|선택권 제한·구입 강제|과도한 위약금,2. 강제명도 조항 가. 약관조항 나. 검토의견: 무효 사법상의 권리실현에 있어서 권리자의 자력구제는 원칙적으로 금지되고 민사소송법상의 절차에 의하여 자신의 권리를 실현하는 것이 법절차상의 기본원칙이다. 따라서 사업자에 의한 임차인 소유 물건의 반출ㆍ철거ㆍ폐기처분 등은 임차인의 동의나 민사소송절차에 따른 강제집행절차에 의하여야 함에도 불구하고 임대인이 임의로 그것들을 폐기처분하여도 이에 대한 민ㆍ형사상의 이의를 제기하지 못하도록 하는 조항은 고객에게 부당하게 불리한 조항으로 약관법 제6조 제2항 제1호에 해당하여 무효이다. ]]>,,미검수,,,근거 서술에 조항 문구 인용 없음,candidates_ftc_불공정약관조항.csv
법제처 OPEN API/ftc,993,,도이체 루프트한자 아게(영업소)의  항공요금규정상 불공정약관조항에 대한 건,https://www.law.go.kr/DRF/lawService.do?OC=test&target=ftc&ID=993&type=HTML,(문서 전체 — 조항 구분 없음),무효,조문인용 추론,위험,"제6조,제8조,제9조",부당한 비용·세금 전가|선택권 제한·구입 강제|과도한 위약금|일방적 계약 해지|권리행사 제한|보증금 반환 지연,"993 시정권고서 2011약관3924 2. 심사의견 가. 항공운임 환불불가 및 취소불가 관련 조항 「약관법」제6조(일반원칙) 제2항 제1호 및 제8조(손해배상액의 예정)는 고객에게 부당하게 불리한 약관조항과 고객에게 부당하게 과중한 손해배상 의무를 부담시키는 약관조항을 무효로 규정하고 있다. 먼저, 피심인의 판촉 할인운임 항공권 이용계약 취소시 환불불가를 규정한 약관조항은 고객이 운임 할인으로 얻는 이익에 비해 부당하게 과중한 손해배상의무를 부과하고 있어 약관법 제8조(손해배상액의 예정) 1 에 해당되어 무효인 약관조항이다. 피심인의 판촉 할인운임 항공권 판매시 환불불가 규정과 관련한 약관법상 위반여부는 해당 계약의 목적ㆍ내용 및 상품의 특성 2 , 손해배상액을 예정한 동기, 위약금 비율, 예상 손해액의 크기, 가격의 할인 정도, 시장상황 및 거래관행, 경쟁촉진 요소 및 관련 시장에의 파급효과, 소비자혜택 및 소비자선택 가능성 등을 고려하여 종합적으로 판단한다. 피심인의 환불불가 규정은 해당 판촉 할인운임이 상시 할인운임에 비해 저렴하다는 점과 그 성격을 감안하더라도, 위와 같은 고려요소들에 비추어 볼 때 다음과 같은 이유로 고객이 얻는 이익에 비해 계약취소에 따른 손해배상액이 부당하게 과중하다고 판단된다. 첫째, 가격할인의 정도와 손해배상 예정액인 해약금의 크기 및 비율(공항이용료 제외하고 100%)을 고려할 때 사업자의 이익을 과중하게 고려함으로써 사업자와 고객의 이익을 균형있게 고려하여야 한다는 약관법의 취지에 부합하지 않는다. 즉, 판촉 할인운임은 상시 할인운임 중 가장 저렴한 E 또는 L클래스(취소 수수료 120 유로) 운임에 비해 약 20 ~ 30% 정도 저렴한 것에 불과함에도 이용대금의 100%를 해약금으로 환수하고 있다. 실제 사례를 살펴보면 아래와 같이 판촉 할인운임은 상시 할인운임에 비해 21.2%(280천원) 저렴하나, 고객이 취소시 부담하는 금액은 1,041천원으로 상시할인운임 취소시 부담하는 취소 수수료(177천원)의 588%에 달하고 있다. 환불 금액 비교(인천-프랑크프르트 왕복) * 유류할증류 : EUR190(왕복), 보안할증료 :EUR8 [EUR1=1,477원, 2012. 3. 19. 환율 기준] 이는 항공사가 판촉 할인운임 항공권 취소에 대하여 일정한 제한을 두어 이미 판매된 좌석을 안정적으로 확보하고자하는 목적을 고려하더라도 고객에게 지나치게 과중한 손해배상의무를 부과하고 있는 것으로 판단된다. 둘째, 시장상황, 예상 손해의 회피 가능성 등을 고려할 때 환불불가 조항은 부당하다. 즉, 판촉 할인운임 항공권은 시장에서의 수요가 높아 조기에 매진되는 경우가 많고 재판매가 가능한 일정한 기한내에 고객이 취소하는 경우 이를 재판매함으로써 그 손실을 보전할 수 있는 기회가 상당하다는 점을 감안할 때 환불불가 조항은 고객에게 과중한 손해배상액을 부담시키고 있다. 셋째, 판촉 할인운임 항공권도 가격이 낮은 등급의 상시 할인운임 항공권과 같이 출발 7일전 사전구입, 최소 체류 6일, 귀국편은 국제선 출발 후 다음 일요일",,미검수,,,"근거 서술에 조항 문구 인용 없음. 환불불가 규정의 내용만 설명되어 있으며, 따옴표나 「」로 명시된 원문 조항이 없습니다.",candidates_ftc_불공정약관조항.csv
법제처 OPEN API/ftc,1131,,리조트나라의 여행약관 및 특약ㆍ예약진행사항상 불공정약관조항에 대한 건,https://www.law.go.kr/DRF/lawService.do?OC=test&target=ftc&ID=1131&type=HTML,고객이 계약의 거래형태등 제반사정에 비추어 예상하기 어려운 조항,무효,조문인용 추론,위험,"제6조,제8조,제10조",부당한 비용·세금 전가|선택권 제한·구입 강제|과도한 위약금|일방적 급부·조건 변경,"2. 고객이 계약의 거래형태등 제반사정에 비추어 예상하기 어려운 조항 나. 취소 규정 변경 관련 피심인이 특약으로 운용하고 있는 취소(위약) 규정은 고객이 계약 취소시 부담해야하는 위약금에 대해 정한 약관조항으로서 고객이 부담해야하는 급부의 중요한 내용이므로 동 취소 규정을 변경해야할 때는 사전에 고객에게 이를 통지하고 변경내용에 대해서 고객의 동의를 얻어야 한다. 그러나 피심인의 여행약관 제5조 2) 및 특약ㆍ예약진행사항 6. ㄹ) ▶의 밑줄 친 부분은 피심인이 취소 규정을 고객에게 사전 통보없이 변경할 수 있도록 하고 있어 급부의 중요한 내용을 사업자가 일방적으로 변경할 수 있도록 권한을 부여하고 있으므로 약관법 제10조 제1호에 해당하여 무효이다. ※「약관법」 제10조(채무의 이행) 채무의 이행에 관하여 정하고 있는 약관의 내용중 다음 각 호의 1에 해당하는 내용을 정하고 있는 조항은 이를 무효로 한다. 1. 상당한 이유없이 급부의 내용을 사업자가 일방적으로 결정하거나 변경할 수 있도록 권한을 부여한 조항 다. 항공ㆍ호텔관련 비용 선납 후 계약취소시 환불 불가 관련 피심인은 공정거래위원회가 승인한 국외여행표준약관을 허니문상품의 기본약관으로 사용하면서 고객이 허니문상품의 이용계약을 취소하는 경우 고객이 부담해야할 위약금에 대해서는 특약ㆍ예약진행사항 6. ㄹ)의 패널티 취소규정으로 정하고 있고, 동 취소규정은 기본약관에 비해 고객에게 위약금으로 부과하는 금액이 매우 크고, 여행출발일 기준으로 이른 시기에 이용계약을 취소하여도 위약금을 부과하고 있다. 위와 같이 특약으로 취소규정을 두어 기본약관에 비해 위약금을 과중하고 엄격하게 부과하고 있음에도 불구하고, 피심인의 여행약관 제5조 3) 및 특약ㆍ예약진행사항 5. ㄹ), 6. ㄷ) 1)의 밑줄 친 부분은 고객의 이용계약 취소시 고객에게 항공ㆍ숙박시설에 대한 취소료를 위약금 외에 별도로 부담하도록 규정하고 있을 뿐만 아니라 고객의 여행계약 취소로 피심인이 항공ㆍ숙박과 관련하여 부담해야하는 취소료의 크기가 상품마다 크게 차이가 있음에도 이를 전혀 고려하지 않고 항공권 예약ㆍ발권 및 숙박시설 예약ㆍ확약을 위해 송금(지불)된 비용을 일체 환불해주지 않고 있다. 따라서 피심인의 여행약관 제5조 3) 및 특약ㆍ예약진행사항 5. ㄹ), 6. ㄷ) 1)의 밑줄 친 부분은 고객에 대하여 부당하게 과중한 위약금을 부과하고 있어 약관법 제8조(손해배상액의 예정)에 해당되어 무효이다. ※「약관법」 제8조(손해배상액의 예정) 고객에 대하여 부당하게 과중한 손해배상의무를 부담시키는 약관조항은 이를 무효로 한다. 라. 몰디브 여행상품 취소시 환불불가 관련 몰디브를 여행지로 하는 신혼여행상품도 고객의 여행계약 취소로 인해 피심인이 부담해야하는 손해, 즉 항공ㆍ숙박관련 취소료는 허니문상품의 구성내용(숙박시설, 항공사, 항공좌석, 여행시기)에 따라 발생시기 및 크기가 다양하다. 그리고 피심인은 고객의 여행계약 취소로 인해 항공ㆍ숙박과 관련하여 지급한 취소료를 증빙을 통해 고객에게 입증하고 이 금액과 피심인의 인건비 등의",,미검수,,,근거 서술에 조항 문구 인용 없음. 밑줄 친 부분이 있다고 언급되나 실제 문구는 제시되지 않음,candidates_ftc_불공정약관조항.csv
법제처 OPEN API/ftc,10077,,명품애견의 분양계약서상 불공정약관조항에 대한 건,https://www.law.go.kr/DRF/lawService.do?OC=test&target=ftc&ID=10077&type=HTML,보상조항,무효,조문인용 추론,위험,제7조,책임 면제,"2. 보상조항 가. 약관조항 나. 검토의견 : 무효 민법 제580조 및 제575조에 의하면 매매의 목적물에 하자로 인하여 계약의 목적을 달성할 수 없는 경우 매수인은 계약을 해제할 수 있고, 이 경우 사업자는 민법 제548조 계약해제에 따른 원상회복의무에 따라 고객에게 구매대금을 환불하여야 한다. 이와 관련 소비자분쟁해결기준(공정위 고시 제2009-1호)에서는 애완동물 구입 후 15일 이내 폐사한 경우 소비자는 중대한 과실이 없는 한 동종의 애완동물로 교환 또는 구입가로 환급을 청구할 수 있도록 규정되어 있다. 동 규정은 애완견에 자주 발생하는 파보 바이러스나 홍역 등 질병의 잠복기가 최소 2주가 넘기 때문에 애완견은 매매당시 잠복되었던 동 질병으로 인하여 구입 후 15일내 폐사하거나 질병이 자주 발생하는 점을 감안하여 사업자의 하자담보책임 범위를 규정한 것이다. 즉 애완견에 발생되는 질병의 특성을 감안할 때, 구매 후 3일 또는 14일 이내에 폐사한 애완견에 대하여는 사업자가 하자담보책임을 지게 될 가능성이 많으며, 이 경우 사업자는 소비자가 원하면 구매대금을 고객에게 환불하여야 할 것이다. 그러나 위 약관조항은 어떠한 경우에도 고객에게 구매대금을 환불하지 않으면서 3일 이내 폐사에 대하여는 동종 애완견으로 교환만 해주고, 4일～14일 이내 폐사에 대하여는 고객이 구매대금의 50%를 부담한 경우에 한하여 교환만 가능하도록 규정하고 있다. 그러므로 위 약관조항은 상당한 이유없이 사업자의 담보책임을 배제 또는 제한하는 조항으로 약관법 제7조 제3호에 해당된다. ",,미검수,,,"근거 서술에 조항 문구 인용 없음. 약관 내용은 '3일 이내 폐사에 대하여는 동종 애완견으로 교환만 해주고, 4일～14일 이내 폐사에 대하여는 고객이 구매대금의 50%를 부담한 경우에 한하여 교환만 가능'으로 설명되어 있으나 원문 인용이 아님",candidates_ftc_불공정약관조항.csv
법제처 OPEN API/ftc,10077,,명품애견의 분양계약서상 불공정약관조항에 대한 건,https://www.law.go.kr/DRF/lawService.do?OC=test&target=ftc&ID=10077&type=HTML,보상제외 조항,무효,조문인용 추론,위험,제7조,책임 면제,"3. 보상제외 조항 가. 약관조항 나. 검토의견 : 무효 민법 제580조 및 제575조에 의하면 애완견이 매매 당시 잠복되어 있던 질병으로 인하여 매매 후 질병이 발생한 경우 사업자는 매도인으로서 강아지에 대하여 하자담보책임을 지게 된다. 이와 관련 소비자보호법상[현 소비자기본법의 소비자분쟁해결기준(공정위 고시 제2009-1호)]에서는 애완동물 구입 후 15일 이내 질병이 발생한 경우 사업자는 제반비용을 부담하여 회복시켜 소비자에게 인도하도록 규정되어 있다. 따라서 구매한 애완견에게 질병이 발생하여 고객이 사업자가 지정한 병원에서 진료하지 아니하고 임의로 타병원에서 진료하더라도 동 진료행위가 질병발생에 대하여 관련이 없거나 책임이 없는 경우 등에 대하여는 사업자가 애완견의 질병에 대하여 하자담보책임을 져야 할 것이다. 그러나 위 약관조항은 애완견 구매 후 애완견에게 질병이 발생하여 고객이 임의로 타병원에서 진료하는 모든 경우에 대하여 소비자보호법에서 제외된다고 정하여 사업자의 하자담보책임을 배제하고 있으므로 이는 상당한 이유없이 사업자의 담보책임을 제한하는 조항으로 약관법 제7조 제3호에 해당된다. ]]> 나. 검토의견 : 무효 민법 제580조 및 제575조에 의하면 매매의 목적물에 하자가 있는 때에는 매수인은 계약의 목적을 달성할 수 없는 경우에 한하여 계약을 해제할 수 있고, 그 외에는 매도인에게 손해배상을 청구할 수 있다. 따라서 사업자가 매도한 강아지가 매매 당시 잠복되어 있던 질병으로 인하여 매매 후 질병이 발생하거나 폐사하는 경우 고객은 계약을 해제할 수 있고, 사업자에게 손해배상을 청구할 수 있다. 그러나 위 약관조항은 강아지에 대한 건강체크 후에는 동 강아지에 잠복되어 있던 질병이 발생하더라도 사업자가 어떠한 책임을 지지 않도록 정하고 있으므로 이는 상당한 이유없이 사업자의 담보책임을 배제 또는 제한하는 조항으로 약관법 제7조 제3호에 해당된다. ",,미검수,,,"근거 서술에 조항 문구 인용 없음. 조항 내용이 설명만 되어 있으며, 정확한 문구를 특정할 수 없음",candidates_ftc_불공정약관조항.csv
법제처 OPEN API/ftc,10389,,불공정약관조항에 대한 건,https://www.law.go.kr/DRF/lawService.do?OC=test&target=ftc&ID=10389&type=HTML,(문서 전체 — 조항 구분 없음),무효,조문인용 추론,위험,제7조,책임 면제,"10389 시정권고서 2008약관 2. 검토의견 : 무효 ○ 건축물의 공급계약에 있어서 공급면적 및 대지의 공유지분이 당초에 계약했던 내용과 상이한 경우에는 정산절차를 걸치는 것이 당연하다 할 것임. - 비록 그 차이가 건축법 시행규칙에서 허용하는 범위라 하더라도 이는 기술상 문제로 인하여 발생할 수 있는 오차범위에 대해 규정한 것이므로 오차가 발생된 경우에는 정산하는 것이 타당함. ○ 또한 지하주차장의 면적은 건축물 공급계약체결시 계약면적에 포함되는 것으로서 건축물의 자체의 가치를 증감시킬 수 있는 중요한 부분 중 하나라고 할 것이며, 이의 공사비용은 분양가에 반영되어 있다고 봄이 타당하므로, 당초 계약면적에 비해 증감이 발생하였을 경우에는 이에 대해 정산절차를 거쳐야 할 것임. ○ 따라서 공급면적 또는 대지의 공유지분이 법령이 허용하는 범위 내에서 오차가 발생할 경우에는 분양대금의 변동이 없는 것으로 하며, 지하주차장의 면적이 계약내용과 다르게 증감되는 경우에도 정산을 요구하지 않도록 규정하고 있는 피심인의 위 약관조항은 상당한 이유 없이 사업자의 담보책임을 배제 또는 제한하는 조항으로서 약관법 제7조 제3호에 해당됨. ]]> 2. 검토의견 : 무효 ○ 건축물의 공급계약에 있어서 공급면적 및 대지의 공유지분이 당초에 계약했던 내용과 상이한 경우에는 정산절차를 걸치는 것이 당연하다 할 것임. - 비록 그 차이가 건축법 시행규칙에서 허용하는 범위라 하더라도 이는 기술상 문제로 인하여 발생할 수 있는 오차범위에 대해 규정한 것이므로 오차가 발생된 경우에는 정산하는 것이 타당함. ○ 또한 지하주차장의 면적은 건축물 공급계약체결시 계약면적에 포함되는 것으로서 건축물의 자체의 가치를 증감시킬 수 있는 중요한 부분 중 하나라고 할 것이며, 이의 공사비용은 분양가에 반영되어 있다고 봄이 타당하므로, 당초 계약면적에 비해 증감이 발생하였을 경우에는 이에 대해 정산절차를 거쳐야 할 것임. ○ 따라서 공급면적 또는 대지의 공유지분이 법령이 허용하는 범위 내에서 오차가 발생할 경우에는 분양대금의 변동이 없는 것으로 하며, 지하주차장의 면적이 계약내용과 다르게 증감되는 경우에도 정산을 요구하지 않도록 규정하고 있는 피심인의 위 약관조항은 상당한 이유 없이 사업자의 담보책임을 배제 또는 제한하는 조항으로서 약관법 제7조 제3호에 해당됨. ]]> 2. 검토의견 : 무효 ○ 건축물의 공급계약에 있어서 공급면적 및 대지의 공유지분이 당초에 계약했던 내용과 상이한 경우에는 정산절차를 걸치는 것이 당연하다 할 것임. - 비록 그 차이가 건축법 시행규칙에서 허용하는 범위라 하더라도 이는 기술상 문제로 인하여 발생할 수 있는 오차범위에 대해 규정한 것이므로 오차가 발생된 경우에는 정산하는 것이 타당함. ○ 또한 지하주차장의 면적은 건축물 공급계약체결시 계약면적에 포함되는 것으로서 건축물의 자체의 가치를 증감시킬 수 있는 중요한 부분 중 하나라고 할 것이며, 이의 공사비용은 분양가에 반영되어 있다고 봄이 타당하므로, 당초 계약면적에 비해 증감이 발생하였을 경우에는 이에 대",,미검수,"공급면적 또는 대지의 공유지분이 법령이 허용하는 범위 내에서 오차가 발생할 경우에는 분양대금의 변동이 없는 것으로 하며, 지하주차장의 면적이 계약내용과 다르게 증감되는 경우에도 정산을 요구하지 않도록 규정",보통,따옴표 없이 서술되었으나 '피심인의 위 약관조항은' 앞에 명시된 조항 내용으로 보임,candidates_ftc_불공정약관조항.csv
법제처 OPEN API/ftc,9729,,우리워터스파사우나의 용역계약서상 불공정약관조항에 대한 건,https://www.law.go.kr/DRF/lawService.do?OC=test&target=ftc&ID=9729&type=HTML,(문서 전체 — 조항 구분 없음),무효,조문인용 추론,위험,제8조,과도한 위약금,"9729 시정권고서 2009약관1342 2. 검토의견 : 무효 기본적으로 임대인은 임차인이 지급하여야 할 임대료 등에 대한 연체이자율을 연체에 따른 손해정도, 거래관행 등의 제반여건을 고려하여 자유롭게 결정할 수 있다. 그러나 임대인이 정한 연체이자율이 관계법령, 거래관행 등에 비추어 과다하여 임차인에게 부당하게 과중한 손해배상의 의무를 부담하도록 하여서는 아니 된다. 한편 현행 이자제한법상 금전대차에 관한 계약상의 최고이율은 연 30%이고, 공정거래위원회가 승인한 백화점 임대차계약 표준약관[표준약관 제10011호] 제7조 제2항에서는 임대료 연체시 연체이자율을 연 24%로 정하고 있다. 그러나 위 약관조항은 임차인이 임대료 등을 연체할 경우 연체이자율을 월 5%로 정하고 있어 이를 연간으로 환산하면 연 60%에 해당되어 관계법령 및 거래관행에 비추어 과다하다고 판단된다. 따라서 위 약관조항은 고객에 대하여 부당하게 과중한 지연손해금 등 과중한 손해배상의무를 부담시키는 조항으로서 약관법 제8조에 해당된다. ]]> 2. 검토의견 : 무효 기본적으로 임대인은 임차인이 지급하여야 할 임대료 등에 대한 연체이자율을 연체에 따른 손해정도, 거래관행 등의 제반여건을 고려하여 자유롭게 결정할 수 있다. 그러나 임대인이 정한 연체이자율이 관계법령, 거래관행 등에 비추어 과다하여 임차인에게 부당하게 과중한 손해배상의 의무를 부담하도록 하여서는 아니 된다. 한편 현행 이자제한법상 금전대차에 관한 계약상의 최고이율은 연 30%이고, 공정거래위원회가 승인한 백화점 임대차계약 표준약관[표준약관 제10011호] 제7조 제2항에서는 임대료 연체시 연체이자율을 연 24%로 정하고 있다. 그러나 위 약관조항은 임차인이 임대료 등을 연체할 경우 연체이자율을 월 5%로 정하고 있어 이를 연간으로 환산하면 연 60%에 해당되어 관계법령 및 거래관행에 비추어 과다하다고 판단된다. 따라서 위 약관조항은 고객에 대하여 부당하게 과중한 지연손해금 등 과중한 손해배상의무를 부담시키는 조항으로서 약관법 제8조에 해당된다. ]]> 2. 검토의견 : 무효 기본적으로 임대인은 임차인이 지급하여야 할 임대료 등에 대한 연체이자율을 연체에 따른 손해정도, 거래관행 등의 제반여건을 고려하여 자유롭게 결정할 수 있다. 그러나 임대인이 정한 연체이자율이 관계법령, 거래관행 등에 비추어 과다하여 임차인에게 부당하게 과중한 손해배상의 의무를 부담하도록 하여서는 아니 된다. 한편 현행 이자제한법상 금전대차에 관한 계약상의 최고이율은 연 30%이고, 공정거래위원회가 승인한 백화점 임대차계약 표준약관[표준약관 제10011호] 제7조 제2항에서는 임대료 연체시 연체이자율을 연 24%로 정하고 있다. 그러나 위 약관조항은 임차인이 임대료 등을 연체할 경우 연체이자율을 월 5%로 정하고 있어 이를 연간으로 환산하면 연 60%에 해당되어 관계법령 및 거래관행에 비추어 과다하다고 판단된다. 따라서 위 약관조항은 고객에 대하여 부당하게 과중한 지연손해금 등 과중한 손해배상의무를 부담시키는 조항으로서 약관법 제8조에 ",,미검수,임차인이 임대료 등을 연체할 경우 연체이자율을 월 5%로 정하고 있어,보통,"인용 표시 없이 서술되었으나, 공정위의 판단 대상이 된 구체적 조항 내용으로 명확히 식별됨",candidates_ftc_불공정약관조항.csv
법제처 OPEN API/ftc,1133,,(유)렉스투어의 국외여행특별약관상 불공정약관조항에 대한 건,https://www.law.go.kr/DRF/lawService.do?OC=test&target=ftc&ID=1133&type=HTML,고객이 계약의 거래형태등 제반사정에 비추어 예상하기 어려운 조항,무효,조문인용 추론,위험,제6조,부당한 비용·세금 전가|선택권 제한·구입 강제|과도한 위약금,"2. 고객이 계약의 거래형태등 제반사정에 비추어 예상하기 어려운 조항 ]]> ※ 시정대상 약관조항은 위 약관조항뿐만 아니라 피심인이 사용하고 있는 모든 국외여행상품의 특별약관 중 위 약관조항과 동일한 것으로서 고객의 여행계약 취소시 국외여행표준약관 보다 과중한 위약금을 부과하는 약관조항을 포함합니다. 2. 심사의견 허니문 국외여행상품(이하 “허니문상품”이라한다)은 항공, 숙박, 이동, 관광, 안내 등으로 이루어진 팩키지 상품으로 여행사들은 자신들의 노하우, 시간, 인력 등을 투입하여 허니문상품을 개발하여 판매하거나 대형여행사들이 개발한 허니문상품을 대행 판매하고 있다. 여행사인 피심인은 통상 여행출발일 수개월 전부터 허니문상품을 판매하며 항공좌석 및 숙박시설 예약을 위해 항공사(또는 항공권을 확보하여 판매하는 여행사) 및 현지 숙박업체 등에게 선불금을 지급하는 경우가 많은 데 이때 지급하는 선불금의 크기 및 지급 시기는 허니문상품의 구성내용(숙박시설, 항공사, 항공좌석, 여행시기)에 따라 차이가 크며 고객이 허니문상품의 이용계약을 취소하는 경우 여행사가 이러한 선불금을 항공ㆍ숙박관련 취소료로 부담해야하는 경우가 대부분이다. 피심인은 공정거래위원회가 승인한 국외여행표준약관을 허니문상품의 기본약관으로 사용하면서 여행계약 취소에 따른 위약금과 관련해서는 특별약관(이하 “특약”이라 한다)을 규정하여 운영하고 있다. 동 특약은 고객이 허니문상품의 이용계약을 취소하는 경우 기본약관에 비해 고객에게 부과하는 위약금 금액이 매우 크고, 여행출발일 기준으로 보다 이른 시기에 이용계약을 취소하여도 위약금을 부과하고 있다. 이는 일반 국외여행상품에 비해 고객의 허니문상품 이용계약 취소로 인해 여행사가 숙박ㆍ항공 관련 사업자에게 지급해야할 취소료, 즉 피심인의 손해가 기본약관상 고객이 부담해야할 위약금 규정보다 크고, 보다 이른 시기부터 발생하기 때문인 점이 인정된다. 또한 피심인은 고객의 여행계약취소로 여행사는 허니문상품 개발ㆍ판매에 들어간 유ㆍ무형의 비용, 항공ㆍ숙박관련 사업자에게 지불하는 취소료 등의 손해가 발생하며 이러한 사업자의 손해는 허니문상품에 따라 매우 다양하여 이를 포괄하여 합리적으로 반영한 위약금 부과 기준을 규정ㆍ운영하기에는 현실적인 어려움이 있고, 높은 위약금 부과 기준을 운영하면서 실제 발생한 피심인의 손해가 고객이 부담해야하는 위약금에 비해 적은 경우 고객의 위약금을 감해주는 것이 고객의 반발을 막을 수 있고, 고객으로부터 위약금을 받는 데 편리함이 있음이 인정된다. 그러나, 위와 같은 허니문상품의 특성을 인정한다하더라도 피심인의 특약상 취소료 규정의 밑줄 친 부분은 고객의 여행계약 취소시 다음과 같은 상황을 전혀 고려하지 않고 고율의 위약금을 고객에게 일률적으로 부과하고 있어 고객에게 부당하게 불리하다. 첫째, 허니문상품의 이용 가격은 2인 기준으로 통상 수백만 원에 달하는 거액이므로 피심인이 고객의 계약취소로 인해 부담해야할 항공ㆍ숙박관련 취소료 등에 상응하도록 위약금 부과기준을 좀더 구체적이고 투명하게 할 필요가 있다. 둘째, ",,미검수,,,"근거 서술에 조항 문구 인용 없음. 특약상 취소료 규정의 구체적 문구가 제시되지 않았으며, '밑줄 친 부분'이라는 표현만 있음",candidates_ftc_불공정약관조항.csv
법제처 OPEN API/ftc,10297,,(재)경주공원묘원의 묘지사용계약서상 불공정약관조항에 대한 건,https://www.law.go.kr/DRF/lawService.do?OC=test&target=ftc&ID=10297&type=HTML,(문서 전체 — 조항 구분 없음),무효,조문인용 추론,위험,제10조,일방적 급부·조건 변경,10297 시정권고서 2008약관2702 가. 약관조항 나. 검토의견 : 무효 ㅇ 장사 등에 관한 법률 제24조 제1항에 따르면 관리비는 사업자가 정하여 지자체에 신고하도록 규정되어 있을 뿐 지자체(정부)의 승인사항은 아님 - 그러므로 위 약관조항은 고객이 체납된 관리비를 납부하는 경우에는 사업자가 정부에 신고하여 납부 당시 적용하고 있는 관리비를 납부하도록 규정하고 있는 것으로 해석됨 ㅇ 따라서 위 약관조항에 의하면 고객은 기존의 체납관리비에 대하여 사업자가 일방적으로 정한 관리비로 납부하여야 함 - 이 경우 고객은 사업자가 정한 높은 관리비로 기존의 체납된 관리비를 납부하여야 하는 경우가 발생할 수 있음 - 그러므로 위 약관조항은 상당한 이유없이 급부의 내용을 사업자가 일방적으로 결정하거나 변경할 수 있도록 권한을 부여하는 조항으로 약관법 제10조 제1호에 해당됨 ]]> 가. 약관조항 나. 검토의견 : 무효 ㅇ 장사 등에 관한 법률 제24조 제1항에 따르면 관리비는 사업자가 정하여 지자체에 신고하도록 규정되어 있을 뿐 지자체(정부)의 승인사항은 아님 - 그러므로 위 약관조항은 고객이 체납된 관리비를 납부하는 경우에는 사업자가 정부에 신고하여 납부 당시 적용하고 있는 관리비를 납부하도록 규정하고 있는 것으로 해석됨 ㅇ 따라서 위 약관조항에 의하면 고객은 기존의 체납관리비에 대하여 사업자가 일방적으로 정한 관리비로 납부하여야 함 - 이 경우 고객은 사업자가 정한 높은 관리비로 기존의 체납된 관리비를 납부하여야 하는 경우가 발생할 수 있음 - 그러므로 위 약관조항은 상당한 이유없이 급부의 내용을 사업자가 일방적으로 결정하거나 변경할 수 있도록 권한을 부여하는 조항으로 약관법 제10조 제1호에 해당됨 ]]> 가. 약관조항 나. 검토의견 : 무효 ㅇ 장사 등에 관한 법률 제24조 제1항에 따르면 관리비는 사업자가 정하여 지자체에 신고하도록 규정되어 있을 뿐 지자체(정부)의 승인사항은 아님 - 그러므로 위 약관조항은 고객이 체납된 관리비를 납부하는 경우에는 사업자가 정부에 신고하여 납부 당시 적용하고 있는 관리비를 납부하도록 규정하고 있는 것으로 해석됨 ㅇ 따라서 위 약관조항에 의하면 고객은 기존의 체납관리비에 대하여 사업자가 일방적으로 정한 관리비로 납부하여야 함 - 이 경우 고객은 사업자가 정한 높은 관리비로 기존의 체납된 관리비를 납부하여야 하는 경우가 발생할 수 있음 - 그러므로 위 약관조항은 상당한 이유없이 급부의 내용을 사업자가 일방적으로 결정하거나 변경할 수 있도록 권한을 부여하는 조항으로 약관법 제10조 제1호에 해당됨 ]]> 가. 약관조항 나. 검토의견 : 무효 ㅇ 장사 등에 관한 법률 제24조 제1항에 따르면 관리비는 사업자가 정하여 지자체에 신고하도록 규정되어 있을 뿐 지자체(정부)의 승인사항은 아님 - 그러므로 위 약관조항은 고객이 체납된 관리비를 납부하는 경우에는 사업자가 정부에 신고하여 납부 당시 적용하고 있는 관리비를 납부하도록 규정하고 있는 것으로 해석됨 ㅇ 따라서 위 약관조항에 의하면 고객은 기존의 체납관리비에 대,,미검수,,,근거 서술에 조항 문구 인용 없음. '위 약관조항'으로만 지칭되며 구체적인 조항 문구가 따옴표나 명시적 인용 형태로 제시되지 않음,candidates_ftc_불공정약관조항.csv
법제처 OPEN API/ftc,10825,,(주)8282기획[빨리빨리대리운전]의 수익금분배약정서상 불공정약관조항에 대한 건,https://www.law.go.kr/DRF/lawService.do?OC=test&target=ftc&ID=10825&type=HTML,원상회복의무를 경감하는 조항,무효,조문인용 추론,위험,제9조,일방적 계약 해지|권리행사 제한|보증금 반환 지연,"2. 원상회복의무를 경감하는 조항 가. 약관조항 나. 심사의견 : 무 효 ○ 가입비의 대부분은 보험료로서 기사와의 계약이 해지되면 그에 따른 보험계약도 해지되어 해약환급금을 수령하는 경우가 있으므로 이에 해당하는 금액은 반환해야 할 금액에 해당함. 따라서, 가입비에서 경과된 기간에 해당하는 보험료와 영업관리를 위해 사용된 금액 등을 제외한 나머지 금액은 반환하는 것이 타당함 - 위와 같은 점에서 계약해지시 가입비를 전액 반환하지 않는 조항은 사업자가 부담하여야 할 원상회복의무를 부당하게 경감하는 것이므로 약관법 제9조 제4호에 해당됨 ]]> 나. 심사의견 : 무 효 ㅇ 계약의 해지는 계약당사자의 이해관계에 중대한 영향을 미치는 사항으로 해지사유는 구체적으로 열거되고 또한 그 내용도 타당하여야 할 것임 - 설사 계약당사자의 책임있는 사유로 인하여 계약을 해지할 경우에도 채무이행 불능이나 법규위반과 같은 당연사유를 제외하고는 상당한 기간을 정하여 그 이행을 최고하고 이행이 없을 때 비로소 그 계약을 해지할 수 있도록 함이 원칙임(민법 제544조) ㅇ 위 약관조항은 최고할 필요 없이 즉시 해지가 가능하도록 되어있어 법률의 규정에 의한 해지권의 행사요건을 완화하여 고객에 대하여 부당하게 불이익을 줄 우려가 있는 조항으로 약관법 제9조 제2호에 해당됨 ",,미검수,,,근거 서술에 조항 문구 인용 없음. 계약해지시 가입비를 전액 반환하지 않는다는 내용만 설명되어 있음,candidates_ftc_불공정약관조항.csv
법제처 OPEN API/ftc,9499,,(주)가우디환경의 음식물쓰레기처리기 렌탈계약서상 불공정약관조항에 대한 건,https://www.law.go.kr/DRF/lawService.do?OC=test&target=ftc&ID=9499&type=HTML,(문서 전체 — 조항 구분 없음),무효,조문인용 추론,위험,제8조,과도한 위약금,"9499 시정권고서 2009약관 1275 나. 검토의견 : 무효 소송촉진등에 관한 특례법 및 시행령은 금전채무불이행으로 인한 손해배상액산정의 기준이 되는 법정이율을 연 2할로 정하고 있다. 그러나, 심사대상 약관조항은 고객이 렌탈료 납입을 지연하는 경우 고객에게 월 5%, 즉 연 6할의 지연이자를 납부하도록 하고 있고, 또한 피심인은 고객의 렌탈료 납입지연에 따른 피심인의 손해가 지연이자에 상당하다고 볼 수 있는 객관적 근거를 제출하지 못하고 있다. 따라서, 심사대상 약관조항은 고객에게 법정이율의 3배에 해당하는 과중한 지연손해금을 부당하게 부담시키므로 약관법 제8조에 해당되어 무효인 약관조항이다. ※ 「약관법」 제8조(손해배상액의 예정) ㆍ 고객에 대하여 부당하게 과중한 지연손해금 등의 손해배상의무를 부담시키는 약관조항은 이를 무효로 한다. 2. 중도해지에 따른 위약금 관련 가. 약관조항 나. 검토의견 : 무효 고객의 귀책사유로 인한 계약해지시 위약금은 거래관행상 통상적으로 계약금액의 10%정도이고, 정수기임대차(렌탈) 표준약관에 의하면 의무사용기간을 1년 초과로 정한 경우 의무사용기간 잔여월 임대료의 10%에 해당하는 금액이다. 그런데 심사대상 약관조항은 렌탈계약을 중도해지 하는 경우 제품가격의 50% 또는 잔여렌탈비 중 적은 금액을 위약금으로 정하여 고객에게 부담시키고 있고, 피심인은 고객의 중도해지로 인한 피심인의 손해가 위약금에 상당하다고 볼 수 있는 객관적 근거를 제출하지 못하고 있다. 따라서 심사대상 약관조항은 렌탈계약의 중도해지로 발생한 중고 음식쓰레기처리기의 재활용에 어려움이 있음을 감안하더라도 고객에게 지나치게 과중한 손해배상의무를 부담시키므로 약관법 제8조에 해당되어 무효인 약관조항이다. ]]> 나. 검토의견 : 무효 소송촉진등에 관한 특례법 및 시행령은 금전채무불이행으로 인한 손해배상액산정의 기준이 되는 법정이율을 연 2할로 정하고 있다. 그러나, 심사대상 약관조항은 고객이 렌탈료 납입을 지연하는 경우 고객에게 월 5%, 즉 연 6할의 지연이자를 납부하도록 하고 있고, 또한 피심인은 고객의 렌탈료 납입지연에 따른 피심인의 손해가 지연이자에 상당하다고 볼 수 있는 객관적 근거를 제출하지 못하고 있다. 따라서, 심사대상 약관조항은 고객에게 법정이율의 3배에 해당하는 과중한 지연손해금을 부당하게 부담시키므로 약관법 제8조에 해당되어 무효인 약관조항이다. ※ 「약관법」 제8조(손해배상액의 예정) ㆍ 고객에 대하여 부당하게 과중한 지연손해금 등의 손해배상의무를 부담시키는 약관조항은 이를 무효로 한다. 2. 중도해지에 따른 위약금 관련 가. 약관조항 나. 검토의견 : 무효 고객의 귀책사유로 인한 계약해지시 위약금은 거래관행상 통상적으로 계약금액의 10%정도이고, 정수기임대차(렌탈) 표준약관에 의하면 의무사용기간을 1년 초과로 정한 경우 의무사용기간 잔여월 임대료의 10%에 해당하는 금액이다. 그런데 심사대상 약관조항은 렌탈계약을 중도해지 하는 경우 제품가격의 50% 또는 잔여렌탈비 중 적은 금액을 위약금으로 정하여 고객에게 부",,미검수,"고객이 렌탈료 납입을 지연하는 경우 고객에게 월 5%, 즉 연 6할의 지연이자를 납부하도록 하고",보통,"따옴표 없이 인용된 조항 내용으로, 지연이자율에 관한 문구를 그대로 옮김",candidates_ftc_불공정약관조항.csv
법제처 OPEN API/ftc,10483,,(주)나인스에비뉴의 상가공급계약서상 불공정약관조항에 대한 건,https://www.law.go.kr/DRF/lawService.do?OC=test&target=ftc&ID=10483&type=HTML,면적 및 조건변경 조항,무효,조문인용 추론,위험,"제6조,제7조,제10조",부당한 비용·세금 전가|선택권 제한·구입 강제|과도한 위약금|책임 면제|일방적 급부·조건 변경,"3. 면적 및 조건변경 조항 가. 약관조항 나. 심사의견 제1항 : 무효 ㅇ 일반적으로 당초에 예정했던 급부내용과 실제 급부내용이 상이한 경우에는 정산절차를 거쳐야 하는 것이 당연하다 할 것이며, 비록 그 차이가 불가피하게 발생된 극소한 경우일지라도 정산방법 등에 관하여 사전에 고객의 의견을 수렴하여 조치하는 것이 타당함 ㅇ 그럼에도 불구하고 현행 약관조항은 공부정리상 공급면적이 계약면적 대비 0.3% 이내의 구좌 간에 면적의 차이가 있을 경우 수분양자가 이에 대하여 이의를 제기치 않는다고 규정하고 있는 바, 이는 상당한 이유없이 사업자의 담보책임을 배제 또는 제한하는 조항으로서 약관법 제7조 제3호에 해당됨 제2항 : 무효 ㅇ 수량을 지정한 매매의 목적물이 부족하게 된 경우 매수인은 매도인에 대하여 대금감액이나 손해배상을 청구할 수 있으며 계약목적을 달성할 수 없을 경우 계약을 해제할 수 있음(민법 제570조 이하) ㅇ 따라서 분양물건의 위치, 면적 및 구조, 경관 등의 변경을 이유로 대지면적이나 건물면적에 변동이 생긴 경우 법률에 의해 인정된 매수인의 권리를 인정하거나 변동에 대해 정산절차를 거쳐야 할 것임 ㅇ 그럼에도 불구하고 사업자의 현행 약관은 건축물의 설계변경 또는 허가조건의 변동 등으로 분양물건의 위치, 면적 및 구조, 경관 등이 변경될 수 있도록 하여 급부의 내용을 사업자가 일방적으로 결정하거나 변경할 수 있도록 권한을 부여하는 조항으로 약관법 제10조 제1호에 해당됨 제3항 : 무효 ㅇ 상가분양계약에서 고객은 사업자가 제공한 광고, 인쇄물, 전단지 등(이하 “홍보물”이라 한다)을 통해 정보(층별 입점업종, 무이자 융자 등 분양조건)를 수집하고 이를 바탕으로 당해 상가를 선택하는 것이 통상이므로 홍보물의 표시사항은 매우 중요하다고 할 것임 ㅇ 층별 입점업종 등 상가분양의 홍보물에 기재된 표시사항중 고객의 권리 ㆍ 의무에 영향을 미치는 중요한 사항이 실제와 상이할 수 있다고 정할 경우에는 고객에게 예측하지 못한 손해를 끼칠 우려가 있음 ㅇ 따라서 사업자의 사정에 따라 홍보물의 표시사항이 실제와 차이가 날 수 있다고 정하고 있는 위 약관조항은 고객에 대하여 부당하게 불리한 조항으로 약관법 제6조 제2항 제1호에 해당됨 ",,미검수,,,"근거 서술에 조항 문구 인용 없음. 면적 차이 0.3% 기준, 설계변경 허용, 홍보물 표시사항 변경 가능 등의 내용이 설명되어 있으나 따옴표나 「」로 명시된 원문 인용이 없음",candidates_ftc_불공정약관조항.csv
법제처 OPEN API/ftc,10483,,(주)나인스에비뉴의 상가공급계약서상 불공정약관조항에 대한 건,https://www.law.go.kr/DRF/lawService.do?OC=test&target=ftc&ID=10483&type=HTML,입점 지연시 책임 조항,무효,조문인용 추론,위험,"제7조,제10조",책임 면제|일방적 급부·조건 변경,"6. 입점 지연시 책임 조항 가. 약관조항 나. 심사의견 제6항 : 무효 ㅇ 민법 제537조의 채무자위험부담주의 규정에 따르면 당사자간의 개별약정으로 달리 정할 수는 있으나 위 약관조항은 '천재지변 등 불가항력인 사유’로 입점 지정일에 분양물건을 수분양자에게 명도할 수 없을 경우 수분양자가 이의 제기하지 못한다고 하여, ㅇ 특약이나 개별약정이 아닌 약관의 형태로서 법률의 규정보다 고객에게 더 불리하게 입점지연에 대한 면책을 규정하여 상당한 이유 없이 사업자의 손해배상범위를 제한하거나 사업자가 부담하여야 할 위험을 고객에게 이전시키는 조항으로서 약관법 제7조제2호에 해당됨 ㅇ 매수인은 계약이 내용대로 이행되지 아니하면 매도인에 대하여 대금감액이나 손해배상을 청구할 수 있으며 계약목적을 달성할 수 없을 경우 계약을 해제할 수도 있음(민법 제570조 이하) ㅇ 만약 사업계획이 불가피하게 변경되는 경우 법률에 의해 인정된 매수인의 권리를 인정하거나 변경에 대해 정산절차를 거쳐야 할 것임 ㅇ 그럼에도 불구하고 사업자의 현행 약관은 '불가피한 사업계획의 변경’일 경우 입점일을 자의적으로 정할 수 있도록 하여 급부의 내용을 사업자가 일방적으로 결정하거나 변경할 수 있도록 권한을 부여한 조항으로 약관법 제10조 제1호에 해당됨 ㅇ 일반적으로 사업자가 불가항력의 사유로 채무를 불이행한 경우 그 책임이 면책되므로 다수 고객을 상대로 하는 약관상에 불가항력 사유를 규정할 때에는 개념과 범위가 명확하여야 할 것임 ㅇ 위 약관조항에서 분양목적물의 인도지연책임 면책사유로 규정한 '기타 상당하다고 인정되는 사유’는 개념이 불명확하고 그 범위가 포괄적임 ㅇ 따라서 사업자의 자의적인 판단에 의해 분양목적물의 인도지연책임을 면책할 수 있도록 규정하면서 이에 대한 이의제기를 금지한 위 조항은 사업자의 고의 또는 중대한 과실로 인한 법률상의 책임을 배제하는 조항 및 법률의 규정에 의한 고객의 항변권, 상계권 등의 권리를 상당한 이유 없이 배제 또는 제한하는 조항으로 약관법 제7조 제1호 및 제11조 제1호에 해당됨 ",,미검수,,,"근거 서술에 조항 문구 인용 없음. 내용만 설명되어 있음('천재지변 등 불가항력인 사유', '불가피한 사업계획의 변경', '기타 상당하다고 인정되는 사유' 등은 모두 의역 또는 설명 형태)",candidates_ftc_불공정약관조항.csv
법제처 OPEN API/ftc,10483,,(주)나인스에비뉴의 상가공급계약서상 불공정약관조항에 대한 건,https://www.law.go.kr/DRF/lawService.do?OC=test&target=ftc&ID=10483&type=HTML,계약해제 ㆍ 해지 조항,무효,조문인용 추론,위험,"제8조,제9조,제11조",과도한 위약금|일방적 계약 해지|권리행사 제한|보증금 반환 지연,"11. 계약해제 ㆍ 해지 조항 가. 약관조항 나. 심사의견 제1항 : 무효 ㅇ 계약의 해제 및 해지는 계약당사자의 이해에 중대한 영향을 미치는 사항이므로 설사 상대방의 계약위반이 있더라도 계약을 무의미하게 할 정도가 아니라면 상당한 기간을 정하여 그 이행을 최고하고 그 기간 내에 이행하지 아니한 때에 비로소 계약을 해제 또는 해지 할 수 있다 할 것임 ㅇ 따라서 상당한 기간을 정하여 최고함이 없이 계약을 해지할 수 있도록 하는 위 약관조항은 법률의 규정에 의한 해제 ㆍ 해지권의 행사 요건을 완화하여 고객에 대하여 부당하게 불이익을 줄 우려가 있는 조항으로 약관법 제9조 제2호에 해당됨 제2항 : 무효 ㅇ 부동산 거래에 있어서 손해배상액의 예정인 위약금은 총 대금의 10%로 함이 통상적인 거래관행임에도 불구하고 총 대금의 10%에 해당하는 계약금뿐만 아니라 총 거래대금의 10%~15%에 해당하는 개발비까지도 위약금으로 약정하고 있는 위 약관조항은 고객에 대하여 부당하게 과중한 손해배상의무를 부담시키는 조항으로 약관법 제8조에 해당됨 ㅇ 또한, 동시이행의 항변권은 우리 민법상 쌍무계약에 있어서 채무이행의 원칙임에도 계약의 해제시에 반환하여야 할 대금을 90일 이내에 반환하기로 하여 동시이행관계를 배척하고 있는 위 약관조항은 법률의 규정에 의한 고객의 항변권을 부당하게 제한하는 조항으로 약관법 제11조 제1호에 해당됨 ",,미검수,,,"근거 서술에 조항 문구 인용 없음. 계약해제·해지 관련 구체적인 약관 문구가 따옴표나 「」로 명시되지 않았으며, 공정위의 판단 내용만 서술되어 있음",candidates_ftc_불공정약관조항.csv
법제처 OPEN API/ftc,11331,,(주)다날의 골드회원 서비스 이용약관상 불공정약관조항에 대한 건,https://www.law.go.kr/DRF/lawService.do?OC=test&target=ftc&ID=11331&type=HTML,(문서 전체 — 조항 구분 없음),무효,조문인용 추론,위험,제6조,부당한 비용·세금 전가|선택권 제한·구입 강제|과도한 위약금,"11331 시정권고서 2006약관1331 나. 검토의견 : 무효 ㅇ 사업자가 약관에 의해 자기에게 유리하도록 고객의 해지권을 제한하거나 배제할 경우 계약을 강제로 유지하게 되는 등 고객피해가 매우 크게 됨 ㅇ 더구나 인터넷을 통한 사이버거래는 대부분이 회원제로 운영되고, 회원가입은 사업자가 제공하는 서비스를 약관에 정한 조건에 따라 이용하기로 하는 계약체결이므로 회원탈퇴에 대한 해지의 자유는 보장되어야 할 것임 ㅇ 또한 인터넷사이버몰 표준약관도 회원은 언제든지 탈퇴를 요청할 수 있으며 사업자는 즉시 회원탈퇴를 처리하도록 정하여 회원탈퇴의 자유를 보장하도록 되어 있음 ㅇ 그러나 피청구인의 약관조항은 회원탈퇴에 대한 전제조건으로 무조건 유료회원으로 전환된 월을 포함하여 3개월 이상을 사용하도록 정하여 회원의 자유로운 탈퇴를 상당히 제한하고 있으므로 이는 고객에 대하여 부당하게 불리한 조항으로 약관법 제6조 제2항 제1호에 해당되어 무효임 ]]> 나. 검토의견 : 무효 ㅇ 사업자가 약관에 의해 자기에게 유리하도록 고객의 해지권을 제한하거나 배제할 경우 계약을 강제로 유지하게 되는 등 고객피해가 매우 크게 됨 ㅇ 더구나 인터넷을 통한 사이버거래는 대부분이 회원제로 운영되고, 회원가입은 사업자가 제공하는 서비스를 약관에 정한 조건에 따라 이용하기로 하는 계약체결이므로 회원탈퇴에 대한 해지의 자유는 보장되어야 할 것임 ㅇ 또한 인터넷사이버몰 표준약관도 회원은 언제든지 탈퇴를 요청할 수 있으며 사업자는 즉시 회원탈퇴를 처리하도록 정하여 회원탈퇴의 자유를 보장하도록 되어 있음 ㅇ 그러나 피청구인의 약관조항은 회원탈퇴에 대한 전제조건으로 무조건 유료회원으로 전환된 월을 포함하여 3개월 이상을 사용하도록 정하여 회원의 자유로운 탈퇴를 상당히 제한하고 있으므로 이는 고객에 대하여 부당하게 불리한 조항으로 약관법 제6조 제2항 제1호에 해당되어 무효임 ]]> 나. 검토의견 : 무효 ㅇ 사업자가 약관에 의해 자기에게 유리하도록 고객의 해지권을 제한하거나 배제할 경우 계약을 강제로 유지하게 되는 등 고객피해가 매우 크게 됨 ㅇ 더구나 인터넷을 통한 사이버거래는 대부분이 회원제로 운영되고, 회원가입은 사업자가 제공하는 서비스를 약관에 정한 조건에 따라 이용하기로 하는 계약체결이므로 회원탈퇴에 대한 해지의 자유는 보장되어야 할 것임 ㅇ 또한 인터넷사이버몰 표준약관도 회원은 언제든지 탈퇴를 요청할 수 있으며 사업자는 즉시 회원탈퇴를 처리하도록 정하여 회원탈퇴의 자유를 보장하도록 되어 있음 ㅇ 그러나 피청구인의 약관조항은 회원탈퇴에 대한 전제조건으로 무조건 유료회원으로 전환된 월을 포함하여 3개월 이상을 사용하도록 정하여 회원의 자유로운 탈퇴를 상당히 제한하고 있으므로 이는 고객에 대하여 부당하게 불리한 조항으로 약관법 제6조 제2항 제1호에 해당되어 무효임 ]]> 나. 검토의견 : 무효 ㅇ 사업자가 약관에 의해 자기에게 유리하도록 고객의 해지권을 제한하거나 배제할 경우 계약을 강제로 유지하게 되는 등 고객피해가 매우 크게 됨 ㅇ 더구나 인터넷을 통한 사이버거래는 대부",,미검수,회원탈퇴에 대한 전제조건으로 무조건 유료회원으로 전환된 월을 포함하여 3개월 이상을 사용하도록 정하여 회원의 자유로운 탈퇴를 상당히 제한하고 있으므로,보통,"공정위의 판단 근거 서술에서 문제 조항의 내용을 설명하는 부분을 그대로 옮겼으나, 따옴표나 「」 같은 명시적 인용 표시가 없음",candidates_ftc_불공정약관조항.csv
법제처 OPEN API/ftc,10359,,(주)로즈가든 개별약정서 계약서 상 불공정약관조항에 대한 건,https://www.law.go.kr/DRF/lawService.do?OC=test&target=ftc&ID=10359&type=HTML,감가상각 불인정 조항,무효,조문인용 추론,위험,"제6조,제10조",부당한 비용·세금 전가|선택권 제한·구입 강제|과도한 위약금|일방적 급부·조건 변경,2. 감가상각 불인정 조항 가. 약관조항 나. 검토의견 : 무효 ㅇ 고객이 자신의 귀책사유로 사업자가 지원한 미니자판기를 반환할 수 없는 경우에는 그로인해 사업자가 입은 실제 손해를 사업자에게 배상하는 것이 통상적이라 할 것임 ㅇ 미니자판기 등 기계장치는 사용기간이 늘어남에 따라 감가상각비만큼 자산가치가 줄어드는 것이 일반적임 ㅇ 그럼에도 가치감소분인 감가상각비를 인정하지 않고 배상하도록 하는 것은 고객에게 과도한 손해배상의무를 부담시키는 것으로 고객에게 부당하게 불리한 조항으로 약관법 제6조 제2항 제1호에 해당함 ]]> 나. 검토의견 : 무효 ㅇ 상품가격의 변경은 계약의 중요한 내용으로 이를 변경하기 위해서는 합리적인 기준에 의하거나 양 당사자간의 합의가 있어야 할 것임. ㅇ '시장의 변화’라는 기준은 지나치게 포괄적이어서 사업자가 자의적으로 적용할 소지가 있음에도 상당한 이유 없이 급부의 내용을 사업자가 일방적으로 결정하거나 변경할 수 있도록 권한을 부여하고 있으므로 약관법 제10조 제1호에 해당함 ,,미검수,,,근거 서술에 감가상각 불인정 조항의 구체적 문구 인용 없음. 내용만 설명되어 있음,candidates_ftc_불공정약관조항.csv
법제처 OPEN API/ftc,1217,,(주)서림리조트[테르메덴 웰빙센터]의 입회계약서상 불공정약관조항에 대한 건,https://www.law.go.kr/DRF/lawService.do?OC=test&target=ftc&ID=1217&type=HTML,(문서 전체 — 조항 구분 없음),무효,조문인용 추론,위험,제9조,일방적 계약 해지|권리행사 제한|보증금 반환 지연,"1217 시정권고서 2010약관0072 나. 검토의견 : 무효 (주)서림리조트 테르메덴 웰빙 센터의 입회계약은 「방문판매 등에 관한 법률」제2조 제8호의 “계속거래”에 해당하고, 동법 제29조는 계속거래업자 등과 계속거래 등의 계약을 체결한 소비자는 언제든지 계약 기간 중 계약을 해지할 수 있다고 규정하고 있다. * 방문판매법 제2조 제8호 “계속거래”라 함은 대통령령이 정하는 일정기간(1월) 이상 계속하여 재화 또는 용역을 공급하는 계약으로서 중도에 해지할 경우 대금환급의 제한 또는 위약금에 관한 약정이 있는 거래를 말한다. 또한 약관법 제9조 제1호는 법률의 규정에 의한 고객의 해제권이나 해지권을 배제하거나 그 행사를 제한하는 조항은 무효로 한다고 규정하고 있다. 실제 사용한 부분에 대한 실비의 정산과 함께 위약금을 부과하는 것은 별론으로 하더라도 회사가 인정하는 사유가 있는 경우에만 탈퇴를 허용하는 것은 방문판매법 등이 인정하는 고객의 계약 해지권을 명문으로 차단하는 것이며 이러한 (주)서림리조트의 회원이용약관은 약관법 제9조 제1호에 위반되어 무효라고 할 것이다. 2. (주)서림리조트 테르메덴 웰빙 센터의 입회계약서 가. 약관조항 나. 검토의견 : 무효 약관법 제9조 제5호는 계속적인 채권관계의 발생을 목적으로 하는 계약에서 그 존속기간을 부당하게 단기 또는 장기로 하거나 묵시의 기간 연장 또는 갱신이 가능하도록 정하여 고객에게 부당하게 불이익을 줄 우려가 있는 조항은 무효로 한다고 규정하고 있다. 그러나 입회계약서 상의 동 조항은 고객의 계약해지 행사요건을 계약만료 1개월 전 서면통지로 정하고, 요건을 충족하지 못하여 계약이 자동 연장된 고객은 동일조건으로 연장되도록 정하고 있다. 이 때 3년의 계약기간이 끝나기 전에는 자유로운 탈회도 불가능하다. 이용약관 제14조(탈퇴)의 규정에 따르면 회사가 인정하는 불가피한 사유에만 탈퇴가 허용되는데, 이러한 사유는 사망, 이민과 같이 매우 제한적이기 때문이다. 이상의 내용을 살펴볼 때 서면으로 1개월 전에 계약해지신청을 하지 아니한 고객에 대해 동일조건으로 계약이 자동연장 되도록 한 당해 조항은 묵시의 기간 연장이 가능토록 하여 고객에게 부당하게 불이익을 줄 우려가 있는바, 약관법 제9조 제5호의 사유에 해당되어 무효라 할 것이다. ]]> 나. 검토의견 : 무효 (주)서림리조트 테르메덴 웰빙 센터의 입회계약은 「방문판매 등에 관한 법률」제2조 제8호의 “계속거래”에 해당하고, 동법 제29조는 계속거래업자 등과 계속거래 등의 계약을 체결한 소비자는 언제든지 계약 기간 중 계약을 해지할 수 있다고 규정하고 있다. * 방문판매법 제2조 제8호 “계속거래”라 함은 대통령령이 정하는 일정기간(1월) 이상 계속하여 재화 또는 용역을 공급하는 계약으로서 중도에 해지할 경우 대금환급의 제한 또는 위약금에 관한 약정이 있는 거래를 말한다. 또한 약관법 제9조 제1호는 법률의 규정에 의한 고객의 해제권이나 해지권을 배제하거나 그 행사를 제한하는 조항은 무효로 한다고 규정하고 있다. 실제 사용한 부분에 대한",,미검수,회사가 인정하는 사유가 있는 경우에만 탈퇴를 허용하는 것,보통,"이용약관 제14조(탈퇴)의 내용으로 보이며, 근거 서술에서 조항의 실질적 내용이 설명되어 있음",candidates_ftc_불공정약관조항.csv
법제처 OPEN API/ftc,10939,,(주)성창에프엔디의 신촌역사쇼핑몰 임대분양계약서상 불공정약관조항에 대한 건,https://www.law.go.kr/DRF/lawService.do?OC=test&target=ftc&ID=10939&type=HTML,점포의 임의배정 조항,무효,조문인용 추론,위험,제10조,일방적 급부·조건 변경,"2. 점포의 임의배정 조항 가. 약관조항 나. 검토의견 : 무효 ㅇ 상가의 임대분양 계약에 있어 점포의 종류와 위치는 점포운영자인 수분양자에게 있어 영업의 중요한 요소를 이루는 것이므로 임대분양시 결정되거나 부득이한 사정으로 분양시 결정할 수 없다면 추첨과 같은 객관적이고 공정한 방법에 의하여 위치가 결정되어야 할 것임 - 그러나, 위 약관조항은 임대인이 일방적으로 일부 과점포의 배정을 할 수 있도록 정하고 있으므로 이는 상당한 이유없이 급부의 내용을 사업자가 일방적으로 결정하거나 변경할 수 있는 권한을 부여하는 조항으로 약관법 제10조 제1호에 해당됨 ",,미검수,,,근거 서술에 조항 문구 인용 없음. 임대인의 일방적 배정 권한 내용만 설명되어 있음,candidates_ftc_불공정약관조항.csv
법제처 OPEN API/ftc,10939,,(주)성창에프엔디의 신촌역사쇼핑몰 임대분양계약서상 불공정약관조항에 대한 건,https://www.law.go.kr/DRF/lawService.do?OC=test&target=ftc&ID=10939&type=HTML,계약갱신시 임대조건 수용조항,무효,조문인용 추론,위험,제6조,부당한 비용·세금 전가|선택권 제한·구입 강제|과도한 위약금,"3. 계약갱신시 임대조건 수용조항 가. 약관조항 나. 검토의견 : 무효 ㅇ 당초 약정한 임대차계약이 종료되어 사업자와 수분양자가 임대차계약을 연장하는 계약을 체결하는 경우 임대계약조건은 당사자 합의에 의하여 정하여져야 할 것임 - 그러나, 위 약관조항은 임대차 연장계약 체결 시 임대인이 정한 임대조건을 임차인이 무조건적으로 수용하도록 정하고 있으므로 이는 부당하게 고객에게 불리한 조항으로 약관법 제6조 제2항 제1호에 해당됨 ",,미검수,,,근거 서술에 조항 문구 인용 없음. 임대인이 정한 임대조건을 임차인이 무조건적으로 수용하도록 정한다는 내용만 설명되어 있음,candidates_ftc_불공정약관조항.csv
법제처 OPEN API/ftc,10939,,(주)성창에프엔디의 신촌역사쇼핑몰 임대분양계약서상 불공정약관조항에 대한 건,https://www.law.go.kr/DRF/lawService.do?OC=test&target=ftc&ID=10939&type=HTML,제3자 면책조항,무효,조문인용 추론,위험,제11조,권리행사 제한,"4. 제3자 면책조항 가. 약관조항 나. 검토의견 : 무효 ㅇ 민법 제750조에 따르면 자신의 고의 또는 과실로 인한 위법행위로 타인에게 손해를 가한 경우 그 손해를 배상할 책임이 있음 - 그러나, 위 약관조항은 임대인과 임차인 사이의 임대분양계약에 대하여 어떠한 경우라도 신촌역사(주)가 법적ㆍ물적 책임을 지지 않는다고 규정하고 있으므로 이는 법률의 규정에 의한 고객의 항변권, 상계권 등의 권리를 상당한 이유없이 배제 또는 제한하는 조항으로 약관법 제11조 제1호에 해당됨 ",,미검수,어떠한 경우라도 신촌역사(주)가 법적ㆍ물적 책임을 지지 않는다,보통,공정위 판단 근거 서술에서 약관조항의 내용을 설명하며 인용한 문구,candidates_ftc_불공정약관조항.csv
법제처 OPEN API/ftc,10939,,(주)성창에프엔디의 신촌역사쇼핑몰 임대분양계약서상 불공정약관조항에 대한 건,https://www.law.go.kr/DRF/lawService.do?OC=test&target=ftc&ID=10939&type=HTML,상가관리규정 재ㆍ개정 조항,무효,조문인용 추론,위험,제6조,부당한 비용·세금 전가|선택권 제한·구입 강제|과도한 위약금,"5. 상가관리규정 재ㆍ개정 조항 가. 약관조항 나. 검토의견 : 무효 ㅇ 상가관리규정은 임차인의 영업행위 및 권리의무에 관한 중요한 내용을 규정하고 있으므로 이의 제ㆍ개정은 임차인의 이해관계에 중대한 변경을 초래할 수 있기 때문에 임차인과 사전에 협의를 하거나 사후적으로 추인 받는 절차가 필요하다 할 것임 - 그러나, 위 약관조항은 입점상인 과반수의 동의로 선출하여 구성한 운영협의회에서 상가관리규정을 제정 또는 개정하도록 규정하고 있음 - 이 경우 운영협의회는 임차인이 입점하지 않거나 임차인이 제3자에게 전대함으로서 임차인이 아닌 제3자로 일부 구성될 수 있음 - 따라서, 위 약관조항은 임차인이 아닌 제3자로 구성될 수 있는 운영협의회에서 임차인의 권리의무에 중대한 변경을 초래할 수 있는 상가관리규정을 제ㆍ개정할 수 있도록 하고, 임차인이 동 규정을 준수하도록 정하고 있으므로 이는 고객에게 부당하게 불리한 조항으로 약관법 제6조 제2항 제1호에 해당됨 ",,미검수,입점상인 과반수의 동의로 선출하여 구성한 운영협의회에서 상가관리규정을 제정 또는 개정하도록 규정,보통,"인용 표시 없이 조항 내용이 설명되어 있으나, 판단 근거에서 약관조항의 핵심 내용으로 명확히 서술된 부분을 옮김",candidates_ftc_불공정약관조항.csv
법제처 OPEN API/ftc,10939,,(주)성창에프엔디의 신촌역사쇼핑몰 임대분양계약서상 불공정약관조항에 대한 건,https://www.law.go.kr/DRF/lawService.do?OC=test&target=ftc&ID=10939&type=HTML,전대시 협의조항,무효,조문인용 추론,위험,제6조,부당한 비용·세금 전가|선택권 제한·구입 강제|과도한 위약금,"6. 전대시 협의조항 가. 약관조항 나. 검토의견 : 무효 ㅇ 임차인은 임대인의 동의를 얻으면 임대물을 전대할 수 있음(민법 제629조) - 그러나, 위 약관조항은 임차인이 전대하는 경우 입점상인 과반수의 동의로 선출하여 구성한 운영협의회와 협의하고 개점전에는 개점준비위원회와 협의하도록 하고 있음 - 따라서, 위 조항은 임차인이 전대하는 경우 임대인이 아닌 자와 협의하도록 정하여 임대인의 동의를 얻어 전대할 수 있는 임차인의 권리를 제한하고 있으므로 이는 고객에게 부당하게 불리한 조항으로 약관법 제6조 제2항 제1호에 해당됨 ",,미검수,임차인이 전대하는 경우 입점상인 과반수의 동의로 선출하여 구성한 운영협의회와 협의하고 개점전에는 개점준비위원회와 협의하도록,보통,"인용 표시 없이 약관 내용이 서술된 형태로, 근거 문장에서 그대로 옮김",candidates_ftc_불공정약관조항.csv
법제처 OPEN API/ftc,10939,,(주)성창에프엔디의 신촌역사쇼핑몰 임대분양계약서상 불공정약관조항에 대한 건,https://www.law.go.kr/DRF/lawService.do?OC=test&target=ftc&ID=10939&type=HTML,개점후 홍보 및 사은행사 비용부담 조항,무효,조문인용 추론,위험,제6조,부당한 비용·세금 전가|선택권 제한·구입 강제|과도한 위약금,"7. 개점후 홍보 및 사은행사 비용부담 조항 가. 약관조항 나. 검토의견 : 무효 ㅇ 상가 개점 후 고객유치를 위한 홍보비는 점포운영자를 위한 것이므로 이는 점포운영자가 부담하여야 할 것임 - 한편, 임차인은 입점하지 않거나 목적물을 제3자에게 전대함으로서 점포운영을 하지 않을 수도 있음 - 그러나, 위 약관조항은 점포운영을 하지 않은 임차인에게 개점 후 고객유치를 위한 홍보비 및 사은행사비를 부담시킬 수 있으므로 이는 고객에게 부당하게 불리한 조항으로 약관법 제6조 제2항 제1호에 해당됨 ",,미검수,,,근거 서술에 조항 문구 인용 없음,candidates_ftc_불공정약관조항.csv
법제처 OPEN API/ftc,10939,,(주)성창에프엔디의 신촌역사쇼핑몰 임대분양계약서상 불공정약관조항에 대한 건,https://www.law.go.kr/DRF/lawService.do?OC=test&target=ftc&ID=10939&type=HTML,임대인과 제3자 계약 및 이의제기 금지조항,무효,조문인용 추론,위험,제6조,부당한 비용·세금 전가|선택권 제한·구입 강제|과도한 위약금,"8. 임대인과 제3자 계약 및 이의제기 금지조항 가. 약관조항 나. 검토의견 : 무 효 ㅇ 계속적 계약관계에서는 사정변경의 원칙이 적용될 여지가 많아 상가운영상 임대인이 제3자와 계약체결하거나 계약내용을 변경할 필요가 있을 것임 - 그러나, 임대인이 상가운영과 관련하여 제3자와의 계약체결하거나 계약내용을 변경하는 것은 임차인의 영업행위 및 권리ㆍ의무관계에 중대한 변경을 초래할 수 있기 때문에 사전에 임차인의 동의를 얻어야 함 ㅇ 한편, 위 약관조항은 임대인이 상가운영과 관련하여 제3자와 계약체결하거나 계약변경시 입점상인 과반수의 동의로 선출하여 구성한 운영협의회와 협의를 하도록 정하고 있음 - 이 경우 운영협의회는 임차인이 입점하지 않거나 임차인이 제3자에게 전대함으로서 임차인이 아닌 제3자로 일부 구성될 수 있어 입점하지 않은 임차인은 임대인이 상가운영과 관련하여 제3자와 체결한 계약내용이나 그 변경에 대하여 자기의 의사를 반영할 수 없음 - 따라서, 위 약관조항은 임대인이 임차인이 아닌 제3자로 구성될 수 있는 운영협의회와 협의만으로 상가운영과 관련하여 임차인의 권리의무에 중대한 변경을 초래할 수 있는 제3자와의 계약체결이나 계약내용 변경을 할 수 있도록 하고 이에 대하여 임차인이 이의를 제기할 수 없도록 규정하고 있음 - 그러므로 위 조항은 고객에 대하여 부당하게 불리한 조항이자 법률의 규정에 의한 고객의 항변권 등의 권리를 상당한 이유없이 배제 또는 제한하는 조항으로 약관법 제6조 제2항 제1호 및 제11조 제1호에 해당됨 ",,미검수,,,근거 서술에 조항 문구 인용 없음. 임대인이 제3자와 계약체결·변경시 운영협의회와 협의하도록 하고 임차인의 이의제기를 금지하는 내용으로만 설명됨,candidates_ftc_불공정약관조항.csv
법제처 OPEN API/ftc,10939,,(주)성창에프엔디의 신촌역사쇼핑몰 임대분양계약서상 불공정약관조항에 대한 건,https://www.law.go.kr/DRF/lawService.do?OC=test&target=ftc&ID=10939&type=HTML,업종위반시 위약금조항,무효,조문인용 추론,위험,제8조,과도한 위약금,"9. 업종위반시 위약금조항 가. 약관조항 나. 검토의견 : 무효 ㅇ 대형쇼핑몰의 경우 상가의 공동이익의 증진 및 상가의 원활한 기능 유지라는 목적을 달성하기 위하여 업종을 제한하고 임차인이 이를 위반하지 않도록 하게 할 필요는 있으나, - 업종제한 규정을 미준수하는 임차인에게 불이익을 주는 방법으로 임차인이 업종제한 규정을 준수하도록 하는 경우 임차인에게 주는 불이익의 정도는 규정의 목적, 규정 미준수로 인한 손해정도, 거래관행 등을 고려하되 최소한의 범위로 한정하여야 할 것임 ㅇ 그러나, 위 규정은 임차인이 업종제한 규정을 위반할 때 임대인이 계약을 해지할 수 있고, 임차인이 총 거래대금의 20%를 위약금으로 지급하도록 규정하고 있음 - 이는, 임차인이 업종제한 규정을 위반한 경우 임대인은 임차인과의 계약을 바로 해지하여 업종제한을 현실적으로 유지할 수 있고, 업종제한 규정위반에 따른 손해정도는 계약해지에 따른 다른 임차인을 새로이 구하는 정도인 점을 감안할 때, - 업종제한 규정을 위반한 임차인에게 통상의 부동산 거래분야에서 계약해제에 따른 위약금인 거래대금의 10%정도를 초과하여 위약금을 총 분양대금의 20%로 정하고 있는 것은 고객에 대하여 과중한 손해배상의무를 부담시키는 조항으로 약관법 제8조에 해당됨 ",,미검수,"임차인이 업종제한 규정을 위반할 때 임대인이 계약을 해지할 수 있고, 임차인이 총 거래대금의 20%를 위약금으로 지급하도록 규정",보통,따옴표 없이 서술되었으나 조항의 핵심 내용을 그대로 옮김,candidates_ftc_불공정약관조항.csv
법제처 OPEN API/ftc,10939,,(주)성창에프엔디의 신촌역사쇼핑몰 임대분양계약서상 불공정약관조항에 대한 건,https://www.law.go.kr/DRF/lawService.do?OC=test&target=ftc&ID=10939&type=HTML,시설유지보수비 부담조항,무효,조문인용 추론,위험,제6조,부당한 비용·세금 전가|선택권 제한·구입 강제|과도한 위약금,"10. 시설유지보수비 부담조항 가. 약관조항 나. 검토의견 : 무 효 ㅇ 민법 제623조(임대인 의무)에 따르면 임대분양 상가건물 및 시설의 대규모 수선ㆍ유지ㆍ보수는 임대분양계약상 임대목적물을 사용ㆍ수익에 필요한 상태로 유지할 임대인의 의무에 포함됨 - 따라서, 상가건물 및 시설물 수선 등으로 인한 건물의 객관적 가치의 보전 또는 증대에 따른 이익은 건물소유자인 임대인에게 귀속하는 것이므로 특별한 사정이 없는 한 그 비용은 임대인이 부담하는 것이 공평의 원칙에 부합하다 할 것임 - 그러나, 위 약관조항은 상당한 이유없이 건물의 수선ㆍ유지보수에 관련된 모든 비용을 관리비에 포함시켜 임차인 을에게 부과하게 하는 것으로서 고객에게 부당하게 불리한 조항으로 약관법 제6조 제2항 제1호에 해당됨 ",,미검수,,,근거 서술에 조항 문구 인용 없음. 조항 내용이 '건물의 수선·유지보수에 관련된 모든 비용을 관리비에 포함시켜 임차인에게 부과'하는 것으로만 설명됨,candidates_ftc_불공정약관조항.csv
법제처 OPEN API/ftc,10939,,(주)성창에프엔디의 신촌역사쇼핑몰 임대분양계약서상 불공정약관조항에 대한 건,https://www.law.go.kr/DRF/lawService.do?OC=test&target=ftc&ID=10939&type=HTML,관리비 미납시 법적조치 및 이의제기 금지조항,무효,조문인용 추론,위험,제6조,부당한 비용·세금 전가|선택권 제한·구입 강제|과도한 위약금,"11. 관리비 미납시 법적조치 및 이의제기 금지조항 가. 약관조항 나. 검토의견 : 무효 ㅇ 임대차계약에 의하여 임차인은 임대인에 대하여 임차료 지급의무와 임대목적물에 대한 관리비 납부의무를 부담하게 됨 - 따라서, 임차인이 관리비를 납부하지 않은 경우, 임대인이 임차인에게 법적조치를 할 수 있을 것임 - 그러나, 위 약관조항은 임대인이 아닌 상가관리법인이 임차인의 관리비 미납에 따른 법적조치를 할 수 있도록 정하고 있고, 이에 대하여 임차인이 일체의 민ㆍ형사상 이의제기를 할 수 없도록 정하고 있음 - 그러므로, 위 조항은 고객에 대하여 부당하게 불리한 조항이자 법률의 규정에 의한 고객의 항변권 등의 권리를 상당한 이유없이 배제 또는 제한하는 조항으로 약관법 제6조 제2항 제1호 및 제11조 제1호에 해당됨 ",,미검수,,,근거 서술에 조항 문구 인용 없음. 조항 내용이 설명만 되어 있음,candidates_ftc_불공정약관조항.csv
법제처 OPEN API/ftc,10939,,(주)성창에프엔디의 신촌역사쇼핑몰 임대분양계약서상 불공정약관조항에 대한 건,https://www.law.go.kr/DRF/lawService.do?OC=test&target=ftc&ID=10939&type=HTML,분양대금의 양도 및 질권 설정 제한조항,무효,조문인용 추론,위험,제11조,권리행사 제한,"12. 분양대금의 양도 및 질권 설정 제한조항 가. 약관조항 나. 검토의견 : 무효 ㅇ 분양금(임대보증금+임대료) 중 임대보증금에 관한 임차인의 보증금반환 청구권은 채권으로서 양도할 수 있고(민법 제449조 제1항), 질권설정의 방법으로 담보제공 할 수 있으므로(민법 345조) 임차인은 이를 양도하거나 담보제공함으로써 자금융통을 할 수 있음 - 그러나, 위 약관조항은 임차인의 보증금반환청구권을 임대인의 승낙없이 양도 및 질권설정 할 수 없도록 하고 이를 위반할 경우 계약을 해지 또는 해제 할 수 있도록 하고 있음 - 따라서, 동 조항은 법률의 규정에 의한 고객의 권리를 상당한 이유없이 배제 또는 제한하는 조항이자 사업자에게 법률에서 규정하고 있지 아니하는 해제권ㆍ해지권을 부여하는 조항으로 약관법 제11조 제1호 및 제9조 제2호에 해당됨 ",,미검수,,,근거 서술에 조항 문구 인용 없음. 임차인의 보증금반환청구권을 임대인의 승낙없이 양도 및 질권설정 할 수 없도록 하고 위반 시 계약 해지·해제 가능하다는 내용만 설명됨,candidates_ftc_불공정약관조항.csv
법제처 OPEN API/ftc,10939,,(주)성창에프엔디의 신촌역사쇼핑몰 임대분양계약서상 불공정약관조항에 대한 건,https://www.law.go.kr/DRF/lawService.do?OC=test&target=ftc&ID=10939&type=HTML,화재보험료 부담조항,무효,조문인용 추론,위험,제6조,부당한 비용·세금 전가|선택권 제한·구입 강제|과도한 위약금,"13. 화재보험료 부담조항 가. 약관조항 나. 검토의견 : 무효 ㅇ 임대분양면적에 대한 화재보험료에는 건물소유자가 배상할 화재로 인한 타인의 인적 손해 배상책임을 위한 인적손해배상특약부화재보험(이하 “인적보험”이라 함)이 포함됨 - 그러나, 「화재로 인한 재해보상과 보험가입에 관한 법률」동법 제5조에 의하면 소유자가 위 인적보험에 가입하여야 할 의무가 있고 이를 위반시 500만원 이하의 벌금에 처할 것으로 규정하고 있음 ㅇ 그러나, 위 약관조항은 소유자가 부담하여야 할 인적보험 화재보험료를 합리적인 이유없이 임차인에게 부담시키고 있으므로 이는 고객에게 부당하게 불리한 조항으로 약관법 제6조 제2항 제1호에 해당됨 ",,미검수,,,근거 서술에 조항 문구 인용 없음. 조항 내용(임차인에게 인적보험료 부담시키는 것)만 설명되어 있음,candidates_ftc_불공정약관조항.csv
법제처 OPEN API/ftc,10939,,(주)성창에프엔디의 신촌역사쇼핑몰 임대분양계약서상 불공정약관조항에 대한 건,https://www.law.go.kr/DRF/lawService.do?OC=test&target=ftc&ID=10939&type=HTML,입주지연에 대한 면책조항,무효,조문인용 추론,위험,제7조,책임 면제,"14. 입주지연에 대한 면책조항 가. 약관조항 나. 검토의견 : 무효 ㅇ 민법 제537조의 채무자 위험부담주의 규정은 당사자간의 개별약정으로 달리 정할 수는 있음 - 그러나, 특약이나 개별약정이 아닌 약관의 형태로서 법률의 규정보다 고객에게 더 불리한 입주지연에 대한 면책을 규정하는 위 약관조항은 상당한 이유없이 사업자의 손해배상범위를 제한하거나 사업자가 부담하여야 할 위험을 고객에게 이전시키는 조항으로서 약관법 제7조 제2호에 해당됨 ",,미검수,,,근거 서술에 조항 문구 인용 없음,candidates_ftc_불공정약관조항.csv
법제처 OPEN API/ftc,10939,,(주)성창에프엔디의 신촌역사쇼핑몰 임대분양계약서상 불공정약관조항에 대한 건,https://www.law.go.kr/DRF/lawService.do?OC=test&target=ftc&ID=10939&type=HTML,관할법원 조항,무효,조문인용 추론,위험,제14조,권리행사 제한,"15. 관할법원 조항 가. 약관조항 나. 검토의견 : 무효 ㅇ 위 약관조항은 임대인의 소재지 관할법원과 민사소송법상 관할법원 중 하나를 관할법원으로 임대인과 임차인이 자유롭게 선택할 수 있도록 되어 있음 - 이에 따라 임대인이 임차인을 상대로 소를 제기하는 경우 임대인은 위 조항에 의하여 임대인의 소재지 관할법원을 관할법원으로 할 수 있음 - 그러나, 이 경우 피고 즉 임차인의 주소지 소재 관할법원에 관할권을 부여하는 민사소송법상 규정보다 고객에게 응소상의 불편을 초래할 우려가 있으므로 동 조항은 고객에 대하여 부당하게 불리한 재판관할의 합의조항으로 약관법 제14조에 해당됨 ",,미검수,,,근거 서술에 조항 문구 인용 없음. 임대인의 소재지 관할법원과 민사소송법상 관할법원 중 선택 가능한 내용만 설명되어 있음,candidates_ftc_불공정약관조항.csv
법제처 OPEN API/ftc,10939,,(주)성창에프엔디의 신촌역사쇼핑몰 임대분양계약서상 불공정약관조항에 대한 건,https://www.law.go.kr/DRF/lawService.do?OC=test&target=ftc&ID=10939&type=HTML,개발비 사용조항,무효,조문인용 추론,위험,제6조,부당한 비용·세금 전가|선택권 제한·구입 강제|과도한 위약금,16. 개발비 사용조항 가. 약관조항 나. 검토의견 : 무효 ㅇ 상가분양과 관련한 분양후의 분쟁 해결비용 중에는 임차인의 이익에 관련이 없이 순수하게 임대인이 부담하여야 할 분쟁해결 비용까지 포함되므로 이러한 비용을 개발비라는 명목으로 임차인에게 부담시킬 수 있는 위 약관조항은 고객에 대하여 부당하게 불리한 조항으로 약관법 제6조 제2항 제1호에 해당됨 ,,미검수,,,근거 서술에 조항 문구 인용 없음,candidates_ftc_불공정약관조항.csv
법제처 OPEN API/ftc,10939,,(주)성창에프엔디의 신촌역사쇼핑몰 임대분양계약서상 불공정약관조항에 대한 건,https://www.law.go.kr/DRF/lawService.do?OC=test&target=ftc&ID=10939&type=HTML,개발비 사용에 대한 이의제기 금지조항,무효,조문인용 추론,위험,제11조,권리행사 제한,"17. 개발비 사용에 대한 이의제기 금지조항 가. 약관조항 나. 검토의견 : 무 효 ㅇ 상가개발비가 당초 임대인과 임차인이 약정한대로 사용되지 아니한 경우에는 임차인은 임대인에게 이의를 제기할 수 있어야 함에도 불구하고, ㅇ 위 약관조항은 어떠한 경우라도 임차인이 임대인의 개발비 집행에 대하여 이의제기를 할 수 없도록 규정하고 있으므로 이는 법률 규정에 의한 고객의 항변권, 상계권 등의 권리를 상당한 이유없이 배제 또는 제한하는 조항으로 약관법 제11조 제1호에 해당됨 ",,미검수,,,근거 서술에 조항 문구 인용 없음. 내용만 설명되어 있음,candidates_ftc_불공정약관조항.csv
법제처 OPEN API/ftc,10939,,(주)성창에프엔디의 신촌역사쇼핑몰 임대분양계약서상 불공정약관조항에 대한 건,https://www.law.go.kr/DRF/lawService.do?OC=test&target=ftc&ID=10939&type=HTML,개발비 미납시 계약해지 조항,무효,조문인용 추론,위험,"제7조,제9조",책임 면제|일방적 계약 해지|권리행사 제한|보증금 반환 지연,"18. 개발비 미납시 계약해지 조항 가. 약관조항 나. 검토의견 : 무효 ㅇ 계약의 해지는 계약당사자에게 중대한 영향을 미치는 사항이므로 계약을 해지할 만한 상당한 이유가 있다 할지라도 상당한 기간을 정하여 상대방에게 계약내용을 이행할 것을 최고하고 그 기간내에 이행하지 아니할 때에 비로소 계약을 해지함이 타당하고(민법 제544조), - 이러한 계약해지가 부당한 경우에는 임차인은 임대인에게 이의제기를 할 수 있어야 함 ㅇ 그러나, 위 조항은 임차인이 개발비를 정해진 기간까지 납부하지 않은 경우 임대인이 최고없이 바로 계약을 해지 할 수 있고 이에 대해 임차인이 아무런 이의를 제기할 수 없도록 정하고 있음 - 따라서, 이는 법률의 규정에 의한 해지권의 행사요건을 완화하여 고객에게 부당하게 불이익을 줄 우려가 있는 조항이자 법률의 규정에 의한 고객의 항변권 등을 상당한 이유없이 배제 또는 제한하는 조항으로 약관법 제9조 제2호 및 제11조 제1호에 해당됨 ]]> 나. 검토의견 : 무효 ㅇ 일반적으로 당초에 예정했던 급부내용과 실제 급부내용이 상이한 경우에는 정산절차를 거쳐야 하는 것이 당연하다 할 것이며, 비록 그 차이가 불가피하게 발생된 극소한 경우일지라도 정산방법 등에 관하여 사전에 고객의 의견을 수렴하여 조치하는 것이 타당함 - 따라서, 임대분양면적의 증감이 있는 경우에 임대인은 임차인과 면적 증감에 대한 정산절차를 거쳐야 함 - 그러나, 위 약관조항은 임대분양면적 중 전용면적 10%이상 증감시에만 정산하도록 규정하고 있으므로 이는 상당한 이유없이 사업자의 담보책임을 배제 또는 제한하는 조항으로 약관법 제7조 제3호에 해당됨 ",,미검수,,,근거 서술에 조항 문구 인용 없음. 내용상 '개발비 미납시 최고없이 계약해지' 및 '이의제기 불가' 규정으로 추정되나 직접 인용된 문구 없음,candidates_ftc_불공정약관조항.csv
법제처 OPEN API/ftc,10971,,(주)소재의 용인동백 P.F사업 쇼핑몰 상가 분양계약서상 불공정약관조항에 대한 건,https://www.law.go.kr/DRF/lawService.do?OC=test&target=ftc&ID=10971&type=HTML,자의적인 관리인 지정조항,무효,조문인용 추론,위험,제11조,권리행사 제한,"2. 자의적인 관리인 지정조항 가. 약관조항 나. 검토의견 : 무효 ㅇ 집합건물의 소유 및 관리에 관한 법률 제23조(관리단의 당연설립 등) 및 제29조(규약의 설정, 변경, 폐지)에 따르면 구분소유자에게 관리단의 구성권을 인정하고 있고, 규약의 설정ㆍ변경ㆍ폐지는 관리단의 집회에서 찬성(구분소유자 및 의결권의 각 3/4 이상)을 얻도록 규정하고 있음 - 위 규정에 따라 상가운영 및 관리업무 등을 수행할 관리회사는 관리단이 설정한 규약에 정해져 있다면 그 규약에 따르고, 규약에 정해져 있지 아니한 경우에는 관리단의 집회를 통해 결정하여야 할 것임 ㅇ 그러나 위 약관조항은 약관에 의하여 2년 동안 시행사 또는 시행사가 지정한 시설관리법인이 상가를 관리하도록 하고, 그 이후에는 상가 자치관리위원회와 시행사가 협의하여 결정하도록 한 것은 법률의 규정에 의한 고객의 권리를 상당한 이유 없이 배제 또는 제한하는 조항으로 약관법 제11조 제1호에 해당됨 ",,미검수,"약관에 의하여 2년 동안 시행사 또는 시행사가 지정한 시설관리법인이 상가를 관리하도록 하고, 그 이후에는 상가 자치관리위원회와 시행사가 협의하여 결정하도록 한 것",보통,공정위의 판단 근거 서술에서 문제 조항의 내용을 설명하는 형태로 인용됨,candidates_ftc_불공정약관조항.csv
법제처 OPEN API/ftc,10971,,(주)소재의 용인동백 P.F사업 쇼핑몰 상가 분양계약서상 불공정약관조항에 대한 건,https://www.law.go.kr/DRF/lawService.do?OC=test&target=ftc&ID=10971&type=HTML,관리법인 설립 동의 간주조항,무효,조문인용 추론,위험,제11조,권리행사 제한,"3. 관리법인 설립 동의 간주조항 가. 약관조항 나. 검토의견 : 무효 ㅇ 집합건물의 소유 및 관리에 관한 법률 제23조(관리단의 당연설립 등) 및 제29조(규약의 설정, 변경, 폐지)에 따르면 건물에 대하여 구분소유 관계가 성립되면 구분소유자에게 관리단의 구성권을 인정하고 있고, 상가의 운영ㆍ관리와 관련한 사항이 포함된 규약의 설정ㆍ변경ㆍ폐지는 관리단의 집회에서 찬성(구분소유자 및 의결권의 각 3/4 이상)을 얻도록 규정하고 있음 - 위 규정에 의하면 건물에 대하여 구분소유 관계가 성립되면 관리단이 설립되기 이전에도 사업자가 상권 활성화 등을 위한 특별한 사정으로 상가운영 및 관리업무 등을 수행할 관리회사를 사업자가 설립하고 상가를 운영ㆍ관리하기 위해서는 수분양자들로부터 개별적으로 상가의 운영ㆍ관리와 관련한 권한을 위임받는 동의절차를 거쳐야 할 것임 ㅇ 그러나 위 약관조항은 당사자간의 개별약정이 아닌 약관에 의하여 사업자가 상가의 운영ㆍ관리법인을 설립할 경우 고객은 이에 대해 동의 및 승낙한 것으로 간주하도록 정하여 고객의 진정한 의사에 반해 고객에게 불이익을 줄 우려가 있으므로 법률의 규정에 의한 고객의 권리를 상당한 이유 없이 배제 또는 제한하는 조항으로 약관법 제11조 제1호에 해당됨 ",,미검수,,,근거 서술에 조항 문구 인용 없음. 조항 내용이 '동의 및 승낙한 것으로 간주하도록 정하여'로만 설명되어 있음,candidates_ftc_불공정약관조항.csv
법제처 OPEN API/ftc,10971,,(주)소재의 용인동백 P.F사업 쇼핑몰 상가 분양계약서상 불공정약관조항에 대한 건,https://www.law.go.kr/DRF/lawService.do?OC=test&target=ftc&ID=10971&type=HTML,상가용도 등의 임의적 변경조항,무효,조문인용 추론,위험,제10조,일방적 급부·조건 변경,"4. 상가용도 등의 임의적 변경조항 가. 약관조항 나. 검토의견 : 무효 ㅇ 상가분양계약에 있어서 상가용도는 고객이 당해 상가를 선택하고 계약을 체결함에 있어 매우 중요한 사항이므로 이에 대한 변경이 있을 경우에는고객에게 짐작하지 못한 손해를 끼칠 우려가 있는 바, 이에 대하여는 고객의 동의를 구하거나 그렇지 않으면 고객이 손해배상 청구 또는 계약해제ㆍ해지 등을 주장할 수 있어야 할 것임 ㅇ 그러나 위 약관조항은 사업자가 건축층별 상가용도 등을 상가의 분양 및 영업의 활성화를 위한 명목으로 일방적으로 변경 할 수 있고, 고객은 이에 대해 이의를 제기할 수 없도록 정하고 있으므로 이는 상당한 이유없이 급부의 내용을 사업자가 일방적으로 결정하거나 변경할 수 있도록 권한을 부여하고 있는 조항이자, 법률의 규정에 의한 고객의 항변권, 상계권 등의 권리를 상당한 이유없이 배제 또는 제한하는 조항으로 약관법 제10조 제1호 및 제11조 제1호에 해당됨 ",,미검수,,,근거 서술에 조항 문구 인용 없음. 상가용도 변경 권한과 고객의 이의제기 불가 내용이 설명되어 있으나 원문 인용 없음,candidates_ftc_불공정약관조항.csv
법제처 OPEN API/ftc,10971,,(주)소재의 용인동백 P.F사업 쇼핑몰 상가 분양계약서상 불공정약관조항에 대한 건,https://www.law.go.kr/DRF/lawService.do?OC=test&target=ftc&ID=10971&type=HTML,연체료 환불불가 조항,무효,조문인용 추론,위험,제9조,일방적 계약 해지|권리행사 제한|보증금 반환 지연,"5. 연체료 환불불가 조항 가. 약관조항 나. 검토의견 : 무효 ㅇ 민법 제548조에 따르면 쌍무계약에 있어서 당사자 일방이 계약을 해제한 때에는 각 당사자는 그 상대방에 대하여 즉시 원상회복의무가 있으므로 사업자가 계약을 해제할 경우 고객이 납부한 분양대금에서 위약금(부동산매매에 있어 통상적인 거래관행 상 분양대금의 10% 수준)을 공제하고 잔여 분양대금과 고객이 지불한 연체료 등은 신속하게 반환하여야 함 ㅇ 그러나 위 약관조항은 고객이 사업자에게 납부한 연체료를 환불하지 않더라도 이에 대해 이의를 제기할 수 없도록 정하고 있으므로 이는 계약의 해제ㆍ해지로 인한 사업자의 원상회복의무를 부당하게 경감하는 조항이자, 법률의 규정에 의한 고객의 항변권, 상계권 등의 권리를 상당한 이유없이 배제 또는 제한하는 조항으로 약관법 제9조 제4호 및 제11조 제1호에 해당됨 ",,미검수,,,근거 서술에 조항 문구 인용 없음. 연체료 환불 불가 내용이 설명되어 있으나 원문 인용 없음,candidates_ftc_불공정약관조항.csv
법제처 OPEN API/ftc,10971,,(주)소재의 용인동백 P.F사업 쇼핑몰 상가 분양계약서상 불공정약관조항에 대한 건,https://www.law.go.kr/DRF/lawService.do?OC=test&target=ftc&ID=10971&type=HTML,면적변경 수인조항,무효,조문인용 추론,위험,"제7조,제10조",책임 면제|일방적 급부·조건 변경,"6. 면적변경 수인조항 가. 약관조항 나. 검토의견 : 무효 ㅇ 상가분양계약에서 분양면적과 관련한 제반사항은 수분양자에게는 매우 중요한 사항이므로 분양면적과 관련한 배분이나 건축물의 면적구획 등의 변경사항은 고객의 동의를 구하거나 그렇지 않으면 고객이 손해배상 청구 또는 계약해제ㆍ해지 등을 주장할 수 있어야 할 것임 ㅇ 그러나 위 약관조항은 계약물건의 전용부분, 공용부분 및 주차장 면적의 배분에 대하여 고객은 이의없이 동의하고, 향후 건축물의 면적구획, 면적변경, 호수배정의 변경내용을 수인하도록 정하여 고객에게 짐작하기 어려운 손해를 줄 우려가 있으므로 - 이는 상당한 이유없이 급부의 내용을 사업자가 일방적으로 결정하거나 변경할 수 있도록 권한을 부여하고 있는 조항이자, 법률의 규정에 의한 고객의 항변권, 상계권 등의 권리를 상당한 이유없이 배제 또는 제한하는 조항으로 약관법 제10조 제1호 및 제11조 제1호에 해당됨 ]]> 나. 검토의견 : 무효 ㅇ 일반적으로 당초에 예정했던 급부내용과 실제 급부내용이 상이한 경우에는 정산절차를 거쳐야 하는 것이 당연하다 할 것이며, 비록 그 차이가 불가피하게 발생된 극소한 경우일지라도 정산방법 등에 관하여 사전에 고객의 의견을 수렴하여 조치하는 것이 타당함 ㅇ 그러나 위 약관조항은 법령 등 기타 공부정리 절차 등으로 분양면적이 다소간에 차이가 있을 수 있음을 합의하고, 실제로 분양면적에 차이가 있더라도 매매대금에 영향을 미치지 않도록 정하고 있으므로 이는 상당한 이유없이 사업자의 담보책임을 배제 또는 제한하는 조항으로 약관법 제7조 제3호에 해당됨 ",,미검수,"계약물건의 전용부분, 공용부분 및 주차장 면적의 배분에 대하여 고객은 이의없이 동의하고, 향후 건축물의 면적구획, 면적변경, 호수배정의 변경내용을 수인하도록",보통,공정위 판단 근거에서 약관조항의 내용을 설명하는 형태로 인용되어 있음,candidates_ftc_불공정약관조항.csv
법제처 OPEN API/ftc,1259,,(주)스페컴의 임대계약서 상 불공정약관 조항에 대한 건,https://www.law.go.kr/DRF/lawService.do?OC=test&target=ftc&ID=1259&type=HTML,(문서 전체 — 조항 구분 없음),무효,조문인용 추론,위험,제8조,과도한 위약금,"1259 시정권고서 2010약관0073 ※ 청구인과 피심인간의 계약내역 및 위약금 - 약정기간 3년, 사용월수 10 월, 잔여월수 26 월 - 월 임대료 : 8,800원 - 위약금 : 22만 8,800원 [(36개월 - 10개월) × 8,800원] 2. 검토의견 : 무효 「방문판매 등에 관한 법률」(이하 '방문판매법’) 제30조 제1항에 따르면 계속거래업자*는 자신의 귀책 없이 계약이 해지된 때에 위약금을 부과할 수 있고, 이때 손해배상액의 예정으로서 위약금은 손해발생 및 손해액의 입증부담을 덜고 신속하게 손해배상의 문제를 해결하기 위한 것이지만 계약의 목적과 내용, 예상 손해액의 크기 등을 고려할 때 부당하게 과다하여서는 아니 된다. * 방문판매법 제2조 제8호 “계속거래”라 함은 대통령령이 정하는 일정기간(1월) 이상 계속하여 재화 또는 용역을 공급하는 계약으로서 중도에 해지할 경우 대금환급의 제한 또는 위약금에 관한 약정이 있는 거래를 말한다. 일반적으로 약관에 따른 거래에서 고객의 귀책사유로 인하여 계약해지를 할 경우에는 사업자에게 해지일까지의 이용일수에 해당되는 금액 이외에 총 이용금액의 10%를 위약금으로 정하고 있다. ※ 본 사안과 유사한 여건에 있는 정수기임대차의 경우, 표준약관에서 의무사용기간 또는 임대차기간 잔여월 임대료의 10%에 해당하는 금액을 위약금으로 부과토록 규정 (표준약관 제10052호) 그러나 피심인의 약관 조항은 약정기간이 종료하기 전에 고객이 개인사유로 인하여 계약을 해지하고자 할 경우 잔여 약정기간에 대한 월납입금의 합계금액을 위약금으로 청구한다고 규정하고 있어 사실상 위약금이 잔여계약기간 사용료의 100%가 된다. 경쟁이 치열한 업계현황과 초기 투자비용 등을 고려하더라도 이는 당해 계약의 해지로 인해 사업자에게 발생하는 손해를 능가하는 위약금의 책정이라고 할 것이다. 또한 고객의 입장에서 볼 때 임대차 계약을 해지하고도 그 후 잔여기간의 사용료를 부담하게 되므로 임대사업자는 전혀 손해를 보지 아니하면서 오히려 이익이 되고, 고객은 과다한 위약금을 부담하든지 당해 계약을 억지로 유지할 수밖에 없다. 이상의 내용을 살펴볼 때 약정기간 잔여 개월의 사용료 전액을 위약금으로 부과하는 (주)스페컴의 임대계약서상 손해배상조항은 고객에 대하여 부당하게 과중한 손해배상의무를 부담시키는 조항으로서 약관법 제8조 사유에 해당되어 무효라고 할 것이다. ]]> ※ 청구인과 피심인간의 계약내역 및 위약금 - 약정기간 3년, 사용월수 10 월, 잔여월수 26 월 - 월 임대료 : 8,800원 - 위약금 : 22만 8,800원 [(36개월 - 10개월) × 8,800원] 2. 검토의견 : 무효 「방문판매 등에 관한 법률」(이하 '방문판매법’) 제30조 제1항에 따르면 계속거래업자*는 자신의 귀책 없이 계약이 해지된 때에 위약금을 부과할 수 있고, 이때 손해배상액의 예정으로서 위약금은 손해발생 및 손해액의 입증부담을 덜고 신속하게 손해배상의 문제를 해결하기 위한 것이지만 계약의 목적과 내용, 예상 손해액의 크기 등을 고려할 때 ",,미검수,약정기간이 종료하기 전에 고객이 개인사유로 인하여 계약을 해지하고자 할 경우 잔여 약정기간에 대한 월납입금의 합계금액을 위약금으로 청구한다,보통,인용 표시 없이 서술되었으나 조항의 구체적 내용으로 보이는 문구를 그대로 옮김,candidates_ftc_불공정약관조항.csv
법제처 OPEN API/ftc,10039,,(주)시스코피엠의 스틸랜드 공급계약서상 불공정약관조항에 대한 건,https://www.law.go.kr/DRF/lawService.do?OC=test&target=ftc&ID=10039&type=HTML,(문서 전체 — 조항 구분 없음),무효,조문인용 추론,위험,"제8조,제9조",과도한 위약금|일방적 계약 해지|권리행사 제한|보증금 반환 지연,"10039 시정권고서 2009약관0229 2. 검토의견 : 무 효 부동산 거래분야에서 계약해제에 따른 위약금은 거래대금의 10%정도가 통상적인 거래관행이며 판례의 취지이다. 그러나 위 약관조항은 수분양자의 귀책사유로 인한 계약취소ㆍ해지시 위약금으로 총 분양대금의 20%를 위약금으로 정하고 있으므로 이는 고객에게 과중한 손해배상의무를 부담시키는 조항으로 약관법 제8조에 해당된다. 또한 민법 제548조에 따르면 쌍무계약에 있어서 당사자 일방이 계약을 해제한 때에는 각 당사자는 그 상대방에 대하여 즉시 원상회복의무가 있고, 그에 따라 반환하여야 할 것이 금전인 경우 그 받은 날로부터 이자를 가하여 반환하여 한다. 그러나 위 약관조항은 계약이 해제된 경우 사업자가 수분양자에게 분양대금을 반환함에 있어 기 납부한 분양대금에 대한 이자를 지급하지 않기 위하여 수분양자가 사업자에게 동 이자를 청구할 수 없도록 정하고 있다. 따라서 동 조항은 계약의 해제ㆍ해지로 인한 사업자의 원상회복의무를 부당하게 경감하는 조항으로 약관법 제9조 제4호에 해당된다. ]]> 2. 검토의견 : 무 효 부동산 거래분야에서 계약해제에 따른 위약금은 거래대금의 10%정도가 통상적인 거래관행이며 판례의 취지이다. 그러나 위 약관조항은 수분양자의 귀책사유로 인한 계약취소ㆍ해지시 위약금으로 총 분양대금의 20%를 위약금으로 정하고 있으므로 이는 고객에게 과중한 손해배상의무를 부담시키는 조항으로 약관법 제8조에 해당된다. 또한 민법 제548조에 따르면 쌍무계약에 있어서 당사자 일방이 계약을 해제한 때에는 각 당사자는 그 상대방에 대하여 즉시 원상회복의무가 있고, 그에 따라 반환하여야 할 것이 금전인 경우 그 받은 날로부터 이자를 가하여 반환하여 한다. 그러나 위 약관조항은 계약이 해제된 경우 사업자가 수분양자에게 분양대금을 반환함에 있어 기 납부한 분양대금에 대한 이자를 지급하지 않기 위하여 수분양자가 사업자에게 동 이자를 청구할 수 없도록 정하고 있다. 따라서 동 조항은 계약의 해제ㆍ해지로 인한 사업자의 원상회복의무를 부당하게 경감하는 조항으로 약관법 제9조 제4호에 해당된다. ]]> 2. 검토의견 : 무 효 부동산 거래분야에서 계약해제에 따른 위약금은 거래대금의 10%정도가 통상적인 거래관행이며 판례의 취지이다. 그러나 위 약관조항은 수분양자의 귀책사유로 인한 계약취소ㆍ해지시 위약금으로 총 분양대금의 20%를 위약금으로 정하고 있으므로 이는 고객에게 과중한 손해배상의무를 부담시키는 조항으로 약관법 제8조에 해당된다. 또한 민법 제548조에 따르면 쌍무계약에 있어서 당사자 일방이 계약을 해제한 때에는 각 당사자는 그 상대방에 대하여 즉시 원상회복의무가 있고, 그에 따라 반환하여야 할 것이 금전인 경우 그 받은 날로부터 이자를 가하여 반환하여 한다. 그러나 위 약관조항은 계약이 해제된 경우 사업자가 수분양자에게 분양대금을 반환함에 있어 기 납부한 분양대금에 대한 이자를 지급하지 않기 위하여 수분양자가 사업자에게 동 이자를 청구할 수 없도록 정하고 있다. 따라서 동 조항은 계약의 해제",,미검수,,,근거 서술에 조항 문구 인용 없음. 위약금 20% 규정과 이자 청구 불가 규정의 내용만 설명되어 있음,candidates_ftc_불공정약관조항.csv
법제처 OPEN API/ftc,10465,,(주)아이온시티의 아이온시티 분양공급계약서상 불공정약관조항에 대한 건,https://www.law.go.kr/DRF/lawService.do?OC=test&target=ftc&ID=10465&type=HTML,(문서 전체 — 조항 구분 없음),무효,조문인용 추론,위험,제6조,부당한 비용·세금 전가|선택권 제한·구입 강제|과도한 위약금,"10465 시정권고서 2008약관2547 가. 약관조항 나. 검토의견 : 무 효 ㅇ 상가 분양공급계약에서 수분양자의 중도금 및 잔금 납부지연에 대한 연체이자와 사업자의 입주지연에 대한 지체상금은 급부지연에 대한 손해배상이라는 점에서 공통적인 성격을 가짐 ㅇ 따라서 수분양자의 중도금 및 잔금 납부지연에 대한 연체이자율과 사업자의 지체상금 이자율은 동일하거나 유사한 정도이어야 함 ㅇ 그러나 위 약관조항은 수분양자의 연체이자율은 15%, 사업자의 자체상금 이자율은 6%로 현저하게 차이가 나게 정하고 있음 ㅇ 그러므로 동 조항은 고객인 수분양자에게 부당하게 불리한 조항으로 약관법 제6조 제2항 제1호에 해당됨 ]]> 가. 약관조항 나. 검토의견 : 무 효 ㅇ 상가 분양공급계약에서 수분양자의 중도금 및 잔금 납부지연에 대한 연체이자와 사업자의 입주지연에 대한 지체상금은 급부지연에 대한 손해배상이라는 점에서 공통적인 성격을 가짐 ㅇ 따라서 수분양자의 중도금 및 잔금 납부지연에 대한 연체이자율과 사업자의 지체상금 이자율은 동일하거나 유사한 정도이어야 함 ㅇ 그러나 위 약관조항은 수분양자의 연체이자율은 15%, 사업자의 자체상금 이자율은 6%로 현저하게 차이가 나게 정하고 있음 ㅇ 그러므로 동 조항은 고객인 수분양자에게 부당하게 불리한 조항으로 약관법 제6조 제2항 제1호에 해당됨 ]]> 가. 약관조항 나. 검토의견 : 무 효 ㅇ 상가 분양공급계약에서 수분양자의 중도금 및 잔금 납부지연에 대한 연체이자와 사업자의 입주지연에 대한 지체상금은 급부지연에 대한 손해배상이라는 점에서 공통적인 성격을 가짐 ㅇ 따라서 수분양자의 중도금 및 잔금 납부지연에 대한 연체이자율과 사업자의 지체상금 이자율은 동일하거나 유사한 정도이어야 함 ㅇ 그러나 위 약관조항은 수분양자의 연체이자율은 15%, 사업자의 자체상금 이자율은 6%로 현저하게 차이가 나게 정하고 있음 ㅇ 그러므로 동 조항은 고객인 수분양자에게 부당하게 불리한 조항으로 약관법 제6조 제2항 제1호에 해당됨 ]]> 가. 약관조항 나. 검토의견 : 무 효 ㅇ 상가 분양공급계약에서 수분양자의 중도금 및 잔금 납부지연에 대한 연체이자와 사업자의 입주지연에 대한 지체상금은 급부지연에 대한 손해배상이라는 점에서 공통적인 성격을 가짐 ㅇ 따라서 수분양자의 중도금 및 잔금 납부지연에 대한 연체이자율과 사업자의 지체상금 이자율은 동일하거나 유사한 정도이어야 함 ㅇ 그러나 위 약관조항은 수분양자의 연체이자율은 15%, 사업자의 자체상금 이자율은 6%로 현저하게 차이가 나게 정하고 있음 ㅇ 그러므로 동 조항은 고객인 수분양자에게 부당하게 불리한 조항으로 약관법 제6조 제2항 제1호에 해당됨 ]]> 가. 약관조항 나. 검토의견 : 무 효 ㅇ 상가 분양공급계약에서 수분양자의 중도금 및 잔금 납부지연에 대한 연체이자와 사업자의 입주지연에 대한 지체상금은 급부지연에 대한 손해배상이라는 점에서 공통적인 성격을 가짐 ㅇ 따라서 수분양자의 중도금 및 잔금 납부지연에 대한 연체이자율과 사업자의 지체상금 이자율은 동일하거나 유사한 정도이어야 함 ",,미검수,,,"근거 서술에 조항 문구 인용 없음. 연체이자율 15%, 지체상금 이자율 6%의 구체적 수치만 언급되어 있으나 원문 약관 조항의 정확한 문구는 제시되지 않음",candidates_ftc_불공정약관조항.csv
법제처 OPEN API/ftc,10801,,(주)애니유니드의 경매취소수수료 안내상 불공정약관조항에 대한 건,https://www.law.go.kr/DRF/lawService.do?OC=test&target=ftc&ID=10801&type=HTML,(문서 전체 — 조항 구분 없음),무효,조문인용 추론,위험,제6조,부당한 비용·세금 전가|선택권 제한·구입 강제|과도한 위약금,"10801 시정권고서 2008약관1782 : 무효 ㅇ 회원이 낙찰후 피심인이 상품을 인수하기 전에 취소할 때 피심인에게 발생하는 손해는 아이디의 부정적 평가를 방지하기 위해 출품자에게 지급하는 금액(출품자의 낙찰수수료)과 피심인의 경매대행수수료로 볼 수 있음 ㅇ 피심인이 회원의 낙찰취소로 일본 출품자에게 보상하는 낙찰수수료(일본 출품자가 야후 재팬 옥션에 출품하고 낙찰받았을 때 야후 재팬 옥션에 지급하는 수수료)가 약 5.25%이고, 피심인의 경매대행수수료는 낙찰가가 높을 수록 낮아지는 구조인 점(1만엔 이하 1,500엔, 1만엔 이상은 낙찰가구간별로 12~5%), 낙찰가가 6,000엔 이상인 경우 일률적으로 선취소수수료로 낙찰가의 35%를 적용함으로써 낙찰가가 클수록 경매대행수수료와는 달리 선취소수수료 금액이 커진다는 점 등에 비추어 보면 위 조항은 고객에 대하여 부당하게 불리한 조항으로 약관법 제6조 제2항 제1호에 해당 ]]> : 무효 ㅇ 회원이 낙찰후 피심인이 상품을 인수하기 전에 취소할 때 피심인에게 발생하는 손해는 아이디의 부정적 평가를 방지하기 위해 출품자에게 지급하는 금액(출품자의 낙찰수수료)과 피심인의 경매대행수수료로 볼 수 있음 ㅇ 피심인이 회원의 낙찰취소로 일본 출품자에게 보상하는 낙찰수수료(일본 출품자가 야후 재팬 옥션에 출품하고 낙찰받았을 때 야후 재팬 옥션에 지급하는 수수료)가 약 5.25%이고, 피심인의 경매대행수수료는 낙찰가가 높을 수록 낮아지는 구조인 점(1만엔 이하 1,500엔, 1만엔 이상은 낙찰가구간별로 12~5%), 낙찰가가 6,000엔 이상인 경우 일률적으로 선취소수수료로 낙찰가의 35%를 적용함으로써 낙찰가가 클수록 경매대행수수료와는 달리 선취소수수료 금액이 커진다는 점 등에 비추어 보면 위 조항은 고객에 대하여 부당하게 불리한 조항으로 약관법 제6조 제2항 제1호에 해당 ]]> : 무효 ㅇ 회원이 낙찰후 피심인이 상품을 인수하기 전에 취소할 때 피심인에게 발생하는 손해는 아이디의 부정적 평가를 방지하기 위해 출품자에게 지급하는 금액(출품자의 낙찰수수료)과 피심인의 경매대행수수료로 볼 수 있음 ㅇ 피심인이 회원의 낙찰취소로 일본 출품자에게 보상하는 낙찰수수료(일본 출품자가 야후 재팬 옥션에 출품하고 낙찰받았을 때 야후 재팬 옥션에 지급하는 수수료)가 약 5.25%이고, 피심인의 경매대행수수료는 낙찰가가 높을 수록 낮아지는 구조인 점(1만엔 이하 1,500엔, 1만엔 이상은 낙찰가구간별로 12~5%), 낙찰가가 6,000엔 이상인 경우 일률적으로 선취소수수료로 낙찰가의 35%를 적용함으로써 낙찰가가 클수록 경매대행수수료와는 달리 선취소수수료 금액이 커진다는 점 등에 비추어 보면 위 조항은 고객에 대하여 부당하게 불리한 조항으로 약관법 제6조 제2항 제1호에 해당 ]]> : 무효 ㅇ 회원이 낙찰후 피심인이 상품을 인수하기 전에 취소할 때 피심인에게 발생하는 손해는 아이디의 부정적 평가를 방지하기 위해 출품자에게 지급하는 금액(출품자의 낙찰수수료)과 피심인의 경매대행수수료로 볼 수 있음 ㅇ 피심인이 회",,미검수,,,"근거 서술에 조항 문구 인용 없음. 선취소수수료 관련 조항의 내용만 설명되어 있으며, 따옴표나 「」 등의 인용 표시가 없습니다.",candidates_ftc_불공정약관조항.csv
법제처 OPEN API/ftc,1137,,(주)오리엔탈여행사의 여행계약서 및 여행일정표 유의사항상 불공정약관조항에 대한 건,https://www.law.go.kr/DRF/lawService.do?OC=test&target=ftc&ID=1137&type=HTML,고객이 계약의 거래형태등 제반사정에 비추어 예상하기 어려운 조항,무효,조문인용 추론,위험,"제6조,제8조",부당한 비용·세금 전가|선택권 제한·구입 강제|과도한 위약금,"2. 고객이 계약의 거래형태등 제반사정에 비추어 예상하기 어려운 조항 나. 숙박시설(풀빌라, 호텔) 비용에 대한 환불불가 및 취소료 추가 부과 관련 피심인은 공정거래위원회가 승인한 국외여행표준약관을 허니문상품의 기본약관으로 사용하면서 위약금과 관련해서는 특약(여행일정표 유의사항상의 밑줄 친 부분)을 규정하여 운영하고 있고, 동 특약은 고객이 허니문상품의 이용계약을 취소하는 경우 기본약관에 비해 고객에게 부과하는 위약금(취소료) 금액이 매우 크고, 여행출발일 기준으로 이른 시기에 이용계약을 취소하여도 위약금을 부과하고 있다. 위와 같이 특약으로 위약금을 과중하고 엄격하게 부과하고 있음에도 불구하고, 피심인의 여행계약서 및 여행일정표 유의사항상의 밑줄 친 부분(숙박관련 환불불가 및 추가 취소료 관련)은 고객의 이용계약 취소시 고객에게 숙박시설(호텔, 풀빌라)에 대한 취소료를 위 위약금 외에 별도로 규정하고 있을 뿐만 아니라, 고객의 여행계약 취소로 피심인이 숙박과 관련하여 부담해야하는 취소료의 크기가 상품마다 크게 차이가 있음에도 이를 전혀 고려하지 않고 숙박료 전액을 고객에게 위약금으로 부과할 수 있도록 하고 있다. 따라서 피심인의 여행계약서 및 여행일정표 유의사항상의 밑줄 친 부분(숙박관련 환불불가 및 추가 취소료 관련)고객에 대하여 부당하게 과중한 위약금을 부과하고 있어 약관법 제8조(손해배상액의 예정)에 해당되어 무효이다. ※「약관법」 제8조(손해배상액의 예정) 고객에 대하여 부당하게 과중한 손해배상의무를 부담시키는 약관조항은 이를 무효로 한다. ]]> ※ 시정대상 약관조항은 위 약관조항뿐만 아니라 피심인이 사용하고 있는 모든 국외여행상품의 특별약관 중 위 약관조항과 동일한 것으로서 고객의 여행계약 취소시 국외여행표준약관 보다 과중한 위약금을 부과하는 약관조항을 포함합니다. 2. 심사의견 가. 여행계약취소시 위약금 부과율 관련 허니문 국외여행상품(이하 “허니문상품”이라한다)은 항공, 숙박, 이동, 관광, 안내 등으로 이루어진 팩키지 상품으로 여행사들은 자신들의 노하우, 시간, 인력 등을 투입하여 허니문상품을 개발하여 판매하거나 대형여행사들이 개발한 허니문상품을 대행 판매하고 있다. 여행사인 피심인은 통상 여행출발일 수개월 전부터 허니문상품을 판매하며 항공좌석 및 숙박시설 예약을 위해 항공사(또는 항공권을 확보하여 판매하는 여행사) 및 현지 숙박업체 등에게 선불금을 지급하는 경우가 많은 데 이때 지급하는 선불금의 크기 및 지급 시기는 허니문상품의 구성내용(숙박시설, 항공사, 항공좌석, 여행시기)에 따라 차이가 크며 고객이 허니문상품의 이용계약을 취소하는 경우 여행사가 이러한 선불금을 항공ㆍ숙박관련 취소료로 부담해야하는 경우가 대부분이다. 피심인은 공정거래위원회가 승인한 국외여행표준약관을 허니문상품의 기본약관으로 사용하면서 여행계약 취소에 따른 위약금과 관련해서는 특별약관조항(이하 “특약”이라 한다)을 규정하여 운영하고 있다. 동 특약은 고객이 허니문상품의 이용계약을 취소하는 경우 기본약관에 비해 고객에게 부과하는 위약금 금액이 매우 크",,미검수,,,"근거 서술에 조항 문구 인용 없음. '여행일정표 유의사항상의 밑줄 친 부분(숙박관련 환불불가 및 추가 취소료 관련)'으로만 표현되어 있으며, 실제 조항 문구는 제시되지 않음",candidates_ftc_불공정약관조항.csv
법제처 OPEN API/ftc,1241,,(주)오케이웨이브영어의 사업계약서상 불공정약관조항에 대한 건,https://www.law.go.kr/DRF/lawService.do?OC=test&target=ftc&ID=1241&type=HTML,고객이 계약의 거래형태등 제반사정에 비추어 예상하기 어려운 조항,무효,조문인용 추론,위험,"제6조,제9조",부당한 비용·세금 전가|선택권 제한·구입 강제|과도한 위약금|일방적 계약 해지|권리행사 제한|보증금 반환 지연,"2. 고객이 계약의 거래형태등 제반사정에 비추어 예상하기 어려운 조항 2. 영업 양도 관련 가. 약관조항 나. 심사의견 가맹점사업권은 일신전속적인 성질 등을 가진 것이 아니므로 가맹점사업자는 가맹점사업권을 양도하고 양수인으로부터 그 대가를 받을 수 있는 권리를 가지고 있다. 그런데 피심인은 가맹점사업자의 가맹점사업권 양도시 동 양도 계약의 효력발생 요건으로 가맹점사업자로 하여금 계약금의 10%를 피심인에게 납부하도록 규정하고 있고 이러한 규정은 합리적 타당성이 있다고 보기 어렵다. 따라서, 피심인의 사업계약서 제22조 제2항은 가맹점사업자에게 부당하게 불리한 약관조항으로 약관법 제6조 제2항 제1호에 해당되어 무효이다. 3. 계약 해지의 사유 관련 가. 심사대상 약관조항 나. 심사의견 (1) 계약해지 사유 관련 계약의 해지는 계약당사자의 이해관계에 중대한 영향을 미치는 사항으로 비록 계약위반이 있더라도 그것이 경미한 계약위반으로 계약의 존속을 무의미하게 할 정도가 아니면 계약의 해지를 엄격히 제한해야 할 것이고 그 사유를 약정하는 경우에도 그 사유가 구체적으로 열거되고 그 내용 또한 타당하여야 할 것이다. 그런데 피심인의 사업계약서 제25조 제2항의 “사업자간 분쟁 및 조직의 친목을 해할 때“ 및 같은 조 제4항의 ”3회 이상 고객 불만을 야기할 때“는 해당 가맹점사업자의 귀책사유에 의하지 않은 사항이나, 경미한 사항을 포함할 수 있고, 같은 조 제3항의 ”월 보고서를 2회 이상 제출하지 않을 때”는 월 보고서가 어떤 사항에 대한 것인지를 구체적으로 제시하지 않고 있다. 따라서 피심인의 사업계약서 제25조 제2항ㆍ제3항ㆍ제4항의 밑줄 부분은 가맹점사업자의 귀책사유에 의하지 않은 사항, 계약해지에 이를 정도로 중대하지 않은 사항, 계약해지 사유로 명확하지 않은 사항 등을 이유로 피심인의 자의적 판단에 따라 일방적으로 가맹점계약을 해지할 수 있으므로 약관법 제9조 제2호에 해당되어 무효이다. ※「약관법」 제9조(계약의 해제ㆍ해지) 계약의 해제ㆍ해지에 관하여 정하고 있는 약관의 내용중 다음 각 호의 1에 해당되는 내용을 정하고 있는 조항은 이를 무효로 한다. 1. ㆍㆍㆍㆍㆍㆍㆍㆍㆍㆍㆍㆍㆍㆍㆍㆍㆍㆍㆍㆍㆍㆍㆍㆍㆍ 2. 사업자에게 법률에서 규정하고 있지 아니하는 해제권ㆍ해지권을 부여하거나 법률의 규정에 의한 해제권ㆍ해지권의 행사요건을 완화하여 고객에 대하여 부당하게 불이익을 줄 우려가 있는 조항 (2) 계약해지 절차관련 「가맹사업거래의 공정화에 관한 법률」제14조[가맹계약해지의 제한]는 “가맹본부가 가맹계약을 해지하려는 경우에는 가맹점사업자에게 2개월 이상의 유예기간을 두어 계약의 위반사실을 구체적으로 밝히고 이를 시정하지 아니하면 그 계약을 해지한다는 사실을 서면으로 2회 이상 통지하여야 하며 이러한 절차를 거치지 아니한 가맹계약의 해지는 그 효력이 없다.”고 규정하고 있다. 그러나 피심인의 사업계약서 제25조 본문은 “다음 항에 해당될 경우 '갑’은 '을’과의 계약을 해지하고 '을’은 '갑’에게 이의를 제기하지 않는다.”고 규정하고, 같은 조 ",,미검수,사업자간 분쟁 및 조직의 친목을 해할 때,높음,"제25조 제2항에서 따옴표 없이 인용된 문구이며, 심사의견에서 명확히 구분되어 제시됨",candidates_ftc_불공정약관조항.csv
법제처 OPEN API/ftc,10835,,(주)우리은행의 우리카드 가입신청서상 불공정약관조항에 대한 건,https://www.law.go.kr/DRF/lawService.do?OC=test&target=ftc&ID=10835&type=HTML,약관조항,무효,조문인용 추론,위험,제12조,일방적 계약 해지,"1. 약관조항 2. 검토의견 : 무효 ㅇ 고객의 신용카드 이용과 보험가입은 그 상품의 내용이 본질적으로 다르므로 신용카드 사업자가 신용카드를 이용하는 고객에게 무료 제공하는 보험에 고객이 가입할 것인지 여부는 고객이 자유롭게 선택할 수 있어야 할 것임 - 그러나, 위 약관조항은 고객이 신용카드 이용약정을 체결하면서 사업자가 고객에게 무료 제공하는 보험의 가입 여부에 대하여 아무런 의사를 표시하지 아니한 경우, 고객이 특정 보험상품에 가입한 것으로 간주하고 있음 - 이 경우 보험에 가입의사가 없던 고객은 자기 의사에 반하여 보험에 가입됨에 따라 보험사에 대한 고객의 개인정보 제공, 보험사로부터 상품관련 전화 등 개인의 사생활에 대한 침해가 발생함 - 따라서, 동 조항은 일정한 부작위가 있을 때 고객의 의사표시가 표명되는 것으로 보는 조항으로 약관법 제12조 제1호에 해당됨 ]]> ",,미검수,,,근거 서술에 조항 문구 인용 없음. 보험 가입 여부에 대한 의사 미표시 시 가입 간주 내용만 설명되어 있음,candidates_ftc_불공정약관조항.csv
법제처 OPEN API/ftc,9677,,(주)제너시스의 BBQ 가맹계약서 상 불공정약관조항에 대한 건,https://www.law.go.kr/DRF/lawService.do?OC=test&target=ftc&ID=9677&type=HTML,소비자와 분쟁에 대한 책임 전가 조항,무효,조문인용 추론,위험,제7조,책임 면제,"2. 소비자와 분쟁에 대한 책임 전가 조항 가. 약관조항 ※ 갑: 가맹본부(피심인), 을: 가맹점사업자 나. 검토의견 : 무효 가맹점사업자는 독립적인 사업자로서 자신이 판매한 물품에 대해 소비자와 분쟁이 생긴 경우 그 분쟁의 당사자로서 책임을 져야 할 의무가 있다. 그러나 소비와 가맹점사업자간의 분쟁 중 그 원인이 가맹본부의 귀책사유로 인한 경우도 있을 수 있다(예 : 가맹본부가 공급한 물품의 원시적 하자로 소비자에게 피해가 발생한 경우). 이러한 경우에는 귀책사유가 있는 가맹본부의 책임과 부담으로 분쟁을 해결하는 것이 형평에 맞는다. 프랜차이즈 표준약관도 가맹본부가 그의 상표를 사용하여 공급한 상품ㆍ자재의 하자로 인하여 소비자나 제3자가 입은 손해에 대하여 책임을 지도록 규정하고 있다(제24조 제4항). 그런데 위 약관조항은 소비자와의 분쟁의 원인이 무엇이든지 이를 가맹점사업자가 책임지도록 규정하고 있다. 이는 상당한 이유 없이 사업자의 손해배상범위를 제한하거나 사업자가 부담하여야 할 위험을 고객에게 이전시키는 조항으로써 약관법 제7조 제1호에 해당한다. ",,미검수,,,"근거 서술에 조항 문구 인용 없음. 조항 내용이 설명만 되어 있으며, 실제 약관 문구는 '가. 약관조항' 표에 있었으나 API 응답에서 탈락함",candidates_ftc_불공정약관조항.csv
법제처 OPEN API/ftc,9677,,(주)제너시스의 BBQ 가맹계약서 상 불공정약관조항에 대한 건,https://www.law.go.kr/DRF/lawService.do?OC=test&target=ftc&ID=9677&type=HTML,계약 갱신시 가입비 등 증가조항,무효,조문인용 추론,위험,제6조,부당한 비용·세금 전가|선택권 제한·구입 강제|과도한 위약금,"3. 계약 갱신시 가입비 등 증가조항 가. 약관조항 ※ 갑: 가맹본부(피심인), 을: 가맹점사업자 나. 검토의견 : 무효 계약의 갱신의 경우 기존의 계약내용에 대하여 변경이 필요한 경우가 있을 수 있다. 이때 경제사정이나 가맹본부의 영업방침에 따라 가입비 및 계약이행보증금이 변경될 가능성도 있음을 물론이다. ※ 가입비 : BBQ 영업표지의 최초 사용허락의 개시 및 가맹사업 운영 노하우의 이전에 대한 1회성의 대가로서 계약체결 시 가맹점사업자가 가맹본부에게 지급하는 금원 ※ 계약이행보증금 : 계약이 종료되거나 해지된 경우에 가맹점사업자가 제23조[계약종료 후의 의무 및 조치]에서 정한 의무를 이행하지 못한 경우의 손해배상액을 담보하기 위한 것으로서, 가맹점사업자가 가맹본부에게 지급하는 금원 그런데 당해 약관조항은 계약의 갱신이 있을 때 가입비 등이 '증가’될 수 있는 가능성에 대하여만 규정하였을 뿐 '감소’될 가능성에 대하여는 전혀 상정하지 않고 있다. 이는 고객인 가맹점사업자에게 대하여 부당하게 불리한 조항으로써 약관법 제6조 제2항 제1호에 해당한다. ",,미검수,,,"근거 서술에 조항 문구 인용 없음. 약관 내용이 설명만 되어 있으며, 실제 조항 문구는 '가. 약관조항' 표에 있었으나 API 응답에서 탈락함",candidates_ftc_불공정약관조항.csv
법제처 OPEN API/ftc,9677,,(주)제너시스의 BBQ 가맹계약서 상 불공정약관조항에 대한 건,https://www.law.go.kr/DRF/lawService.do?OC=test&target=ftc&ID=9677&type=HTML,가입비 반환금지 조항,무효,조문인용 추론,위험,제6조,부당한 비용·세금 전가|선택권 제한·구입 강제|과도한 위약금,"4. 가입비 반환금지 조항 가. 약관조항 ※ 갑: 가맹본부(피심인), 을: 가맹점사업자 나. 검토의견 : 무효 가맹사업법에 의하면 일정한 사유가 인정되면 가맹점사업자는 가맹계약 체결 전 또는 가맹계약의 체결일부터 2개월 이내에 가맹금의 반환을 요구할 수 있다(법 제10조). 그런데 위 약관조항에 의하면, 가맹본부는 가맹점이 개설되기만 하면 가맹계약의 체결일로부터 2개월 이내라 하더라도 가입비를 반환하지 않아도 된다. 이는 가맹사업법보다 더 불리하게 규정한 조항으로써 고객에게 부당하게 불리한 조항이므로 약관법 제6조 제2항 제1호에 해당한다. ",,미검수,,,근거 서술에 조항 문구 인용 없음. 가맹점이 개설되기만 하면 가입비를 반환하지 않는다는 내용만 설명되어 있음,candidates_ftc_불공정약관조항.csv
법제처 OPEN API/ftc,9677,,(주)제너시스의 BBQ 가맹계약서 상 불공정약관조항에 대한 건,https://www.law.go.kr/DRF/lawService.do?OC=test&target=ftc&ID=9677&type=HTML,광고비 산정기준 조항,무효,조문인용 추론,위험,제6조,부당한 비용·세금 전가|선택권 제한·구입 강제|과도한 위약금,"5. 광고비 산정기준 조항 가. 약관조항 ※ 갑: 가맹본부(피심인), 을: 가맹점사업자 나. 검토의견 : 무효 가맹사업에 대한 광고는 가맹본부와 가맹점사업자에게 모두 이익이 되는 것이다. 따라서 전체 광고비를 가맹본부와 가맹점사업자 사이에 합리적인 방법으로 분담하도록 정해져야 한다. 프랜차이즈 표준약관에도 광고에 소요되는 비용은 가맹본부와 가맹점사업자가 분담하도록 규정하고 있다. ※ 제18조(광 고) ③ 광고에 소요되는 비용은 가맹사업자가 ( )%, 가맹계약자측(전국규모의 광고의 경우에는 전국의 가맹계약자들, 지역단위의 광고의 경우에는 해당 지역의 가맹계약자들)이 ( )%씩 분담한다. 각 가맹계약자 간의 비용부담의 배분은 각각의 총매출액에 따른 비율에 의한다. 또한 광고비 산출근거와 가맹점사업자가 분담하는 광고비에 대해서도 가맹점사업자가 충분히 알 수 있도록 되어 있어야 할 것이다. 그런데 위 약관조항은 광고비의 산출근거 및 가맹본부와 가맹점사업자의 광고비 분담비율에 대해서는 전혀 언급이 없다. 즉, 가맹본부가 합리적인 방법으로 가맹점사업자에게 광고비를 분담하도록 하고 있다고 볼 수 없다. 그러므로 위 약관조항은 고객에게 부당하게 불리한 조항으로써 약관법 제6조 제2항 제1호에 해당한다. ※ 유사 심결례 (제2005약관0216) ",,미검수,,,근거 서술에 조항 문구 인용 없음. 표준약관 제18조 예시만 제시되고 피심인의 실제 약관 조항 문구는 인용되지 않음,candidates_ftc_불공정약관조항.csv
법제처 OPEN API/ftc,9677,,(주)제너시스의 BBQ 가맹계약서 상 불공정약관조항에 대한 건,https://www.law.go.kr/DRF/lawService.do?OC=test&target=ftc&ID=9677&type=HTML,물품대금을 현금으로만 지급 강제하는 조항,무효,조문인용 추론,위험,제6조,부당한 비용·세금 전가|선택권 제한·구입 강제|과도한 위약금,"6. 물품대금을 현금으로만 지급 강제하는 조항 가. 약관조항 ※ 갑: 가맹본부(피심인), 을: 가맹점사업자 나. 검토의견 : 무효 여신전문금융업법은 신용카드가맹점에게 신용카드로 거래한다는 이유로 물품의 판매 또는 용역의 제공 등을 거절하지 못하도록 의무를 부과하고 있다(제19조 제1항). 피심인으로부터 확인한 결과 피심인은 위법에 의한 신용카드가맹점에 해당한다. ※ 여신전문금융업법 관련 규정 가맹사업법에 따라 예치의무가 있는 가입비, 계약이행보증금 등의 경우에는 위에서 살펴본 바와 같이 현금으로 지급하여야 할 상당한 이유가 있다고 인정된다. 그러나, 예치의무가 없는 물품대금의 경우까지 반드시 현금으로 지급하여야 상당한 이유는 인정되지 아니한다. 더군다나 가맹점사업자는 신용카드가맹점으로서 소비자에게 신용카드로 대금을 지급받는 경우가 많은 데에 반해, 가맹본부에게 지급하는 물품대금은 반드시 현금으로 지급하도록 한다면 형평에 어긋난다고 판단된다. 이를 종합하여 볼 때, 당해 약관조항은 고객에게 부당하게 불리한 약관조항으로써 약관법 제6조 제2항 제1호에 해당한다. ",,미검수,,,근거 서술에 조항 문구 인용 없음,candidates_ftc_불공정약관조항.csv
법제처 OPEN API/ftc,9677,,(주)제너시스의 BBQ 가맹계약서 상 불공정약관조항에 대한 건,https://www.law.go.kr/DRF/lawService.do?OC=test&target=ftc&ID=9677&type=HTML,가맹점사업자의 양수인 가입비 지급 강제 조항,무효,조문인용 추론,위험,제6조,부당한 비용·세금 전가|선택권 제한·구입 강제|과도한 위약금,"7. 가맹점사업자의 양수인 가입비 지급 강제 조항 가. 약관조항 ※ 갑: 가맹본부(피심인), 을: 가맹점사업자 나. 검토의견 : 무효 영업의 양도란 '영업목적을 위하여 조직화된 유기적 일체로서의 기능재산의 동일성이 유지된 일괄이전’을 의미한다(대법원 1989. 12. 26. 선고 88다카10128). . 즉, 영업양수인은 영업양도인의 권리의무를 포괄적으로 승계 받게 되므로 당해 약관에서 영업양수인은 기존의 가맹점사업자와 가맹본부간의 권리의무관계를 그대로 승계 받는다. 따라서 영업양수인은 양도인과 가맹본부간의 계약기간동안에는 양도인과 동일한 권리를 갖고 가맹점사업자로서 영업을 할 수 있게 된다. 또한 위 약관에 의하면 가맹점사업자는 가맹점 영업을 양도하려면 가맹본부의 사전 서면 승인을 얻어야 한다(제29조 제1항). 그런데, 위 약관조항은 가맹점사업자의 양수인을 신규계약자로 보고 있다. 이는 영업양도의 본질적 성격에 반하고 사전 승인을 받게 하는 취지에도 부합하지 않는다. 프랜차이즈 표준약관에는 가맹점사업자의 양수인이 따로 요청을 하는 경우에만 신규계약을 체결한 것으로 규정하고 있다(제20조 제6항). 결국 위 약관조항에 의하여 가맹점사업자의 영업양도는 심히 제한될 수 있다. 따라서 가맹점의 양수인에게 가입비 등의 지급의무를 부과하고 있는 위 약관조항은 고객에게 부당하게 불리한 약관조항으로써 약관법 제6조 제2항 제1호에 해당한다. ※ 참고 ",,미검수,,,근거 서술에 조항 문구 인용 없음. 가맹점사업자의 양수인에게 가입비 등의 지급의무를 부과하는 내용만 설명되어 있음,candidates_ftc_불공정약관조항.csv
법제처 OPEN API/ftc,9677,,(주)제너시스의 BBQ 가맹계약서 상 불공정약관조항에 대한 건,https://www.law.go.kr/DRF/lawService.do?OC=test&target=ftc&ID=9677&type=HTML,즉시 발견할 수 없는 하자에 대한 가맹본부의 담보책임면제 조항,무효,조문인용 추론,위험,제6조,부당한 비용·세금 전가|선택권 제한·구입 강제|과도한 위약금,"8. 즉시 발견할 수 없는 하자에 대한 가맹본부의 담보책임면제 조항 가. 약관조항 ※ 갑: 가맹본부(피심인), 을: 가맹점사업자 나. 검토의견 : 무효 상인간 매매에서는 매수인이 매매의 목적물에 즉시 발견할 수 없는 하자가 있는 경우에 매수인이 6월내에 이를 발견하여 즉시 매도인에게 통지를 발송하면 이로 인한 계약의 해제, 대금감액 또는 손해배상을 청구할 수 있다(상법 제69조 제1항). ※ 상법 제69조 [ 매수인의 목적물의 검사와 하자통지의무] 그런데 위 약관조항들은 가맹점사업자가 12시간내에 하자를 통지한 경우와 가맹본부가 악의인 경우에만 가맹본부의 하자담보책임을 인정하고 있다. 이는 상인간의 매매에 있어서 하자담보책임을 규정하고 있는 상법규정보다 가맹점사업자에게 불리하게 규정된 조항이다. 프랜차이즈 표준약관에도 위 상법 규정과 동일한 규정을 따로 두고 있다. ※ 프랜차이즈 표준약관 제24조 그러므로 가맹본부의 하자담보책임을 좁혀 놓은 위 약관조항들은 고객에게 부당하게 불리한 약관조항으로써 약관법 제6조 제2항 제1호에 해당한다. ",,미검수,,,근거 서술에 조항 문구 인용 없음. 가맹점사업자가 12시간내에 하자를 통지한 경우와 가맹본부가 악의인 경우에만 담보책임을 인정하는 내용만 설명되어 있음,candidates_ftc_불공정약관조항.csv
법제처 OPEN API/ftc,9677,,(주)제너시스의 BBQ 가맹계약서 상 불공정약관조항에 대한 건,https://www.law.go.kr/DRF/lawService.do?OC=test&target=ftc&ID=9677&type=HTML,다른 가맹점 선동을 사유로 하는 계약 해지 조항,무효,조문인용 추론,위험,제9조,일방적 계약 해지|권리행사 제한|보증금 반환 지연,"9. 다른 가맹점 선동을 사유로 하는 계약 해지 조항 가. 약관조항 ※ 갑: 가맹본부(피심인), 을: 가맹점사업자 나. 검토의견 : 무효 위 약관조항에서 사용된 '선동’, '협박’ 등의 단어는 어떻게 해석하느냐에 따라 의미가 달라질 수 있는 추상적인 개념들이다. 따라서 위 약관조항들은 가맹본부의 부당한 행위에 대항하기 위해 가맹점사업자들이 협의회를 구성하는 것을 저지하는 수단으로 사용될 수 있다. 즉, 가맹점사업자들이 가맹본부의 부당한 영업방침이나 정책에 대하여 정당하게 이의를 제기할 수 있는 길이 봉쇄될 가능성이 있다. 더군다나 피심인은 이미 영업방침을 위반한 경우를 계약 해지 사유로 규정하고 있으므로 위의 해지 사유들을 규정할 특별한 이유가 없다. 그리고 계약의 해지는 계약관계를 종료시키는 중대한 영향을 미친다. 따라서 계약의 해지사유는 고객의 계약위반이 계약목적을 달성하기 어려운 경우로 제한되어야 한다. 위 약관조항에서 규정한 계약의 해지사유는 계약목적을 달성하기 어려운 경우로도 보기 어렵다. 그러므로, 위와 같은 계약의 해지사유를 인정하는 것은 사업자에게 법률에서 규정하고 있지 아니하는 해지권을 부여하는 조항으로써 약관법 제9조 제2호에 해당한다. ",,미검수,,,"근거 서술에 조항 문구 인용 없음. '선동', '협박' 등의 단어만 언급되며 구체적인 조항 문구는 제시되지 않음",candidates_ftc_불공정약관조항.csv
법제처 OPEN API/ftc,9677,,(주)제너시스의 BBQ 가맹계약서 상 불공정약관조항에 대한 건,https://www.law.go.kr/DRF/lawService.do?OC=test&target=ftc&ID=9677&type=HTML,시설교체비용 부담 강제 조항,무효,조문인용 추론,위험,제6조,부당한 비용·세금 전가|선택권 제한·구입 강제|과도한 위약금,"10. 시설교체비용 부담 강제 조항 가. 약관조항 ※ 갑: 가맹본부(피심인), 을: 가맹점사업자 나. 검토의견 : 무효 가맹본부는 가맹사업의 개선을 위하여 가맹점사업자에게 시성 등의 교체를 요구할 필요가 있음은 인정된다. 프랜차이즈 표준약관에도 '가맹점사업자는 가맹사업의 개선을 위하여 필요한 때에는 점포의 실내장식, 시설, 각종의 기기를 교체ㆍ보수할 것을 요구할 수 있다.’고 규정되어 있다(제15조 제6항). 그런데 시설 등의 교체의 목적이 브랜드 가치 제고와 사업개선이라고 한다면 가맹점사업자만이 아니라 가맹본부도 이에 따라 이익을 얻게 된다. 그럼에도 무조건 가맹점사업자가 가맹본부의 기준에 맞추어 교체를 하고 그에 따른 비용도 모두 부담하는 것은 부당하다. 프랜차이즈 표준약관에도 비용분담에 관하여는 협의하여야 한다고 규정하고 있다(제15조 제6항). 이를 종합하여 볼 때, 시설 등 교체에 따른 비용을 모두 가맹점사업자가 부담하여야 하는 위 약관조항은 고객에게 부당하게 불리한 약관조항으로써 약관법 제6조 제2항 제1호에 해당한다. ",,미검수,,,"근거 서술에 조항 문구 인용 없음. 시설교체비용 부담에 관한 내용만 설명되어 있으며, 표준약관 제15조 제6항만 인용됨",candidates_ftc_불공정약관조항.csv
법제처 OPEN API/ftc,9677,,(주)제너시스의 BBQ 가맹계약서 상 불공정약관조항에 대한 건,https://www.law.go.kr/DRF/lawService.do?OC=test&target=ftc&ID=9677&type=HTML,가맹본부 양도시 동의간주 조항,무효,조문인용 추론,위험,제12조,일방적 계약 해지,"11. 가맹본부 양도시 동의간주 조항 가. 약관조항 ※ 갑: 가맹본부(피심인), 을: 가맹점사업자 나. 검토의견 : 무효 가맹계약에서 가맹본부가 영업을 양도하는 것은 가맹점사업자가 계약을 해지할 수 있을만한 중요한 내용에 해당한다. 따라서 영업 양도가 이루어져도 계약이 해지되지 않고 유지되려면 상대방인 가맹점사업자의 사전 동의를 얻는 절차가 필요하다. 또한 당해 약관은 가맹점사업자가 영업을 양도할 경우에는 사전승인을 거치도록 하고 있으면서(제29조 제1항), 가맹본부의 양도의 경우에는 동의를 간주하는 것은 형평에 맞지 않는다. 그러므로 위 약관조항은 일정한 작위 또는 부작위가 있을 때 고객의 의사표시가 표명된 것으로 보는 약관조항으로써 약관법 제12조 제1호에 해당한다. ",,미검수,,,"근거 서술에 조항 문구 인용 없음. 가맹본부 양도시 동의간주 조항의 구체적 문구가 제시되지 않았으며, 제29조 제1항(가맹점사업자의 양도 사전승인)만 언급됨",candidates_ftc_불공정약관조항.csv
법제처 OPEN API/ftc,9677,,(주)제너시스의 BBQ 가맹계약서 상 불공정약관조항에 대한 건,https://www.law.go.kr/DRF/lawService.do?OC=test&target=ftc&ID=9677&type=HTML,지나치게 짧은 상속 통지기한 조항,무효,조문인용 추론,위험,제6조,부당한 비용·세금 전가|선택권 제한·구입 강제|과도한 위약금,"12. 지나치게 짧은 상속 통지기한 조항 가. 약관조항 ※ 갑: 가맹본부(피심인), 을: 가맹점사업자 나. 검토의견 : 무효 상속인은 상속 개시된 때로부터 피상속인의 재산에 관한 포괄적 권리의무를 승계한다(민법 제1005조). 즉, 위 약관조항에 따른 통지가 없더라도 상속인은 피상속인이 사망한 시점부터 영업을 상속하게 되는 것이다. 다만, 가맹본부는 가맹계약에 따른 관리의무가 있으므로 상속이 발생한 사실을 알 필요성은 인정된다. 그렇다 하여도 위 약관조항에 따른 통지기한 일주일은 매우 짧아서 그 의무가 현실적으로 준수되기가 매우 어렵다. 프랜차이즈 표준약관에서는 상속개시일로부터 3개월 내에 통지하도록 규정하고 있다(제2조 제2항). 그러므로 상속인에게 상속개시일로부터 일주일내에 통지의무를 부과한 위 약관조항은 고객에게 부당하게 불리한 조항으로써 약관법 제6조 제2항 제1호에 해당한다. ",,미검수,,,근거 서술에 조항 문구 인용 없음. 통지기한이 '일주일'임은 언급되나 원문 약관 조항의 정확한 문구가 제시되지 않음,candidates_ftc_불공정약관조항.csv
법제처 OPEN API/ftc,9677,,(주)제너시스의 BBQ 가맹계약서 상 불공정약관조항에 대한 건,https://www.law.go.kr/DRF/lawService.do?OC=test&target=ftc&ID=9677&type=HTML,가맹점사업자의 상속인 계약이행보증금 부담 강제 조항,무효,조문인용 추론,위험,제6조,부당한 비용·세금 전가|선택권 제한·구입 강제|과도한 위약금,"13. 가맹점사업자의 상속인 계약이행보증금 부담 강제 조항 가. 약관조항 ※ 갑: 가맹본부(피심인), 을: 가맹점사업자 나. 검토의견 : 무효 위에서 살펴본 바와 같이 상속인은 피상속인의 재산적 권리의무를 포괄적으로 이전받는다. 따라서 피상속인이 이미 가맹본부에게 지급한 계약이행보증금은 상속인과 가맹본부와의 관계에서도 여전히 유효하다. 그럼에도 상속인에게 계약이행보증금은 다시 지급하라고 하는 것은 상속의 효과를 부인하는 것이다. 그러므로 상속인에게 계약이행보증금 지급의무를 부과하고 있는 위 약관조항은 고객에게 부당하게 불리한 조항으로써 약관법 제6조 제2항 제1호에 해당한다. ",,미검수,,,근거 서술에 조항 문구 인용 없음,candidates_ftc_불공정약관조항.csv
법제처 OPEN API/ftc,9677,,(주)제너시스의 BBQ 가맹계약서 상 불공정약관조항에 대한 건,https://www.law.go.kr/DRF/lawService.do?OC=test&target=ftc&ID=9677&type=HTML,지나치게 짧은 상속인의 교육기한 조항,무효,조문인용 추론,위험,제6조,부당한 비용·세금 전가|선택권 제한·구입 강제|과도한 위약금,"14. 지나치게 짧은 상속인의 교육기한 조항 가. 약관조항 ※ 갑: 가맹본부(피심인), 을: 가맹점사업자 나. 검토의견 : 무효 가맹점사업자의 상속인이 영업을 상속받는다고 하더라도 정상적으로 영업을 수행하기 위해서는 가맹본부의 일정한 교육을 이수할 필요가 있다. 그렇다하더라도 위 약관조항은 상속개시일로부터 1주일이내에 그 교육을 수료하도록 규정하고 있어서 그 기한이 지나치게 짧다. 그러므로 상속인이 상속개시일로부터 일주일이내에 교육을 수료하도록 한 위 약관조항은 고객에게 부당하게 불리한 조항으로써 약관법 제6조 제2항 제1호에 해당한다. ",,미검수,상속개시일로부터 1주일이내에 그 교육을 수료하도록,보통,"인용 표시 없이 약관 내용이 서술되어 있으며, 문제가 된 구체적 기한이 명시된 부분을 옮김",candidates_ftc_불공정약관조항.csv
법제처 OPEN API/ftc,9677,,(주)제너시스의 BBQ 가맹계약서 상 불공정약관조항에 대한 건,https://www.law.go.kr/DRF/lawService.do?OC=test&target=ftc&ID=9677&type=HTML,유사한 업종에 대한 경업 금지 조항,무효,조문인용 추론,위험,제6조,부당한 비용·세금 전가|선택권 제한·구입 강제|과도한 위약금,"15. 유사한 업종에 대한 경업 금지 조항 가. 약관조항 ※ 갑: 가맹본부(피심인), 을: 가맹점사업자 나. 검토의견 : 무효 경업금지의무는 일정한 기간동안에 영업비밀, 영업양도 등을 보호하기 위한 약정으로, 이로 인한 사업자와 고객의 이익수준에 형평성이 유지되어야 한다. 위 약관조항에서 가맹점사업자에게 경업금지의무를 부과할 합리적인 사유가 있다고 하더라도 이로 인한 피심인이 얻는 이익과 가맹점사업자의 직업선택의 자유가 침해되지 아니하는 범위 내에서 이루어져야 할 것이다. 그러나 위 조항은 '동종 업종’뿐만 아니라 '유사한 업종’에 대한 경업 금지하고 잇는바, '유사한 업종’은 그 범위가 어디까지 인지 명확하지 않다. 또한 피심인의 영업비밀에 대한 보호는 동종업종에 대한 경업을 금지하는 것만으로도 충분히 가능하다. 그러므로 유사한 경쟁관계에 있는 업종까지 경업을 금지하는 위 약관조항의 밑줄친 부분은 고객에게 부당하게 불리한 조항으로써 약관법 제6조 제2항 제1호에 해당한다. ",,미검수,,,"근거 서술에 조항 문구 인용 없음. '동종 업종', '유사한 업종' 등의 용어만 언급되어 있으나 조항의 정확한 문구는 제시되지 않음",candidates_ftc_불공정약관조항.csv
법제처 OPEN API/ftc,9677,,(주)제너시스의 BBQ 가맹계약서 상 불공정약관조항에 대한 건,https://www.law.go.kr/DRF/lawService.do?OC=test&target=ftc&ID=9677&type=HTML,계약 종료 후 2년간 경업 금지 조항,무효,조문인용 추론,위험,제6조,부당한 비용·세금 전가|선택권 제한·구입 강제|과도한 위약금,"16. 계약 종료 후 2년간 경업 금지 조항 가. 약관조항 ※ 갑: 가맹본부(피심인), 을: 가맹점사업자 나. 검토의견 : 무효 경업금지의무는 일정한 기간동안에 영업비밀, 영업양도 등을 보호하기 위한 약정으로, 이로 인한 사업자와 고객의 이익수준에 형평성이 유지되어야 한다. 위 약관조항에서 가맹점사업자에게 경업금지의무를 부과할 합리적인 사유가 있다고 하더라도 이로 인한 피심인이 얻는 이익과 가맹점사업자의 직업선택의 자유가 침해되지 아니하는 범위 내에서 이루어져야 할 것이다. 그러나 계약이 종료한 후에까지 가맹점사업자의 동종 또는 유사한 업종에 대한 경업을 금지하는 것은 가맹점사업자의 직업선택의 자유를 지나치게 침해하는 것이다. 또한 본 가맹계약의 경우 가맹계약자가 가맹계약으로 인하여 어떤 특수한 영업상의 비밀이나 기술상의 핵심기술 등을 습득하였다고 보기는 어렵다. 오히려 경업금지가 가맹점사업자의 영업이익의 독점을 위한 것으로 볼 여지가 많다. 그러므로 계약 종료 후까지 겸업을 금지하는 위 약관조항의 밑줄친 부분은 고객에게 부당하게 불리한 조항으로써 약관법 제6조 제2항 제1호에 해당한다. ",,미검수,,,근거 서술에 조항 문구 인용 없음. 표 형식의 약관조항이 탈락하여 원문을 확인할 수 없음,candidates_ftc_불공정약관조항.csv
법제처 OPEN API/ftc,9677,,(주)제너시스의 BBQ 가맹계약서 상 불공정약관조항에 대한 건,https://www.law.go.kr/DRF/lawService.do?OC=test&target=ftc&ID=9677&type=HTML,전화번호 소유권 귀속 의제 조항,무효,조문인용 추론,위험,제6조,부당한 비용·세금 전가|선택권 제한·구입 강제|과도한 위약금,"17. 전화번호 소유권 귀속 의제 조항 가. 약관조항 ※ 갑: 가맹본부(피심인), 을: 가맹점사업자 나. 검토의견 : 무효 전화번호는 일반적으로 소유권의 대상이 아니라 전화사용계약기간동안 전화번호 명의자에게 그 번호를 사용할 수 있는 권한이 주어지는 것이다. 따라서 위 약관 조항상 전화번호의 소유권이란 '전화번호의 이용권’을 의미하는 것으로 판단된다. 시내전화 이용약관에 의하면 전화의 이용권의 승계를 일정한 요건에 따라 인정하고 있다. ※ (주)케이티 시내전화이용약관 가맹점사업자는 독립적인 사업자로서 영업을 하기 위해 가맹본부의 대표전화 외에 점포에서 사용할 전화번호를 개설하고 사용료를 지급한다. 가맹점사업자는 자신의 점포의 영업력을 높이기 위해 개설한 전화번호를 홍보하는 등의 노력을 한다. 이에 따라 영업지역 내의 소비자들은 가맹본부의 대표전화를 사용하기 보다는 가맹점사업자의 전화번호를 사용하여 주문을 하게 된다. 따라서 가맹점사업자에 의해 오랜 기간 사용된 전화번호의 사용권을 갖는 자는 영업망 확보라는 사실상의 이익을 얻게 되는 것이다. 그러한 전화번호 사용권을 가맹본부에게 귀속시키는 규정은 가맹점사업자의 독립적인 사업자로서의 지위를 부정하는 것일뿐만 아니라 가맹점사업자의 노력으로 얻게 된 이익을 반대급부 없이 가맹본부에 귀속시키도록 하는 것이어서 부당하다. 그러므로 가맹본부에게 전화번호의 소유권을 귀속시키는 위 약관조항은 고객에게 부당하게 불리한 약관조항으로써 약관법 제6조 제2항 제1호에 해당한다. 18. 제3자의 영업비밀 준수의무위반책임을 가맹점사업자에게 전가 하는 조항 가. 약관조항 ※ 갑: 가맹본부(피심인), 을: 가맹점사업자 나. 검토의견 : 무효 고의 또는 과실에 의한 영업비밀 침해행위로 영업비밀보유자의 영업상 이익을 침해하여 손해를 입힌 자는 그 손해를 배상할 책임이 있다(부정경쟁방지 및 영업비밀보호에 관한 법률 제11조). 따라서 가맹점사업자 뿐만 아니라 그의 가족, 직원, 기타 관계자들도 가맹본부의 영업비밀을 침해하면 당연히 위 법률에 따라 그 손해를 배상하여야 한다. 그런데 위 약관조항은 가맹점사업자의 가족, 직원, 기타 관계자들이 영업비밀을 침해하면 가맹점사업자가 직접 그 책임을 지도록 규정하고 있다. 그러나 가맹점사업자는 그가 그의 가족, 직원, 기타 관계자들의 사용인인 경우에 한하여 그들에 대한 감독의무를 질뿐이지 그들의 행위 전부에 대하여 무조건 책임을 질 의무는 없다(민법 제756조). 즉, 가맹점사업자는 그의 가족, 지원, 기타 관계자들의 사용인으로서의 관리감독의무를 다하지 않은 경우에만 그에 대한 책임을 질뿐이다. 그러므로 위 약관조항은 고객에게 부당하게 불리한 조항으로써 약관법 제6조 제2항 제1호에 해당한다. ",,미검수,,,근거 서술에 조항 문구 인용 없음. 전화번호 소유권 귀속에 관한 내용만 설명되어 있음,candidates_ftc_불공정약관조항.csv
법제처 OPEN API/ftc,9677,,(주)제너시스의 BBQ 가맹계약서 상 불공정약관조항에 대한 건,https://www.law.go.kr/DRF/lawService.do?OC=test&target=ftc&ID=9677&type=HTML,재판관할 조항,무효,조문인용 추론,위험,"제6조,제14조",부당한 비용·세금 전가|선택권 제한·구입 강제|과도한 위약금|권리행사 제한,"19. 재판관할 조항 가. 약관조항 ※ 갑: 가맹본부(피심인), 을: 가맹점사업자 나. 검토의견 : 무효 원칙적으로 계약 당사자는 분쟁발생을 예상하여 재판관할을 특약(개별약정)으로 정할 수 있다. 그러나 사업자와 고객간의 거래에 이용되는 약관에서 서울중앙지방법원을 관할법원으로 정하는 것은 민사소송법상의 관할법원 규정보다 고객에게 불리한 관할법원을 규정하는 것이다. 즉, 특정 법원을 관할 법원으로 정하게 되면 피심인에게는 유리할지언정 원거리에 사는 경제적 약자인 고객에게는 제소 및 응소에 큰 불편을 초래할 우려가 있다. 그러므로 서울중앙지방법원을 관할법원으로 정한 위 약관조항은 고객에 대하여 불리한 재판관할 합의조항으로 약관법 제14조에 해당한다. ]]> ※ 갑: 가맹본부(피심인), 을: 가맹점사업자 나. 검토의견 : 무효 위 약관조항상의 로열티, 광고비, 판촉비, 교육비는 가맹사업법상의 '가맹금’에 해당한다. 가맹사업법에서는 가맹본부에게 귀책사유가 있는 일정한 경우에 가맹점사업자에게 가맹금을 반환하도록 규정하고 있다(법 제10조 참조). ※ 가맹사업법 제10조 [가맹금 반환의 요구] 법 제10조 제1항에 따라 가맹금의 반환을 요구하고자 하는 가맹점사업자 또는 가 맹희망자는 다음 각 호의 사항이 기재된 서면으로 요구하는 날부터 1개월 이내에 가맹금을 반환하여야 한다. 3. 가맹본부가 제9조 제1항을 위반한 경우로서 허위 또는 과장된 정보나 중요사 항의 누락된 내용이 계약 체결에 중대한 영향을 준 것으로 인정되어 가맹점사 업자가 가맹계약의 체결일부터 2개월 이내에 가맹금의 반환을 요구하는 경우 그럼에도 어떠한 경우에도 가맹금이 반환되지 않는다고 규정한 위 약관조항 밑줄 친 부분은 고객에 대하여 부당하게 불리한 조항으로써 약관법 제6조 제2항 제1호에 해당한다. ",,미검수,서울중앙지방법원을 관할법원으로 정한,보통,"재판관할 조항의 구체적 문구는 인용 표시 없이 서술되어 있으며, 공정위의 판단 근거에서 '서울중앙지방법원을 관할법원으로 정한 위 약관조항'이라고 표현된 부분을 그대로 옮김",candidates_ftc_불공정약관조항.csv
법제처 OPEN API/ftc,9677,,(주)제너시스의 BBQ 가맹계약서 상 불공정약관조항에 대한 건,https://www.law.go.kr/DRF/lawService.do?OC=test&target=ftc&ID=9677&type=HTML,재판관할 조항,무효,조문인용 추론,위험,제14조,권리행사 제한,"19. 재판관할 조항 가. 약관조항 ※ 갑: 가맹본부(피심인), 을: 가맹점사업자 나. 검토의견 : 무효 원칙적으로 계약 당사자는 분쟁발생을 예상하여 재판관할을 특약(개별약정)으로 정할 수 있다. 그러나 사업자와 고객간의 거래에 이용되는 약관에서 서울중앙지방법원을 관할법원으로 정하는 것은 민사소송법상의 관할법원 규정보다 고객에게 불리한 관할법원을 규정하는 것이다. 즉, 특정 법원을 관할 법원으로 정하게 되면 피심인에게는 유리할지언정 원거리에 사는 경제적 약자인 고객에게는 제소 및 응소에 큰 불편을 초래할 우려가 있다. 그러므로 서울중앙지방법원을 관할법원으로 정한 위 약관조항은 고객에 대하여 불리한 재판관할 합의조항으로 약관법 제14조에 해당한다. ]]>",,미검수,,,근거 서술에 조항 문구 인용 없음. 서울중앙지방법원을 관할법원으로 정한 내용만 설명되어 있음,candidates_ftc_불공정약관조항.csv
법제처 OPEN API/ftc,9383,,(주)제이케이파트너즈의 대리점계약서상 불공정 약관조항에 대한 건,https://www.law.go.kr/DRF/lawService.do?OC=test&target=ftc&ID=9383&type=HTML,사업활동제한조항,무효,조문인용 추론,위험,"제6조,제9조",부당한 비용·세금 전가|선택권 제한·구입 강제|과도한 위약금|일방적 계약 해지|권리행사 제한|보증금 반환 지연,"2. 사업활동제한조항 가. 검토의견 : 무효 □ 사업자는 대리점 사업의 목적달성에 필요한 권한범위 내에서 대리점주와 그 고용인에 대해 교육ㆍ훈련을 실시하거나 경영지도 등의 영업활동을 할 수 있으나 ㅇ 사업자가 정당한 이유없이 자신의 영업활동범위를 벗어나 대리점 고유의 영업활동범위에 직접 관여하는 것은 부당하다 할 것임. ㅇ 위 약관조항은 대리점이 영업사원(고용인)을 채용할 때에 사업자와 사전에 협의하도록 규정한 것은 대리점의 독자적인 영업활동을 지나치게 제한하는 것이므로 고객에 대하여 부당하게 불리한 조항으로 약관법 제6조 제2항 제1호에 해당 ]]> 가. 검토의견 : 무효 [수정 전 약관 제11조 제4항] □ 통상 대리점 계약의 경우 존속기간이 있는 계속적 거래관계에서 당사자 사이에 기초적 신뢰관계의 파괴, 부득이한 사유발생, 채무불이행 등 특별한 사정의 발생 유무에 따라 일방 당사자가 계약을 해제ㆍ해지할 수 있다고 할 것이고, ㅇ 계약의 해제ㆍ해지는 당사자간의 이해관계에 중대한 영향을 미치는 사항이므로 비록 계약당사자의 책임있는 사유로 계약을 해지하더라도 상당한 기간을 정하여 그 이행을 최고하고 그 기간내 이행하지 아니한 때 비로소 계약을 해지할 수 있을 것임 ㅇ 또한 경미한 계약위반 등으로 계약의 존속이 무의미할 정도가 아니면 계약의 해제ㆍ해지는 엄격히 제한된다 할 것이며, 그 해지의 사유도 구체적으로 열거하고 그 내용도 객관적이고 명백ㆍ타당한 사유로서 계약관계의 종료에 적합해야 할 것임 □ 수정 전 약관 제11조는 계약목적을 달성할 수 없는 정도의 이행불능이거나 계약을 계속하여 존속하기 어려운 정도의 중대하고 명백한 계약위반 사유가 아니면 상당한 기간을 정하여 이행을 최고하고 그 기간내 불이행할 때 계약을 해지할 수 있음에도 이행최고의 절차없이 서면통보 후 언제든지 계약해지권을 행사할 수 있도록 정한 약관조항이며 □ 수정 전 약관 제11조 제4항은 대리점의 판매실적 부진에 대한 구체적이고 객관적인 기준없이 '현저하게’ 와 같이 계약위반의 정도가 추상적이고 불분명하여 사업자가 자의적인 판단에 따라 일방적인 계약해지권을 행사할 우려가 있음 ㅇ 비록 판매실적의 현저한 부진사유 이외 '더 이상 정상적인 운영이 어려울 때’라는 추가 해지사유가 있어 사업자의 주관적인 판단이 아닌 객관적인 사정에 비추어 판단할 것으로 해석되어 일응 타당한 측면이 있으나, - 사업자가 상대적으로 우월한 지위 또는 적어도 대리점과 거래활동에 상당한 영향을 미칠수 있는 거래상 지위가 있고(대법원 2006.6.29 선고, 2003두1646) - 대리점은 사업자가 독점 수입한 고유브랜드 공급물품에 의존할 수 밖에 없어 사업자가 거래상 지위를 이용하여 계약해지로 공급이 중단될 경우 공급대체선이 없어 영업을 중단해야 하는 점 - 대리점의 책임없는 사유로 계약이 일방적으로 해지될 경우 대리점은 시설비, 임대료 등 투자자본 회수의 장기화로 회복할 수 없는 손실을 감수해야 하는 점 - 이 건 대리점 계약이 해지된 사실관계를 감안할 때, 대리점을 위한 조항이 아니라 사업자 자신",,미검수,,,"근거 서술에 조항 문구 인용 없음. 판단 근거는 약관 제11조 제4항의 내용을 설명하고 있으나, 실제 조항 문구가 따옴표나 인용 표시 없이 기술되어 있음",candidates_ftc_불공정약관조항.csv
법제처 OPEN API/ftc,1177,,(주)티디엠하우징의 상가분양계약서상 불공정약관조항에 대한 건,https://www.law.go.kr/DRF/lawService.do?OC=test&target=ftc&ID=1177&type=HTML,과다한 위약금 조항,무효,조문인용 추론,위험,"제8조,제10조",과도한 위약금|일방적 급부·조건 변경,"2. 과다한 위약금 조항 가. 약관조항 나. 검토의견 : 무효 부동산거래분야에서 계약해제에 따른 위약금은 거래대금의 10% 정도가 통상적인 거래관행이며 판례의 취지이다. 따라서 고객의 사유로 인한 계약해제 시 위약금을 임대분양대금의 20%에 해당하는 계약금을 위약금으로 하는 것은 고객에게 과중한 손해배상의무를 부담시키는 조항으로서 약관법 제8조에 해당된다. ]]> 나. 검토의견 : 무효 상가분양계약에서 잔금납부와 분양목적물 인도는 동시이행관계에 있으며, 통산 사전분양의 경우에는 계약시 입점예정일을 지정하여 그 기간이 초과되는 경우 사업자가 지체상금을 지급하는 것이 기본원칙이라고 할 것이다. 본건과 같이 피심인이 잔금납부일을 특정하지 않고 소유권 이전시에 잔금납부를 하도록 규정할 경우, 수분양자는 인도예정일을 알 수 없고 사업자는 목적물 인도일을 자의적으로 정할 수 있으므로 이는 상당한 이유없이 급부의 내용을 사업자가 일방적으로 결정하거나 변경할 수 있는 권한을 부여하는 조항으로서 약관법 제10조 제1호에 해당한다. ",,미검수,고객의 사유로 인한 계약해제 시 위약금을 임대분양대금의 20%에 해당하는 계약금을 위약금으로 하는 것,보통,공정위의 판단 근거 서술에서 문제 조항의 내용을 설명하는 형태로 인용됨,candidates_ftc_불공정약관조항.csv
법제처 OPEN API/ftc,1177,,(주)티디엠하우징의 상가분양계약서상 불공정약관조항에 대한 건,https://www.law.go.kr/DRF/lawService.do?OC=test&target=ftc&ID=1177&type=HTML,과다한 위약금 조항,무효,조문인용 추론,위험,제8조,과도한 위약금,2. 과다한 위약금 조항 가. 약관조항 나. 검토의견 : 무효 부동산거래분야에서 계약해제에 따른 위약금은 거래대금의 10% 정도가 통상적인 거래관행이며 판례의 취지이다. 따라서 고객의 사유로 인한 계약해제 시 위약금을 임대분양대금의 20%에 해당하는 계약금을 위약금으로 하는 것은 고객에게 과중한 손해배상의무를 부담시키는 조항으로서 약관법 제8조에 해당된다. ]]>,,미검수,,,근거 서술에 조항 문구 인용 없음. 위약금 내용(임대분양대금의 20%)이 설명되어 있으나 원문 약관 조항의 정확한 문구가 인용되지 않음,candidates_ftc_불공정약관조항.csv
법제처 OPEN API/ftc,10373,,(주)학산건설의 스파크쇼핑몰 표준임대차계약서상 불공정약관조항에 대한 건,https://www.law.go.kr/DRF/lawService.do?OC=test&target=ftc&ID=10373&type=HTML,임대차 기간 중 해지 조항,무효,조문인용 추론,위험,제9조,일방적 계약 해지|권리행사 제한|보증금 반환 지연,"2. 임대차 기간 중 해지 조항 (1) 약관조항 (2) 심사의견 : 무 효 ㅇ 민법상 임대차계약에 있어 기간의 약정이 있는 경우에도 기간내에 해지할 권리를 유보한 때에는 임대인이 해지를 통고할 때에는 6월, 임차인이 해지를 통고할 때에는 1개월 경과 후 해지의 효력이 발생하도록 하고 있으며 이에 반할 경우 무효로 하고 있음(제635조, 제636조, 제652조) - 이에 위 약관조항은 임차인인 “을”이 계약기간 중 3개월전에 통보함으로써 해지할 수 있도록 규정하고 있는 바, 이는 법률의 규정에 의한 해지권의 행사요건을 완화하는 것으로서 약관법 제9조 제2호에 해당함 ㅇ 계약의 해지는 장래에 대해 그 효력이 소멸되는 것으로 민법 제635조에 따라 임대차 해지의 통고 후 일정기간 경과 후 계약이 종료하게 되는 데, 위 약관조항의 단서는 임차인의 해지통지 후에도 제3의 계약자가 나타나지 않거나 '질서유지’ 내지 '상가활성화’ 등을 이유로 임대인의 해지를 받아 주지 않을 수도 있는 것으로 되어 있음 - 이는 법률이 보장한 임차인의 해지권을 부당한 사유에 따라 제한할 수 있게 하는 것인 바, 이는 약관법 제9조 제1호상의 법률의 규정에 의한 고객의 해지권의 행사를 제한하는 조항임 ",,미검수,"임차인인 ""을""이 계약기간 중 3개월전에 통보함으로써 해지할 수 있도록 규정",보통,"인용 표시 없이 약관 내용이 설명되어 있으며, 단서 부분의 구체적 문구는 근거 서술에 명시되지 않음",candidates_ftc_불공정약관조항.csv
법제처 OPEN API/ftc,10373,,(주)학산건설의 스파크쇼핑몰 표준임대차계약서상 불공정약관조항에 대한 건,https://www.law.go.kr/DRF/lawService.do?OC=test&target=ftc&ID=10373&type=HTML,"해지 시 필요비, 유익비, 개발비청구 배제 조항",무효,조문인용 추론,위험,"제8조,제9조,제11조",과도한 위약금|일방적 계약 해지|권리행사 제한|보증금 반환 지연,"3. 해지 시 필요비, 유익비, 개발비청구 배제 조항 (1) 약관조항 (2) 심사의견 : 무 효 ㅇ 민법 제626조는 임차인이 임차물의 보존에 관하여 필요비를 지출한 때에는 임대인에 대해 그 상환을 청구할 수 있고, 유익비를 지출한 때에는 임차인의 임대차종료 시에 그 가액의 증가가 현존하는 때에 한하여 임차인의 지출한 금액이나 그 증가액 중 상대방의 선택에 좇아 그 상환을 청구할 수 있도록 하고 있음 - 물론 민법상 비용상환청구 규정은 임의규정으로 당사자간의 특약이나 개별약정으로 이를 배제할 수는 있을 것이나 약관의 형식으로 임차인의 비용상환청구 권리를 일방적으로 할 수 없도록 하고 있는 현행 조항은 법률의 규정에 의한 고객의 권리를 상당한 이유없이 배제하는 조항으로 약관법 제11조 제1호에 해당함 ㅇ 한편, 상가개발비에 대해 법원은 임대차기간 중의 상권형성을 위한 비용지출을 통일적으로 운용하기 위한 것으로 임대차기간이 종료 전에 중도해지된 경우에는 나머지 기간에 해당하는 개발비를 임차인에게 반환하여야 한다는 판결(서울지법 1997.12.11 선고 96가합16204, 서울지법 2002.9.26 선고 2001가합60045)과 임차인은 점포에 관한 임차권의 양도 또는 전대 등을 통하여 이를 회수할 수 있는 권리금에 유사한 성격을 가진다는 판결(서울고법 2002.1.8 선고 2001나44613, 서울지법 2004.6.17 선고 2003가합10488 등)로 나뉘어져 있음 - 하지만, 개발비의 성격을 권리금에 유사한 성격을 가지는 것으로 본다 하더라도, 위 조항에 의하면 임대인의 채무불이행으로 임대차 계약이 중도 해지되는 경우 및 상가시설의 조성ㆍ홍보를 위해 사용되지 아니한 경우 등 어떠한 경우에도 임차인은 개발비 반환청구를 할 수 없도록 규정하고 있는 바, 이는 임차인의 부당이득반환청구권과 항변권을 정당한 이유없이 배제 또는 제한하고 있으므로 약관법 제9조 제4호 및 제11조 제1호에 해당됨 ]]> (2) 심사의견 : 무 효 ㅇ 부동산거래에 있어 계약해제 또는 해지로 인한 위약금은 통상 거래대금의 10%정도라 할 것이고, 임대차계약에서 거래대금은 계약기간 동안의 임대보증금의 이자분과 월임대료를 합한 금액, 즉 임대료총액으로 보는 것이 적정하다고 할 것임 ㅇ 하지만, 위 약관조항은 임대료총액이 아닌 임대보증금을 기준으로 그 10%를 위약금으로 임대인에게 지급하도록 하고 있는 바, 이는 고객에 대하여 부당하게 과중한 손해배상의무를 부담시키는 것으로 약관법 제8조에 해당함 ",,미검수,,,근거 서술에 조항 문구 인용 없음. 임차인의 필요비·유익비·개발비 청구를 배제하는 내용만 설명되어 있음,candidates_ftc_불공정약관조항.csv
법제처 OPEN API/ftc,9963,,(주)한국토지신탁[부산지점]의 르네시떼 상가분양계약서상 불공정약관조항에 대한 건,https://www.law.go.kr/DRF/lawService.do?OC=test&target=ftc&ID=9963&type=HTML,(문서 전체 — 조항 구분 없음),무효,조문인용 추론,위험,제11조,권리행사 제한,"9963 시정권고서 2009특수0505 (2) 심사의견 : 무 효 ㅇ 「집합건물의 소유 및 관리에 관한 법률」제23조(관리단의 당연설립 등)에 의하면 '건물에 대하여 구분소유관계가 성립되면 구분소유자는 전원으로 건물 및 그 대지와 부속시설의 관리에 관한 사업의 시행을 목적으로 하는 관리단을 구성한다’고 규정하여 구분소유자의 관리단 구성권을 인정하고 있음 - 또한, 같은 법 제29조(규약의 설정, 변경, 폐지) 제1항은 '규약의 설정ㆍ변경 및 폐지는 관리단 집회에서 구분소유자 및 의결권의 각 4분의3 이상의 찬성을 얻어 행한다’고 규정되어 있음 ㅇ 따라서, 구분소유주가 입주한 후 관리단을 구성하여 관리업체를 지정하거나 대규모 건물의 특성상 구분소유주가 입점하기 이전부터 건물의 홍보 등을 위한 유지 및 관리업무 등을 수행할 관리회사가 필요할 경우 관리회사의 설립 또는 지정에 대한 수분양자인 구분소유주들의 개별적인 동의를 통해 관리권을 위임받는 절차를 거쳐야 할 것임 ㅇ 하지만, 위 약관조항은 수분양자인 '을’이 시행사인 '갑’과 시공사인 '병’이 정한 '르네시떼 상가관리규정’을 준수하도록 함으로써 구분소유자인 수분양자의 관리단 구성권리 및 규약제정 권리를 침해하고 있는 바, 이는 법률의 규정에 의한 고객의 권리를 상당한 이유없이 배제 또는 제한하는 조항으로 약관법 제11조 제1호에 해당함 ]]> (2) 심사의견 : 무 효 ㅇ 「집합건물의 소유 및 관리에 관한 법률」제23조(관리단의 당연설립 등)에 의하면 '건물에 대하여 구분소유관계가 성립되면 구분소유자는 전원으로 건물 및 그 대지와 부속시설의 관리에 관한 사업의 시행을 목적으로 하는 관리단을 구성한다’고 규정하여 구분소유자의 관리단 구성권을 인정하고 있음 - 또한, 같은 법 제29조(규약의 설정, 변경, 폐지) 제1항은 '규약의 설정ㆍ변경 및 폐지는 관리단 집회에서 구분소유자 및 의결권의 각 4분의3 이상의 찬성을 얻어 행한다’고 규정되어 있음 ㅇ 따라서, 구분소유주가 입주한 후 관리단을 구성하여 관리업체를 지정하거나 대규모 건물의 특성상 구분소유주가 입점하기 이전부터 건물의 홍보 등을 위한 유지 및 관리업무 등을 수행할 관리회사가 필요할 경우 관리회사의 설립 또는 지정에 대한 수분양자인 구분소유주들의 개별적인 동의를 통해 관리권을 위임받는 절차를 거쳐야 할 것임 ㅇ 하지만, 위 약관조항은 수분양자인 '을’이 시행사인 '갑’과 시공사인 '병’이 정한 '르네시떼 상가관리규정’을 준수하도록 함으로써 구분소유자인 수분양자의 관리단 구성권리 및 규약제정 권리를 침해하고 있는 바, 이는 법률의 규정에 의한 고객의 권리를 상당한 이유없이 배제 또는 제한하는 조항으로 약관법 제11조 제1호에 해당함 ]]> (2) 심사의견 : 무 효 ㅇ 「집합건물의 소유 및 관리에 관한 법률」제23조(관리단의 당연설립 등)에 의하면 '건물에 대하여 구분소유관계가 성립되면 구분소유자는 전원으로 건물 및 그 대지와 부속시설의 관리에 관한 사업의 시행을 목적으로 하는 관리단을 구성한다’고 규정하여 구분소유자의 관리단 구성권을",,미검수,수분양자인 '을'이 시행사인 '갑'과 시공사인 '병'이 정한 '르네시떼 상가관리규정'을 준수하도록 함,보통,약관조항의 구체적 문구가 아닌 공정위의 설명 형태로 제시됨. 원문 표에서 정확한 조항 문구 확인 필요,candidates_ftc_불공정약관조항.csv
법제처 OPEN API/ftc,10375,,중흥에스클래스건설(주)의 타운하우스 별도 옵션계약서 및 발코니 확장계약서상 불공정약관조항에 대한 건,https://www.law.go.kr/DRF/lawService.do?OC=test&target=ftc&ID=10375&type=HTML,위약금 조항,무효,조문인용 추론,위험,제8조,과도한 위약금,2. 위약금 조항 가. 약관조항 나. 검토의견 : 무효 ㅇ 본 건 계약은 일종의 도급계약으로서 회사가 계약을 착수한 이후 수분양자의 귀책사유로 계약이 해제된 경우 수분양자는 계약의 진행정도에 따른 실 손해액을 사업자에게 배상하여야 함 ㅇ 따라서 자재발주가 완료되거나 일부 공사가 완료된 후 수분양자 귀책사유로 계약이 해제된 경우 사업자는 이미 지출한 비용과 일을 완성하였다면 얻었을 이익을 합한 금액을 수분양자에게 손해배상 청구할 수 있을 것임 ㅇ 그러나 위 약관조항은 자재발주가 완료되거나 일부 공사가 완료된 후 수분양자 귀책사유로 계약이 해제된 경우 수분양자에게 공사금액의 10%에 해당하는 금액을 위약금으로 배상하도록 규정하고 이와는 별도로 자재발주 또는 원상회복 등에 따른 손해를 배상청구 할 수 있도록 규정하여 위약금 10%외에 별도로 포괄적인 손해배상을 청구할 수 있도록 규정하고 있음 ㅇ 이 경우 사업자는 수분양자의 계약해제에 따라 자기가 입은 실 손해액을 초과하여 수분양자에게 손해배상을 청구할 수 있음 ㅇ 따라서 동 조항은 고객에 대하여 과중한 지연손해금등의 손해배상의무를 부담시키는 조항으로 약관법 제8조에 해당됨 ,,미검수,,,"근거 서술에 조항 문구 인용 없음. 내용만 설명되어 있음(공사금액의 10% 위약금, 자재발주·원상회복 손해배상 등)",candidates_ftc_불공정약관조항.csv
법제처 OPEN API/ftc,10375,,중흥에스클래스건설(주)의 타운하우스 별도 옵션계약서 및 발코니 확장계약서상 불공정약관조항에 대한 건,https://www.law.go.kr/DRF/lawService.do?OC=test&target=ftc&ID=10375&type=HTML,하자담보 책임기간 조항,무효,조문인용 추론,위험,제7조,책임 면제,"3. 하자담보 책임기간 조항 가. 약관조항 나. 검토의견 : 무효 ㅇ 본 건 별도 옵션계약에 따른 공사 중 타일공사, 주방기구공사, 환기공사, 옥내 가구공사 등과 발코니 확장계약에 따른 공사 중 창호공사, 옥내 가구공사 등에 대한 주택법 시행령[별표6]상 하자담보 책임기간은 2년임 ㅇ 그러나 위 약관조항은 위 공사를 포함하여 본 건 계약에 따른 모든 공사에 대하여 하자담보 책임기간을 1년으로 정하고 있음 ㅇ 따라서 동 조항은 상당한 이유없이 사업자의 담보책임을 배제 또는 제한하는 조항으로 약관법 제7조 제3호에 해당됨 ",,미검수,,,근거 서술에 조항 문구 인용 없음. 하자담보 책임기간을 1년으로 정하는 내용만 설명되어 있음,candidates_ftc_불공정약관조항.csv
법제처 OPEN API/ftc,10375,,중흥에스클래스건설(주)의 타운하우스 별도 옵션계약서 및 발코니 확장계약서상 불공정약관조항에 대한 건,https://www.law.go.kr/DRF/lawService.do?OC=test&target=ftc&ID=10375&type=HTML,입주거부 조항,무효,조문인용 추론,위험,"제6조,제9조",부당한 비용·세금 전가|선택권 제한·구입 강제|과도한 위약금|일방적 계약 해지|권리행사 제한|보증금 반환 지연,4. 입주거부 조항 가. 약관조항 나. 검토의견 : 무효 ㅇ 본 건 별도 옵션계약 및 발코니 확장계약은 피청구인의 공급하는 주택공급계약과 별도로 체결하고 있으므로 별도 옵션계약 및 발코니 확장계약은 주택공급계약과 별개의 계약임 ㅇ 또한 별도 옵션계약 및 발코니 확장계약은 주택공급계약의 금액 및 계약내용에 비추어 볼 때 주택의 일부분 대한 계약임 ㅇ 따라서 위 약관조항과 같이 수분양자가 별도 옵션계약 및 발코니 확장계약 대금을 완납하지 않은 경우 주택 자체의 입주를 못하도록 한 것은 수분양자의 행위에 대한 사업자의 조치가 지나치게 과중하여 수분양자에게 불리함 ㅇ 그러므로 동 조항은 고객에 대하여 부당하게 불리한 조항으로 약관법 제6조 제2항 제1호에 해당됨 ]]> 나. 검토의견 : 무효 ㅇ 본 건 별도 옵션계약 및 발코니 확장계약은 발코니 확장 및 인테리어 공사 등을 완성시키는 계약으로서 민법 규정에 따른 “도급” 계약임 ㅇ 한편 도급계약에 있어 도급인에게 불필요하게 된 일을 무리하게 완성시킬 필요가 없으므로 민법 제673조는 “수급인이 일을 완성하기 전에는 도급인은 손해를 배상하고 계약을 해제할 수 있다”라고 도급인의 법정해제권을 규정하고 있음 ㅇ 따라서 도급인인 수분양자는 수급인인 피청구인이 일을 완성하기 전에 언제든지 그 사유에 상관없이 그 손해를 배상하고 계약을 해제할 수 있음 ㅇ 그러나 위 약관조항은 수분양자가 계약체결 후 자기 사정으로 계약을 해지* 할 수 없도록 정하고 있으므로 이는 상당한 이유없이 법률의 규정에 의한 고객의 해제권 또는 해지권을 배제하거나 그 행사를 제한하는 조항으로서 약관법 제9조 제1호에 해당됨 * 도급공사는 계속적계약이 아니므로 해지는 해제로 이해됨 ,,미검수,,,"근거 서술에 조항 문구 인용 없음. 입주거부 조항의 구체적 문언이 인용되지 않았으며, 조항의 내용만 설명되어 있음",candidates_ftc_불공정약관조항.csv
법제처 OPEN API/ftc,10977,,지엠대우오토앤테크놀로지 주식회사의 전문판매점 부품판매계약서상 불공정 약관조항에 대한 건,https://www.law.go.kr/DRF/lawService.do?OC=test&target=ftc&ID=10977&type=HTML,(문서 전체 — 조항 구분 없음),무효,조문인용 추론,위험,제6조,부당한 비용·세금 전가|선택권 제한·구입 강제|과도한 위약금,"10977 시정권고서 2007약관4078 나. 검토의견 : 무효 □ 계약의 해제ㆍ해지는 계약당사자간의 이해관계에 중대한 영향을 미치는 사항으로서, 당사자 사이에 계약해지 사유를 정하는 경우에도 그 사유가 구체적으로 열거되고 그 내용도 계약관계의 종료에 적합하고 객관적 타당성을 가져야 할 것임 ㅇ 이 사건 전문판매점 부품판매 계약서에 의하면, 사업자가 정하는 기준에 따라 부품판매에 필요한 시설 및 장비를 갖추어야 하고 피심인을 제외한 다른 사업자로부터는 부품 공급을 직접 받을 수 없으며, 사업자가 정하는 기준에 따라 상호, 상표, 광고 등을 사용하여야 하며, ㅇ 또한, 사업자가 시장 수요량 증가 또는 대리점의 판매실적이 저조하다고 판단할 경우, 판매대리점의 동의없이 동일지역에 신규로 전문판매점을 개설할 수 있는 점, 사업자는 별도의 약정을 통해 추가로 판매권역을 조정할 수 있는 점 등을 고려할 때, 사업자에 의한 계약의 일방적인 해지는 판매대리점에게는 이해관계에 중대한 영향을 미친다고 할 것임 □ 그럼에도 불구하고, 위 약관조항은 사업자가 부품판매 계약기간 중 판매대리점의 귀책사유 여부를 불문하고 계약해지에 대한 구체적이고 명확한 사유를 명시하지 않고 “상대방에게 60일 전에 서면통지로써 임의로 계약을 해지”할 수 있도록 하는 조항으로서 사업자가 거래상의 지위를 이용하여 사실상 일방적으로 부품판매 계약해지권을 행사할 수 있도록 허용한 규정이라 할 것임 □ 또한, 위 약관조항이 형식적으로는 당사자 쌍방간에 동등한 해지권을 유보한 것처럼 보이나, 판매대리점은 범퍼(Bumper)류 부품판매를 위한 직원 고용, 보관설비 마련 등 전문판매점 운영을 위해 많은 자본을 투하하였기 때문에 사업자와 달리 판매대리점은 투하자본 회수의 어려움, 재고부담 등으로 임의로 계약을 해지할 이유가 적으나, ㅇ 사업자는 사업경영상 필요에 따라 2개월의 유예기간만 두면 언제든지 계약해지가 가능하므로 실질적으로는 사업자의 이익을 위한 조항이라고 할 것임. □ 그리고, 위 약관조항은 존속기간이 있는 계속적 거래관계에서 당사자 사이에 기초적 신뢰관계의 파괴, 부득이한 사유발생, 채무불이행 등 특별한 사정의 발생유무를 불문하고 사업자가 2개월 전에 서면예고만 하면 언제든지 계약을 해지할 있도록 한 규정이라 할 것임[대법원 2003.1.10. 선고 2001두1604호 참조] ㅇ 따라서, 사업자가 상대방에게 60일 전에 서면예고만 하면 언제든지 해지할 수 있는 조항은 고객에 대하여 부당하게 불리한 조항으로 약관법 제6조 제2항 제1호에 해당함 ]]> 나. 검토의견 : 무효 □ 계약의 해제ㆍ해지는 계약당사자간의 이해관계에 중대한 영향을 미치는 사항으로서, 당사자 사이에 계약해지 사유를 정하는 경우에도 그 사유가 구체적으로 열거되고 그 내용도 계약관계의 종료에 적합하고 객관적 타당성을 가져야 할 것임 ㅇ 이 사건 전문판매점 부품판매 계약서에 의하면, 사업자가 정하는 기준에 따라 부품판매에 필요한 시설 및 장비를 갖추어야 하고 피심인을 제외한 다른 사업자로부터는 부품 공급을 직접 받을 ",,미검수,상대방에게 60일 전에 서면통지로써 임의로 계약을 해지,높음,공정위 판단 근거 서술에서 약관조항의 내용이 직접 인용되어 있음,candidates_ftc_불공정약관조항.csv
법제처 OPEN API/ftc,10969,,지엠클럽의 회원약관 및 상품약관상 불공정약관조항에 대한 건,https://www.law.go.kr/DRF/lawService.do?OC=test&target=ftc&ID=10969&type=HTML,(문서 전체 — 조항 구분 없음),무효,조문인용 추론,위험,제9조,일방적 계약 해지|권리행사 제한|보증금 반환 지연,"10969 시정권고서 2007약관2665 (2) 심사의견 : 무 효 ㅇ 피청구인의 회원제 상품거래는 회원으로 계약한 고객에게 일정한 상품이나 용역에 대해 일정기간 내에 할인혜택을 받을 수 있는 권리를 제공하기 위해 판매원을 고용하여 영업하는 형태로 「방문판매 등에 관한 법률」(이하 방문판매법)상 방문판매 계약임 - 같은 법 제10조(손해배상청구금액의 제한 등) 제1항은 소비자에게 책임있는 사유로 인하여 재화 등의 판매하여 계약이 해제된 경우 손해배상액은 재화 등이 반환되었다면 반환된 재화 등의 통상 사용료액 또는 그 사용에 의하여 통상 얻어지는 이익에 상당하는 금액과 반환된 재화 등이 반환된 당시의 가액을 공제한 금액 중 큰 금액(제1호), 재화 등이 반환되지 않았다면 재화 등의 판매가격에 상당하는 금액(제2호)으로 하고 각호에다 미납에 따른 지연배상금을 더한 금액을 초과할 수 없도록 규정하고 있음 - 한편, 소비자분쟁해결기준(재경부 고시 제2007-54호)에는 할인회원권업의 경우 소비자 귀책 해지 시 이용개시 전에는 총이용금액의 10%를, 이용개시 후에는 취소일까지의 이용일수에 해당하는 금액과 총이용금액의 10%를 공제한 후 환급하도록 규정하고 있음 ㅇ 피청구인의 회원제 상품약관상 청약철회기간 이후 해지에 따른 위약금으로 90일이내 270,000원, 이후에는 가입비의 15%에 1일에 1,890원을 더해 산정하고 있는 것 중 90일 이후 환불은 다음과 같은 상품의 특성을 고려하여 결정한 것이 계약의 해지로 인한 사업자의 손해배상의무를 경감하는 것으로 볼 수 없음 - 위 상품계약의 주된 계약 내용은 회원에게 재화나 용역을 직접 제공하는 것이 아니라 쿠폰을 발행하여 결혼과 관련된 행사시 필요한 서비스를 가맹점을 통하여 유효기간 내 이용할 경우 약정된 금액만큼 할인해 주는 것으로 유효기간이 도과하면 회원의 이용유무와 관계없이 그 권리가 소멸되는 특성이 있는 점 - 방문판매 특성상 회원 1인당 유치 시 판매원에게 일정금액의 모집수당이 지급되어 사업자에게 초기 소멸비용으로 발생되고 있는 점을 고려하되, 지나치게 많은 수당비용은 고객에게 전부 전가할 수는 없으나 서비스 가액에 수당비용이 일부 포함된다고 볼 수 있는 점 - 회원기간, 즉 계약기간은 1년으로 하였으나 이 계약 할인 서비스를 이용할 수 있는 권리(쿠폰)는 10년으로 하여 일반적인 상사채권 소멸시효(5년)보다 길게 하고 이에 중도해지 시 이용금액을 일할계산(690,000원÷365일≒1,890원)하여 정산하고 있는 점 ㅇ 하지만, 청약철회기간 이후 해지에 따른 위약금으로 90일이내 270,000원을 환불하도록 규정하고 있는 것은 90일 이상 해지 시 위약금이 회원의 가입비의 15%에 비해 90일 이내 해지 시 위약금액은 상품금액의 39.1%로 초기 판매원의 수당지급의 영업비용을 일부 고려하더라도 과다할 뿐만 아니라 이용일수와 관계없이 일률적으로 부과하고 있는 바, 이는 계약의 해지로 인한 사업자의 손해배상의무를 부당하게 경감하는 것으로 약관법 제9조 제4호에 해당됨 ]]> (2) 심사의견 ",,미검수,"90일이내 270,000원, 이후에는 가입비의 15%에 1일에 1,890원을 더해 산정",보통,청약철회기간 이후 해지에 따른 위약금 규정으로 근거 서술에서 그대로 옮김,candidates_ftc_불공정약관조항.csv
법제처 OPEN API/ftc,1239,,진원이앤씨(주)의 판교 로제비앙 2단지 별도품목 및 발코니확장계약서상 불공정약관조항에 대한 건,https://www.law.go.kr/DRF/lawService.do?OC=test&target=ftc&ID=1239&type=HTML,입주제한 조항,무효,조문인용 추론,위험,"제6조,제7조,제10조",부당한 비용·세금 전가|선택권 제한·구입 강제|과도한 위약금|책임 면제|일방적 급부·조건 변경,"4. 입주제한 조항 가. 약관조항 나. 검토의견 : 무효 일반적으로 아파트 공급 등과 관련한 계약은 사업자의 경영방침에 따라 고객과 아파트 공급계약만을 체결하거나 아파트 공급계약과 더불어 옵션(발코니) 공급계약을 부속서류로 하는 방법과 아파트 공급계약과 옵션공급계약을 별도로 체결하는 형태로 나누어진다. 피심인의 경우는 자신의 아파트 공급계약을 체결한 고객에게 아파트 공급계약과 함께 옵션 공급계약을 별도로 체결하고 있으므로 아파트공급계약과 옵션 공급계약은 별도의 계약이다. 따라서 발코니확장공사를 한 경우, 비록 발코니 부분이 주거면적과 합해져서 경계가 모호해진다고 하나 발코니확장대금과 옵션품목대금을 납부하지 않은 경우에 입주를 제한하는 것은 임차인의 행위에 대한 사업자의 조치가 지나치게 과중하다고 할 것이다. 따라서 피심인의 해당 약관조항은 고객에 대하여 부당하게 불리한 조항으로 약관법 제6조제2항제1호에 해당될 소지가 있다. ]]> 나. 검토의견 : 무효 임대아파트 사업자가 발코니확장이나 옵션 비용 등을 임차보증금 내역에 포함해서 분양승인을 받지 않는 경우, 해당 비용을 별도로 산정하여 임대아파트 계약자들과 계약을 체결하는 것을 부당하다고 보기는 곤란하다. 그러나 피심인은 임차인이 주택을 명도할 때 발코니확장공사비로 납입한 금액 중 내용연수를 5년으로 계산하여 감가상각비를 공제한 후 반환하는 것으로 하고 있는데, 발코니확장은 그 이용가치가 반영구적임을 감안할 때 감가상각기간(5년)이 지나치게 단기라고 판단된다. 따라서 제4조 제1항 본문은 고객에게 부당하게 불리한 조항으로서 약관법 제6조 제2항 제1호에 해당한다고 할 것이다. 또한 피심인은 임차인의 부주의로 보수가 필요한 경우, 보수공사비는 피심인이 임의로 결정하고 임차인의 어떠한 이의제기도 금지하고 있다.(제1항 단서조항) 이는 상당한 이유없이 급부의 내용을 사업자가 일방적으로 결정하거나 변경할 수 있도록 권한을 부여하는 조항이며, 법률의 규정에 의한 고객의 항변권, 상계권 등의 권리를 상당한 이유 없이 배제 또는 제한하는 조항으로서 약관법 제10조제1호 및 제11조제1호에 해당한다. 옵션품목인 드레스 수납장, 화장대에 하자가 발생하는 경우에 반환금의 결정은 양당사자가 합의하여 결정함이 타당함에도 피심인은 일방적으로 반환금을 결정하고 임차인의 이의제기를 금지하고 있다. 이는 고객에 대하여 부당하게 불리한 조항이며, 법률의 규정에 의한 고객의 항변권, 상계권 등의 권리를 상당한 이유없이 배제 또는 제한하는 조항으로서 약관법 제6조 제2항 제1호 및 제11조제1호에 해당한다. 임차인의 주택명도시 피심인은 가스쿡탑, 가스오븐레인지, 주방라디오폰 등 옵션품목에 대한 매수청구권을 부인하고 있는데, 가스쿡탑이나 주방라디오폰은 건물자체에 부착되어 탈ㆍ부착이 자유롭지 않고 다른 건물에서의 재사용이 곤란한 특성이 있다. 따라서 주택명도시 옵션품목 설치로 주택가액의 증가가 현존할 수 있음에도 임차인의 매수청구를 금지시키는 것은 상당한 이유없이 사업자가 부담하여야 할 위험을 임차인에게 이전시키는 약관조항",,미검수,,,근거 서술에 입주제한 조항의 구체적 문구 인용 없음. 발코니확장대금과 옵션품목대금 미납시 입주제한 내용만 설명됨,candidates_ftc_불공정약관조항.csv
법제처 OPEN API/ftc,8533,,진원이앤씨(주)의 판교 로제비앙(2단지) 임대차계약서상 불공정약관조항에 대한 건,https://www.law.go.kr/DRF/lawService.do?OC=test&target=ftc&ID=8533&type=HTML,임대차기간 연장 부당 간주 조항,무효,조문인용 추론,위험,제12조,일방적 계약 해지,"2. 임대차기간 연장 부당 간주 조항 가. 약관조항 나. 검토의견 : 무효 임대차기간이 만료한 때에 임대인이 제시한 임대조건으로 재계약을 할 것인지 여부는 임차인이 선택할 문제이며, 더욱이 임대조건을 변경하고 변경된 임대조건에 따라 재계약 여부를 타진하는 것은 새로운 계약의 청약이라 할 수 있다. 이러한 청약에 대해서는 상대방의 승낙이 있어야만 비로소 계약이 성립되고 효력이 발생한다 할 것임에도, 현행 약관조항은 임차인이 변경된 임대조건에 대한 계약여부를 임대차기간 종료 시까지 통보하지 아니하고 계속 거주하는 경우에는 재계약으로 간주하고 있다. 따라서 이는 일정한 작위 또는 부작위가 있을 때 고객의 의사표시가 표명되거나 표명되지 아니한 것으로 보는 조항으로 약관법 제12조 제1호에 해당된다. ",,미검수,,,근거 서술에 조항 문구 인용 없음. 조항의 내용(임차인이 변경된 임대조건에 대한 계약여부를 임대차기간 종료 시까지 통보하지 아니하고 계속 거주하는 경우에는 재계약으로 간주)만 설명되어 있음,candidates_ftc_불공정약관조항.csv
법제처 OPEN API/ftc,8533,,진원이앤씨(주)의 판교 로제비앙(2단지) 임대차계약서상 불공정약관조항에 대한 건,https://www.law.go.kr/DRF/lawService.do?OC=test&target=ftc&ID=8533&type=HTML,불명확한 위약금 산정 방식 조항,무효,조문인용 추론,위험,제6조,부당한 비용·세금 전가|선택권 제한·구입 강제|과도한 위약금,"3. 불명확한 위약금 산정 방식 조항 가. 약관조항 나. 검토의견 : 무효 통상 부동산거래에 있어 계약해제 또는 해지로 인한 위약금은 거래대금의 10% 정도로 하는 것이 거래관행이므로 이에 준하는 위약금이 적정한 수준의 위약금이라 할 것이다. 주택임대차계약에서의 위약금은 거래대금적 성격의 금원인 '임차인이 임대인에게 지급하는 임대보증금에 대한 이자’와 '계약기간동안의 월임대료’를 합한 금액의 100분의 10정도로 하는 것이 적정하다고 할 수 있다. 그러나 피심인의 현행 위약금 조항은 위약금 산정방식이 명확하지 않아 고객에게 불리하게 해석될 여지가 있다. 따라서 이는 고객에 대하여 부당하게 불리한 약관조항으로서 약관법 제6조 제2항 제1호에 해당한다. ]]> 나. 검토의견 : 무효 주택임대차계약에 있어서 임차물인 주택에 대한 조세, 공과의 증감 기타 경제사정의 변동으로 인하여 약정한 차임이 상당하지 아니하게 된 때에는 당사자는 장래에 대한 차임의 증감을 청구할 수 있다. 따라서 물가변동 등 구체적 사정을 고려하여 임대료 증액이 이루어질 수 있으며, 사정에 따라 감액요인이 발생하는 경우에는 임차인도 차임의 감액을 청구할 수 있을 것이다. 그럼에도 불구하고 피심인의 현행 약관조항은 매년 5% 이내의 임대보증금 및 임대료 인상을 기정 사실화 하고 있는데, 이는 고객인 임차인에 부당하게 불리한 조항이며 임차인의 차임감액청구권을 사실상 배제하는 조항으로서 약관법 제6조 제2항 제1호 및 제11조 제1호에 해당한다. ",,미검수,,,근거 서술에 위약금 산정 방식 조항의 구체적 문구 인용 없음. 내용만 설명됨,candidates_ftc_불공정약관조항.csv
법제처 OPEN API/ftc,1237,,창동역사(주)의 '입점비 납부 및 사용에 관한 동의서’상 불공정약관조항에 대한 건,https://www.law.go.kr/DRF/lawService.do?OC=test&target=ftc&ID=1237&type=HTML,개발비 관리 및 집행을 전문개발회사에 위임하는 조항,무효,조문인용 추론,위험,제11조,권리행사 제한,"2. 개발비 관리 및 집행을 전문개발회사에 위임하는 조항 가. 약관조항 나. 검토의견 : 무효 '집합건물의소유및관리에관합법률’ 제23조(관리단의 당연설립 등) 및 제29조(규약의 설정, 변경, 폐지)에 따르면 건물에 대하여 구분소유 관계가 성립되면 구분소유자에게 관리단의 구성권을 인정하고 있고, 상가의 운영ㆍ관리와 관련한 사항이 포함된 규약의 설정ㆍ변경ㆍ폐지는 관리단의 집회에서 찬성(구분소유자 및 의결권의 약 3/4 이상)을 얻도록 규정하고 있다. 따라서 대규모점포의 특성상 점포주가 입점하기 이전부터 상가홍보 등 상권활성화를 위한 유지 및 관리업무 등을 수행할 관리회사가 필요할 경우, 수분양자인 점포주들의 개별적인 동의 또는 점포주들의 위임을 받은 대표 동의 등을 통해 를 통해 관리권을 위임받는 절차를 거쳐야 할 것이다. 그럼에도 불구하고 현행 약관조항은 당사자간의 개별약정이 아닌 약관으로 피심인이 일방적으로 정한 관리회사에게 입점비 관리 및 집행을 위임하도록 규정하고 있다. 따라서 이는 법률의 규정에 의한 고객의 권리를 상당한 이유없이 배제 또는 제한하는 조항이자 고객이 제3자와 계약을 체결하는 것을 부당하게 제한하는 조항으로서 약관법 제11조 제1호 및 제3호에 해당된다. ",,미검수,,,근거 서술에 조항 문구 인용 없음. 약관이 '피심인이 일방적으로 정한 관리회사에게 입점비 관리 및 집행을 위임하도록 규정'한다는 내용만 설명되어 있음,candidates_ftc_불공정약관조항.csv
법제처 OPEN API/ftc,1237,,창동역사(주)의 '입점비 납부 및 사용에 관한 동의서’상 불공정약관조항에 대한 건,https://www.law.go.kr/DRF/lawService.do?OC=test&target=ftc&ID=1237&type=HTML,입점비 반환청구 및 손해배상청구 금지 조항,무효,조문인용 추론,위험,"제6조,제7조,제8조",부당한 비용·세금 전가|선택권 제한·구입 강제|과도한 위약금|책임 면제,"3. 입점비 반환청구 및 손해배상청구 금지 조항 가. 약관조항 나. 검토의견 : 무효 계약해제 때 손해배상액의 예정인 위약금은 총대금의 10%로 함이 통상적인 거래관행이며 판례의 전 취지이고 이러한 법리는 임의해제의 경우에도 마찬가지로 적용된다 할 것이다. 그럼에도 불구하고 계약금 뿐만 아니라 입점비까지 반환하지 않는 위 약관은 고객에 대하여 부당하게 과중한 손해배상의무를 부담시키는 조항으로서 약관법 제8조에 해당된다. 또한, 계약해제ㆍ해지가 임대인의 귀책으로 발생한 경우는 임대인은 이로 인한 손해배상를 하여야 할 것임에도 위 조항은 이러한 경우에도 임차인의 손해배상청구를 금지시키고 있다. 따라서, 이는 상당한 이유없이 사업자의 손해배상범위를 제한하거나 사업자가 부담하여야 할 위험을 고객에게 이전시키는 조항으로서 약관법 제7조 제2호에 해당된다. ]]> 나. 검토의견 : 무효 일반적으로 상가개발비는 수분양자가 임대보증금 및 임대료와는 별도로 '상가활성화’라는 수분양자들의 공동이익을 위한 목적에 한정하여 사용하기 위하여 분양회사에게 지급하는 것이다. 피심인은 개발비 용도로 임대분양금의 10%에 해당하는 금액을 받고 있는데, 이는 임대보증금과 별개로 지급하는 것이므로 분양대금에 포함되는 비용 즉, 상가건물의 사용수익에 필요한 기본적 시설비용 등에 사용하여서는 안된다. 상기 약관 (1).과 (2).는 개발비를 광고비, 홍보비에 사용할 수 있도록 하고 있으나, 광고ㆍ홍보의 내용이 포괄적이어서 수분양자들의 이익과는 직접 관련이 없는 경우, 즉 분양자체를 위한 광고나 홍보에 사용할 수 있다. 또한 (3).은 개발비를 상가조성비용(세입자 임대수수료, 상가개점일까지의 관리비, 개점 후 임대료 및 공과금 등의 연체료 대납 등)에 쓸 수 있게 하고 있는데, 상가조성비용은 임대인이 부담하여야 할 비용이며 수분양자의 개발비로 집행하는 것은 부당하다. (4).는 개발비를 상가개점전 개발에 필요한 관리운영에 소요되는 비용 및 자금관리약정규정에 의한 비용에 사용할 수 있도록 하고 있는데, 이는 사용용도가 불분명하여 사업자가 자의적으로 이용할 수 있다. 또한 상가분양시 수분양자의 전유부분이 아닌 전체건물 또는 매장내 공용부분에 대한 인테리어 시공은 사업자가 자기 비용으로 부담해야 할 부분임에도, 개발비를 공용부분의 인테리어 시공에 쓸 수 있게 규정한 (5).는 부당하다. (6).은 기타 상가활성화 및 수익이 창출된다고 판단되는 사업투자비용에 개발비를 사용할 수 있도록 하고 있는데, 이는 개발비 사용범위가 포괄적이어서 수분양자의 이익과는 직접 관련이 없는 경우에도 피심인이 임의로 사용할 수 있다. 따라서 개발비 사용용도 등을 규정한 피심인 약관조항 (1).에서부터 (6).까지는 고객에 대하여 부당하게 불리한 약관조항으로 약관법 제6조 제2항 제1호에 해당한다고 판단된다. ",,미검수,,,"근거 서술에 조항 문구 인용 없음. 계약금과 입점비 반환 거부, 손해배상청구 금지 내용이 설명되어 있으나 원문 인용 없음",candidates_ftc_불공정약관조항.csv
법제처 OPEN API/ftc,1253,,창동역사(주)의 창동민자역사 임대차계약서상 불공정약관조항에 대한 건,https://www.law.go.kr/DRF/lawService.do?OC=test&target=ftc&ID=1253&type=HTML,일방적인 업종 및 품목 변경 조항,무효,조문인용 추론,위험,제10조,일방적 급부·조건 변경,"2. 일방적인 업종 및 품목 변경 조항 가. 약관조항 나. 검토의견 : 무효 상가 임대차 분양계약에 있어서 업종용도 및 취급품목은 핵심적인 사항이며 계약 당사자에게 매우 중요한 사항이므로, 향후 임대인의 일방적인 결정으로 업무용도를 변경할 수 있도록 하는 것은 계약의 본질적인 내용을 침해하는 것이다. 해당 약관조항은 상품기획자(MD)가 임차인의 반대에도 불구하고 업종용도 및 취급품목을 일방적으로 변경할 수 있는 권한을 부여하는 것으로 해석할 수 있다. 따라서 해당 약관조항은 상당한 이유없이 급부의 내용을 일방적으로 결정하거나 변경할 수 있도록 권한을 부여하는 조항으로서 약관법 제10조 제1호에 해당된다. ",,미검수,,,근거 서술에 조항 문구 인용 없음,candidates_ftc_불공정약관조항.csv
법제처 OPEN API/ftc,1253,,창동역사(주)의 창동민자역사 임대차계약서상 불공정약관조항에 대한 건,https://www.law.go.kr/DRF/lawService.do?OC=test&target=ftc&ID=1253&type=HTML,위약금 조항,무효,조문인용 추론,위험,제8조,과도한 위약금,3. 위약금 조항 가. 약관조항 나. 검토의견 : 무효 부동산거래분야에서 계약해제에 따른 위약금은 거래대금의 10% 정도가 통상적인 거래관행이며 판례의 취지이다. 따라서 고객의 사유로 인한 계약해제시 위약금을 임대분양대금의 20%로 하는 것은 고객에게 과중한 손해배상의무를 부담시키는 조항으로서 약관법 제8조에 해당된다고 판단된다. ,,미검수,고객의 사유로 인한 계약해제시 위약금을 임대분양대금의 20%로 하는 것,보통,"인용 표시 없이 조항 내용이 서술된 형태로, 공정위의 판단 대상이 된 조항 문구를 그대로 옮김",candidates_ftc_불공정약관조항.csv
법제처 OPEN API/ftc,1253,,창동역사(주)의 창동민자역사 임대차계약서상 불공정약관조항에 대한 건,https://www.law.go.kr/DRF/lawService.do?OC=test&target=ftc&ID=1253&type=HTML,동일 업종 및 품목 중복 유치 조항,무효,조문인용 추론,위험,제10조,일방적 급부·조건 변경,"4. 동일 업종 및 품목 중복 유치 조항 가. 약관조항 나. 검토의견 : 무효 대규모 상가건물의 임대인은 상가의 활성화를 위하여 당초 지정된 업종 등을 변경할 수 있도록 할 필요가 있음을 부인할 수는 없으나, 임차인은 업종제한 등의 결과 각 층별로 지정된 업종 등에 한하여 영업할 수 있게 됨으로써 일정한 영업상 이익을 얻을 것으로 기대하고 있다. 그러나 당해 약관은 임대인이 일방적으로 당초 예정된 층별ㆍ위치별 배치 계획을 넘어서 동일업종ㆍ동일품목을 임차인과 협의 없이 추가로 취급할 수 있는 것처럼 해석될 수 있다. 따라서 임대인이 동일 업종이나 품목을 중복유치하는 경우에는 기존 임차인의 영업상의 이익이 부당하게 침해될 수 있으므로 상가활성화를 위한 중복유치라 하더라도 기존 임차인과 협의하여 진행하는 것이 바람직할 것이다. 그러나, 피심인의 당해 약관은 임대인의 일방적인 동일 업종이나 품목의 중복 유치가 가능하게 하고, 이에 대한 임차인의 이의제기를 금지하고 있다. 따라서, 위 약관조항은 상당한 이유없이 급부의 내용을 사업자가 일방적으로 결정하거나 변경할 수 있도록 권한을 부여하는 조항이자 법률의 규정에 의한 고객의 항변권, 상계권 등의 권리를 상당한 이유없이 배제 또는 제한하는 조항으로서 약관법 제10조 제1항 및 제11조 제1항에 해당한다. ",,미검수,,,근거 서술에 조항 문구 인용 없음. 임대인의 동일 업종·품목 중복 유치 권한과 임차인의 이의제기 금지에 관한 내용만 설명되어 있음,candidates_ftc_불공정약관조항.csv
법제처 OPEN API/ftc,1253,,창동역사(주)의 창동민자역사 임대차계약서상 불공정약관조항에 대한 건,https://www.law.go.kr/DRF/lawService.do?OC=test&target=ftc&ID=1253&type=HTML,포괄적인 계약해지 조항,무효,조문인용 추론,위험,제6조,부당한 비용·세금 전가|선택권 제한·구입 강제|과도한 위약금,5. 포괄적인 계약해지 조항 가. 약관조항 나. 검토의견 : 무효 계약의 해제ㆍ해지는 계약 당사자의 이해에 중대한 영향을 미치는 사항이므로 그 사유를 약정하는 경우에도 구체적으로 열거되고 그 내용 또한 타당성을 가져야 할 것이다. 그러나 해당 약관조항은 “을이 갑의 명예와 신용을 훼손한 경우”라는 포괄적이고 불명확한 사유를 계약해지사유로 정함으로써 피심인이 일방적인 판단에 의해 계약을 해지할 수 있도록 규정하고 있다. 따라서 해당 약관조항은 고객에 대하여 부당하게 불리한 조항으로서 약관법 제6조 제1항 제1호에 해당한다. ,,미검수,을이 갑의 명예와 신용을 훼손한 경우,높음,따옴표로 명시 인용된 포괄적 계약해지사유 문구,candidates_ftc_불공정약관조항.csv
법제처 OPEN API/ftc,1253,,창동역사(주)의 창동민자역사 임대차계약서상 불공정약관조항에 대한 건,https://www.law.go.kr/DRF/lawService.do?OC=test&target=ftc&ID=1253&type=HTML,공용부분 등 사용수익조항,무효,조문인용 추론,위험,제10조,일방적 급부·조건 변경,"6. 공용부분 등 사용수익조항 가. 약관조항 나. 검토의견 : 무효 쇼핑몰 임대차계약에서 임대인은 급부의 중요한 내용인 임대차목적물의 임대면적 중 전용면적 이외에 공용면적도 채무의 내용에 따라 임차인에게 제공하여 사용ㆍ수익에 필요한 상태를 유지하여야 할 것이다. 피심인이 임의로 공용면적 부분에 매장을 개설하거나 다른 용도로 사용하는 경우, 임대분양목적물을 변경하거나 면적을 조정하는 경우에는 임차인에게 영업상의 손실을 초래할 수 있다. 따라서, 피심인은 임차인의 영업행위에 지장을 초래하는 행위를 할 경우에는 임차인과 협의하여야 할 것임에도 당해 약관은 임차인의 영업행위에 영향을 미치는 임대인의 일방적인 행위를 가능하게 하고, 이에 대한 임차인의 이의제기를 금지하고 있음. 이는 상당한 이유없이 급부의 내용을 사업자가 일방적으로 결정하거나 변경할 수 있도록 권한을 부여하는 조항으로서 약관법 제10조 제1호에 해당한다. ",,미검수,,,근거 서술에 조항 문구 인용 없음. 공용면적 사용 및 변경에 관한 임대인의 일방적 행위 권한 내용만 설명되어 있음,candidates_ftc_불공정약관조항.csv
법제처 OPEN API/ftc,1253,,창동역사(주)의 창동민자역사 임대차계약서상 불공정약관조항에 대한 건,https://www.law.go.kr/DRF/lawService.do?OC=test&target=ftc&ID=1253&type=HTML,임차인 동의간주 및 이의제기 금지조항,무효,조문인용 추론,위험,제10조,일방적 급부·조건 변경,"7. 임차인 동의간주 및 이의제기 금지조항 가. 약관조항 나. 검토의견 : 무효 임대차목적물 시설의 용도변경 등 건축운영은 임차인의 영업행위에 영향을 미치는 중요한 요인이 될 수 있고, 이는 임차인에게 예상치 못한 불이익을 초래할 수 있다. 따라서 임대인이 불가피하게 임대차 목적물의 업종변경, 용도변경 등을 해야 함으로써 임차인의 영업상의 이익이 침해될 경우 임차인에게 계약해지권, 손해배상청구권 등이 인정되어야 할 것이다. 그러나, 피심인은 업종변경, 용도변경, 층별 MD 및 점포수 증가를 포함한 건축운영에 대해서 수분양자가 동의한 것으로 간주하고 어떠한 민형사상의 이의제기를 금지하고 있다. 따라서 해당 약관조항은 상당한 이유없이 급부의 내용을 사업자가 일방적으로 결정하거나 변경할 수 있도록 권한을 부여하는 조항이며, 법률의 규정에 의한 고객의 항변권 등의 권리를 상당한 이유없이 제한하는 조항으로서 약관법 제10조 제1호, 제11조 제1호에 해당한다. ",,미검수,"업종변경, 용도변경, 층별 MD 및 점포수 증가를 포함한 건축운영에 대해서 수분양자가 동의한 것으로 간주하고 어떠한 민형사상의 이의제기를 금지",보통,"공정위의 판단 근거 서술에서 문제 조항의 내용을 설명하는 부분을 그대로 옮겼으나, 원본 약관 표에서의 정확한 문구와 일치 여부는 원문 대조 필요",candidates_ftc_불공정약관조항.csv
법제처 OPEN API/ftc,1253,,창동역사(주)의 창동민자역사 임대차계약서상 불공정약관조항에 대한 건,https://www.law.go.kr/DRF/lawService.do?OC=test&target=ftc&ID=1253&type=HTML,조세공과금 부당전가조항,무효,조문인용 추론,위험,제6조,부당한 비용·세금 전가|선택권 제한·구입 강제|과도한 위약금,"8. 조세공과금 부당전가조항 가. 약관조항 나. 검토의견 : 무효 임대인이 임차인의 영업활동을 위해 건물에 필요한 시설물 등을 설치하는 것은 당연한 행위이므로, 임대인이 자신들이 설치해야 할 설비 등을 임차인의 부담으로 한다면 이는 부당하다고 할 수 있다. 상기 해당 약관 조항에서 '신설 또는 부설할 시설물, 설비’는 엘리베이터 등 임대건물에 임대인의 의무로 설치해야 하는 것을 의미하는 것으로 해석될 수 있다. 따라서 이는 약관법상 고객에 대하여 부당하게 불리한 조항으로서 약관법 제6조 제2항 제1호에 해당한다. ",,미검수,,,"근거 서술에 조항 문구 인용 없음. '신설 또는 부설할 시설물, 설비'는 내용 설명일 뿐 원문 인용이 아님",candidates_ftc_불공정약관조항.csv
법제처 OPEN API/ftc,1253,,창동역사(주)의 창동민자역사 임대차계약서상 불공정약관조항에 대한 건,https://www.law.go.kr/DRF/lawService.do?OC=test&target=ftc&ID=1253&type=HTML,소송 관할 법원 조항,무효,조문인용 추론,위험,"제10조,제14조",일방적 급부·조건 변경|권리행사 제한,"9. 소송 관할 법원 조항 가. 약관조항 나. 검토의견 : 무효 모든 재판관할 합의가 반드시 부당하다고는 할 수 없으나 그러한 재판관할합의의 유효성은 당사자 사이에 개별적이고 명백한 특약이 있는 경우에 한하여 인정할 수 있다. 따라서, 사업자와 고객간의 거래에 이용되는 약관 속에 민사소송법상의 관할법원규정보다 고객에게 불리한 관할법원조항을 포함시키는 것은 경제적 약자인 고객에게는 응소상의 큰 불편을 초래할 우려가 있다. 따라서 해당 약관조항은 '고객에 대하여 부당하게 불리한 재판관할의 합의조항’으로서 약관법 제14조에 해당한다. ]]> 나. 검토의견 : 무효 상가분양에서 준공예정일은 수분양자에게 입점일과 연계된 매우 중요한 사항임에도 피심인은 계약서에 구체적인 준공예정월을 기입하지 않고 공란으로 계약을 작성하고 있다. 준공예정일을 명시하지 않으면 사업자는 준공일을 자의적으로 정할 수 있는 반면에 수분양자는 이와 연계되는 입점예정일을 알 수 없는 문제가 있다. 따라서 이는 상당한 이유없이 급부의 내용을 사업자가 일방적으로 결정하거나 변경할 수 있는 권한을 부여하는 조항으로 약관법 제10조 제1호에 해당된다. 그러나, “공정에 따라 변경될 수 있음”이란 내용은 준공예정일이 변경될 수 있는 것임을 단순히 고지하는 것이며 임대인의 귀책으로 인한 준공 지연 때에 피심인의 배상책임을 면제하는 것으로 해석되지 않으므로 부당하다고 보기는 곤란하다. ",,미검수,,,근거 서술에 소송 관할 법원 조항의 구체적 문구 인용 없음. 내용만 설명됨,candidates_ftc_불공정약관조항.csv
법제처 OPEN API/ftc,10279,,케이티글로벌수빅인코퍼레이션의 수빅암펠로스타워 임차소유권 매매계약서상 불공정약관조항에 대한 건,https://www.law.go.kr/DRF/lawService.do?OC=test&target=ftc&ID=10279&type=HTML,공사중단시 공사재산 이전조항,무효,조문인용 추론,위험,제6조,부당한 비용·세금 전가|선택권 제한·구입 강제|과도한 위약금,2. 공사중단시 공사재산 이전조항 가. 약관조항 나. 검토의견 : 무효 ㅇ 본 건 계약은 임차소유권 매매계약으로서 임차소유권 매수인이 목적물을 임차할 수 있는 권리를 얻는 계약이므로 목적물을 완성시키는 공사가 중도에 중단되고 더 이상 공사를 진행할 수 없는 경우 진행된 공사 재산에 대한 소유권 등의 권리 이전여부는 별도로 매수인과 매도인의 합의에 따라 결정되어야 할 것임 - 그러나 위 조항은 공사가 중단된 경우 임차소유권 매도인이 임차소유권 매수인에게 진행된 공사 재산에 대한 권리를 일방적으로 이전할 수 있도록 정하고 있으므로 이는 고객에게 부당하게 불리한 조항으로 약관법 제6조 제2항 제1호에 해당됨 ,,미검수,,,근거 서술에 조항 문구 인용 없음. 공사 중단 시 재산 이전에 관한 내용만 설명되어 있음,candidates_ftc_불공정약관조항.csv
법제처 OPEN API/ftc,10279,,케이티글로벌수빅인코퍼레이션의 수빅암펠로스타워 임차소유권 매매계약서상 불공정약관조항에 대한 건,https://www.law.go.kr/DRF/lawService.do?OC=test&target=ftc&ID=10279&type=HTML,과다연체료 조항,무효,조문인용 추론,위험,제8조,과도한 위약금,"3. 과다연체료 조항 가. 약관조항 나. 검토의견 : 무효 ㅇ 본 임차소유권 매매계약에 있어 매도인은 매수인의 구매대금 연체이자율을 시장상황, 거래관행, 관계법령 등 제반여건을 고려하여 결정할 수 있음 - 그러나 매도인이 정한 연체이자율에 따른 연체료가 과다하여 매수인에게 부당하게 과중한 손해배상의 의무를 부담하도록 하여서는 아니됨 ㅇ 한편 현행 이자제한법상 금전대차에 관한 계약상의 최고이율은 연 30%이고, 공정위 표준약관상 아파트 임대차계약에서 연체이율은 국민은행의 일반자금대출 연체이율로 정하고 있으며, 백화점 임대차계약에서의 연체이율은 연 24%로 정하고 있음 - 그러나 위 약관조항은 임차소유권 매수인이 구매대금을 연체할 경우 연체대금에 월 3%의 연체료를 이를 연간으로 환산할 때 연 36%에 해당함 - 그러므로 동 조항은 관련법령 및 거래관행에 비추어 고객에 대하여 부당하게 과중한 지연손해금 등 과중한 손해배상의무를 부담시키는 조항이므로 약관법 제8조에 해당됨 ",,미검수,임차소유권 매수인이 구매대금을 연체할 경우 연체대금에 월 3%의 연체료를 이를 연간으로 환산할 때 연 36%에 해당함,보통,"근거 서술에서 약관 조항의 내용을 설명하는 형태로 제시됨. 직접 인용 표시는 없으나 조항의 구체적 수치(월 3%, 연 36%)를 포함하고 있음",candidates_ftc_불공정약관조항.csv
법제처 OPEN API/ftc,10279,,케이티글로벌수빅인코퍼레이션의 수빅암펠로스타워 임차소유권 매매계약서상 불공정약관조항에 대한 건,https://www.law.go.kr/DRF/lawService.do?OC=test&target=ftc&ID=10279&type=HTML,계약 해제ㆍ해지 조항,무효,조문인용 추론,위험,제9조,일방적 계약 해지|권리행사 제한|보증금 반환 지연,"4. 계약 해제ㆍ해지 조항 가. 약관조항 나. 검토의견 : 무효 ㅇ 계약의 해제ㆍ해지는 계약당사자에게 중대한 영향을 미치는 사항이므로 상대방이 계약을 불이행한 경우라도 상당한 기간을 정하여 계약내용을 이행할 것을 최고하고 그 기간 내에 이행하지 아니할 때에 비로소 계약을 해제ㆍ해지함이 타당함(민법 제544조), - 그러나 위 약관조항은 임차소유권 매수인이 구매대금을 연체하는 경우 매도인이 상당한 기간을 정하여 최고함이 없이 일방적으로 해지통지서를 발송한 것만으로 계약을 해제ㆍ해지 할 수 있도록 정하고 있음 - 따라서 동 조항은 법률의 규정에 의한 해지권의 행사요건을 완화하여 고객에 대하여 부당하게 불이익을 줄 우려가 이는 조항으로 약관법 제9조 제2호에 해당됨 ",,미검수,,,근거 서술에 조항 문구 인용 없음. 내용만 설명되어 있음,candidates_ftc_불공정약관조항.csv
법제처 OPEN API/ftc,10279,,케이티글로벌수빅인코퍼레이션의 수빅암펠로스타워 임차소유권 매매계약서상 불공정약관조항에 대한 건,https://www.law.go.kr/DRF/lawService.do?OC=test&target=ftc&ID=10279&type=HTML,위약금 조항,무효,조문인용 추론,위험,제8조,과도한 위약금,5. 위약금 조항 가. 약관조항 나. 검토의견 : 무효 ㅇ 부동산 거래분야에서 계약해제에 따른 위약금은 거래대금의 10%정도가 통상적인 거래관행이며 판례의 취지임 - 그러나 위 약관조항은 임차소유권 매수인의 귀책사유로 인한 계약취소ㆍ해지시 위약금으로 구매대금의 총 30%까지 매도인에게 귀속되도록 정하고 있으므로 이는 고객에게 과중한 손해배상의무를 부담시키는 조항으로 약관법 제8조에 해당함 ,,미검수,임차소유권 매수인의 귀책사유로 인한 계약취소ㆍ해지시 위약금으로 구매대금의 총 30%까지 매도인에게 귀속,보통,인용 표시 없이 약관 내용을 설명하는 형태로 서술되어 있음,candidates_ftc_불공정약관조항.csv
법제처 OPEN API/ftc,10279,,케이티글로벌수빅인코퍼레이션의 수빅암펠로스타워 임차소유권 매매계약서상 불공정약관조항에 대한 건,https://www.law.go.kr/DRF/lawService.do?OC=test&target=ftc&ID=10279&type=HTML,구매대금 반환시 이자 불가산 조항,무효,조문인용 추론,위험,제9조,일방적 계약 해지|권리행사 제한|보증금 반환 지연,"6. 구매대금 반환시 이자 불가산 조항 가. 약관조항 나. 검토의견 : 무효 ㅇ 민법 제548조에 따르면 쌍무계약에 있어서 당사자 일방이 계약을 해제한 때에는 각 당사자는 그 상대방에 대하여 즉시 원상회복의무가 있고, 그에 따라 반환하여야 할 것이 금전인 경우 그 받은 날로부터 이자를 가하여 반환하여 함 - 그러나 위 약관조항은 임차소유권 매도인이 계약을 해제한 경우 매수인이 기 납부한 구매대금 중 일부 위약금을 제외한 나머지 구매대금을 반환하는 경우 이자를 가산하지 않도록 정하고 있음 - 따라서 동 조항은 계약의 해제ㆍ해지로 인한 사업자의 원상회복의무를 부당하게 경감하는 조항으로 약관법 제9조 제4호에 해당됨 ",,미검수,,,근거 서술에 조항 문구 인용 없음. 내용만 설명되어 있음(이자를 가산하지 않도록 정하고 있음),candidates_ftc_불공정약관조항.csv
법제처 OPEN API/ftc,10279,,케이티글로벌수빅인코퍼레이션의 수빅암펠로스타워 임차소유권 매매계약서상 불공정약관조항에 대한 건,https://www.law.go.kr/DRF/lawService.do?OC=test&target=ftc&ID=10279&type=HTML,의사표시 통지 간주조항,무효,조문인용 추론,위험,제12조,일방적 계약 해지,7. 의사표시 통지 간주조항 가. 약관조항 나. 검토의견 : 무효 ㅇ 상대방이 있는 의사표시의 효력발생 시기는 그 의사표시가 상대방의 영역내에 도달한 때 또는 객관적으로 도달 되었다고 인정될 만한 상황이 존재한 때로 인정됨(민법 제111조 제1항) - 더욱이 그 의사표시가 상대방에게 미치는 영향이 중대한 경우에는 이러한 민법상 도달주의 법리가 더욱 엄격히 요구된다고 할 것임 ㅇ 그러나 위 약관조항은 임차소유권 매도인이 매수인에게 계약의 취소 또는 해지의 통지를 발송만 되면 매수인에게 통지된 것으로 간주하고 있음 - 따라서 동 조항은 고객의 이익에 중대한 영향을 미치는 사업자의 의사표시가 상당한 이유없이 고객에게 도달된 것으로 보는 조항으로서 약관법 제12조 제3호에 해당됨 ,,미검수,임차소유권 매도인이 매수인에게 계약의 취소 또는 해지의 통지를 발송만 되면 매수인에게 통지된 것으로 간주,보통,따옴표 없이 서술되었으나 약관 조항의 내용을 그대로 옮김,candidates_ftc_불공정약관조항.csv
법제처 OPEN API/ftc,10279,,케이티글로벌수빅인코퍼레이션의 수빅암펠로스타워 임차소유권 매매계약서상 불공정약관조항에 대한 건,https://www.law.go.kr/DRF/lawService.do?OC=test&target=ftc&ID=10279&type=HTML,시설물 귀속조항,무효,조문인용 추론,위험,제11조,권리행사 제한,"8. 시설물 귀속조항 가. 약관조항 나. 검토의견 : 무효 ㅇ 임차인이 임대목적물에 부속시설물을 설치한 경우 부속물이 목적물과 구분되는 독립성이 존재하는 때에는 임차인이 그 물건의 소유권을 가짐(민법 제256조 단서, 대판 99다14518) - 그러나 위 약관조항은 계약의 취소 또는 해지시 임차소유권 매수인이 설치한 모든 시설물에 대하여 매도인의 소유가 되도록 규정하고 있음 - 따라서 위 조항은 법률에 규정에 의한 고객의 권리를 상당한 이유없이 배제하는 조항으로 약관법 제11조 제1호에 해당됨 ",,미검수,,,근거 서술에 조항 문구 인용 없음. 내용만 설명됨: '계약의 취소 또는 해지시 임차소유권 매수인이 설치한 모든 시설물에 대하여 매도인의 소유가 되도록 규정'이라는 의역 표현만 존재,candidates_ftc_불공정약관조항.csv
법제처 OPEN API/ftc,10279,,케이티글로벌수빅인코퍼레이션의 수빅암펠로스타워 임차소유권 매매계약서상 불공정약관조항에 대한 건,https://www.law.go.kr/DRF/lawService.do?OC=test&target=ftc&ID=10279&type=HTML,패소자 비용부담 조항,무효,조문인용 추론,위험,제6조,부당한 비용·세금 전가|선택권 제한·구입 강제|과도한 위약금,"9. 패소자 비용부담 조항 가. 약관조항 나. 검토의견 : 무효 ㅇ 패소자가 부담하여야 할 승소자의 변호사 비용은 소송목적 값에 따라 달라짐(민사소송법 제109조, 변호사보수의 소송비용 산입에 관한 규칙 별표[대법원 규칙]) - 그러나 위 약관조항은 패소가가 부담하여야 할 변호사 비용을 일률적으로 US$2,000이상으로 정하고 있으므로 경우에 따라 패소자가 된 임차소유권 매수인에게 불리하므로 이는 고객에게 부당하게 불리한 조항으로 약관법 제6조 제2항 제1호에 해당됨 ",,미검수,"패소가가 부담하여야 할 변호사 비용을 일률적으로 US$2,000이상으로 정하고 있으므로",보통,"약관 원문 인용 표시는 없으나, 공정위의 판단 근거 서술에서 조항의 구체적 내용으로 제시된 문구를 그대로 옮김",candidates_ftc_불공정약관조항.csv
법제처 OPEN API/ftc,10279,,케이티글로벌수빅인코퍼레이션의 수빅암펠로스타워 임차소유권 매매계약서상 불공정약관조항에 대한 건,https://www.law.go.kr/DRF/lawService.do?OC=test&target=ftc&ID=10279&type=HTML,별도약정 불인정 조항,무효,조문인용 추론,위험,제6조,부당한 비용·세금 전가|선택권 제한·구입 강제|과도한 위약금,10. 별도약정 불인정 조항 가. 약관조항 나. 검토의견 : 무효 ㅇ 계약은 당사자 합의에 성립하므로 본 계약서에 포함되지 아니한 사항이라도 당사자가 별도 약정 등을 통하여 합의한 사항은 당사자의 계약내용이 되며 이에 대하여는 계약이행 등의 책임이 발생함 - 그러나 위 약관조항은 본 계약서에 포함되지 아니한 사항에 대하여는 어떠한 경우에도 동 사항에 구속되지 아니한다고 정하고 있어 임차소유권 매수인에게 유리한 사항을 별도 약정한 경우 매수인에게 불리하므로 이는 고객에게 부당하게 불리한 조항으로 약관법 제6조 제2항 제1호에 해당됨 ,,미검수,본 계약서에 포함되지 아니한 사항에 대하여는 어떠한 경우에도 동 사항에 구속되지 아니한다,보통,인용 표시 없이 약관 내용으로 보이는 서술을 그대로 옮김,candidates_ftc_불공정약관조항.csv
법제처 OPEN API/ftc,10279,,케이티글로벌수빅인코퍼레이션의 수빅암펠로스타워 임차소유권 매매계약서상 불공정약관조항에 대한 건,https://www.law.go.kr/DRF/lawService.do?OC=test&target=ftc&ID=10279&type=HTML,공사내역 변경조항,무효,조문인용 추론,위험,"제7조,제10조",책임 면제|일방적 급부·조건 변경,"11. 공사내역 변경조항 가. 약관조항 나. 검토의견 : 무효 ㅇ 임차소유권 매도인이 목적물의 시공과정에서 불가피한 사정으로 계약내용대로 이행하는 것이 곤란한 경우 임차소유권 매수인과 협의 등을 통해 양해를 구하거나 별도의 계약을 체결하여야 함 - 또한 계약내용이 변경된 경우 임차소유권 매수인은 계약해제ㆍ해지, 이행강제, 손해배상 등을 주장할 수 있음 - 그러나 위 약관조항은 매도인이 필요에 따라서 당초 계약된 공사내용을 일방적으로 변경할 수 있고 이로 인해 계약에 영향이 없도록 규정하고 있음 - 따라서 동 조항은 상당한 이유없이 급부의 내용을 사업자가 일방적으로 결정하거나 변경할 수 있도록 권한을 부여하고 있는 조항이자 법률의 규정에 의한 고객의 권리를 상당한 이유없이 제한하는 조항으로 약관법 제10조 제1호 제11조 제1호에 해당됨 ]]> 나. 검토의견 : 무효 ㅇ 계약의 일방 당사자가 이행을 지체하는 경우 상대방은 이에 대하여 계약해제ㆍ해지가 가능하고 손해배상을 청구할 수 있음 - 그러나 위 약관조항은 당사자가 약정한 준공기일이 지난 후 12개월간의 유예기간을 인정하도록 정하고 있음 - 이 경우 임차인은 사업자의 귀책사유로 준공기일이 경과하였음에도 불구하고 유예기간 동안은 사업자에게 계약해제ㆍ해지 및 손해배상을 청구할 수 없음 - 따라서 위 조항은 상당한 이유없이 사업자의 손해배상범위를 제한하거나 사업자가 부담하여야 할 위험을 고객에게 이전시키는 조항으로서 약관법 제7조 제2호에 해당됨 ㅇ 또한 불가항력적인 사유 이외에 사업자의 귀책사유로 준공이 지연되는 경우 사업자에게 그 지연책임이 있음 - 그러나 위 약관조항은 파업 또는 기타 노동분규, 필수 자재 확보가 힘든 기타 상황, 제3자의 행위로 인한 사유 등 불가항력 적인 사유가 아닌 사유로 준공이 지연되는 경우에 대하여 사업자의 귀책사유 여부와 관계없이 사업자가 책임을 지지 않도록 정하고 있음 - 따라서 위 조항은 상당한 이유없이 사업자의 손해배상범위를 제한하거나 사업자가 부담하여야 할 위험을 고객에게 이전시키는 조항으로서 약관법 제7조 제2호에 해당됨 ",,미검수,,,근거 서술에 조항 문구 인용 없음. 매도인이 일방적으로 공사내용을 변경할 수 있다는 내용만 설명되어 있음,candidates_ftc_불공정약관조항.csv
법제처 OPEN API/ftc,985,,㈜ 코인네스트의 이용약관상 불공정약관조항에 대한 건,https://www.law.go.kr/DRF/lawService.do?OC=test&target=ftc&ID=985&type=HTML,입출금 제한 조항,무효,조문인용 추론,위험,제6조,부당한 비용·세금 전가|선택권 제한·구입 강제|과도한 위약금,"2. 입출금 제한 조항 가. 약관조항 나. 검토의견 : 무효 '결제, 입금, 출금, 환전’은 고객의 가상통화 거래 서비스 이용에 있어 본질적인 내용 중 하나이다. 그러므로 이에 대한 제한은 고객의 이해관계에 중대한 영향을 미치는 사유이며, 고객이 예측 가능하도록 구체적으로 규정해야 한다. '결제 이용금액(첫 출금액)이 과도한 경우’와 같은 사유는 어느 정도의 금액이 과도한 지 여부가 구체적으로 적시되어 있지 않고, '기타 회사의 운영정책상 결제(입금 및 출금) 이용을 제한해야 하는 경우’는 그 제한 사유가 포괄적ㆍ자의적으로 규정되어 있어 고객이 예상하기 어렵다. 따라서 심사대상 약관조항은 고객이 예상하기 어려운 조항 그리고 고객에게 부당하게 불리한 조항으로서 약관법 제6조 제2항 제2호 및 약관법 제6조 제2항 제1호에 해당하여 무효이다. ",,미검수,결제 이용금액(첫 출금액)이 과도한 경우,높음,따옴표로 명시 인용된 조항 문구를 그대로 옮김,candidates_ftc_불공정약관조항.csv
법제처 OPEN API/ftc,985,,㈜ 코인네스트의 이용약관상 불공정약관조항에 대한 건,https://www.law.go.kr/DRF/lawService.do?OC=test&target=ftc&ID=985&type=HTML,서비스 이용제한 조항,무효,조문인용 추론,위험,제6조,부당한 비용·세금 전가|선택권 제한·구입 강제|과도한 위약금,"3. 서비스 이용제한 조항 가. 약관조항 나. 검토의견 : 무효 고객이 서비스의 이용을 제한받는 사유(로그인 제한, 로그인 외 서비스 이용 불가, 매수ㆍ매도ㆍ입출금 제한)는 고객의 계약상 권리ㆍ의무에 중대한 영향을 미치는 사항이다. 따라서 그 사유를 규정하더라도 일부 서비스 제한이 불가피한 경우로 한정되어야 할 뿐만 아니라, 고객이 예측 가능하도록 구체적이고 명확하여야 할 것이다. '관리자가 판단하는 경우’는 그 제한 사유가 포괄적ㆍ자의적으로 규정되어 있어 고객이 예상하기 어렵다. 따라서 심사대상 약관조항은 고객이 예상하기 어려운 조항 그리고 고객에게 부당하게 불리한 조항으로서 약관법 제6조 제2항 제2호 및 제1호에 해당하여 무효이다. ",,미검수,,,근거 서술에 조항 문구 인용 없음. '관리자가 판단하는 경우'는 내용 설명일 뿐 정확한 조항 문구 미확인,candidates_ftc_불공정약관조항.csv
법제처 OPEN API/ftc,985,,㈜ 코인네스트의 이용약관상 불공정약관조항에 대한 건,https://www.law.go.kr/DRF/lawService.do?OC=test&target=ftc&ID=985&type=HTML,일반 면책조항,무효,조문인용 추론,위험,"제6조,제7조",부당한 비용·세금 전가|선택권 제한·구입 강제|과도한 위약금|책임 면제,"4. 일반 면책조항 가. 약관조항 나. 검토의견 : 무효 전시ㆍ사변ㆍ홍수ㆍ지진 기타 이에 준하는 천재지변 등과 같은 불가항력적인 사유를 제외하고는 사업자의 고의 또는 과실로 인한 행위로 인해 회원이나 제3자에게 손해가 발생하였다면 사업자는 손해배상책임을 져야 하는 것이 민법상 기본원칙이라고 할 수 있다(민법 제750조). 이는 이용자나 제3자의 고의 또는 과실에 의한 행위와 사업자의 고의 또는 과실이 함께 경합하는 경우라도 마찬가지이다(민법 제760조). 기본적으로 컴퓨터 서버와 인터넷 통신설비 등을 이용하여 가상통화 취급소를 운영하는 사업자는 고객의 원활한 서비스 이용을 위해 통신설비의 확충과 점검, 시스템과 서버의 주기적인 관리, 서버 용량의 확보, 내부 시스템 및 서버에 대한 보안 강화와 방화벽 시스템 구축 등 가상통화 취급소 운영에 필요한 전반적인 시설과 내부 시스템 등을 구축하고 유지ㆍ보수ㆍ관리하여야 한다. 이는 가상통화 취급소를 믿고 거래를 하는 고객과의 관계에서 부담하여야 하는 당연한 계약상 의무라고 할 수 있다. 가상통화 취급소는 가상통화 거래 중개 등의 서비스를 제공하면서 이용 고객들로부터 구매ㆍ판매 수수료를 받고 있는 자이고 가상통화 취급소는 특별한 사정이 없는 한 고객에게 원활한 서비스를 제공하기 위한 선량한 관리자로서의 주의의무를 다하여야 한다. 제3자의 DDOS 공격이나 해킹 등으로 인한 손해 발생의 원인에 가상통화 취급소의 보안 시스템상의 하자, 서버의 부실, 통신설비 관리의 잘못이나 직원의 관리 소홀 등의 귀책사유가 개입되어 있다면 그에 따른 책임을 지는 것이 타당하다. 또한, 가상통화 취급소의 운영형태를 보면 취급소는 어떤 가상통화를 취급할지 결정할 수 있는 자이므로 제공하는 가상통화의 종류는 대부분 취급소의 판단에 맡겨져 있다. 취급소는 회원들에 비해 상대적으로 개별 가상통화의 특성과 시장에 대한 정보를 많이 아는 자이고 취급소 이용자는 취급소가 제공하는 가상통화를 신뢰하고 선택한다는 점에서 취급소는 제공되는 가상통화의 신뢰성, 정확성 등에 대해서도 더 주의의무를 기울여야 할 것으로 보인다. 가상통화 발행 관리시스템의 하자와 같은 사유가 있더라도 가상통화 취급소에 등록된 가상통화의 관리에 있어서의 주의의무 위반과 같은 것은 별개의 문제이므로 취급소가 그 거래 운영과 관련한 귀책사유가 있는 경우에는 책임을 지는 것이 타당하다. 이용자(회원)의 불법행위로 인해 제3자에게 손해가 발생한 경우에도 취급소의 고의 또는 과실이 경합되어 있는 경우라면, 이는 사실상 공동불법행위(민법 제760조)에 해당하며, 민사법상 부작위, 과실에 의한 방조책임도 성립하는 점(대법원 1998. 12. 23. 선고 98다31264판결 등)을 고려하면 회사에게 주의의무 위반의 과실이 있는 경우에도 회원만이 책임을 부담하고 회사를 면책시키는 것은 자기책임의 원리에도 반하는 것으로 볼 수 있다. 따라서 각 사업자들의 심사대상 약관조항은 사업자의 고의 또는 중대한 과실로 인한 법률상의 책임을 배제하는 조항 및 사업자가 부담하여야 할 위험을 고객",,미검수,,,"근거 서술에 조항 문구 인용 없음. 공정위의 판단 근거만 서술되어 있으며, 심사대상 약관조항의 구체적 문구가 인용되지 않았음",candidates_ftc_불공정약관조항.csv
법제처 OPEN API/ftc,985,,㈜ 코인네스트의 이용약관상 불공정약관조항에 대한 건,https://www.law.go.kr/DRF/lawService.do?OC=test&target=ftc&ID=985&type=HTML,링크된 사이트에 관한 면책조항,무효,조문인용 추론,위험,"제6조,제7조,제9조",부당한 비용·세금 전가|선택권 제한·구입 강제|과도한 위약금|책임 면제|일방적 계약 해지|권리행사 제한|보증금 반환 지연,"5. 링크된 사이트에 관한 면책조항 가. 약관조항 나. 검토의견 : 무효 사업자는 '링크’라는 적극적 행위를 통하여 상품 또는 용역 내지는 이에 대한 정보 등을 간접적으로 제공하므로 링크된 사이트가 명백히 불법적인 경우, 허위의 정보를 제공하는 경우 등과 같은 경우에는 사업자의 귀책사유를 인정할 수 있다. 또한, 링크는 가상통화 취급소의 의사에 따라 구성되고 배치되기 때문에 취급소의 링크행위가 있음에도 어떠한 책임도 지지 않는 것은 링크를 선별, 배치한 주체의 행위에 대하여 무조건적인 면책을 하는 것이 되어 부당하다 할 것이다. 따라서 심사대상 약관조항은 사업자의 고의 또는 중대한 과실로 인한 법률상의 책임을 배제하는 조항 및 사업자가 부담하여야 할 위험을 고객에게 전가하는 조항 그리고 신의성실의 원칙을 위반한 조항 및 고객에게 부당하게 불리한 조항으로서 약관법 제7조 제1호 및 제2호, 약관법 제6조 제1항 및 제2항 제1호에 해당하여 무효이다. ]]> 나. 검토의견 : 무효 계약의 중지(중단) 및 해지는 고객의 계약상 권리ㆍ의무에 중대한 영향을 미치는 사항이다. 따라서 그 사유를 규정하더라도 계약의 중지(중단) 또는 해지가 불가피한 경우로 한정되어야 할 뿐만 아니라, 고객이 예측 가능하도록 구체적이고 명확하여야 할 것이다. '본 약관을 포함하여 기타 회사가 정한 이용조건에 위반한 경우’와 같은 사유는 본 약관을 포함하여 어떠한 이용조건과 세부지침이 중지 또는 해지 사유에 해당하는지가 구체적으로 적시되어 있지 않다. 특히 약관의 주의적 규정을 위반한 경우까지도 해지사유에 해당한다고 볼 여지가 있다. '기타 회사의 서비스 개선을 위한 회사 정책상 불가피한 경우’, '운영자 또는 관리자가 이용에 부적합하다고 판단하는 경우’는 그 제한 사유가 포괄적ㆍ자의적으로 규정되어 있어 고객이 예상하기 어렵다. 또한, 일반적으로 해제권ㆍ해지권이 발생하기 위해서는 원칙적으로 타방 당사자의 채무불이행이 있고, 해제권ㆍ해지권을 행사하고자 하는 자가 상당한 기간을 정하여 이행을 최고하고, 그 기간내에 이행 또는 이행의 제공이 없을 것이라는 요건을 충족하여야 한다. 이러한 요건을 충족한 후에 해제권자ㆍ해지권자가 해제ㆍ해지의 의사표시를 하여야 그 효과가 발생한다. 사업자는 이용약관상 포괄적인 사유 또는 자의적인 판단에 따른 해지권을 행사하면서 최고 등의 절차 없이도 일방적으로 해제ㆍ해지할 수 있도록 하는 조항은 고객이 입을 불이익의 내용과 정도에 비추어 볼 때에도 부당하다 볼 것이다. 따라서 심사대상 약관조항은 계약의 중지ㆍ해지 사유가 지나치게 포괄적ㆍ추상적으로 규정되어 있다는 점에서 고객이 예상하기 어려운 조항 그리고 고객에게 부당하게 불리한 조항으로서 약관법 제6조 제2항 제2호 및 약관법 제6조 제2항 제1호에 해당하여 무효이다. 그리고 사업자에게 법률에서 규정하고 있지 아니하는 해지권을 부여하거나 법률의 규정에 의한 사업자의 해지권의 행사요건을 완화하여 고객에게 부당하게 불이익을 줄 우려가 있는 조항으로서 약관법 제9조 제2호 및 제3호에도 해당하여 무효이",,미검수,,,근거 서술에 링크된 사이트에 관한 면책조항의 구체적인 문구 인용 없음,candidates_ftc_불공정약관조항.csv
법제처 OPEN API/ftc,987,,㈜ 코인플러그의 이용약관상 불공정약관조항에 대한 건,https://www.law.go.kr/DRF/lawService.do?OC=test&target=ftc&ID=987&type=HTML,일반 면책조항,무효,조문인용 추론,위험,"제6조,제7조",부당한 비용·세금 전가|선택권 제한·구입 강제|과도한 위약금|책임 면제,"2. 일반 면책조항 가. 약관조항 나. 검토의견 : 무효 전시ㆍ사변ㆍ홍수ㆍ지진 기타 이에 준하는 천재지변 등과 같은 불가항력적인 사유를 제외하고는 사업자의 고의 또는 과실로 인한 행위로 인해 회원이나 제3자에게 손해가 발생하였다면 사업자는 손해배상책임을 져야 하는 것이 민법상 기본원칙이라고 할 수 있다(민법 제750조). 이는 이용자나 제3자의 고의 또는 과실에 의한 행위와 사업자의 고의 또는 과실이 함께 경합하는 경우라도 마찬가지이다(민법 제760조). 기본적으로 컴퓨터 서버와 인터넷 통신설비 등을 이용하여 가상통화 취급소를 운영하는 사업자는 고객의 원활한 서비스 이용을 위해 통신설비의 확충과 점검, 시스템과 서버의 주기적인 관리, 서버 용량의 확보, 내부 시스템 및 서버에 대한 보안 강화와 방화벽 시스템 구축 등 가상통화 취급소 운영에 필요한 전반적인 시설과 내부 시스템 등을 구축하고 유지ㆍ보수ㆍ관리하여야 한다. 이는 가상통화 취급소를 믿고 거래를 하는 고객과의 관계에서 부담하여야 하는 당연한 계약상 의무라고 할 수 있다. 가상통화 취급소는 가상통화 거래 중개 등의 서비스를 제공하면서 이용 고객들로부터 구매ㆍ판매 수수료를 받고 있는 자이고 가상통화 취급소는 특별한 사정이 없는 한 고객에게 원활한 서비스를 제공하기 위한 선량한 관리자로서의 주의의무를 다하여야 한다. 제3자의 DDOS 공격이나 해킹 등으로 인한 손해 발생의 원인에 가상통화 취급소의 보안 시스템상의 하자, 서버의 부실, 통신설비 관리의 잘못이나 직원의 관리 소홀 등의 귀책사유가 개입되어 있다면 그에 따른 책임을 지는 것이 타당하다. 또한, 가상통화 취급소의 운영형태를 보면 취급소는 어떤 가상통화를 취급할지 결정할 수 있는 자이므로 제공하는 가상통화의 종류는 대부분 취급소의 판단에 맡겨져 있다. 취급소는 회원들에 비해 상대적으로 개별 가상통화의 특성과 시장에 대한 정보를 많이 아는 자이고 취급소 이용자는 취급소가 제공하는 가상통화를 신뢰하고 선택한다는 점에서 취급소는 제공되는 가상통화의 신뢰성, 정확성 등에 대해서도 더 주의의무를 기울여야 할 것으로 보인다. 가상통화 발행 관리시스템의 하자와 같은 사유가 있더라도 가상통화 취급소에 등록된 가상통화의 관리에 있어서의 주의의무 위반과 같은 것은 별개의 문제이므로 취급소가 그 거래 운영과 관련한 귀책사유가 있는 경우에는 책임을 지는 것이 타당하다. 이용자(회원)의 불법행위로 인해 제3자에게 손해가 발생한 경우에도 취급소의 고의 또는 과실이 경합되어 있는 경우라면, 이는 사실상 공동불법행위(민법 제760조)에 해당하며, 민사법상 부작위, 과실에 의한 방조책임도 성립하는 점(대법원 1998. 12. 23. 선고 98다31264판결 등)을 고려하면 회사에게 주의의무 위반의 과실이 있는 경우에도 회원만이 책임을 부담하고 회사를 면책시키는 것은 자기책임의 원리에도 반하는 것으로 볼 수 있다. 따라서 각 사업자들의 심사대상 약관조항은 사업자의 고의 또는 중대한 과실로 인한 법률상의 책임을 배제하는 조항 및 사업자가 부담하여야 할 위험을 고객",,미검수,,,"근거 서술에 조항 문구 인용 없음. 공정위의 법리 설명과 판단 근거만 있고, 문제가 된 약관 조항의 구체적 문구가 직접 인용되지 않음",candidates_ftc_불공정약관조항.csv
법제처 OPEN API/ftc,987,,㈜ 코인플러그의 이용약관상 불공정약관조항에 대한 건,https://www.law.go.kr/DRF/lawService.do?OC=test&target=ftc&ID=987&type=HTML,링크된 사이트에 관한 면책조항,무효,조문인용 추론,위험,"제6조,제7조",부당한 비용·세금 전가|선택권 제한·구입 강제|과도한 위약금|책임 면제,"3. 링크된 사이트에 관한 면책조항 가. 약관조항 나. 검토의견 : 무효 사업자는 '링크’라는 적극적 행위를 통하여 상품 또는 용역 내지는 이에 대한 정보 등을 간접적으로 제공하므로 링크된 사이트가 명백히 불법적인 경우, 허위의 정보를 제공하는 경우 등과 같은 경우에는 사업자의 귀책사유를 인정할 수 있다. 또한, 링크는 가상통화 취급소의 의사에 따라 구성되고 배치되기 때문에 취급소의 링크행위가 있음에도 어떠한 책임도 지지 않는 것은 링크를 선별, 배치한 주체의 행위에 대하여 무조건적인 면책을 하는 것이 되어 부당하다 할 것이다. 따라서 심사대상 약관조항은 사업자의 고의 또는 중대한 과실로 인한 법률상의 책임을 배제하는 조항 및 사업자가 부담하여야 할 위험을 고객에게 전가하는 조항 그리고 신의성실의 원칙을 위반한 조항 및 고객에게 부당하게 불리한 조항으로서 약관법 제7조 제1호 및 제2호, 약관법 제6조 제1항 및 제2항 제1호에 해당하여 무효이다. ]]> 나. 검토의견 : 무효 심사대상 면책조항은 사업자의 컴퓨터 서버 등에 저장되어 있는 고객의 아이디와 비밀번호 정보의 관리책임에 대하여 고객에게 책임을 전가할 우려가 있다. 사업자는 고객의 정보가 저장된 서버를 제대로 유지하고 관리해야 하는 주의의무가 있으며, 제3자의 해킹 등을 막기 위한 보안과 관련하여서도 보안시스템 및 절차를 수립하고 이를 철저히 준수하는 등 합리적으로 요구되는 선량한 관리자로서의 주의의무를 다하여야 한다. 서버에 저장되어 있는 회원의 정보가 제3자의 해킹에 의해 유출되는 경우에 회사가 주의의무를 다하지 않는 경우에는 회사도 주의의무 위반에 따른 책임을 져야 한다. 위 면책조항은 회사에게 서버 관리 소홀 등의 귀책사유가 있는 경우까지도 회원에게 모든 관리 책임을 전가시키는 것으로 해석될 우려가 있다. 따라서 심사대상 약관조항은 사업자의 고의 또는 중대한 과실로 인한 법률상의 책임을 배제하는 조항 및 사업자가 부담하여야 할 위험을 고객에게 전가하는 조항 그리고 신의성실의 원칙을 위반한 조항 및 고객에게 부당하게 불리한 조항으로서 약관법 제7조 제1호 및 제2호, 약관법 제6조 제1항 및 제2항 제1호에 해당하여 무효이다. ",,미검수,,,근거 서술에 조항 문구 인용 없음,candidates_ftc_불공정약관조항.csv
법제처 OPEN API/ftc,305,,한국자산신탁(주)의 차입형 토지신탁계약서상 불공정약관조항에 대한 건,https://www.law.go.kr/DRF/lawService.do?OC=test&target=ftc&ID=305&type=HTML,고객에게 부당하게 불리한 소송 제기 금지 조항 또는 재판관할의 합의 조항,무효,조문인용 추론,위험,"제6조,제7조,제14조,제17조",부당한 비용·세금 전가|선택권 제한·구입 강제|과도한 위약금|책임 면제|권리행사 제한,"1. 고객에게 부당하게 불리한 소송 제기 금지 조항 또는 재판관할의 합의 조항 '약관의 규제에 관한 법률’ 제17조의2【시정 조치】 ① (생략) ② 공정거래위원회는 제17조를 위반한 사업자가 다음 각 호의 어느 하나에 해당하는 경우에는 사업자에게 해당 불공정약관조항의 삭제ㆍ수정, 시정명령을 받은 사실의 공표, 그 밖에 약관을 시정하기 위하여 필요한 조치를 명할 수 있다. 6. 사업자가 제1항에 따른 권고를 정당한 사유 없이 따르지 아니하여 여러 고객에게 피해가 발생하거나 발생할 우려가 현저한 경우 다. 위 2. 가. 인정사실에 대한 위법 여부 1) 시공사 재선정 등 관련 이의제기 금지조항 14 신탁계약의 목적 6 은 신탁자(위탁자)가 수탁자에게 재산(토지 및 건물 등)을 이전하여 신탁하고 신탁재산(토지 및 건물 등)을 수탁받은 수탁자는 수익자를 위하여 신탁부동산을 임대ㆍ처분하는 등의 행위를 통하여 수익자에게 신탁이익을 지급하는 것이다. 15 한편, 신탁계약에 따라 신탁사무 처리에 필요한 비용과 수탁자의 고의 및 과실없이 발생한 손실은 수익자가 부담하며, 신탁법 제46조 7 는 수탁자가 신탁사무 처리 중 발생하는 비용에 대하여 신탁재산에서 지출하거나, 수탁자가 자기의 과실없이 채무를 부담하거나 손해를 입은 경우 신탁재산에서 비용을 지출하거나 수익자가 얻은 이익의 범위내에서 수익자에게 비용을 청구하거나 담보의 제공을 요구할 수 있도록 정하고 있다. 16 수탁자인 피심인은 시공사의 부도 및 파산 등에 따라 신탁목적을 달성하기 어려운 경우 기존의 공사도급계약을 해지하고 다른 시공사를 선정하여 공사도급계약을 체결할 수 있을 것이나, 신탁계약의 목적과 신탁사무처리에 수반되는 모든 비용을 수익자가 부담하거나 신탁재산을 위탁자가 신탁하였다는 점을 볼 때, 위탁자나 수익자의 이해에 직접적인 영향을 미치는 시공사 재선정 및 공사도급계약에 대하여 일체의 이의 제기를 금지하는 조항은 고객에게 부당하게 불리한 조항이다. 17 즉, 기존 시공사의 부도 및 파산 등에 따라 불가피하게 시공사를 재선정하여 공사도급계약을 체결하는 경우에도 해당 시공사 재선정 내지 공사도급계약이 신탁계약의 목적에 반하거나 또는 위탁자ㆍ수익자의 이해에 영향을 미치는 경우 예를 들어 새로운 공사도급계약의 체결로 공사대금 등 신탁사무처리 비용이 증가하여 위탁자 내지 수익자에게 영향을 미치는 경우 위탁자 등은 수탁자에게 이의를 제기하거나 소송을 제기할 수 있다고 할 것이다. 18 그런데, 해당 약관조항은 일체의 이의제기를 금지하고 있어 이는 고객에게 부당하게 불리한 조항(약관법 제6조 제2항 제1호) 내지 고객에게 부당하게 불리한 이의(소송) 제기 금지조항(약관법 제14조 제1호)에 해당되어 무효이다. 2) 면책조항 19 「신탁등기사무처리에 관한 예규(등기예규 제1694호)」는 신탁재산에 속하는 부동산의 신탁등기는 수탁사가 단독으로 신청하도록 규정하고 있고, 신탁법 제130조가 “수탁자는 고의나 과실로 유한책임회사신탁의 등기가 사실과 다르게 된 경우 그 등기와 다른 사실로 선의의 제3자에게 대",,미검수,일체의 이의 제기를 금지하는 조항,보통,"근거 서술에서 '일체의 이의 제기를 금지하는 조항'이라는 표현으로 조항 내용이 설명되어 있으나, 원문의 정확한 문구는 제시되지 않음",candidates_ftc_불공정약관조항.csv
법제처 OPEN API/ftc,10295,,한일월드(주)의 정수기구매대금불입약정서상 불공정약관조항에 대한 건,https://www.law.go.kr/DRF/lawService.do?OC=test&target=ftc&ID=10295&type=HTML,(문서 전체 — 조항 구분 없음),무효,조문인용 추론,위험,제8조,과도한 위약금,"10295 시정권고서 2008약관2663 가. 약관조항 나. 검토의견 : 무 효 ㅇ 통상적인 계약에서 계약해지시 위약금은 잔여임대료의 10%수준이고, 정수기 임대차(렌탈) 표준약관(표준약관 제10052호) 제10조 제2항 제3호 및 「소비자분쟁해결기준(공정위 고시 제2008-3호) 36. 정수기임대업」 규정에 의하면, - 정수기 임대차(렌탈)계약에 있어 의무사용기간을 1년 초과로 정한 경우 소비자귀책사유로 계약해지시 소비자가 지급하여야 할 위약금은 의무사용기간 잔여월 임대료의 10%에 해당하는 금액으로 정하고 있음 - 그러나, 위 약관조항은 고객(소비자)의 귀책사유로 의무사용기간이 3년인 정수기 구매계약을 중도해지 하는 경우 고객이 지급하여야 할 위약금을 의무사용기간 잔여월 임대료의 50%에 해당하는 금액으로 정하고 있음 ㅇ 따라서 동 조항은 통상적인 거래관행 및 관련규정에 비추어 볼 때, 고객에 대하여 부당하게 과중한 지연손해금 등의 손해배상의무를 부담시키는 조항으로 약관법 제8조에 해당됨 ]]> 가. 약관조항 나. 검토의견 : 무 효 ㅇ 통상적인 계약에서 계약해지시 위약금은 잔여임대료의 10%수준이고, 정수기 임대차(렌탈) 표준약관(표준약관 제10052호) 제10조 제2항 제3호 및 「소비자분쟁해결기준(공정위 고시 제2008-3호) 36. 정수기임대업」 규정에 의하면, - 정수기 임대차(렌탈)계약에 있어 의무사용기간을 1년 초과로 정한 경우 소비자귀책사유로 계약해지시 소비자가 지급하여야 할 위약금은 의무사용기간 잔여월 임대료의 10%에 해당하는 금액으로 정하고 있음 - 그러나, 위 약관조항은 고객(소비자)의 귀책사유로 의무사용기간이 3년인 정수기 구매계약을 중도해지 하는 경우 고객이 지급하여야 할 위약금을 의무사용기간 잔여월 임대료의 50%에 해당하는 금액으로 정하고 있음 ㅇ 따라서 동 조항은 통상적인 거래관행 및 관련규정에 비추어 볼 때, 고객에 대하여 부당하게 과중한 지연손해금 등의 손해배상의무를 부담시키는 조항으로 약관법 제8조에 해당됨 ]]> 가. 약관조항 나. 검토의견 : 무 효 ㅇ 통상적인 계약에서 계약해지시 위약금은 잔여임대료의 10%수준이고, 정수기 임대차(렌탈) 표준약관(표준약관 제10052호) 제10조 제2항 제3호 및 「소비자분쟁해결기준(공정위 고시 제2008-3호) 36. 정수기임대업」 규정에 의하면, - 정수기 임대차(렌탈)계약에 있어 의무사용기간을 1년 초과로 정한 경우 소비자귀책사유로 계약해지시 소비자가 지급하여야 할 위약금은 의무사용기간 잔여월 임대료의 10%에 해당하는 금액으로 정하고 있음 - 그러나, 위 약관조항은 고객(소비자)의 귀책사유로 의무사용기간이 3년인 정수기 구매계약을 중도해지 하는 경우 고객이 지급하여야 할 위약금을 의무사용기간 잔여월 임대료의 50%에 해당하는 금액으로 정하고 있음 ㅇ 따라서 동 조항은 통상적인 거래관행 및 관련규정에 비추어 볼 때, 고객에 대하여 부당하게 과중한 지연손해금 등의 손해배상의무를 부담시키는 조항으로 약관법 제8조에 해당됨 ]]> 가. 약관조항 나. 검토의견 ",,미검수,고객(소비자)의 귀책사유로 의무사용기간이 3년인 정수기 구매계약을 중도해지 하는 경우 고객이 지급하여야 할 위약금을 의무사용기간 잔여월 임대료의 50%에 해당하는 금액으로 정하고 있음,보통,따옴표 없이 서술되었으나 문제 조항의 내용을 명확히 설명하는 부분을 그대로 옮김,candidates_ftc_불공정약관조항.csv
법제처 OPEN API/ftc,10255,,현대자동차(주)의 블루핸즈계약서상 불공정약관조항에 대한 건,https://www.law.go.kr/DRF/lawService.do?OC=test&target=ftc&ID=10255&type=HTML,계약갱신 조항,무효,조문인용 추론,위험,"제6조,제11조",부당한 비용·세금 전가|선택권 제한·구입 강제|과도한 위약금|권리행사 제한,"2. 계약갱신 조항 (1) 약관조항 (2) 검토의견 : 무효 가맹사업법 제13조에 따르면 가맹본부는 가맹점사업자가 계약의 갱신을 요구하는 경우 정당한 사유없이 이를 거절할 수 없다. 이는 가맹본부의 일방적인 가맹계약 갱신 거절을 제한함으로써 가맹점사업자가 지속적인 거래를 예상하여 투자한 자본을 적절하게 회수할 수 있도록 하기 위한 것이다. 해당 약관조항은 당사자가 기간만료 90일전까지 서면으로 갱신거절의 의사표시를 하면 계약이 갱신되지 않도록 하고 있는 바, 이에 따라 가맹본부는 사유의 제한 없이 계약의 갱신을 거절할 수 있게 된다. 즉, 가맹사업법의 취지에 반하여 가맹본부가 임의로 계약갱신을 거절할 수 있으며, 이에 따라 지속적인 거래를 예상하여 자본을 투자하고 영업을 영위한 가맹점사업자에게 손해를 입힐 우려가 있다 할 것이다. 따라서 해당 약관조항은 고객에 대하여 부당하게 불리한 약관조항에 해당하여 약관법 제6조 제1항, 제2항 제1호에 따라 무효이다. ]]> (2) 검토의견 : 무효 점포의 통일적 이미지 및 상품의 특성을 유지하는데 지장이 없는 한 가맹본부는 설계서 및 시방서의 제시에 그치고, 실제 시공에 있어서는 가맹점이 시공업체를 선택할 수 있도록 하여야 한다. 가맹사업법에서도 원칙적으로 부동산, 설비 등의 구입 판매 등과 관련하여 부당하게 가맹점사업자에게 특정한 거래상대방과 거래할 것을 강제하는 행위를 금지하고 있다(가맹사업법 제12조 및 같은 법 시행령 제13조 제1항). 그럼에도 해당 약관조항은 가맹본부가 지정한 업체에서 간판 등설비공사를 하도록 하고 있는 바, 이는 고객이 제3자와 계약을 체결하는 것을 부당하게 제한하는 조항으로 약관법 제11조 제3호에 해당된다. ",,미검수,당사자가 기간만료 90일전까지 서면으로 갱신거절의 의사표시를 하면 계약이 갱신되지 않도록 하고 있는 바,보통,공정위의 판단 근거 서술에서 약관조항의 내용을 설명하는 부분을 그대로 옮김. 따옴표 없이 인용됨.,candidates_ftc_불공정약관조항.csv
법제처 OPEN API/prec,607789,2022다311736,"임대차보증금[임대차보증금에서 위약벌 및 손해배상예정액을 공제하기로 약정한 임차인에 대해 회생절차가 개시된 경우, 임대인이 회생채권으로 주장할 수 있는 임대차보증금반환채권의 범위가 다투어진 사건]",https://www.law.go.kr/DRF/lawService.do?OC=test&target=prec&ID=607789&type=HTML,(조 번호 미표기),위험,판례 문맥 추론 · 단일 신호,위험,,,"고와 사이에, 원고 소유이던 서울 종로구 (주소 생략) 토지 및 그 지상에 위치한 지하 3층, 지상 17층 규모의 건물(이하 ‘이 사건 건물’이라 한다)을 피고에게 매도함과 동시에 이를 임대차보증금 5,694,177,840원, 임대차기간 2013. 12. 4.부터 2023. 12. 3.까지로 정하여 원고가 임차하기로 약정하였다(이하 임대차 부분을 가리켜 ‘이 사건 임대차계약’이라고 한다). 원고는 그 무렵 피고에게 위 임대차보증금을 지급하고(이하 ‘이 사건 임대차보증금’이라고 한다), 이 사건 건물을 원고 본사 사옥으로 사용하여 왔다. 다. 이 사건 임대차계약 제19조 제1항에서는, ""「채무자 회생 및 파산에 관한 법률」 제119조 또는 제335조에 근거하여 임차인의 관리인 또는 파산관재인이 본 계약을 중도에 해지하는 경우, 임차인은 ‘본 계약 해지 시점 당시의 월 임대료 × 24’로 계산된 위약벌을 임대인에게 지급하여야 하고, 임대인은 본 항에 따른 위약벌을 임대차보증금에서 공제할 수 있으며, 임차인은 이에 대하여 아무런 이의 없이 동의한다.""라고, 같은 조 제2항에서는 ""「채무자 회생 및 파산에 관한 법률」 제119조 또는 제335조에 근거하여 임차인의 관리인 또는 파산관재인이 본 계약을 중도에 해지하는 경우, 임차인은 본 조 제(1)항에 따른 위약벌 이외에 ‘본 계약 해지 시점 당시의 월 임대료 및 월 관리비 합계액 × 24’의 금액과 ‘본 계약 해지 시점부터 2차 임대차기간 종료일까지의 월 임대료 및 월 관리비 합계액’ 중 적은 금액으로 계산된 손해배상 예정액을 임대인에게 지급하여야 하고, 임대인은 본 항에 따른 손해배상 예정액을 임대차보증금에서 공제할 수 있으며, 임차인은 이에 대하여 아무런 이의 없이 동의한다.""라는 내용을 각 규정하고 있다(이하 이 사건 임대차계약 제19조 제1항, 제2항을 ‘대상조항’이라고 하고, 그중 공제에 관한 부분만을 가리켜 ‘이 사건 공제약정’이라고 한다). 라. 원고는 2017. 9. 11. 서울회생법원 2017회합100149호로 회생절차개시신청을 하여 같은 해 10. 12. 회생절차개시결정을 받았고(이하 종전 회생절차와 구별하여 ‘이 사건 회생절차’라고 한다), 같은 날 선임된 원고의 관리인은 회생법원의 허가를 받아 2018. 4. 6. 「채무자 회생 및 파산에 관한 법률」(이하 ‘채무자회생법’이라고 한다) 제119조 제1항에 의하여 쌍방미이행 쌍무계약인 이 사건 임대차계약을 해지한 다음 2018. 8. 31. 피고에게 이 사건 건물을 인도하였다. 원고에 대하여 2018. 5. 24. 회생계획인가결정이, 같은 해 6. 25. 회생절차종결결정이 각 내려졌다. 마. 한편 피고는 이 사건 회생절차 진행 중인 2017. 11. 15. 이 사건 임대차계약 해지로 인한 장래 위약벌 및 손해배상금 합계 14,506,968,792원의 채권을 신고하였고, 이에 대하여 원고 관리인이 전부 이의함에 따라 피고는 서울회생법원 2018회확100011호로 회생채권조사확정재판을 신청하였다. 위 법원은 2020. 1. 16. 대상조항을 무효라고 보기는 어려우나 다만 여러 사정을 종합하여 손해배상 예정액을 10%로 감액한다고 하면서, ""피고의 원고에 대한 회생채권은 위약벌 6,301,177,176원과 손해배상 예정액 820,579,161원의 합계 7,121,756,337원임을 확정한다.""라고 결정하였다(이하 위 위약벌과 손해배상 예정액을 ‘이 사건 위약벌’과 ‘이 사건 손해배상 예정액’이라고 한다). 원고는 이에 불복하여 서울회생법원 2020가합100265호로 이의의 소를 제기하였으나, 위 법원은 2020. 11. 18. 위 회생채권조사확정재판을 인가하는 판결을 하였고, 이에 대한 원고의 항소가 2021. 6. 17. 기각되어 위 판결이 ",라고 한다). 원고는 그 무렵 피고에게 위 임대차보증금을 지급하고(이하,미검수,,,,candidates_prec_보증금반환.csv
법제처 OPEN API/prec,607789,2022다311736,"임대차보증금[임대차보증금에서 위약벌 및 손해배상예정액을 공제하기로 약정한 임차인에 대해 회생절차가 개시된 경우, 임대인이 회생채권으로 주장할 수 있는 임대차보증금반환채권의 범위가 다투어진 사건]",https://www.law.go.kr/DRF/lawService.do?OC=test&target=prec&ID=607789&type=HTML,제19조,위험,판례 문맥 추론 · 단일 신호,위험,,,"보증금 5,694,177,840원, 임대차기간 2013. 12. 4.부터 2023. 12. 3.까지로 정하여 원고가 임차하기로 약정하였다(이하 임대차 부분을 가리켜 ‘이 사건 임대차계약’이라고 한다). 원고는 그 무렵 피고에게 위 임대차보증금을 지급하고(이하 ‘이 사건 임대차보증금’이라고 한다), 이 사건 건물을 원고 본사 사옥으로 사용하여 왔다. 다. 이 사건 임대차계약 제19조 제1항에서는, ""「채무자 회생 및 파산에 관한 법률」 제119조 또는 제335조에 근거하여 임차인의 관리인 또는 파산관재인이 본 계약을 중도에 해지하는 경우, 임차인은 ‘본 계약 해지 시점 당시의 월 임대료 × 24’로 계산된 위약벌을 임대인에게 지급하여야 하고, 임대인은 본 항에 따른 위약벌을 임대차보증금에서 공제할 수 있으며, 임차인은 이에 대하여 아무런 이의 없이 동의한다.""라고, 같은 조 제2항에서는 ""「채무자 회생 및 파산에 관한 법률」 제119조 또는 제335조에 근거하여 임차인의 관리인 또는 파산관재인이 본 계약을 중도에 해지하는 경우, 임차인은 본 조 제(1)항에 따른 위약벌 이외에 ‘본 계약 해지 시점 당시의 월 임대료 및 월 관리비 합계액 × 24’의 금액과 ‘본 계약 해지 시점부터 2차 임대차기간 종료일까지의 월 임대료 및 월 관리비 합계액’ 중 적은 금액으로 계산된 손해배상 예정액을 임대인에게 지급하여야 하고, 임대인은 본 항에 따른 손해배상 예정액을 임대차보증금에서 공제할 수 있으며, 임차인은 이에 대하여 아무런 이의 없이 동의한다.""라는 내용을 각 규정하고 있다(이하 이 사건 임대차계약 제19조 제1항, 제2항을 ‘대상조항’이라고 하고, 그중 공제에 관한 부분만을 가리켜 ‘이 사건 공제약정’이라고 한다). 라. 원고는 2017. 9. 11. 서울회생법원 2017회합100149호로 회생절차개시신청을 하여 같은 해 10. 12. 회생절차개시결정을 받았고(이하 종전 회생절차와 구별하여 ‘이 사건 회생절차’라고 한다), 같은 날 선임된 원고의 관리인은 회생법원의 허가를 받아 2018. 4. 6. 「채무자 회생 및 파산에 관한 법률」(이하 ‘채무자회생법’이라고 한다) 제119조 제1항에 의하여 쌍방미이행 쌍무계약인 이 사건 임대차계약을 해지한 다음 2018. 8. 31. 피고에게 이 사건 건물을 인도하였다. 원고에 대하여 2018. 5. 24. 회생계획인가결정이, 같은 해 6. 25. 회생절차종결결정이 각 내려졌다. 마. 한편 피고는 이 사건 회생절차 진행 중인 2017. 11. 15. 이 사건 임대차계약 해지로 인한 장래 위약벌 및 손해배상금 합계 14,506,968,792원의 채권을 신고하였고, 이에 대하여 원고 관리인이 전부 이의함에 따라 피고는 서울회생법원 2018회확100011호로 회생채권조사확정재판을 신청하였다. 위 법원은 2020. 1. 16. 대상조항을 무효라고 보기는 어려우나 다만 여러 사정을 종합하여 손해배상 예정액을 10%로 감액한다고 하면서, ""피고의 원고에 대한 회생채권은 위약벌 6,301,177,176원과 손해배상 예정액 820,579,161원의 합계 7,121,756,337원임을 확정한다.""라고 결정하였다(이하 위 위약벌과 손해배상 예정액을 ‘이 사건 위약벌’과 ‘이 사건 손해배상 예정액’이라고 한다). 원고는 이에 불복하여 서울회생법원 2020가합100265호로 이의의 소를 제기하였으나, 위 법원은 2020. 11. 18. 위 회생채권조사확정재판을 인가하는 판결을 하였고, 이에 대한 원고의 항소가 2021. 6. 17. 기각되어 위 판결이 그 무렵 그대로 확정되었다(서울고등법원 2020나2046494호, 이하 ‘관련 판결’이라고 한다). 바. 원고는 피고를 상대로 이 사건 임대차보증금에서 차임 등을 공제한 나머지 1,324,640,605원 및 이에 대한 지연손해금의 지급을 구하는 이 사건 소를 제기하였고, 이에 대하여 피고는 관","채무자 회생 및 파산에 관한 법률」 제119조 또는 제335조에 근거하여 임차인의 관리인 또는 파산관재인이 본 계약을 중도에 해지하는 경우, 임차인은",미검수,,,,candidates_prec_보증금반환.csv
법제처 OPEN API/prec,599849,2019다255416,소유권이전등기,https://www.law.go.kr/DRF/lawService.do?OC=test&target=prec&ID=599849&type=HTML,(조 번호 미표기),안전,판례 문맥 추론 · 단일 신호,안전,,,"은 일반 사안과 확정판결 사안에 모두 개정규정이 소급적용된다는 입장이다. 이러한 입장 차이는 이 사건 부칙조항, 특히 확정판결 사안에 관한 이 사건 부칙조항 단서의 해석 차이에서 비롯된다. 이 사건 부칙조항 단서의 해석은 그 법적 성격을 파악하는 데에서 출발해야 한다. 이 사건 부칙조항 단서의 법적 성격은 이미 판례로 명확하게 선언되어 있다. 대법원은 이 사건 부칙조항 단서가 ""친일반민족행위자의 특정한 재산에 대한 국가귀속결정 그 자체 또는 이로 인한 법률관계에 대한 구체적인 쟁송을 전제로 하여 판결이 확정된 경우""에 ""법적 안정성""을 위하여 ""개정규정을 적용하지 않도록 한"" 조항이라고 판시하였다(대법원 2016. 11. 9. 선고 2014두3228 판결 참조. 대법원 2016. 12. 27. 선고 2015다13997 판결도 같은 취지). 이러한 판시는 이 사건 부칙조항의 표제가 ‘적용례’인 점과도 잘 부합한다. 2) 이 사건 부칙조항의 적용례로서의 성격은 입법자의 의사에 비추어 볼 때도 명확하다. 이 사건 부칙조항은 개정규정의 적용 범위를 명확하게 정하여 소급입법의 우려를 최소화하기 위해 신설되었다. 이 사건 부칙조항 초안은 법제사법위원회 법안심사제1소위원회에서 마련되어 2011. 4. 21. 법제사법위원회에 보고되었다. 당시 심사보고서의 법안심사제1소위원회 심사보고 요지에는 이 사건 부칙조항에 관하여 ""확정판결에 의하여 이 법의 적용대상이 아니라고 확정된 경우에는 예외로 하여 소급입법 적용에 따른 문제를 해결""하였다고 기재되어 있다. 법제사법위원장의 개정법률안에 대한 수정안의 수정이유에도 이 사건 부칙조항에 관하여 ""친일반민족행위자재산조사위원회가 친일반민족행위자로 규정하여 그 재산을 국가에 귀속시킨 부분만 적용할 수 있도록 수정하는 것""이라고 기재되어 있다. 2011. 4. 29. 국회 본회의에서도 별 이견 없이 수정안대로 개정법률이 통과되었다. 친일청산은 그 특수성, 중대성, 역사성에 비추어 보면 입법적 결단이 중요하게 여겨지는 정책적 문제이고, 이러한 입법적 결단으로 만들어진 법을 해석함에 있어 입법자의 의사는 다른 일반적인 법률 또는 법률조항 해석의 경우보다 더욱 무겁게 고려되어야 한다. 이 사건처럼 입법자의 의사를 객관적으로 확인할 수 있는 입법 자료가 충분하고, 입법 시점으로부터 얼마 지나지 않아 법 해석이 이루어지는 경우에는 더욱 그러하다. 그러므로 법률이 개정되는 일련의 입법 과정에 나타난 입법자의 의사는 이 사건에서 문제 되는 법 해석에 적절하게 고려될 수 있고, 또 고려되어야 마땅하다. 3) 이 사건 부칙조항의 적용례로서의 성격을 받아들이면 이 사건의 논의는 ‘확정판결 사안에 개정규정이 적용되는가’의 단순한 문제로 귀결된다. 그런데도 다수의견과 반대의견의 논의가 복잡하게 얽혀 있는 이유는 ① 개정규정 적용 여부에 대한 논의(위 문제에 관한 논의)와 ② 개정규정 적용을 전제로 한 논의(친일재산 국가귀속결정의 성격, 친일재산 소유권 귀속의 소급효, 국가귀속결정과 민사소송의 관계 등에 관한 논의)가 뒤섞여 있기 때문이다. ①은 ②에 선행되어야 하는 논의이므로, ①의 논의 결과 대상재산에 개정규정이 적용되지 않아 그 재산이 친일재산에 해당하지 않는다면 친일재산의 존재를 전제로 한 ②의 논의는 불필요하다. 반대의견은 ②에서 논의되는 친일재산에 관한 일반 법리에 주로 초점을 맞추면서, 이 사건 토지는 확인적 행위에 불과한 국가귀속결정과 무관하게 실체법에 따라 친일재산으로 국가에 소급하여 귀속되므로 국가가 민사소송을 통해 이를 환수할 수 있다고 한다. 그러나 이는 개정규정이 이 사건 토지에 소급적용되어 이 사건 토지가 친일재산에 해당한다는 전제가 충족될 때에 비로소 의미를 가지는 논의이다. 그런데 다수의견은 이 사건 부칙조항 단서에 따라 개정규정이 이 사건 토지에 적용되지 않는다는 입장이다. 따라서 반대",친일반민족행위자의 특정한 재산에 대한 국가귀속결정 그 자체 또는 이로 인한 법률관계에 대한 구체적인 쟁송을 전제로 하여 판결이 확정된 경우,미검수,,,,candidates_prec_부당이득금.csv
법제처 OPEN API/prec,617187,2022가합548786,부당이득금,https://www.law.go.kr/DRF/lawService.do?OC=test&target=prec&ID=617187&type=HTML,제28조,위험,판례 문맥 추론 · 단일 신호,위험,,,"가슴살 패티의 구입단가는 4,500원에서 4,480원으로 인하되었음에도 2차 물대인상을 통하여 가슴살 패티의 가격을 인상한 것이다. 나. 판단 앞서 든 증거에 변론 전체의 취지를 더하여 인정되는 다음과 같은 사실 내지 사정을 종합하면 1, 2차 물대인상은 ‘가격의 변경이 필요한 경우’에 해당하므로 실체적 하자는 존재하지 않는 것으로 보인다. 1) 이 사건 가맹계약 제28조 제1항은 ""가맹본부가 가맹점사업자에게 공급하여야 할 원·부재료 등의 내역 및 가격은 별첨[3]과 같다""고 정하여 공급가격을 피고가 정하여 제시하도록 하고 있고, 같은 조항 단서에서도 ""가맹본부가 물가인상 기타 경제여건의 변동 등으로 인하여 원·부재료의 공급가격 변경이 필요하다고 판단할 경우 가맹본부는 일정한 절차를 거쳐 결정할 수 있다""고 그 변경의 사유를 비교적 폭넓게 규정하고 있다. 위 규정의 문언에 비추어 볼 때 원칙적으로 피고가 경영상의 판단에 따라 가격의 변경이 필요한지에 대해 판단할 수 있는 것으로 보이고, 객관적으로 ‘가격의 변경이 필요한 경우’에 해당하여야만 피고가 가격을 변경할 수 있다고 보기는 어렵다 2) 설령 이 사건 가맹계약 제28조 제1항에 있어 ‘객관적으로 가격의 변경이 필요한 경우’에만 피고가 가격을 변경할 수 있다고 보더라도, 다음과 같은 사정에 비추어 볼 때 1, 2차 물대이상은 ‘객관적으로 가격의 변경이 필요한 경우’에 해당하는 것으로 판단된다. 가) 피고는 △△패티의 가격을 2014년 5월경 인상한 이래 1차 물대인상 전까지 한 번도 인상하지 않은 반면, △△버거의 소비자가는 2018. 2. 22. 3,400원, 2020. 6. 1. 3,800원으로 2차례에 걸쳐 인상된 상황이었다. 다만 1차 물대인상에 의하여 △△패티의 가격이 150원이 인상되기는 하였으나, 이는 누적 소비자가 상승분의 25%에 불과한 것으로 과도한 것으로 보이지 아니한다. 나) 2020년 이후 주요 원자재 가격, 유가 및 해상운임비용 증가 등으로 인하여 대두유 및 밀가루, 해상운임료 등의 전반적인 가격이 상승하였고, 최저임금의 인상과 임대료 등의 상승하고 1, 2차 물대인상 당시에는 전반적인 물가상승이 있는 상황이었다. 이러한 상황에서 피고는 △△패티의 구입 단가뿐 아니라 전반적인 물가상승을 고려하여 물대를 인상한 것으로 보이는데, 이는 불가피한 경영판단에 의한 결정이었다. 다) 피고는 △△패티의 경우 브라질 정육을 사용하고 있는데, 브라질산 정육의 가격은 2022년 조달비용이 2021년 대비 큰 폭으로 인상되었고, 가슴살패티의 경우에도 육계협회의 생계시세가 큰 폭으로 인상되었던 것으로 보이며, 이로 인하여 피고가 2022년 하반기에 △△패티 및 가슴살패티를 구매하는 단가가 실제로 상승하기도 하였다. 이러한 점에 비추어 볼 때 피고가 △△패티 및 가슴살패티의 구매 단가가 바로 상승하지는 않았다고 하더라도 2차 물대인상 당시에 장기적으로 이를 반영할 필요가 있었던 것으로 보인다. 라) 피고는 1, 2차 물대인상 전후로 미리 소비자가를 인상하거나, 물대인상 이후로 소비자가를 인상하는 등 물대인상을 고려하여 소비자가를 정한 것으로 보이는바, 이는 물대인상을 통하여 가맹점사업자들이 일방적으로 손해를 보는 구조로 보기는 어렵다. 특히 2차 물대인상으로 이루어지고 난 다음 매출액 기준으로 피고와 가맹점사업자가 각각 40:60 비율로 수익을 취득하게 된다는 점을 고려하면, 2차 물대인상이 가맹점사업자들에게 현저히 불리하다고 보기도 어렵다. 3. 1차 물대인상이 무효에 해당하는지 등에 관한 판단 가. 당사자들 주장의 요지 1) 원고들 이 사건 각 가맹계약 제28조에 의하면, 원·부재료의 가격 변경이 필요한 경우 가맹본부는 변경내역과 변경사유, 변경가격 산출근거를 가맹점사업자들에게 서면으로 제시하고 양 ",맹본부가 가맹점사업자에게 공급하여야 할 원·부재료 등의 내역 및 가격은 별첨[3]과 같다,미검수,,,,candidates_prec_부당이득금.csv
법제처 OPEN API/prec,617187,2022가합548786,부당이득금,https://www.law.go.kr/DRF/lawService.do?OC=test&target=prec&ID=617187&type=HTML,제28조,위험,판례 문맥 추론 · 단일 신호,위험,,,"판단할 경우 가맹본부는 일정한 절차를 거쳐 결정할 수 있다""고 그 변경의 사유를 비교적 폭넓게 규정하고 있다. 위 규정의 문언에 비추어 볼 때 원칙적으로 피고가 경영상의 판단에 따라 가격의 변경이 필요한지에 대해 판단할 수 있는 것으로 보이고, 객관적으로 ‘가격의 변경이 필요한 경우’에 해당하여야만 피고가 가격을 변경할 수 있다고 보기는 어렵다 2) 설령 이 사건 가맹계약 제28조 제1항에 있어 ‘객관적으로 가격의 변경이 필요한 경우’에만 피고가 가격을 변경할 수 있다고 보더라도, 다음과 같은 사정에 비추어 볼 때 1, 2차 물대이상은 ‘객관적으로 가격의 변경이 필요한 경우’에 해당하는 것으로 판단된다. 가) 피고는 △△패티의 가격을 2014년 5월경 인상한 이래 1차 물대인상 전까지 한 번도 인상하지 않은 반면, △△버거의 소비자가는 2018. 2. 22. 3,400원, 2020. 6. 1. 3,800원으로 2차례에 걸쳐 인상된 상황이었다. 다만 1차 물대인상에 의하여 △△패티의 가격이 150원이 인상되기는 하였으나, 이는 누적 소비자가 상승분의 25%에 불과한 것으로 과도한 것으로 보이지 아니한다. 나) 2020년 이후 주요 원자재 가격, 유가 및 해상운임비용 증가 등으로 인하여 대두유 및 밀가루, 해상운임료 등의 전반적인 가격이 상승하였고, 최저임금의 인상과 임대료 등의 상승하고 1, 2차 물대인상 당시에는 전반적인 물가상승이 있는 상황이었다. 이러한 상황에서 피고는 △△패티의 구입 단가뿐 아니라 전반적인 물가상승을 고려하여 물대를 인상한 것으로 보이는데, 이는 불가피한 경영판단에 의한 결정이었다. 다) 피고는 △△패티의 경우 브라질 정육을 사용하고 있는데, 브라질산 정육의 가격은 2022년 조달비용이 2021년 대비 큰 폭으로 인상되었고, 가슴살패티의 경우에도 육계협회의 생계시세가 큰 폭으로 인상되었던 것으로 보이며, 이로 인하여 피고가 2022년 하반기에 △△패티 및 가슴살패티를 구매하는 단가가 실제로 상승하기도 하였다. 이러한 점에 비추어 볼 때 피고가 △△패티 및 가슴살패티의 구매 단가가 바로 상승하지는 않았다고 하더라도 2차 물대인상 당시에 장기적으로 이를 반영할 필요가 있었던 것으로 보인다. 라) 피고는 1, 2차 물대인상 전후로 미리 소비자가를 인상하거나, 물대인상 이후로 소비자가를 인상하는 등 물대인상을 고려하여 소비자가를 정한 것으로 보이는바, 이는 물대인상을 통하여 가맹점사업자들이 일방적으로 손해를 보는 구조로 보기는 어렵다. 특히 2차 물대인상으로 이루어지고 난 다음 매출액 기준으로 피고와 가맹점사업자가 각각 40:60 비율로 수익을 취득하게 된다는 점을 고려하면, 2차 물대인상이 가맹점사업자들에게 현저히 불리하다고 보기도 어렵다. 3. 1차 물대인상이 무효에 해당하는지 등에 관한 판단 가. 당사자들 주장의 요지 1) 원고들 이 사건 각 가맹계약 제28조에 의하면, 원·부재료의 가격 변경이 필요한 경우 가맹본부는 변경내역과 변경사유, 변경가격 산출근거를 가맹점사업자들에게 서면으로 제시하고 양 당사자가 협의하여 결정하게 되어 있는데 피고가 위와 같은 협의를 거치지 않았으므로 1차 물대인상은 무효에 해당하므로 이에 대한 확인을 구하고, 1차 물대인상이 무효인 이상 원고들이 피고에게 지급한 △△패티 가격 중 1차 물대인상에 따라 지급한 부분은 피고가 부당하게 취득한 부당이득에 해당하므로, 피고는 원고들에게 △△패티 공급가 인상에 따른 부당이득금 원금과 로열티 및 이에 따른 부가가치세 합계액 및 이에 대한 지연손해금을 지급할 의무가 있다. 2) 피고 가) 다음과 같은 사정에 비추어 볼 때 1차 물대인상은 이 사건 각 가맹계약에서 정한 절차에 따라 적법하게 이루어진 것에 해당한다. (1) 피고는 1",객관적으로 가격의 변경이 필요한 경우,미검수,,,,candidates_prec_부당이득금.csv
법제처 OPEN API/prec,615953,2025다213608,납입금반환청구의소,https://www.law.go.kr/DRF/lawService.do?OC=test&target=prec&ID=615953&type=HTML,제3조,안전,판례 문맥 추론 · 단일 신호,안전,,,"하지 않게 된 자의 조합원 자격은 자동 상실된다."", 같은 조 제4항은 ""탈퇴, 조합원 자격의 상실, 제명 등으로 조합원의 지위를 상실한 자에 대하여는 조합원이 납입한 제 납입금에서 소정의 공동부담금을 공제한 잔액을 환급청구일로부터 30일 이내에 지급하되, 총회의 의결로서 공제할 공동부담금 및 환급시기를 따로 정할 수 있다.""라고 규정하고 있다. 마. 이 사건 가입계약 제3조 제1항에서는 ‘원고는 주택법령에 규정한 지역주택조합원의 자격에 문제가 없음을 보증하고, 준공 및 입주 시까지 그 자격을 유지하기로 한다.’, 제8조 제2항에서는 ‘피고는 원고가 본 계약 내용을 성실히 이행하지 아니하였을 때 원고에게 이행의 최고 또는 기타의 별도 최고 없이 서면 통지로써 계약을 해지할 수 있고, 이 경우 원고의 조합원 자격 및 본계약자로서의 지위는 자동 상실된다.’, 같은 조 제3항에서는 ‘원고의 귀책사유로 본 계약이 해지 시 원고는 조합원 분담금 총금액 중 10%에 해당하는 금원을 위약금으로 몰취 또는 배상하되, 환불금이 있는 경우 조합사업의 특성상 그 반환 시기는 탈퇴, 제명 또는 해지된 자의 권리ㆍ의무를 승계할 신규 조합원으로 대체 또는 임의 분양자로 대체되어 입금이 완료된 후 이자 없이 환불하고, 업무대행비는 업무대행사에 귀속된 보수로서 환불하지 아니한다.’, 제15조 제1항에서는 ‘본 계약서에서 정하지 않은 사항에 대하여는 피고의 조합규약, 시공사와의 사업약정서, 공사도급(변경)계약서, 업무대행사와의 업무대행계약서, 신탁사와의 자금관리대리사무계약서 및 관계 법령에 따르기로 한다.’는 취지로 정하고 있다. 바. 원고는 이 사건 가입계약 체결 당시에는 조합원 자격인 세대주 지위를 갖추고 있었으나 2023. 3. 20. 세대주를 배우자로 변경하는 세대주 변경 신고를 함으로써 세대주 지위를 상실하였다. 사. 원고는 2023. 4. 7. 이 사건 소를 제기하였는데, 주위적 청구로서 이 사건 가입계약의 취소 또는 해제를 주장하고, 예비적 청구로서 이 사건 가입계약상 조합원 자격의 상실 또는 조합 탈퇴를 주장하였다. 2. 원심의 판단 가. 원심은 원고의 주위적 청구를 기각한 다음, 원고의 예비적 청구에 관하여, 원고가 2023. 3. 20. 세대주 지위를 상실하여 피고 조합규약 제8조 제1호 및 제12조 제2항에 따라 피고 조합원 자격을 상실하였으므로, 피고는 피고 조합규약 제12조 제4항에 따라 원고에게 이 사건 제 납입금에서 공동부담금에 해당하는 업무대행비 2,000만 원을 공제한 잔액을 원고가 환급을 청구한 날로부터 30일 이내에 지급할 의무가 있다고 판단하였다. 나. 그리고 원심은 피고의 이 사건 가입계약 해지 주장, 즉 피고가 원고의 피고 조합원 자격 상실을 이 사건 가입계약 제8조 제2항에서 정한 해지사유로 보아 이 사건 가입계약을 해지하였으므로 원고에 대한 분담금의 반환 범위 및 시기에 관하여 그 해지의 효과로서 규정된 이 사건 가입계약 제8조 제3항이 적용되어야 한다는 주장을 다음과 같은 이유로 배척하였다. 1) 조합원이 입주가능일 전에 세대주 지위를 상실하여 조합원 자격에 해당하지 않게 된 경우에는 그와 동시에 조합원 자격을 자동으로 상실하고 조합원 지위도 잃게 된다고 보아야 하므로 피고의 해지통보가 필요하지 아니하다. 2) 이 사건 가입계약 제15조 제1항은 문언 그대로 이 사건 가입계약에서 정하지 않은 사항에 대해서는 조합규약 등과 관계 법령에 따른다는 것일 뿐 위 조항의 의미를 이 사건 가입계약이 피고의 조합규약보다 항상 우선하여 적용된다거나 피고 조합규약의 적용과 효력을 부인할 수 있다는 것으로 해석할 수는 없다. 3) 이 사건 가입계약 제8조 제2항에서 세대주 변경 등에 따른 조합원 자격 상실을 해지사유로 명시하고 있지 아니하다. 다만 같은 조 제1호에서 ‘이 사건 계약 내용을 성실하게","원고는 주택법령에 규정한 지역주택조합원의 자격에 문제가 없음을 보증하고, 준공 및 입주 시까지 그 자격을 유지하기로 한다",미검수,,,,candidates_prec_손해배상예정.csv
법제처 OPEN API/prec,619493,2023나20705,업무대행자 지위 확인 등,https://www.law.go.kr/DRF/lawService.do?OC=test&target=prec&ID=619493&type=HTML,(조 번호 미표기),위험,판례 문맥 추론 · 단일 신호,위험,,,"회사의 주주명부에는 총 주식수 중 60%를 소외 3이, 40%를 소외 2가 소유하는 것으로 기재되어 있다.""로 고친다. ▣ 제1심 판결문 제6면 제7행 중 ""28호증""을 ""28, 49 내지 52, 56, 112, 113, 146호증""으로 고친다. 2. 피고의 본안 전 항변에 대한 판단 가. 피고의 항변 요지 원고의 업무대행자 지위 확인 청구는, ① 이 사건 업무대행계약이 이미 해지되었음이 명백하고, 원고가 2021. 1.경 ‘이 사건 대리사무계약상 원고가 가지는 일체의 지위가 소멸되었음을 확인한다’는 내용의 지위소멸확인서(이하 ‘이 사건 지위소멸확인서’라 한다)를 작성함으로써 현실적으로 업무대행자로서 피고의 조합업무에 관여할 수도 없는 상태에서, 오로지 피고의 조합 업무를 방해할 목적으로 지위확인을 구하고 있는 점, ② 원고는 2024. 8. 21. 피고에게 ‘향후 공동주택이 준공되면 잔여 업무대행수수료를 추가로 청구할 예정이다’라는 공문(을 제136호증)을 발송하였는바, 이행소송인 잔여 업무대행수수료 청구의 소를 제기함으로써 위 목적을 실현할 수 있는 점에서 그 확인의 이익이 인정되지 않아 부적법하다. 나. 관련 법리 확인의 소에는 권리보호요건으로서 확인의 이익이 있어야 하고, 확인의 이익은 확인판결을 받는 것이 원고의 권리 또는 법률상의 지위에 현존하는 불안·위험을 제거하는 가장 유효적절한 수단일 때에 인정된다(대법원 2019. 6. 13. 선고 2017다277986, 277993 판결 참조). 기본이 되는 포괄적 권리관계로부터 파생하는 청구권을 주장하여 이행청구를 하는 것이 가능한 경우라도 그 기본이 되는 권리관계 자체에 대하여 다툼이 있어서 즉시 확정의 현실적 필요가 있는 경우에는 확인의 소를 제기할 수 있다(대법원 2020. 6. 4. 선고 2016다245142 판결 등 참조). 다. 판단 앞서 든 증거들 및 갑 제36, 43호증, 을 제148호증의 각 기재에 변론 전체의 취지를 더하여 알 수 있는 다음과 같은 사정들, 즉 ① 원고는 이 사건 업무대행계약의 효력이 존속하고 있다고 주장함에 대하여, 피고는 위 업무대행계약이 이미 해지되어 효력이 없다고 다투고 있는 점, ② 원고는 2023. 7. 25. 피고의 새로운 업무대행사인 주식회사 ☆☆☆(이하 ‘소외 5 회사’라고만 한다)에게 ‘현재 원고의 피고에 대한 업무대행자 지위 확인소송이 진행 중이고, 향후 원고는 피고의 업무대행자로서 이 사건 업무대행계약에 기한 업무를 성실히 수행할 예정이며, 귀사가 향후에도 피고의 대행업무를 수행할 경우 원고에 대하여 법적 책임을 지게 된다’는 취지의 내용증명우편을 발송하기도 한 점, ③ 피고가 신축한 공동주택에 대하여 2024. 11. 29. 자로 사용검사가 완료되긴 하였으나, 이 사건 업무대행계약은 원고가 수행하여야 할 대행업무 범위에 조합청산 업무까지 포함하고 있고 업무대행기간을 ‘조합 청산일까지’로 정하고 있어서, 원고의 업무대행자 지위를 확인하는 판결이 확정되는 경우 원고가 향후 피고의 청산 등 업무를 수행할 수 있는지 여부가 달라지는 점, ④ 가사 이 사건 지위소멸확인서 작성으로 인해 원고가 ▽▽▽신탁에 대하여 더 이상 이 사건 대리사무계약상의 PM용역사 지위를 주장할 수 없게 되었다고 보더라도, 그 사정만으로 원고가 이 사건 업무대행계약에 따른 조합청산 대행업무 등을 수행하는 것이 불가능하게 되었다고 단정할 수도 없는 점 등에 비추어 보면, 원고의 업무대행자 지위 확인청구는 이 사건 업무대행계약과 관련한 원고의 현재 및 장래의 법률상 지위에 관한 법적 불안정을 해소하는 데 필요하고도 적절한 수단이 될 수 있으므로, 그 확인을 구할 이익이 있다고 봄이 타당하다. 따라서 피고의 본안 전 항변은 이유 없다. 3. 업무대행자 지위 확인청구에 관한 본안 판단 가. 당사자들의 주장 요지 1) 원고",사건 대리사무계약상 원고가 가지는 일체의 지위가 소멸되었음을 확인한다,미검수,,,,candidates_prec_손해배상예정.csv
법제처 OPEN API/prec,619303,2023나2058221,임금,https://www.law.go.kr/DRF/lawService.do?OC=test&target=prec&ID=619303&type=HTML,제2조,안전,판례 문맥 추론 · 단일 신호,안전,,,"당하는 직무급으로 매월 15만 원을 지급받았는데, 급여명세서 상으로는 직무급과 조정액을 합한 금액이 ‘직무수당 + 조정급여’ 항목으로 지급되었다(갑 제4호증). ⑵ 직무급은 일반직 중 일정한 직급에 해당하는 근로자에게 매월 일률적으로 지급되는 금원이므로, 소정근로의 대가로서 정기적, 일률적으로 지급되는 통상임금에 해당한다. ⑶ 한편, 일반직 원고들의 근로계약서 제2조 제2항은 ""법정수당을 제외한 제 금품, 직무급 및 보전액은 지급월 15일 미만 근무자에 대해서는 지급하지 아니한다""고 정하고 있으나[을 제17호증], 이는 소정근로일수(위에서 본 바와 같이 1일 8시간, 1주 40시간) 이내로 정해진 근무일수 조건으로, 소정근로를 온전하게 제공하는 근로자라면 충족할 수 있는 조건이므로 위와 같은 조건이 부가되어 있다는 사정만으로 직무급의 통상임금성이 부정되지 아니한다. 3) 외지근무보조비(원고 1에 한하여) : 통상임금에 해당하지 아니함 외지근무보조비는 아래 ‘4. 퇴직금 청구에 관한 판단’ 부분에서 보듯이 근로 대가성을 인정하기 어려워 임금으로 볼 수 없으므로 통상임금에 해당하지 아니한다. 4) 개인연금보험료, 중식대 : 통상임금에 해당함 개인연금보험료와 중식대가 통상임금에 해당한다는 점에 대하여는 당사자 사이에 다툼이 없다. 5) 소결론 명절상여금, 가정의 달 상여금은 기능직 원고들에 대하여, 직무급은 일반직 원고들에 대하여, 개인연금보험료, 중식대는 원고들 모두에 대하여 통상임금에 해당한다. 반면 ‘업적급 중 최소지급분 초과액’과 외지근무보조비는 통상임금에 해당하지 않는다. 다. 미지급 법정수당의 산정 1) 원고 1의 통상임금에 산입되는 명절상여금의 액수 가) 원고 1의 주장 피고는 기능직 근로자들에게, 책정급여[= 기본급(본봉+직책수당) + 노사가 합의한 일정시간의 시간외근로수당]를 명절상여금 산정의 기준액으로 정하여 위 금액의 100%를 설과 추석에 각 명절상여금으로 지급하였다. 그러나 피고는 기능직 원고들 중 항만운영 5급(원고들 중에는 원고 1만이 이에 해당한다)에 대해서만 다른 기능직 근로자들과 달리 책정급여의 8% 상당 금액을 명절상여금 기준액으로 정하여 위 금액의 100%를 설, 추석에 각 명절상여금으로 지급하였다. 피고의 이러한 조치는 헌법 제11조 , 근로기준법 제6조 를 위반한 차별적 처우에 해당하므로 원고 1의 통상임금을 산정할 때에는 다른 기능직 근로자들과 동일한 기준으로 산정한 명절상여금을 산입하여야 한다. 나) 판단 ⑴ 근로기준법 등이 금지하는 차별에 해당한다는 이유로 불법행위 손해배상청구를 하는 것은 별론으로 하고, 미지급 임금 자체를 구할 수 없으므로, 명절상여금 미달액이 미지급 임금임을 전제로 한 원고 1의 이 부분 임금 차액 청구는 그 자체로 이유 없다. ⑵ 원고 1의 주장을 명절상여금에 관한 차별로 인하여 통상임금이 과소 산정됨에 따라 발생한 손해의 배상을 구하는 것으로 선해하여 보더라도, 다음과 같은 이유에서 차별이 성립한다고 볼 수 없다. ㈎ 명절상여금 산정 기준은, 항만운영직 5급만이 항만운영직의 다른 직급(1~4급)이나 다른 기능직 직군들과 다를 뿐, 항만운영직 1~4급과 항만운영직 외의 기능직 직군들의 명절상여금 산정 기준은 동일한 것으로 보인다(그렇기에 원고 1 외에 항만운영직 2~4급인 원고들은 이러한 차별 주장을 하고 있지 않다). 그런데 항만운영직 5급은 장차 4급 이상으로 승진할 것이 예정되어 있다는 점에서 고정된 ‘사회적 신분’에 해당한다고 볼 수 없다. ㈏ 피고가 항만운영직 중 가장 낮은 직급인 5급에 대해서만 명절상여금 산정 기준을 달리 정한 것은, 종전 전문직이 수행하였던 ‘부두 내 항만 분야 직무’를 전문화하여 이를 담당할 별도의 항만운영직 직군을 2015. 4. 신설하면서, 전문직의 연봉제 임금체","법정수당을 제외한 제 금품, 직무급 및 보전액은 지급월 15일 미만 근무자에 대해서는 지급하지 아니한다",미검수,,,,candidates_prec_손해배상예정.csv
법제처 OPEN API/prec,609337,2024나65751,분담금반환청구등,https://www.law.go.kr/DRF/lawService.do?OC=test&target=prec&ID=609337&type=HTML,제5조,위험,판례 문맥 추론 · 단일 신호,위험,,," 거고 추가로 더 내는 건 없어요.""라고 답변한 사실, 피고의 2024. 9. 7.자 조합원 정기총회에서 대출금리 및 물가상승 등으로 인하여 추가 분담금을 납부하기로 하는 내용의 ‘조합원 추가분담금 결정의 건’이 상정되어 의결된 사실은 인정된다. 그러나 앞서 든 증거, 을 4호증의 기재에 변론 전체의 취지를 종합하여 인정되는 다음과 같은 사정들 즉, ① 이 사건 조합원가입계약 제5조(조합원 분담금 및 관리)의 제5항(특약사항) 제1호는 ‘건축 규모의 증감(지하주차장 포함), 세대별 단위면적(공급면적)이 증감될 수 있으며, 이에 따른 조합원분담금의 금액조정에 관하여 원고는 피고의 임원회에 위임하고, 피고는 변경내용을 확정하여 사업계획승인 후 조합원에게 개별 통지하고, 원고는 이에 동의하고 승인한다.’, 제9호는 ‘인, 허가 시 사업규모가 변경될 경우는 조합 총회에서 조합원분담금을 변경할 수 있다.’, 제10호는 ‘주택조합사업은 토지확보 및 조합원의 동의, 기타 요인 등으로 사업이 지연될 수 있으며, 그에 따른 사업비의 증가로 추가 분담금이 발생할 수 있음.’이라고 명시하고 있는 점, ② 원고는 피고에게 조합원가입 체크리스트를 제출하면서 6항의 ‘가입계약서 제5조[조합원 분담금 및 관리]에 따른 조합분담금 납부일정에 대한 설명을 들으셨습니까?’, 7항의 ‘조합원 분담금은 납부 일정에 따라 납입하여야 하며, 연체시 연 11%의 연체이자 발생과 계약해지의 사유가 된다는 설명을 들으셨습니까?’에 대하여 ‘예’란에 각 체크 표시를 한 점, ③ 원고는, 이 사건 조합원가입계약서상 분담금이 증감될 수 있다는 부분은 신의성실의 원칙을 위반하여 공정성을 잃은 조항이고, 피고가 위와 같이 중요한 내용을 원고에게 구체적으로 명시하여 설명하지 아니하였으므로 약관의 규제에 관한 법률 제3조 제3항 및 제6조를 위반하여 무효라고 주장하나, 원고가 주장하는 사정이나 제출된 증거만으로는 분담금 증감 조항이 원고에게 부당하게 불리하여 공정성을 잃은 조항으로 무효라고 보기 어렵고, 또한 이 사건 조합원가입계약서에는 조합원분담금은 사업인허가 과정에서 증감될 수 있다는 취지가 반복적으로 기재되어 있고, 원고는 이 사건 조합원가입계약 당시 계약서의 내용을 본인이 읽었다는 취지로 자필 기재하고 날인한 후 같은 취지의 조합원가입 체크리스트와 확약서를 제출한 점에 비추어 보면, 피고가 이에 대한 설명의무를 위반하였다고 보기도 어려운 점, ④ 앞서 본 900만원대 분담금은 분양홍보자료에 기재된 내용일 뿐, 이 사건 조합원가입계약의 내용으로 볼 수는 없고, 홍보자료 자체에서도 위 900만원대 분담금이 확정 분양가라고 명시되어 있지 않은 점, ⑤ 원고가 피고 직원으로부터 추가 분담금이 없다고 설명을 들었다는 시점은 조합원가입계약 체결 당시가 아니라 그로부터 약 1년 6개월 이후인 점 등에 비추어 보면, 원고가 제출한 증거만으로는 피고가 이 사건 조합원가입계약 체결 당시 원고에게 추가 분담금이 확정적으로 발생하지 않는다고 설명하였다고 인정하기에 부족하고 달리 이를 인정할 증거가 없으며, 또한 조합원 모집 과정에서 ‘시세대비 저렴한 900만원대 (3.3㎡/평균) 분담금’이라는 홍보가 이루어졌다고 하더라도 이는 조합원 모집과 관련하여 과장하여 표현한 것에 불과한 것으로 보이고, 이로써 피고가 추가 분담금과 관련하여 거래에 있어 중요한 사항에 관하여 구체적 사실을 신의성실의 의무에 비추어 비난받을 정도의 방법으로 허위로 고지하여 기망행위를 하였다고 인정하기 어렵다. 따라서 원고의 이 부분 주장은 이유 없다. 2) 시공사 및 동호수 지정 관련 사기 주장에 대한 판단 앞서 든 증거, 을 21호증의 기재, 갑 12호증의 영상에 의하면, 원고가 이 사건 조합원가입계약 체결 당시 이 사건 아파트 중 (동호수 생략)을 공급받기를 희망한다는 내용의 조합원가입 희망 동호수 신청서를 함께 작성하여 피고에게 제출한 사실, 피고의 조합원 가입을 홍보하는 자료에 ‘△△건설’ 또는 △△건설 주식회사(이하 ‘소외 1 회사’라고 한다)의 아파트 브랜드명인 ‘(브랜드명 생략)’이 기재되","건축 규모의 증감(지하주차장 포함), 세대별 단위면적(공급면적)이 증감될 수 있으며, 이에 따른 조합원분담금의 금액조정에 관하여 원고는 피고의 임원회에 위임하고, 피고는 변경내용을 확정하여 사업계획승인 후 조합원에게 개별 통지하고, 원고는 이에 동의하고 승인한다",미검수,,,,candidates_prec_약관조항무효.csv
법제처 OPEN API/prec,600563,2024다232721,채무부존재확인[휴대전화 위탁판매업자인 원고가 위탁판매계약을 체결하고 판매 수수료를 지급한 휴대전화 대리점인 피고를 상대로 판매 수수료 반환채무의 부존재 확인을 구하는 사건],https://www.law.go.kr/DRF/lawService.do?OC=test&target=prec&ID=600563&type=HTML,제15조,위험,판례 문맥 추론 · 단일 신호,위험,,,"기간이 183일을 경과하지 않으면 통신계약이 해지된 데 관하여 원고에게 귀책사유가 있는지 여부와 관계없이, 해지 당시 유지기간이 얼마인지에 관계없이 일률적으로 원고가 지급받은 수수료 전액을 반환하도록 정하고 있다. 이는 수수료를 반환하여야 하는 원고의 합리적인 기대에 반하고 형평에 어긋나는 내용이다. 라) 이 사건 정책표 중 수수료 환수 기준에 관하여 이 사건 위탁판매계약 제15조에서는 ‘매월 공지되는 단가표 및 정책표에 근거하여 기준한다.’고만 규정하고 있을 뿐이고, 보다 구체적인 내용에 대해서는 원고가 알 수 없으며 피고가 일방적으로 정할 수 있도록 규정되어 있다. 이 사건 정책표 중 수수료 환수 기준을 정함에 있어 원고에게 충분히 의견을 개진할 수 있는 기회가 부여되었다고 볼 만한 자료가 없고, 오히려 원고로서는 그 내용을 제대로 알지 못한 채 이 사건 위탁판매계약 제15조에 따라 이 사건 정책표가 이 사건 위탁판매계약의 내용에 편입되는 데 동의한 것으로 보일 뿐이다. 2) 사정이 이러하다면 원심으로서는 이 사건 정책표에서 정한 수수료 환수 기준이 약관법 제6조 제1항에서 정한 ‘신의성실의 원칙을 위반하여 공정성을 잃은 약관 조항’에 해당하여 무효인지 여부를 심리한 다음 이를 전제로 원고가 피고에게 수수료를 반환할 의무가 있는지 여부를 판단하였어야 한다. 그런데도 원심은 이에 관한 심리·판단을 하지 아니한 채 이 사건 정책표 중 수수료 환수 기준이 당연히 유효함을 전제로 하여 원고에게 수수료 전액에 대한 반환의무가 있음을 인정하였다. 이러한 원심판결에는 약관법 제6조 제1항에서 정한 ‘신의성실의 원칙을 위반하여 공정성을 잃은 약관 조항’ 등에 관한 법리를 오해하여 필요한 심리를 다하지 아니함으로써 판결에 영향을 미친 잘못이 있다. 5. 결론 그러므로 원심판결을 파기하고, 사건을 다시 심리·판단하도록 원심법원에 환송하기로 하여, 관여 대법관의 일치된 의견으로 주문과 같이 판결한다. 대법관 권영준(재판장) 김상환(주심) 오경미 박영재 ]]>",매월 공지되는 단가표 및 정책표에 근거하여 기준한다,미검수,,,,candidates_prec_약관조항무효.csv
법제처 OPEN API/prec,605165,2023다298892,보험금,https://www.law.go.kr/DRF/lawService.do?OC=test&target=prec&ID=605165&type=HTML,(조 번호 미표기),위험,판례 문맥 추론 · 단일 신호,위험,,," 소외인과 사이에 보험기간을 소외인의 하자담보책임기간과 같은 기간으로 정하여 이 사건 주택의 하자보수에 관한 이 사건 보험계약을 체결하였다. 이 사건 보험계약의 내용에 비추어 볼 때, 이 사건 주택의 하자가 보험기간 내에 발생한 이상 보험기간이 종료한 후에 하자보수 요청이 있었다고 하더라도 피고는 이 사건 보험계약에 따라 보험금 지급책임을 부담한다. 한편 이 사건 보험계약의 공동주택하자특별약관(이하 ‘특별약관’이라고만 한다) 제3조는 주의 촉구적인 규정으로 해석하여야 하고, 설령 특별약관 제3조가 보험기간 내에 하자보수청구가 없으면 피고의 보험금 지급책임이 면제되는 것으로 해석되더라도, 이는 고객에게 부당하게 불리한 조항으로서 「약관의 규제에 관한 법률」(이하 ‘약관법’이라 한다) 제6조 제1항에서 정한 ‘신의성실의 원칙을 위반하여 공정성을 잃은 약관 조항’에 해당하여 무효이다. 나. 대법원의 판단 1) 관련 법리 가) 구 공동주택관리법(2017. 4. 18. 법률 제14793호로 개정되기 전의 것, 이하 같다) 제37조 제1항은 ‘사업주체(건설산업기본법 제28조에 따라 하자담보책임이 있는 자로서 제36조 제1항에 따른 사업주체로부터 건설공사를 일괄 도급받아 건설공사를 수행한 자가 따로 있는 경우에는 그 자를 말한다)는 담보책임기간에 하자가 발생한 경우에는 해당 공동주택의 제1호부터 제4호까지에 해당하는 자 또는 제5호에 해당하는 자의 청구에 따라 그 하자를 보수하여야 한다. 이 경우 하자보수의 절차 및 종료 등에 필요한 사항은 대통령령으로 정한다.’고 규정하고 있다. 구 공동주택관리법 시행령(2017. 9. 29. 대통령령 제28350호로 개정되기 전의 것, 이하 같다)은 위와 같은 위임에 따라 제38조에서 하자보수 절차를, 제39조에서 담보책임 종료를 각 규정하고 있다. 이러한 관련 규정의 문언 내용과 입법 취지 등에 비추어 볼 때 구 공동주택관리법 제37조 제1항에서 정한 사업주체의 하자담보책임기간은 그 기간 내에 발생한 하자에 대하여 사업주체가 입주자대표회의 등에 하자담보책임을 진다는 하자발생기간을 의미한다. 구 공동주택관리법 시행령 제38조 제1항에서 ‘법 제37조 제1항 각호 외의 부분 후단에 따라 입주자대표회의 등 또는 임차인 등은 공동주택에 하자가 발생한 경우에는 담보책임기간 내에 사업주체에게 하자보수를 청구하여야 한다.’고 규정하고 있기는 하지만 이는 구 공동주택관리법 제37조 제1항 후문에서 위임한 하자보수 절차에 관한 조항이라고 보아야 하는 것이지, 위 조항으로 구 공동주택관리법 제37조 제1항에서 정한 사업주체의 하자담보책임기간의 법적 성격을 달리 볼 수는 없다. 나) 보증보험이란 피보험자와 어떠한 법률관계를 가진 보험계약자(주계약상의 채무자)의 채무불이행으로 인하여 피보험자(주계약상의 채권자)가 입게 될 손해의 전보를 보험자가 인수하는 것을 내용으로 하는 손해보험으로서, 피보험자가 보험자를 상대로 보험금청구권을 행사하기 위해서는 보험계약자의 주계약상의 채무불이행이라고 하는 ‘보험사고의 발생’과 이에 기한 ‘피보험자의 재산상 손해의 발생’이라는 두 요건을 필요로 한다. 즉, 보험자는 보험계약자가 주계약에 따른 채무를 이행하지 아니함으로써 피보험자가 입게 되는 손해를 약관이 정하는 바에 따라 그리고 그 보험계약금액의 범위 내에서 보상하는 것이다(대법원 2003. 9. 26. 선고 2001다68914 판결, 대법원 2004. 12. 24. 선고 2004다20265 판결 참조). 특히 보험사고란 보험계약에서 보험자의 보험금 지급책임을 구체화하는 불확정한 사고를 의미하는 것으로서, 보증보험에서 보험사고가 구체적으로 무엇인지는 당사자 사이의 약정으로 계약내용에 편입된 보험약관과 보험약관이 인용하고 있는 보험증권 및 주계약의 구체적인 내용 등을 종합하여 결정하여야 한다. 그리고 보증보험증권에 보험기간이 정해져 있는 경우에는 보험사고가 그 기간 내에 발생한 때에 한하여 보험자가 보험계약상의 책임을 지는 것이 원칙이지만, 보증보험계약의 목적이 ","특별약관’이라고만 한다) 제3조는 주의 촉구적인 규정으로 해석하여야 하고, 설령 특별약관 제3조가 보험기간 내에 하자보수청구가 없으면 피고의 보험금 지급책임이 면제되는 것으로 해석되더라도, 이는 고객에게 부당하게 불리한 조항으로서 「약관의 규제에 관한 법률",미검수,,,,candidates_prec_약관조항무효.csv
법제처 OPEN API/prec,605165,2023다298892,보험금,https://www.law.go.kr/DRF/lawService.do?OC=test&target=prec&ID=605165&type=HTML,(조 번호 미표기),위험,판례 문맥 추론 · 단일 신호,위험,,,"보책임기간 내에 발생한 하자에 대하여 소외인의 하자보수의무 불이행으로 인한 손해를 보상하기 위한 것인데도 그 보험기간은 소외인의 하자담보책임기간과 같으므로 특단의 사정이 없는 한 피고는 이 사건 보험계약의 보험기간 내에 발생한 하자에 대하여는 보험기간이 종료한 후에 하자보수청구와 소외인의 하자보수의무 불이행이 있었다고 하더라도 보험자로서 책임을 부담한다. 이 사건 보험계약 보통약관 제1조의 ‘보험계약자가 하자담보책임기간 안에 발생한 하자에 대하여 보수나 보완청구를 받았음에도 이를 이행하지 않음으로써 피보험자가 입은 손해를 보상한다.’는 내용도 이러한 취지로 볼 수 있다. 이 사건 주택의 하자가 제1 내지 제3 보험증권의 각 보험기간 내에 발생하였다면 위 각 보험기간이 종료한 후에 소외인에 대하여 하자보수청구가 이루어졌다고 하더라도 피고는 이 사건 보험계약에 따른 보험자로서 위 하자에 대하여 보험가입금액의 범위 내에서 보험금을 지급할 의무가 있다. 나) 한편 특별약관 제2조는 ‘회사는 준공검사 또는 검수를 받은 후 보험기간 내에 발생한 하자에 대하여 피보험자가 보험기간 내에 보험계약자에게 하자보수를 청구한 경우 보험계약자가 하자를 보수하지 않아 피보험자가 입은 손해를 보험증권에 기재된 내용과 이 약관에 따라 보상한다.’고, 제3조는 ‘보험기간이 만료되기 전까지 피보험자의 보험계약자에 대한 하자보수청구가 없는 경우에 우리 회사는 보험금 지급책임을 부담하지 않는다.’고 하여 보험기간 내에 하자보수청구가 이루어지지 않았다면 설령 보험기간 내에 하자가 발생하였다고 하더라도 피고의 보험금 지급책임이 없는 것처럼 규정하고 있다. 그러나 위와 같은 사실관계에다가 기록에 따라 인정되는 여러 사정을 앞서 본 법리에 비추어 살펴보면, 피고의 보험금 지급책임을 제한한 특별약관 제2조, 제3조는 보험계약자인 소외인에게 부당하게 불리한 조항으로서 약관법 제6조 제1항에서 정한 ‘신의성실의 원칙을 위반하여 공정성을 잃은 약관 조항’에 해당하여 무효라고 보아야 한다. 그 이유는 다음과 같다. (1) 특별약관은 피고가 소외인을 비롯하여 하자보수에 관한 보증보험계약을 체결한 다수의 보험계약자들과 사이에 보험금 지급 요건과 기준, 면책사유 등을 정하기 위하여 일정한 형식으로 미리 마련한 계약의 내용으로서 약관법 제2조 제1호에서 정한 ‘약관’에 해당한다. (2) 소외인은 이 사건 주택의 건축주로서 이 사건 주택의 하자보수에 관한 보증보험계약을 1회성으로 체결하는 사람인데 반하여 피고는 하자보수에 관한 보증보험업 등을 영위하기 위하여 설립되어 수많은 하자보수보증보험계약을 체결한 법인으로서, 피고가 소외인보다 거래상 우월한 지위에 있다고 보아야 한다. (3) 사업주체의 하자담보책임기간에 관한 구 공동주택관리법 제37조 제1항, 사업주체의 하자보수보증보험 가입의무에 관한 구 공동주택관리법 제38조 제1항, 구 공동주택관리법 시행령 제41조 제1항의 문언과 취지 등에 비추어 보면, 소외인과 같은 건축주 겸 하자보수보증보험 계약자로서는 보험기간 내에 공동주택에 하자가 발생하기만 하면 비록 보험기간이 지난 후에 하자보수청구가 이루어지더라도 보험자는 보험금 지급책임을 부담하고, 이로써 하자보수의무를 면하게 될 것이라는 합리적인 기대를 갖고 있다고 볼 수 있다. 그런데 피고가 이 사건 보험계약의 내용에 편입시킨 특별약관 제2조, 제3조에 따르면 보험기간 내에 하자보수청구가 이루어지지 않았다면 설령 보험기간 내에 하자가 발생하였다고 하더라도 피고는 보험금 지급책임을 부담하지 않으므로, 소외인으로서는 하자보수의무를 면하지 못할 가능성이 있다. (4) 사업주체의 하자담보책임기간의 법적 성격을 권리행사기간으로 규정한 제38조 제1항을 포함한 공동주택관리법 시행령이 제정·시행됨에 따라 같은 내용을 규정한 특별약관이 제정·시행되었다고 하더라도 피고에게는 보험금 지급책임을 제한하려는",보험계약자가 하자담보책임기간 안에 발생한 하자에 대하여 보수나 보완청구를 받았음에도 이를 이행하지 않음으로써 피보험자가 입은 손해를 보상한다,미검수,,,,candidates_prec_약관조항무효.csv
법제처 OPEN API/prec,605165,2023다298892,보험금,https://www.law.go.kr/DRF/lawService.do?OC=test&target=prec&ID=605165&type=HTML,제2조,위험,판례 문맥 추론 · 단일 신호,위험,,,"입은 손해를 보상한다.’는 내용도 이러한 취지로 볼 수 있다. 이 사건 주택의 하자가 제1 내지 제3 보험증권의 각 보험기간 내에 발생하였다면 위 각 보험기간이 종료한 후에 소외인에 대하여 하자보수청구가 이루어졌다고 하더라도 피고는 이 사건 보험계약에 따른 보험자로서 위 하자에 대하여 보험가입금액의 범위 내에서 보험금을 지급할 의무가 있다. 나) 한편 특별약관 제2조는 ‘회사는 준공검사 또는 검수를 받은 후 보험기간 내에 발생한 하자에 대하여 피보험자가 보험기간 내에 보험계약자에게 하자보수를 청구한 경우 보험계약자가 하자를 보수하지 않아 피보험자가 입은 손해를 보험증권에 기재된 내용과 이 약관에 따라 보상한다.’고, 제3조는 ‘보험기간이 만료되기 전까지 피보험자의 보험계약자에 대한 하자보수청구가 없는 경우에 우리 회사는 보험금 지급책임을 부담하지 않는다.’고 하여 보험기간 내에 하자보수청구가 이루어지지 않았다면 설령 보험기간 내에 하자가 발생하였다고 하더라도 피고의 보험금 지급책임이 없는 것처럼 규정하고 있다. 그러나 위와 같은 사실관계에다가 기록에 따라 인정되는 여러 사정을 앞서 본 법리에 비추어 살펴보면, 피고의 보험금 지급책임을 제한한 특별약관 제2조, 제3조는 보험계약자인 소외인에게 부당하게 불리한 조항으로서 약관법 제6조 제1항에서 정한 ‘신의성실의 원칙을 위반하여 공정성을 잃은 약관 조항’에 해당하여 무효라고 보아야 한다. 그 이유는 다음과 같다. (1) 특별약관은 피고가 소외인을 비롯하여 하자보수에 관한 보증보험계약을 체결한 다수의 보험계약자들과 사이에 보험금 지급 요건과 기준, 면책사유 등을 정하기 위하여 일정한 형식으로 미리 마련한 계약의 내용으로서 약관법 제2조 제1호에서 정한 ‘약관’에 해당한다. (2) 소외인은 이 사건 주택의 건축주로서 이 사건 주택의 하자보수에 관한 보증보험계약을 1회성으로 체결하는 사람인데 반하여 피고는 하자보수에 관한 보증보험업 등을 영위하기 위하여 설립되어 수많은 하자보수보증보험계약을 체결한 법인으로서, 피고가 소외인보다 거래상 우월한 지위에 있다고 보아야 한다. (3) 사업주체의 하자담보책임기간에 관한 구 공동주택관리법 제37조 제1항, 사업주체의 하자보수보증보험 가입의무에 관한 구 공동주택관리법 제38조 제1항, 구 공동주택관리법 시행령 제41조 제1항의 문언과 취지 등에 비추어 보면, 소외인과 같은 건축주 겸 하자보수보증보험 계약자로서는 보험기간 내에 공동주택에 하자가 발생하기만 하면 비록 보험기간이 지난 후에 하자보수청구가 이루어지더라도 보험자는 보험금 지급책임을 부담하고, 이로써 하자보수의무를 면하게 될 것이라는 합리적인 기대를 갖고 있다고 볼 수 있다. 그런데 피고가 이 사건 보험계약의 내용에 편입시킨 특별약관 제2조, 제3조에 따르면 보험기간 내에 하자보수청구가 이루어지지 않았다면 설령 보험기간 내에 하자가 발생하였다고 하더라도 피고는 보험금 지급책임을 부담하지 않으므로, 소외인으로서는 하자보수의무를 면하지 못할 가능성이 있다. (4) 사업주체의 하자담보책임기간의 법적 성격을 권리행사기간으로 규정한 제38조 제1항을 포함한 공동주택관리법 시행령이 제정·시행됨에 따라 같은 내용을 규정한 특별약관이 제정·시행되었다고 하더라도 피고에게는 보험금 지급책임을 제한하려는 목적이 있었다고 보이고, 앞서 본 바와 같이 피고가 보험금 지급책임을 부담하지 않는 경우에는 소외인과 같은 하자보수보증보험 계약자로서는 하자보수의무를 면하지 못할 수 있다. 따라서 피고의 보험금 지급책임의 요건 또는 면책사유에 해당하는 특별약관 제2조, 제3조는 보험계약자에게 불리한 내용이다. (5) 한편 특별약관 제2조, 제3조가 소외인과의 협의를 통하여 규정되었다거나, 특별약관 제2조, 제3조가 이 사건 보험계약의 내용에 편입되는 대가로 보험료가 감액되었다거나, 피고가 소외인에게 특별약관 제2조, 제3조의 세부적이고 구체적인 내용을 서면으로 제공하는 등 그 내용을 상세히 고지하였다고 ",회사는 준공검사 또는 검수를 받은 후 보험기간 내에 발생한 하자에 대하여 피보험자가 보험기간 내에 보험계약자에게 하자보수를 청구한 경우 보험계약자가 하자를 보수하지 않아 피보험자가 입은 손해를 보험증권에 기재된 내용과 이 약관에 따라 보상한다,미검수,,,,candidates_prec_약관조항무효.csv
법제처 OPEN API/prec,241081,2023다202228,임대차보증금반환,https://www.law.go.kr/DRF/lawService.do?OC=test&target=prec&ID=241081&type=HTML,(조 번호 미표기),위험,판례 문맥 추론 · 단일 신호,위험,,," 같은 판단은 다음과 같은 이유로 그대로 수긍하기 어렵다. 가. 원고와 소외인 사이의 2차 근질권설정계약이 유효하게 성립하였고 피고가 이를 승낙한 이상 2차 임대차계약의 기간만료로 임대차보증금반환채권의 변제기가 도래한 것이고, 원고가 사전 동의한 임대차계약의 기간연장 또는 갱신으로 그 변제기가 연장될 뿐 2차 근질권설정계약이 효력을 상실하지 않으므로, 이 사건 조항 및 특약의 존부와 무관하게, 원고는 사전동의한 기간만료 후 근질권을 실행하여 피고에게 그 피담보채권액 상당의 임대차보증금의 반환을 구할 수 있다. 나. 그뿐만 아니라 약관법 제9조는 ""계약의 해제·해지에 관하여 정하고 있는 약관의 내용 중 다음 각호의 어느 하나에 해당되는 내용을 정하고 있는 조항은 무효로 한다.""라고 규정하고, 같은 조 제6호는 ""계속적인 채권관계의 발생을 목적으로 하는 계약에서 그 존속기간을 부당하게 단기 또는 장기로 하거나 묵시적인 기간의 연장 또는 갱신이 가능하도록 정하여 고객에게 부당하게 불이익을 줄 우려가 있는 조항""을 들고 있다. 소외인의 특정대출금 및 그 이자채무에 관한 근질권설정계약 또는 그에 대한 피고의 원고에 대한 승낙은 계속적 채권관계의 발생을 목적으로 하는 계약으로 보기 어려우므로, 이 사건 조항 및 특약이 약관법 제9조 제6호의 적용대상이 된다고 볼 수 없다. 다. 근질권설정계약이 유효하게 성립한 후 임대차계약이 기간연장 또는 갱신된 경우 기존 임대차보증금반환채권에 근질권의 효력이 미치는 데 계약당사자의 추가적 합의나 제3채무자의 동의나 승낙이 필요하다고 볼 수 없어, 이 사건 조항 및 특약으로 피고의 제3채무자로서의 지위가 불리하게 변경된다고 볼 수도 없으므로 이를 고객에게 부당하게 불이익을 줄 우려가 있는 조항으로 볼 수도 없다. 그런데도 원심은 이 사건 조항 및 특약이 약관법에 따라 무효라고 보았을 뿐 아니라 3차 근질권설정계약에 유효한 통지나 승낙이 없다는 이유로 원고가 피고에게 근질권설정계약에 따른 보증금의 반환을 구할 수 없다고 판단하였다. 원심의 판단에는 근질권설정계약의 효력이 미치는 범위, 약관법 제9조 제6호에 관한 법리 등을 오해하여 판결에 영향을 미친 잘못이 있다. 4. 그러므로 원심판결을 파기하고, 사건을 다시 심리·판단하게 하도록 원심법원에 환송하기로 하여, 관여 대법관의 일치된 의견으로 주문과 같이 판결한다. 대법관 오경미(재판장) 김선수(주심) 노태악 서경환 ]]>","및 특약의 존부와 무관하게, 원고는 사전동의한 기간만료 후 근질권을 실행하여 피고에게 그 피담보채권액 상당의 임대차보증금의 반환을 구할 수 있다. 나. 그뿐만 아니라 약관법 제9조는 ""계약의 해제·해지에 관하여 정하고 있는 약관의 내용 중 다음 각호의 어느 하나에 해당되는 내용을 정하고 있는 조항은 무효로 한다.",미검수,,,,candidates_prec_약관조항무효.csv
법제처 OPEN API/prec,237881,2020다232709,채무부존재확인·보험금,https://www.law.go.kr/DRF/lawService.do?OC=test&target=prec&ID=237881&type=HTML,(조 번호 미표기),위험,판례 문맥 추론 · 단일 신호,위험,,," 【이 유】 상고이유를 판단한다. 1. 원심판결 이유와 기록에 의하면 다음과 같은 사실을 알 수 있다. 가. 망 소외인(이하 ‘망인’이라고 한다)은 2014. 3. 26. 원고(반소피고, 이하 ‘원고’라고 한다)와 신(新)장기간병요양진단비를 보험금으로 지급하는 내용의 원심 판시 이 사건 보험계약을 체결하고 그 무렵 원고에게 보험료를 지급하였다. 나. 이 사건 보험계약에 편입된 보통약관(이하 ‘이 사건 보통약관’이라고 한다)은 계약의 소멸과 보험금 지급사유에 관하여 다음과 같이 정하고 있고, 이 사건 보험계약에 편입된 특별약관(이하 ‘이 사건 보통약관’과 함께 ‘이 사건 보험약관’이라고 한다)도 보험금 지급사유에 관하여 동일한 취지로 규정하고 있다. 1) 피보험자가 보험기간 중 사망할 경우 이 사건 보험계약은 소멸한다(제7조 제1항). 2) 신장기간병요양진단비(1, 2, 3등급) 보험금은 피보험자가 ‘보험기간 중 노인장기요양보험 수급대상으로 인정되었을 경우’ 지급한다(제16조 제1항). ‘노인장기요양보험 수급대상으로 인정되었을 경우’라 함은 ‘국민건강보험공단 등급판정위원회에 의하여 1등급, 2등급 또는 3등급의 장기요양등급을 판정받은 경우’를 말한다(제16조 제2항). 다. 망인은 2017. 6. 1. 국민건강보험공단에 장기요양인정을 신청하였다. 국민건강보험공단은 2017. 6. 8. 망인이 입원해 있던 병원에 방문하여 실사를 한 후 2017. 6. 21. 망인에 대한 장기요양등급을 1등급으로 판정하였다. 라. 망인은 2017. 6. 8. 23:25경 사망하였다. 피고(반소원고, 이하 ‘피고’라고 한다)는 망인의 배우자로서 상속인 중 한 사람이다. 2. 원심은 제1심판결 이유를 인용하여, 이 사건 보험계약에서 정한 ‘보험기간 중 보험사고(등급판정)의 발생’은 장기요양등급 판정의 원인이 되는 사실로서 피보험자의 건강상태가 장기요양을 필요로 하는 정도임이 확인되면 충분하고, 장기요양등급 판정일이 보험계약의 효력이 소멸한 피보험자의 사망 후라도 달리 볼 수 없다고 판단하였다. 3. 그러나 원심의 판단은 다음과 같은 이유로 수긍하기 어렵다. 가. 보험계약의 주요한 부분인 보험사고나 보험금액의 확정절차는 보험증권이나 약관에 기재된 내용에 의해 결정되는 것이 보통이고, 보험증권이나 약관의 내용이 명확하지 않은 경우에는 이에 더하여 당사자가 보험계약을 체결하게 된 경위와 과정, 동일한 종류의 보험계약에 관한 보험회사의 실무처리 관행 등 여러 사정을 참작하여 결정하여야 한다(대법원 2008. 11. 13. 선고 2007다19624 판결, 대법원 2014. 6. 12. 선고 2013다208661 판결 참조). 한편 보험약관은 신의성실의 원칙에 따라 당해 약관의 목적과 취지를 고려하여 공정하고 합리적으로 해석하되, 개개의 계약당사자가 기도한 목적이나 의사를 참작함이 없이 평균적 고객의 이해가능성을 기준으로 보험단체 전체의 이해관계를 고려하여 객관적·획일적으로 해석하여야 한다(대법원 2010. 11. 25. 선고 2010다45777 판결, 대법원 2020. 10. 15. 선고 2020다234538, 234545 판결 등 참조). 보험약관이 비록 보험자가 다수의 보험계약자와 계약을 체결하기 위하여 일방적으로 마련한 것이라고 하더라도, 그 보험약관의 내용 등이 보험계약자의 정당한 이익과 합리적인 기대에 반할 뿐 아니라 사적자치의 한계를 벗어나는 등 무효라고 볼 만한 사정이 없다면, 법원이 이를 함부로 배척하거나 보험약관 내용을 그 목적과 취지 등과 달리 개별 사건마다 임의로 해석하여서는 안 된다. 나. 앞서 본 사실관계에서 알 수 있는 아래의 사정을 이러한 법리에 비추어 살펴보면, 이 사건 보험계약이 정한 보험금 지급사유로서 ‘피보험자가 보험기간 중 노인장기요양보험 수급대상으로 인정되었을 경우’란 특별한 사정이 없는 한 ‘피보험자가 보험기간 중 국민건","사건 보통약관’이라고 한다)은 계약의 소멸과 보험금 지급사유에 관하여 다음과 같이 정하고 있고, 이 사건 보험계약에 편입된 특별약관(이하",미검수,,,,candidates_prec_약관조항무효.csv
법제처 OPEN API/prec,237881,2020다232709,채무부존재확인·보험금,https://www.law.go.kr/DRF/lawService.do?OC=test&target=prec&ID=237881&type=HTML,(조 번호 미표기),위험,판례 문맥 추론 · 단일 신호,위험,,,"고, 이하 ‘원고’라고 한다)와 신(新)장기간병요양진단비를 보험금으로 지급하는 내용의 원심 판시 이 사건 보험계약을 체결하고 그 무렵 원고에게 보험료를 지급하였다. 나. 이 사건 보험계약에 편입된 보통약관(이하 ‘이 사건 보통약관’이라고 한다)은 계약의 소멸과 보험금 지급사유에 관하여 다음과 같이 정하고 있고, 이 사건 보험계약에 편입된 특별약관(이하 ‘이 사건 보통약관’과 함께 ‘이 사건 보험약관’이라고 한다)도 보험금 지급사유에 관하여 동일한 취지로 규정하고 있다. 1) 피보험자가 보험기간 중 사망할 경우 이 사건 보험계약은 소멸한다(제7조 제1항). 2) 신장기간병요양진단비(1, 2, 3등급) 보험금은 피보험자가 ‘보험기간 중 노인장기요양보험 수급대상으로 인정되었을 경우’ 지급한다(제16조 제1항). ‘노인장기요양보험 수급대상으로 인정되었을 경우’라 함은 ‘국민건강보험공단 등급판정위원회에 의하여 1등급, 2등급 또는 3등급의 장기요양등급을 판정받은 경우’를 말한다(제16조 제2항). 다. 망인은 2017. 6. 1. 국민건강보험공단에 장기요양인정을 신청하였다. 국민건강보험공단은 2017. 6. 8. 망인이 입원해 있던 병원에 방문하여 실사를 한 후 2017. 6. 21. 망인에 대한 장기요양등급을 1등급으로 판정하였다. 라. 망인은 2017. 6. 8. 23:25경 사망하였다. 피고(반소원고, 이하 ‘피고’라고 한다)는 망인의 배우자로서 상속인 중 한 사람이다. 2. 원심은 제1심판결 이유를 인용하여, 이 사건 보험계약에서 정한 ‘보험기간 중 보험사고(등급판정)의 발생’은 장기요양등급 판정의 원인이 되는 사실로서 피보험자의 건강상태가 장기요양을 필요로 하는 정도임이 확인되면 충분하고, 장기요양등급 판정일이 보험계약의 효력이 소멸한 피보험자의 사망 후라도 달리 볼 수 없다고 판단하였다. 3. 그러나 원심의 판단은 다음과 같은 이유로 수긍하기 어렵다. 가. 보험계약의 주요한 부분인 보험사고나 보험금액의 확정절차는 보험증권이나 약관에 기재된 내용에 의해 결정되는 것이 보통이고, 보험증권이나 약관의 내용이 명확하지 않은 경우에는 이에 더하여 당사자가 보험계약을 체결하게 된 경위와 과정, 동일한 종류의 보험계약에 관한 보험회사의 실무처리 관행 등 여러 사정을 참작하여 결정하여야 한다(대법원 2008. 11. 13. 선고 2007다19624 판결, 대법원 2014. 6. 12. 선고 2013다208661 판결 참조). 한편 보험약관은 신의성실의 원칙에 따라 당해 약관의 목적과 취지를 고려하여 공정하고 합리적으로 해석하되, 개개의 계약당사자가 기도한 목적이나 의사를 참작함이 없이 평균적 고객의 이해가능성을 기준으로 보험단체 전체의 이해관계를 고려하여 객관적·획일적으로 해석하여야 한다(대법원 2010. 11. 25. 선고 2010다45777 판결, 대법원 2020. 10. 15. 선고 2020다234538, 234545 판결 등 참조). 보험약관이 비록 보험자가 다수의 보험계약자와 계약을 체결하기 위하여 일방적으로 마련한 것이라고 하더라도, 그 보험약관의 내용 등이 보험계약자의 정당한 이익과 합리적인 기대에 반할 뿐 아니라 사적자치의 한계를 벗어나는 등 무효라고 볼 만한 사정이 없다면, 법원이 이를 함부로 배척하거나 보험약관 내용을 그 목적과 취지 등과 달리 개별 사건마다 임의로 해석하여서는 안 된다. 나. 앞서 본 사실관계에서 알 수 있는 아래의 사정을 이러한 법리에 비추어 살펴보면, 이 사건 보험계약이 정한 보험금 지급사유로서 ‘피보험자가 보험기간 중 노인장기요양보험 수급대상으로 인정되었을 경우’란 특별한 사정이 없는 한 ‘피보험자가 보험기간 중 국민건강보험공단 등급판정위원회에 의하여 장기요양등급을 판정받은 경우’를 말하고, 피보험자가 노인장기요양보험 수급대상에 해당할 정도의 심신상태임이 확인되었다고 하더라도 장기요양등급 판정을 받지 않은 상태에서 보험계약이 소멸하였다면 보험기간 중 보험금 지급사유가 발생하였다고 볼 수 없","과 함께 ‘이 사건 보험약관’이라고 한다)도 보험금 지급사유에 관하여 동일한 취지로 규정하고 있다. 1) 피보험자가 보험기간 중 사망할 경우 이 사건 보험계약은 소멸한다(제7조 제1항). 2) 신장기간병요양진단비(1, 2, 3등급) 보험금은 피보험자가",미검수,,,,candidates_prec_약관조항무효.csv
법제처 OPEN API/prec,240281,2017다237988,보험금,https://www.law.go.kr/DRF/lawService.do?OC=test&target=prec&ID=240281&type=HTML,(조 번호 미표기),안전,판례 문맥 추론 · 단일 신호,안전,,,"(이하 ‘이 사건 주식질권’이라고 한다)을 설정하는 계약을 체결하고, 준거법을 중국법으로 정하였다. 다. 원고는 2010. 9. 29. 이 사건 대출계약과 관련하여 시행사의 비상위험 또는 신용위험이 발생하여 원고가 대출 원리금을 회수할 수 없게 될 경우 피고가 원고에게 대출 원리금의 90%에 해당하는 보험금을 지급하기로 하는 해외사업금융보험계약(이하 ‘이 사건 보험계약’이라고 한다)을 피고와 체결하였다. 이 사건 보험계약에 적용되는 피고의 해외사업금융보험약관(이하 ‘이 사건 약관’이라고 한다)은 아래와 같은 내용을 포함하고 있다. 1) 피고의 보험책임은 ① 금융계약 및 위험담보장치의 효력발생, ② 관련법령에 의하여 요구되는 인허가의 취득 조건이 충족된 후 금융계약에 따라 자금이 인출된 날에 개시된다(제15조). 2) 보험계약자는 손실을 방지하거나 경감하기 위하여 이 보험에 들지 않은 다른 채권에 기울이는 것과 같은 주의를 가지고 최선을 다해 필요한 조치를 취하고 그 결과를 피고에게 알려야 한다. 이 경우 보험계약자는 그러한 조치를 취하기 전에 피고와 협의할 수 있다(제9조 제1항). 3) 피고는 제15조의 보험책임 개시일 전에 발생한 위험으로 인하여 손실이 발생한 경우(제1호) 또는 보험계약자가 제9조의 규정을 위반하여 손실이 발생하거나 확대된 경우(제6호)에 보험금의 전부 또는 일부를 지급하지 않을 수 있고, 보험계약자에 대하여 이미 지급한 보험금의 전부 또는 일부 반환을 청구하거나 보험계약을 해지할 수 있다(제7조 제1항). 라. 원고는 이 사건 대출계약에 따라 시행사에 2010. 9. 30. 미화 23,000,000달러(이하 ‘최초 인출’이라고 한다), 2011. 3. 31. 미화 15,749,195달러를 송금하였다. 원고는 최초 인출 전에 시행사로부터 ‘시공사가 이 사건 공사계약을 위반하여 손실을 입힌 경우 중국 공상은행 주식유한공사가 시행사에 공사 계약금액의 15% 내에서 손실 지급을 보증한다.’는 내용의 위 은행 명의 이행보증서(이하 ‘이 사건 이행보증서’라고 한다)를 제출받았는데, 그 후 이 사건 이행보증서가 위조된 것으로 밝혀졌다. 마. 원고는 시행사로부터 이 사건 대출 원리금을 지급받지 못하자 2013. 10. 7. 피고에게 보험사고(이하 ‘이 사건 사고’라고 한다)가 발생하였다고 통지하고 2014. 1. 6. 보험금을 청구하였다. 2. 보험책임 개시 여부 관련 상고이유에 대한 판단 가. 원심은 다음과 같은 이유로 이 사건 사고 당시 위험담보장치에 해당하는 이 사건 토지저당권과 주식질권의 효력이 발생하지 아니하여 피고의 보험책임이 개시되지 않았다고 판단하였다. 이 사건 토지저당권과 주식질권에 관하여 그 효력요건인 중국 국가외환관리국의 대외담보등기가 마쳐진 사실을 인정할 증거가 부족하고 달리 이를 인정할 증거가 없으므로, 이 사건 사고 당시 이 사건 토지저당권과 주식질권은 무효였다. 2014. 6. 1. 시행된 중국 「국경 간 담보 외환관리규정」에 따라 대외담보등기가 대외담보계약의 효력요건을 구성하지 않게 되었으나, 위와 같은 법령 변경이 있었던 사정만으로 이 사건 토지저당권과 주식질권이 이 사건 사고 이전으로 소급하여 유효하다고 보기 어렵다. 나. 그러나 원심의 판단은 수긍하기 어렵다. 1) 이 사건 토지저당권과 주식질권은 중국 물권법에 따른 설정등기를 마친 때부터 유효하게 성립하였다고 볼 수 있다. 구체적인 이유는 다음과 같다. 가) 이 사건 사고 당시 시행되던 중국 「경내 기구 대외담보 관리방법」에 따르면 중국 법인이 외국인에게 보유 자산으로 담보를 제공하는 경우 중국 국가외환관리국에 대외담보등기를 마쳐야 했다. 중국 최고인민법원의 「중국 담보법 적용에 관한 몇 가지 문제의 해석」은 대외담보등기를 마치지 않은 경우 대외",라고 한다)을 피고와 체결하였다. 이 사건 보험계약에 적용되는 피고의 해외사업금융보험약관(이하,미검수,,,,candidates_prec_약관조항무효.csv
법제처 OPEN API/prec,240281,2017다237988,보험금,https://www.law.go.kr/DRF/lawService.do?OC=test&target=prec&ID=240281&type=HTML,제9조,안전,판례 문맥 추론 · 단일 신호,안전,,,"대출을 실행함으로써 이 사건 약관 제9조 제1항에서 정한 보험계약자의 손실방지·경감의무를 위반하였다고 판단하였다. 다. 그러나 앞서 본 법리에 따라 이 사건 약관 조항을 살펴보면, 이 사건 약관 제9조 제1항에서 정한 보험계약자의 손실방지·경감의무는 원칙적으로 보험사고의 발생을 전제로 한다고 보는 것이 타당하다. 구체적인 이유는 다음과 같다. 1) 이 사건 약관 제9조 제1항에 따르면 보험계약자는 손실을 방지하거나 경감하기 위하여 필요한 조치를 취하고 그 결과를 피고에게 알려야 하며, 이 경우 보험계약자는 그러한 조치를 취하기 전에 피고와 협의할 수 있다. 이 사건 약관 제26조는 보험계약자가 제9조의 의무 이행과 관련하여 발생한 소송비용, 변호사 비용 또는 추심위임 수수료를 회수비용으로 정하면서 회수한 금액을 한도로 피고가 위 회수비용을 부담한다고 규정하고 있다. 이 사건 약관 제9조에서 규정한 보험계약자의 조치는 보험사고 발생을 전제로 한다고 해석하는 것이 자연스럽다. 2) ""보험계약자와 피보험자는 손해의 방지와 경감을 위하여 노력하여야 한다.""라고 규정한 상법 제680조 제1항 본문과 유사한 이 사건 약관 제9조 제1항은 상법 제680조의 손해방지의무를 바탕으로 손실방지·경감의무의 정도, 의무이행의 절차 등을 구체화한 규정으로 보인다. 그런데 상법 제680조 제1항이 규정한 손해방지의무는 원칙적으로 보험사고의 발생을 전제로 한다(대법원 2003. 6. 27. 선고 2003다6958 판결 등 참조). 3) 이 사건 약관 제9조에서 말하는 보험계약자의 손실방지·경감의무에 보험사고 발생 전 대출 실행 당시 주의의무가 포함된다고 해석할 여지가 있다고 하더라도, 구체적인 손실방지·경감의무의 내용 및 발생 시기 등에 관하여 따로 정하지 않았으므로 약관의 뜻이 명백하지 아니한 때에 해당한다고 볼 수 있다. 이러한 경우 고객인 원고에게 유리하게 해석하는 것이 약관 해석에서 작성자 불이익의 원칙에 부합한다. 라. 따라서 원심이 인정한 원고의 인출 선행조건 위반행위는 이 사건 사고 전에 발생한 것으로 이 사건 약관 제9조에서 정한 손실방지·경감의무 위반행위에 해당한다고 볼 수 없다. 그럼에도 원고가 이 사건 약관 제9조를 위반하여 보험금 지급거절사유가 존재한다고 인정한 원심판단에는 보험약관의 해석에 관한 법리를 오해하여 판결에 영향을 미친 잘못이 있다. 이를 지적하는 이 부분 상고이유 주장은 이유 있다. 4. 결론 그러므로 나머지 상고이유에 관한 판단을 생략한 채 원심판결을 파기하고, 사건을 다시 심리·판단하도록 원심법원에 환송하기로 하여, 관여 대법관의 일치된 의견으로 주문과 같이 판결한다. 대법관 이흥구(재판장) 안철상(주심) 노정희 오석준 ]]>","하여 필요한 조치를 취하고 그 결과를 피고에게 알려야 하며, 이 경우 보험계약자는 그러한 조치를 취하기 전에 피고와 협의할 수 있다. 이 사건 약관 제26조는 보험계약자가 제9조의 의무 이행과 관련하여 발생한 소송비용, 변호사 비용 또는 추심위임 수수료를 회수비용으로 정하면서 회수한 금액을 한도로 피고가 위 회수비용을 부담한다고 규정하고 있다. 이 사건 약관 제9조에서 규정한 보험계약자의 조치는 보험사고 발생을 전제로 한다고 해석하는 것이 자연스럽다. 2) ""보험계약자와 피보험자는 손해의 방지와 경감을 위하여 노력하여야 한다.",미검수,,,,candidates_prec_약관조항무효.csv
법제처 OPEN API/prec,240575,2022다298109,보험금,https://www.law.go.kr/DRF/lawService.do?OC=test&target=prec&ID=240575&type=HTML,(조 번호 미표기),위험,판례 문맥 추론 · 단일 신호,위험,,," 이 사건 자동차보험계약의 피보험차량을 운전하던 중 다른 차량을 뒤에서 들이받는 사고(이하 ‘이 사건 교통사고’라 한다)로 부상을 당해 입원치료 및 통원치료를 받고, 2013. 5. 10. 상세불명의 척수질환으로 수술치료 등을 받았다. 다. 원고는 피고를 상대로, 자신이 이 사건 교통사고로 인해 척수질환 등의 상해를 입어 후유장해가 발생하였다는 이유로 이 사건 상해보험계약 및 자동차보험계약에서 정한 각 보험금의 지급을 구하는 이 사건 소를 제기하였다. 라. 한편 이 사건 자동차보험계약의 보험약관에 의하면, 후유장해의 상실수익액 계산 시 노동능력상실률 인정 방법에 관하여 ‘맥브라이드식 장해평가방법에 따라 일반의 옥내 또는 옥외 근로자를 기준으로 실질적으로 부상 치료·진단을 실시한 의사 또는 해당 과목 전문의가 진단·판정한 타당한 노동능력상실률을 적용하며, 동 판정과 관련하여 다툼이 있을 경우 보험금 청구권자와 보험회사가 협의하여 정한 제3의 전문의료기관의 전문의에게 판정을 의뢰할 수 있음.’이라고 정하고 있다. 제1심은 2016. 2. 19. 가톨릭대학교 여의도성모병원장에게 원고의 노동능력상실률에 관한 신체감정을 촉탁하여, 2016. 8. 29. 여의도성모병원장으로부터 맥브라이드식 장해평가방법에 의하면 원고의 노동능력상실률이 21%에 해당한다는 신체감정촉탁 결과를 회신받았다. 2. 원심은 판시와 같은 이유로, 피고가 원고에게 이 사건 상해보험계약에서 정한 보험금을 지급할 의무가 있고, 이 사건 자동차보험계약에 의한 보험금 청구에 관하여는 보험약관의 해석상 맥브라이드식 장해평가방법이 아닌 다른 기준에 의한 판단자료에 근거하여 원고의 노동능력상실률을 인정할 수 있다고 보아 원고의 노동능력상실률을 44.72%로 인정하면서 피고의 기왕증 기여도 공제 주장에 대하여는 보험약관상 근거가 없다는 이유로 배척하여, 원고의 이 사건 청구를 일부 인용하였다. 3. 그러나 원심판단 중 이 사건 자동차보험계약의 보험금 청구 부분은 아래와 같은 이유로 수긍하기 어렵다. 가. 이 사건 자동차보험계약 관련 노동능력상실률 인정 방법에 관하여 1) 자기신체사고 자동차보험은 피보험자가 피보험자동차를 소유·사용·관리하는 동안에 생긴 피보험자동차의 사고로 인하여 상해를 입었을 때에 보험자가 보험약관에 정한 사망보험금이나 부상보험금 또는 후유장해보험금 등을 지급할 책임을 지는 것으로서 인보험의 일종이기는 하나, 피보험자가 급격하고도 우연한 외부로부터 생긴 사고로 인하여 신체에 상해를 입은 경우에 그 결과에 따라 보험약관에 정한 보상금을 지급하는 보험이어서 그 성질상 ‘상해보험’에 속한다(대법원 2004. 7. 9. 선고 2003다29463 판결 등 참조). 당사자 사이에 보험약관을 기초로 보험계약이 체결된 때에는 특별한 사정이 없는 한 그 보험약관은 계약 내용에 포함시키기로 합의된 것으로서 계약당사자에 대하여 구속력을 갖고(대법원 1999. 7. 23. 선고 98다31868 판결 등 참조), 이러한 보험약관은 신의성실의 원칙에 따라 당해 약관의 목적과 취지를 고려하여 공정하고 합리적으로 해석하되, 개개의 계약당사자가 기도한 목적이나 의사를 참작함이 없이 평균적 고객의 이해가능성을 기준으로 보험단체 전체의 이해관계를 고려하여 객관적·획일적으로 해석하여야 하며(대법원 2010. 11. 25. 선고 2010다45777 판결, 대법원 2020. 10. 15. 선고 2020다234538, 234545 판결 등 참조), 보험약관이 비록 보험자가 다수의 보험계약자와 계약을 체결하기 위하여 일방적으로 마련한 것이라고 하더라도, 그 보험약관의 내용 등이 보험계약자의 정당한 이익과 합리적인 기대에 반할 뿐 아니라 사적자치의 한계를 벗어나는 등 무효라고 볼 만한 사정이 없다면, 법원이 이를 함부로 배척하거나 보험약관 내용을 그 목적과 취지 등과 달리 개별 사건마다 임의적으로 해석하여서는 아니 된다. 2) 앞서 본 사실관계와 기록에 의하여 알 수 있는 다음과 같은 사정을 위 법리에 비추어 보면, 이 사건 교통사고로 인한 원고의 노동능력상실률은 당사자가 계약 내용으로 정한 이","및 자동차보험계약에서 정한 각 보험금의 지급을 구하는 이 사건 소를 제기하였다. 라. 한편 이 사건 자동차보험계약의 보험약관에 의하면, 후유장해의 상실수익액 계산 시 노동능력상실률 인정 방법에 관하여 ‘맥브라이드식 장해평가방법에 따라 일반의 옥내 또는 옥외 근로자를 기준으로 실질적으로 부상 치료·진단을 실시한 의사 또는 해당 과목 전문의가 진단·판정한 타당한 노동능력상실률을 적용하며, 동 판정과 관련하여 다툼이 있을 경우 보험금 청구권자와 보험회사가 협의하여 정한 제3의 전문의료기관의 전문의에게 판정을 의뢰할 수 있음.’이",미검수,,,,candidates_prec_약관조항무효.csv
법제처 OPEN API/prec,240575,2022다298109,보험금,https://www.law.go.kr/DRF/lawService.do?OC=test&target=prec&ID=240575&type=HTML,(조 번호 미표기),위험,판례 문맥 추론 · 단일 신호,위험,,,"의 한계를 벗어나는 등 무효라고 볼 만한 사정이 없다면, 법원이 이를 함부로 배척하거나 보험약관 내용을 그 목적과 취지 등과 달리 개별 사건마다 임의적으로 해석하여서는 아니 된다. 2) 앞서 본 사실관계와 기록에 의하여 알 수 있는 다음과 같은 사정을 위 법리에 비추어 보면, 이 사건 교통사고로 인한 원고의 노동능력상실률은 당사자가 계약 내용으로 정한 이 사건 보험약관에 따라 ‘맥브라이드식 장해평가방법’에 의하여 정하여야 하고, 이를 다른 보험약관에서 정한 기준 등을 토대로 판단할 수는 없다고 봄이 타당하다. 가) 이 사건 자동차보험계약의 보험약관에 의하면, 원고와 피고는 피보험자의 후유장해의 상실수익액 계산을 위한 노동능력상실률은 원칙적으로 ‘실질적으로 부상 치료·진단을 실시한 의사 또는 해당 과목 전문의가 진단·판정한 맥브라이드식 장해평가방법’에 따르기로 약정하였음이 문언상 명백하다. 나) 또한 위 보험약관에서 ‘그 판정과 관련하여 다툼이 있을 경우 보험금 청구권자와 보험회사가 협의하여 정한 제3의 전문의료기관의 전문의에게 판정을 의뢰할 수 있다.’는 내용이 추가되어 있긴 하나, 이는 일방 당사자로부터 의뢰를 받은 의사 등의 진단·판정 결과에 대하여 상대방이 그 결과를 온전히 신뢰하지 못할 수도 있다는 측면 등을 고려하여, 그와 같은 다툼이 있는 경우에는 당사자들이 협의하여 다시 정한 제3의 전문의 등에게 재차 진단·판정을 의뢰할 수 있다는 취지로 해석된다. 다) 따라서 위 보험약관의 해석상 당사자 사이에 다툼이 있다는 사정만으로 노동능력상실률에 대하여 진단·판정을 담당하는 의료기관을 변경할 수 있는 외에, 나아가 그 판단 기준인 맥브라이드식 장해평가방법까지 변경하여 다른 방법 등으로 이를 진단·평가할 수 있다는 것으로 해석되지 않고, 이는 평균적인 보험계약자의 이해가능성 등에 비추어 보더라도 달리 보기 어렵다. 라) 특히 노동능력상실률은 단순한 의학적 신체기능장애율이 아니라 피해자의 연령, 교육 정도, 종전 직업의 성질과 직업경력 및 기능숙련 정도, 신체기능장애 정도, 유사직종이나 타직종에의 전업가능성과 그 확률, 기타 사회적, 경제적 조건을 모두 참작하여 경험칙에 따라 정한 수익상실률로서 법관의 자의가 배제된 합리적이고 객관성이 있어야 하는데(대법원 1990. 4. 13. 선고 89다카982 판결, 대법원 2019. 5. 30. 선고 2015다8902 판결 등 참조), ‘맥브라이드식 장해평가방법’은 이를 평가하기 위하여 널리 통용되고 있는 장해평가방법 중 하나이다. 이러한 측면에서 보더라도 당사자들이 그 노동능력상실률 판단 기준을 맥브라이드식 장해평가방법으로 약정한 것이 어느 당사자 일방에게 현저하게 불리하다거나 불합리하여 이를 배제해야 한다고 보기도 어렵다. 마) 원심으로서는 만일 원고에 대한 신체감정촉탁 결과를 그대로 신뢰하기 어려웠다면, 다른 의료기관 등에 재차 신체감정촉탁 등을 하는 등 맥브라이드식 장해평가방법에 따른 증거자료 등을 토대로 원고의 노동능력상실률을 정할 수 있음은 별론으로 하고, 이와 달리 이 사건 자동차보험계약이 아닌 다른 보험계약에서 정한 장해분류표 등을 기준으로 원고의 노동능력상실률을 임의로 정하는 것은 당사자들이 약정한 보험계약 약관의 해석 범위를 벗어날 뿐만 아니라, 앞서 본 보험약관의 해석 원칙에도 부합하지 않는 것으로 보인다. 나. 기지급 치료비 중 기왕증 기여도 해당 금액의 공제 주장에 관하여 1) 상해보험은 일반적으로 보험사고 이외에 피보험자의 질병 기타 기왕증이 공동 원인이 되어 상해에 영향을 미친 경우에도 사고로 인한 상해와 그 결과인 사망이나 후유장해 사이에 인과관계가 인정되면 보험계약 체결 시 약정한 대로 보험금을 지급할 의무가 발생한다. 다만 보험약관에 계약체결 전에 이미 존재한 신체 장해, 질병의 영향에 따라 상해가 중하게 된 때에는 그 영향이 없었을 때에 상당하는 금액을 결정하여 지급하기로 하는 내용이 있는 경우에는 지급될 보험금액을 산정함에 있어서 그 약관 조항에 따라 피","맥브라이드식 장해평가방법’에 의하여 정하여야 하고, 이를 다른 보험약관에서 정한 기준 등을 토대로 판단할 수는 없다고 봄이 타당하다. 가) 이 사건 자동차보험계약의 보험약관에 의하면, 원고와 피고는 피보험자의 후유장해의 상실수익액 계산을 위한 노동능력상실률은 원칙적으로",미검수,,,,candidates_prec_약관조항무효.csv
법제처 OPEN API/prec,234455,2018다207076,전기요금부당이득반환청구,https://www.law.go.kr/DRF/lawService.do?OC=test&target=prec&ID=234455&type=HTML,(조 번호 미표기),위험,판례 문맥 추론 · 단일 신호,위험,,," 보완할 수 있다고 명시하고 있다(같은 조 제2항). 2) 이처럼 누진요금은 관련 규정에 그 근거를 두고 있는 요금방식으로서, 전기를 효율적으로 배분하여 전기사용자의 이익을 보호하려는 데에 그 목적이 있고, 이를 통해 전력수급이 안정되면 주택용 전기사용자들도 일상생활을 정상적으로 영위하는 데 필요한 전기를 안정적으로 공급받는 이익을 얻게 된다. 따라서 이 사건 약관에서 주택용 전력에 관하여 두고 있는 누진요금제(이하 ‘이 사건 누진제’라고 한다)가 관련 규정에서 명시한 누진요금의 도입요건, 즉 전기사용자 간에 부담의 형평이 유지되는 가운데 전기의 합리적 배분을 위해 필요하여 도입된 경우에 해당하고, 구 전기사업법의 목적과 취지에 반하는 정도로 주택용 전기사용자의 이익을 제한하는 요금방식이 아니라면, 설령 이 사건 누진제가 구 전기사업법의 목적과 취지를 달성하는 데 가장 적합한 요금방식이라고 보기에 미흡한 점이 있다고 하더라도, 그러한 내용의 조항이 약관법 제6조 제2항 제1호가 말하는 ‘고객에게 부당하게 불리한 조항’에 해당한다고 할 수는 없다. 나. 원심은, 판시와 같은 사실을 인정한 다음, 수요가 늘어날수록 단위당 발전비용이 늘어나는 전력공급구조의 특수성, 한정된 필수공공재인 전기의 공급이 소득수준이나 계층에 따라 편중되는 것을 방지할 필요성, 주택용 전력의 경우 다른 용도의 전력에 비해 송전·배전비용이 많이 소요되는 등으로 종별원가가 더 높아 그 수요를 조절할 필요가 상대적으로 더 큰 점, 다른 국가들에 비하여 주택용 전력의 사용량 비율이 낮은 것은 경제규모, 산업구조, 생활방식 등 다양한 원인에 따른 것일 수 있고, 따라서 이 사건 누진제 도입으로 주택용 전력 사용이 부당하게 억제되고 있다고 볼 수 없는 점 등을 종합하여, 이 사건 누진제는 도입의 필요성이 인정되고 구 전기사업법의 목적과 취지에 반하는 정도로 주택용 전기사용자의 이익을 제한하지 않으므로, 원고들에게 부당하게 불리하지 않다고 판단하였다. 원심의 이 부분 이유 설시에 다소 부적절한 점이 있으나, 이 사건 누진제의 도입이 원고들에게 부당하게 불리하지 않다는 원심의 결론은 앞서 본 법리에 따른 것으로서 정당하고, 거기에 상고이유 주장과 같이 이 사건 누진제의 공정 여부에 관한 법리를 오해하거나 필요한 심리를 다하지 아니한 채 논리와 경험의 법칙을 위반하여 자유심증주의의 한계를 벗어난 잘못이 없다. 4. 구간별 전기요금이 전기사용자에게 부당하게 불리한지 여부 등 가. 1) 전기요금은 적정 원가에 적정 이윤을 더한 것으로서 총괄원가를 보상하는 수준에서 결정되어야 하는데(구 전기사업법 시행령 제7조 제1항 제1호, 이 사건 고시 제8조 제1항), 이때 총괄원가란 적정 원가에 적정투자보수를 더한 금액을 의미한다(이 사건 고시 제8조 제2항, 물가안정에 관한 법률 시행령 제6조 제2항). 그런데 전기요금 산정에 필요한 원가검증을 위해, 한국전력공사 등은 재무제표, 제조원가증명서 등 회계자료를 지식경제부와 기획재정부에 제출하여야 하고(이 사건 고시 제12조 제2항), 전기판매사업자는 기본공급약관의 인가신청서를 지식경제부장관에게 제출함에 있어서 전기요금 등의 산출근거나 금액결정방법에 관한 설명서도 함께 제출하여야 한다(구 전기사업법 시행규칙 제17조 제1항 제2호). 이처럼 관련 규정은 지식경제부장관이 제출받은 회계자료 등을 통해 총괄원가 및 종별공급원가(총괄원가를 기초로 산정된 용도별 전력의 공급원가, 이하 ‘종별원가’라고 한다)의 적정성을 검토한 다음, 이를 바탕으로 전기판매사업자가 책정한 전기요금이 총괄원가를 보상하는 수준에서 책정되었는지를 평가하는 절차를 마련하고 있다. 2) 한편 적정투자보수는 전기를 생산·공급하기 위하여 직접 활용되고 있는 실제 투자된 자산에 대한 적정한 보수를 말하는데, 구체적으로 요금기저에 적정투자보수율을 곱하는 방법으로 산정한다(이 사건 고시 제15조). 이때 적정투자보수율은 전기사업의 기업성과 공익성을 조화시킬 수 있는 범위 내에서 결정하여야 하고, 원칙적으로 세후자기자본투자보수율과 세후타인자본투자보수율을 적용하여 가중평균한 ","사건 누진제’라고 한다)가 관련 규정에서 명시한 누진요금의 도입요건, 즉 전기사용자 간에 부담의 형평이 유지되는 가운데 전기의 합리적 배분을 위해 필요하여 도입된 경우에 해당하고, 구 전기사업법의 목적과 취지에 반하는 정도로 주택용 전기사용자의 이익을 제한하는 요금방식이 아니라면, 설령 이 사건 누진제가 구 전기사업법의 목적과 취지를 달성하는 데 가장 적합한 요금방식이라고 보기에 미흡한 점이 있다고 하더라도, 그러한 내용의 조항이 약관법 제6조 제2항 제1호가 말하는",미검수,,,,candidates_prec_약관조항무효.csv
법제처 OPEN API/prec,618551,2020가합581802,위약금등청구,https://www.law.go.kr/DRF/lawService.do?OC=test&target=prec&ID=618551&type=HTML,(조 번호 미표기),위험,판례 문맥 추론 · 단일 신호,위험,,," 사정들, 즉 ① 원고가 이 사건 공급계약 해제의 근거로 삼은 이 사건 약정해제권 조항이 수분양자의 분양대금 납부의무의 이행제공을 그 요건으로 명시하지는 않은 점, ② 위 조항은 분양자의 현저한 공급지연(이 사건의 경우 3개월)이 발생한 경우 수분양자들로 하여금 분양계약의 구속력으로부터 용이하게 벗어날 수 있도록 하기 위하여 규정된 것으로 보이는 점, ③ 이 사건 공급계약에 의하면 원고의 잔금 지급일은 ‘입주지정일’인데, 원고의 이 사건 공급계약 해제권 행사 시점까지 피고가 입주지정일을 원고에게 통보한 사실도 없고 당시 이 사건 오피스텔은 준공조차 되지 않은 상태였으므로, 원고가 피고에게 잔금의 이행제공을 하여야 한다고 보기 어려운 점, ④ 만일 위 조항의 존재에도 불구하고 여전히 수분양자가 공급계약을 해제하기 위해서 반대의무의 이행제공을 하여야 한다고 본다면, 이는 결국 피고에게 입주예정일부터 3개월의 기간을 추가로 허용하여 주는 피고에게 유리한 결과(즉 입주예정일이 도과되어도 3개월이 지나지 않는 경우에는 수분양자가 ‘반대의무의 이행제공을 하여도’ 계약을 해제할 수 없게 되는 결과)를 초래하게 되는데, 이러한 해석은 수분양자의 해제권을 별도로 규정하고 있는 위 조항의 취지에 반한다고 보이는 점(대법원 2013. 3. 14. 선고 2011다3343 판결 참조) 등을 고려하면, 이 사건 약정해제권 조항에 근거하여 이 사건 각 공급계약을 해제하는 원고로서는 피고에게 잔금의 이행제공을 할 의무가 없다고 봄이 상당하다. 2) 또한 앞서 든 증거 및 변론 전체의 취지에 의하여 인정할 수 있는 다음과 같은 사정들, 즉 ① 매도인의 약정해제에 관한 이 사건 공급계약 제3조 제1항은 최고를 그 요건으로 명시하고 있는 것과 달리, 이 사건 약정해제권 조항은 최고를 요건으로 명시하고 있지 않은 점, ② 이 사건 약정해제권 조항은 이행지체에 의한 법정해제권과는 별개의 해제권을 부여하는 규정인 점 등에 비추어 보면, 원고가 이 사건 약정해제권 조항에 따라 해제권을 행사함에 있어 피고의 분양목적물 인도의무에 대한 최고가 필요하다고 볼 수 없다. 3) 한편 피고는 원고가 피고의 입주연장 요청에 동의하지 않음으로써 이 사건 오피스텔 사업에 참여하는 일원으로서의 협조의무를 전혀 이행하지 않았으므로 원고의 약정해제권 행사는 신의칙상 허용될 수 없다고 주장한다. 그러나 이 사건 오피스텔의 수분양자에 해당하는 원고는 이 사건 공급계약에 따라 피고에게 분양대금을 납부할 의무를 부담할 뿐, 피고의 입주연장 요청에 동의할 의무를 부담하지 않는다. 따라서 피고가 제출한 증거만으로는 원고가 이 사건 공급계약에서 정한 바에 따라 약정해제권을 행사하는 것이 신의성실의 원칙에 반한다고 인정하기 부족하고 달리 이를 인정할 만한 근거가 없다. 따라서 피고의 이 부분 주장은 이유 없다. 4) 그렇다면 원고의 이 사건 약정해제권 조항에 기한 해제권 행사의 의사표시는 적법하고, 이 사건 공급계약은 원고의 위 해제통지에 따라 2020. 5. 28. 해제되었다. 그렇다면 피고는 특별한 사정이 없는 한 원고가 구하는 바에 따라 원고가 기지급한 계약금 및 이에 대하여 연 5%의 비율로 계산한 법정이자(이 사건 각 공급계약 제4조 제3항, 민법 제379조)를 반환하여야 하고, 이 사건 각 공급계약 제4조 제2항에 따라 원고에게 분양대금의 10%에 해당하는 위약금을 지급하여야 한다. 다. 피고의 주장에 관한 판단 1) 양도담보계약에 따른 분양대금반환 채권의 귀속 관련 주장 가) 피고는 원고가 소외 3 은행에 분양대금반환 채권을 양도담보로 제공하였으므로, 원고는 피고에게 기지급 계약금의 반환을 청구할 수 없다고 주장한다. 앞서 든 증거 및 을 제13호증의 기재에 의하면, 원고는 중도금 대출계약을 체결하면서 2018. 7. 30. 소외 3 은행과 ‘이 사건 각 공급계약이 해제되는 경우 원고가 피고, 소외 1 회사에 대하여 가지는 분양대금반환 채권 또는 분양대금을 완납하는 경우 피고, 소외 1 회사에 대하여 가지는 소유권이전등기청구권’에 관하여 양도담보계약(이하 ‘이 사건 양도담보계약","입주지정일’인데, 원고의 이 사건 공급계약 해제권 행사 시점까지 피고가 입주지정일을 원고에게 통보한 사실도 없고 당시 이 사건 오피스텔은 준공조차 되지 않은 상태였으므로, 원고가 피고에게 잔금의 이행제공을 하여야 한다고 보기 어려운 점, ④ 만일 위 조항의 존재에도 불구하고 여전히 수분양자가 공급계약을 해제하기 위해서 반대의무의 이행제공을 하여야 한다고 본다면, 이는 결국 피고에게 입주예정일부터 3개월의 기간을 추가로 허용하여 주는 피고에게 유리한 결과(즉 입주예정일이 도과되어도 3개월이 지나지 않는 경우에는 수분양자가",미검수,,,,candidates_prec_약관조항무효.csv
법제처 OPEN API/prec,421168,2022누21856,사후에 매매계약을 해제한 경우 취득세 추징사유가 소급하여 소멸하는지 여부,https://www.law.go.kr/DRF/lawService.do?OC=test&target=prec&ID=421168&type=HTML,(조 번호 미표기),안전,판례 문맥 추론 · 단일 신호,안전,,,"고2017두36953판결 참조). 2)이 사건 추징조항의 해석 이 사건 추징조항의 문언,입법 취지 등에 비추어 알 수 있는 다음과 같은 사정들을 종합하면,구 지방세특례제한법에 따라 부동산 취득세를 감면받은 납세의무자가 이 사건 추징조항에서 정한 직접 사용 의무기간 내에 해당 부동산을 제3자에게 매각하였으나 이후 그 매각의 원인이 된 계약이 법정해제된 경우,이 사건 추징조항에서 정한‘매각’사실이 있었다고 평가할 수 없다. 가)앞서 본 바와 같이 구 지방세특례제한법은 납세의무자에 의하여 수행되는 사업의 공익성을 감안하여 개별 조항을 통하여 부동산 취득세 감면이라는 세제 혜택을 부여하되,이 사건 추징조항은 그 사후관리 차원에서 납세의무자로 하여금 부동산을 당초 취득 목적에 부합하는 용도로 일정 기간 직접 사용하도록 하고,그렇지 아니할 경우 감면받은 취득세를 추징하도록 규정하고 있는데,이는 부동산 취득세 감면을 통하여 달성하고자 하는 정책적 목적이 훼손되지 않도록 개별 감면 조항의 악용 사례를 방지하는 데 그 입법 취지가 있다. 나)한편 이 사건 추징조항에서 말하는‘매각·증여’에 관하여,현행 지방세특례제한법 제2조 제1항 제8호의2에서는“‘매각·증여’란 위 법에 따라 지방세를 감면받은 자가 해당 부동산 등을 매매,교환,증여 등 유상이나 무상으로 소유권을 이전하는 것을 말한다.”라고 정의하고 있을 뿐,매각·증여의 원인이 된 계약 등 법률행위가 무효,취소,해제 등으로 실효된 경우에 관하여는 달리 규정하고 있지 않다. 다)이 사건 추징조항과 같이 과세요건이 사법상 법률행위로 구성되어 있는 경우,명문의 규정으로 달리 정함이 없는 이상,해당 법률행위의 성립 여부나 효력은 원칙적으로 사법상 법리에 따라 판단하여야 하므로,구 지방세특례제한법에 따라 부동산 취득세를 감면받은 납세의무자가 직접 사용 의무기간 내에 해당 부동산을 제3자에게 매각하였으나 이후 그 매각의 원인이 된 계약이 법정해제된 경우,그 계약의 효력이 소급하여 소멸함에 따라 이 사건 추징조항에서 정한 과세요건사실로서의 부동산‘매각’또한 소급하여 없었던 것으로 평가하여야 한다. 라)구 지방세특례제한법 제178조 제1호에서 정한 유예기간이 경과함으로써 별도의 추징사유가 발생하였는지 여부는 별론으로 하더라도,부동산 매각의 원인이 된 계약이 법정해제됨에 따라 그 소유권을 회복한 납세의무자로서는 당초 취득 목적에 부합하는 용도로 해당 부동산을 계속하여 직접 사용하면 되는 것이므로,위와 같은 해석이 앞서 살펴 본 이 사건 추징조항의 입법 취지에 반한다고 볼 수 없다. 마)피고는,민법 제548조 제1항 단서에 따라 위와 같은 계약의 해제로 인하여 조세채권을 가지는 국가 또는 지방자치단체의 권리를 해할 수 없다는 취지로 주장하나,민법 제548조 제1항 단서에서 말하는‘제3자’란 일반적으로 그 해제된 계약으로부터 생긴 법률효과를 기초로 하여 해제 전에 새로운 이해관계를 가졌을 뿐 아니라 등기,인도 등으로 완전한 권리를 취득한 자를 말하므로(대법원2002. 10. 11.선고2002다33502판결 등 참조),단순히 납세의무자에 대하여 조세채권을 가지는 국가 또는 지방자치단체가 민법 제548조 제1항 단서의‘제3자’에 해당한다고 볼 수 없다. 바)피고는, “부동산 취득세는 부동산의 취득행위를 과세객체로 하는 행위세이므로,그에 대한 조세채권은 취득행위라는 과세요건 사실이 존재함으로써 당연히 발생하고,일단 적법하게 취득한 이상 이후에 매매계약이 합의해제 되거나,해제조건의 성취 또는 해제권의 행사 등에 의하여 소급적으로 실효되었더라도,이로써 이미 성립한 조세채권의 행사에 아무런 영향을 줄 수 없다(대법원2018. 9. 13.선고2018두38345판결 등 참조)”는 취득세 부과처분에 관한 법리를 들어,매각 상대방에 대하여 부동산의‘사실상 취득’이라는 취득세 과세요건이 발생한 이상,매각의 원인이 된 계약이 사후 해제되었더라도 이미 발생한 추징사유가 소급하여 소멸한다고 볼 수 없다는 취지로 주장하나,아래와 같은 이유에서 피고의 위 주장은 받아들일 수 없다. (1)취득세 부과처분에 관한 위 법리는 부동산 ","매각’사실이 있었다고 평가할 수 없다. 가)앞서 본 바와 같이 구 지방세특례제한법은 납세의무자에 의하여 수행되는 사업의 공익성을 감안하여 개별 조항을 통하여 부동산 취득세 감면이라는 세제 혜택을 부여하되,이 사건 추징조항은 그 사후관리 차원에서 납세의무자로 하여금 부동산을 당초 취득 목적에 부합하는 용도로 일정 기간 직접 사용하도록 하고,그렇지 아니할 경우 감면받은 취득세를 추징하도록 규정하고 있는데,이는 부동산 취득세 감면을 통하여 달성하고자 하는 정책적 목적이 훼손되지 않도록 개별 감면 조항의 악용 사례를 방지하는 데 그 입법 취지가 있다. 나)한편 이 사건 추징조항에서 말하는",미검수,,,,candidates_prec_위약금.csv
법제처 OPEN API/prec,615741,2024가단5029447,매매대금반환,https://www.law.go.kr/DRF/lawService.do?OC=test&target=prec&ID=615741&type=HTML,(조 번호 미표기),안전,판례 문맥 추론 · 단일 신호,안전,,," 대한 판단 가. 원고의 주장 요지 1) 이 사건 시공사의 시공능력과 무이자 중도금대출 발생 여부는 이 사건 분양계약의 중요한 내용을 이룬다. 그런데 이 사건 시공사에 대하여 회생절차가 개시되어 이 사건 분양계약의 이행 및 중도금대출의 실행이 불확실하게 되었고, 이는 피고 회사의 채무불이행 사유에 해당한다. 이에 원고는 2023. 2. 10. 이를 이유로 이 사건 분양계약을 해제하였다(이하 ‘주장 ①’이라 한다). 2) 아니라도 이 사건 분양계약은 쌍방의 계약실현의사 결여 또는 포기로 인하여 묵시적으로 합의해제 되었다(이하 ‘주장 ②’라 한다). 3) 이 사건 분양계약 당시 원고는 중도금 대출로 분양대금 조달이 가능하다고 생각하여 이 사건 분양계약을 체결하였다. 그러나 이후 금융기관으로부터 기한의 이익이 상실되었다는 통지를 받아 중도금대출을 받지 못하게 되었는바, 중도금대출 가능성에 대한 착오가 없었다면 원고는 위 계약을 체결하지 않았을 것이므로 원고는 이 사건 분양계약을 착오를 이유로 취소한다(이하 ‘주장 ③’이라 한다) 4) 이 사건 분양계약서 제3조에서는 계약금을 해약금임과 동시에 위약금으로 정하고 있는데, 이는 이 사건 계약금을 원고의 채무불이행으로 피고에게 발생한 손해에 관한 손해배상의 예정액으로 정한 것이다. 설령 이 사건 계약 해제에 원고의 귀책사유가 인정된다고 하더라도 이 사건 계약금은 부당하게 과다한 손해배상예정액이므로 감액되어야 한다(이하 ‘주장 ④’라 한다). 5) 따라서 피고들은 원고에게 이 사건 계약의 해제에 따른 원상회복 또는 계약의 취소에 따른 부당이득반환으로서 원고로부터 지급받은 이 사건 계약금 및 이에 대한 법정이자 내지 지연손해금을 지급할 의무가 있다. 나. 판단 1) ‘주장 ①’에 대한 판단 가) 앞서 든 증거들 및 을 제1, 2호증의 각 기재에 변론 전체의 취지를 종합하여 인정되는 다음과 같은 사실 및 사정에 비추어 보면, 원고가 제시하는 증거들만으로 피고들이 이 사건 분양계약의 이행불능 상태에 빠졌다거나 계약상 의무를 이행하지 않았음을 인정하기 부족하고, 달리 이를 인정할 증거가 부족하다. (1) 원고의 주장과 같이 이 사건 시공사에 대한 회생절차 개시가 이루어진 사실은 인정된다. 그러나 관리인 소외 4는 이 사건 오피스텔 공사를 정상적으로 수행하여 2024. 7. 4. 오피스텔 사용승인을 받은 점, 이후 2023. 8.경 소외 5 회사가 이 사건 시공사를 인수한 점, 이 사건 오피스텔이 이 사건 분양계약에서 정한대로 2024. 8.경 입주를 시작한 점을 고려하면, 이 사건 시공사의 회생절차 개시로 인하여 이 사건 분양계약의 이행이 불능으로 되었다고 인정하기 어렵고 오히려 계약이 정상적으로 이행된 것으로 볼 수 있다. (2) 소외 3 은행은 2023. 2. 6. 원고에게 기한의 이익이 상실되었다는 통지를 하였으나 2023. 2. 9. 기한의 이익이 부활되었다는 통지를 하였으므로, 원고가 중도금대출금의 이자를 지급하여야 한다고 보기 어렵다. (3) 피고 회사는 중도금대출이 중단되자 원고 등 수분양자들의 중도금 납부의무이행을 유예하였는데, 피고 회사로서는 원고에게 중도금대출 중단으로 인하여 금전적 피해가 발생하지 않도록 나름의 조치를 취하였던 것으로 보인다. (4) 한편, 원고는 이 사건 분양계약서 제2조 제1항 제3호의 반대해석상 피고 회사의 계약 이행이 불투명한 이 사건의 경우 원고가 계약을 해제할 수 있다고 해석하여야 한다고 주장하나, 앞서 본 바와 같이 이 사건 오피스텔이 이 사건 분양계약에서 정한대로 준공되고 입주를 시작한 이상 계약의 이행이 불투명한 경우에 해당한다고 볼 수 없으므로, 원고가 위 조항을 근거로 계약을 해제할 수 있다고 보기 어렵다. 나) 따라서 피고들에게 채무불이행 책임이 있음을 전제로 하는 원고의 이 부분 주장은 이유 없다. 2) ‘주장 ②’에 대한 판단 가) 계약",주장 ①’이라 한다). 2) 아니라도 이 사건 분양계약은 쌍방의 계약실현의사 결여 또는 포기로 인하여 묵시적으로 합의해제 되었다(이하,미검수,,,,candidates_prec_위약금.csv
법제처 OPEN API/prec,619555,2024누64156,부가가치세등부과처분취소,https://www.law.go.kr/DRF/lawService.do?OC=test&target=prec&ID=619555&type=HTML,(조 번호 미표기),안전,판례 문맥 추론 · 단일 신호,안전,,,"을 확인할 수 있고, 이러한 사정으로부터 고객들이 △△△ 사업장으로부터 이 사건 꽃 장식을 공급받을 경제적 유인이 있음이 추단된다. ④ 원고가 제출한 이 사건 계약서(갑 제7호증)에 의하면 고객이 △△△ 사업장으로부터 이 사건 꽃 장식을 공급받지 않고 원고의 외주업체인 ‘(업체명 생략)’으로부터 꽃 장식을 공급받은 사실은 인정된다(다만, 이에 따른 비용도 이 사건 계약서의 ‘부가상품 비용’ 란에 계상되었다). 그러나 위와 같은 사정만으로 앞서 본 증거들에 의하여 추단되는 부수적 공급의 통상성을 부인하기는 어려우며, 원고 스스로도 외주업체를 통한 꽃 장식 공급은 △△△ 사업장이 고객들에게 공급한 생화 중 극히 일부에 불과함을 시인한 바 있다. ⑤ 원고는 ‘부가가치세가 면세되는 재화 또는 용역의 공급에 필수적으로 부수되는 재화 또는 용역의 공급으로서 면세되는 재화 또는 용역의 공급에 포함되는 것으로 보는 것의 범위는 부가가치세가 면세되는 주된 재화 또는 용역을 공급하면서 그에 필수적으로 부수되는 어느 재화 또는 용역을 공급하는 사업자 자신의 거래로 국한하여야 하는 것’이라는 취지로 판시한 대법원 2002. 11. 8. 선고 2001두4849 판결, 대법원 2013. 6. 28. 선고 2013두932 판결(및 그 원심 판결인 서울고등법원 2012. 12. 7. 선고 2011누24820 판결)을 원용하며 본점 사업장과 △△△ 사업장은 부가가치세법상 독립적으로 부가가치세 신고의무를 부담하는 별개의 공급주체에 해당하므로, △△△ 사업장의 생화 공급이 본점 사업장의 결혼예식용역 공급에 포함된다고 볼 수 없다고 주장한다. 그러나 원고가 원용한 위 판결들은 주된 용역 공급자인 본점 사업장과 그에 부수되는 용역(또는 재화) 공급자인 △△△ 사업장이 같은 법인에 속하는 이 사건과는 사실관계를 달리하므로 이 사건에 원용하기 어렵다. 원고의 주장과 같이 이 사건의 본점 사업장과 △△△ 사업장은 사업자 단위 과세 적용사업자에 해당하지 않고 주사업자 총괄납부 제도를 적용받을 뿐이어서 사업장별 과세원칙에 따라 각 사업장마다 부가가치세 신고를 별도로 진행하여야 하나, 앞서 본 사실 및 증거, 변론 전체의 취지에 의하여 인정되는 다음과 같은 사정, 즉 ㉠ 부가가치세 제3조(납세의무자)는 제1항에서 ‘다음 각 호의 어느 하나에 해당하는 자로서 개인, 법인(국가·지방자치단체와 지방자치단체조합을 포함한다), 법인격이 없는 사단·재단 또는 그 밖의 단체는 이 법에 따라 부가가치세를 납부할 의무가 있다’고 규정하고 동항 제1호에서 ‘사업자’를 명시하여 ‘법인’을 부가가치세의 납세의무자로 정하였는데, 본점 사업장과 △△△ 사업장은 비록 다른 사업자등록번호를 부여받았지만 동일한 법인(법인등록번호 : 000000-0000000)에 속하는 점, ㉡ 본점 사업장 내 ‘◇◇◇호텔’ 사업상 조직은 객실팀, 식음팀, 조리팀, 마케팅팀, 연회팀, 시설팀, 영업지원팀, 영업디자인팀으로 구성되는데, 이 중 연회팀은 다시 업무담당을 웨딩, 연회판촉, 연회서비스, 플라워연회로 구분하여 웨딩/연회의 판촉과 서비스, △△△ 사업장의 운영(웨딩/연회)을 주요 업무로 맡았는바, 조직 구조상으로도 본점 사업장과 △△△ 사업장이 별도로 분리되었다고 보기 어려운 점, ㉢ 본점 사업장과 △△△ 사업장의 소재지가 서울특별시 중구 (이하 생략)으로 동일한 점, ㉣ 주사업자 총괄납부 제도 적용에 따라 본점 사업장이 △△△ 사업장의 부가가치세 납부도 일괄 진행하는 점에 비추어 보면 본점 사업장과 △△△ 사업장은 별개의 사업자로 볼 수 없다. 따라서 이와 다른 전제에 선 원고의 이 부분 주장은 이유 없다. 마. 소결 이 사건 꽃 장식의 공급은 ‘협회 및 단체, 수리 및 기타 개인서비스업에 해당하는 모든 역무와 그 밖의 행위’로 봄이 타당하고, 설령 달리 보더라도 본점 사업장의 결혼예식용역 공급에 포함되는 것으로 봄이 타당하여 부가가치세 과세대상에 해당하므로, 이와 같은 전제에 선 이 사건 각 처분은 적법하다. 4. 결론 그렇다면 원고의 청구는 ","부가상품 비용’ 란에 계상되었다). 그러나 위와 같은 사정만으로 앞서 본 증거들에 의하여 추단되는 부수적 공급의 통상성을 부인하기는 어려우며, 원고 스스로도 외주업체를 통한 꽃 장식 공급은 △△△ 사업장이 고객들에게 공급한 생화 중 극히 일부에 불과함을 시인한 바 있다. ⑤ 원고는",미검수,,,,candidates_prec_이용약관.csv
법제처 OPEN API/prec,241189,2023노878,보험사기방지특별법위반,https://www.law.go.kr/DRF/lawService.do?OC=test&target=prec&ID=241189&type=HTML,(조 번호 미표기),안전,판례 문맥 추론 · 단일 신호,안전,,,"241189 2023노878 20240704 선고 제주지법 400202 형사 400102 판결 : 상고 ]]> ‘이륜자동차’를 운전하는 중에 발생한 상해사고를 원인으로 보험금 지급사유가 발생한 경우, 보험금 지급을 제한하고 있는 피해자 회사의 ‘이륜자동차 운전 중 상해 부보장 특별약관’(이하 ‘특별약관’이라 한다)은 피보험자가 ‘이륜자동차’를 운전하는 중에 발생한 사고에 대해 보험금을 지급하지 않는다고 정하고 있을 뿐이므로, 피해자 회사는 피보험자에게 ‘전동킥보드’를 운전하는 중에 발생한 사고에 대해서도 보험금을 지급하지 않는다는 설명을 할 의무가 있고 이를 이행하지 않은 이상 피보험자가 피해자 회사에 ‘전동킥보드’를 사용한다는 사실을 알릴 의무가 있다고 보이지 않는 점, 그런데 피해자 회사가 계약자 또는 피보험자에게 ‘전동킥보드’를 운전하는 중에 발생한 사고에 대해서도 보험금을 지급하지 않는다는 설명 의무를 이행하였다고 볼 증거가 없고, 위 특별약관에서 정하고 있는 이륜자동차에 전동킥보드가 포함된다는 설명을 했다고 볼 증거도 없으므로 위 특별약관에 따라 보험금의 지급이 제한된다고 볼 수 없는 점 등을 종합하면, 검사가 제출한 증거만으로는 피고인이 공소사실 기재와 같이 피해자 회사를 기망했다는 점이 합리적 의심의 여지가 없을 정도로 증명되었다고 보기 부족하고, 달리 이를 인정할 증거가 없어 무죄를 선고한 사례이다. ]]> ]]> 【항 소 인】 피고인 【검 사】 윤인식 외 1인 【변 호 인】 법무법인 세움 담당변호사 남현 【원심판결】 제주지법 2023. 11. 29. 선고 2023고정80 판결 【주 문】 원심판결을 파기한다. 피고인은 무죄. 이 판결의 요지를 공시한다. 【이 유】 1. 항소이유의 요지: 사실오인 및 법리오해 이 사건은 보험약관에서 정하고 있는 보험금 지급 제한 사유에 해당하지 않으므로 피고인이 상해 발생원인을 ‘전동킥보드를 타다가 넘어져 다침’이라고 기재하지 않고 단순히 ‘넘어져서 다침’이라고 기재했더라도 이를 기망행위라고 볼 수 없다. 설령 기망행위에 해당된다고 하더라도 처분행위와 인과관계가 인정되지 않고, 피고인에게 고의도 없었다. 2. 공소사실 피고인은 ○○○ 금융판매 △△총괄□□지사장으로 근무하고 있고, 공소외 1은 보험설계사로 일하고 있으며, 공소외 2는 공소외 3의 어머니로 피고인의 보험고객이다. 공소외 2는 2019. 5. 10.경 피해자 메리츠화재보험의 ‘(무)메리츠 실손 의료비보험’, ‘(무)내Mom같은 어린이보험’에 공소외 3을 피보험자로 한 보험에 가입하였다. 위 보험은 이륜자동차 등을 계속적으로 사용하게 된 경우 이를 알려야 하고, 피보험자가 보험기간 중 이륜자동차를 운전하다 발생한 급격하고도 우연한 외래의 상해사고를 직접적인 원인으로 보통약관에서 정한 보험금 지급 거절 사유가 발생한 경우 보험금을 지급하지 않는다. 피고인과 공소외 2, 공소외 1은 2021. 12.경, 공소외 3이 2021. 11. 26.경 전동킥보드를 구입하여 운행 중 경북 구미시 이하 불상의 장소에서 도로에 넘어져 폐쇄성 요골 머리의 골절상 등을 입어 병원 치료를 받았으나, 전동킥보드 사용 사실을 미리 알리지 않았고, 전동킥보드를 운행하다가 상해를 입은 사고는 피해자 회사에서 보험금 지급이 제한되는 사실을 알고 있었음에도 사고 내용을 조작하여 보험금을 지급받기로 순차 공모하였다. 공소외 2는 원 보험설계사인 메리츠화재보험 소속 공소외 4 설계사로부터 위와 같이 보험금 지급이 불가하다는 사실을 미리 들어 알고 있었음에도, 공소외 1에게 다시 보험금 청구에 필요한 서류를 제출하였다. 공소외 1은 공소외 2로부터 보",(이하 ‘특별약관’이라 한다)은 피보험자가,미검수,,,,candidates_prec_이용약관.csv
법제처 OPEN API/ftc,9319,,6개 온라인음원제공사업자의 이용약관상 불공정약관조항에 대한 건,https://www.law.go.kr/DRF/lawService.do?OC=test&target=ftc&ID=9319&type=HTML,중도해지 불가조항,부분 무효,명시,주의,"제6조,제9조",부당한 비용·세금 전가|선택권 제한·구입 강제|과도한 위약금|일방적 계약 해지|권리행사 제한|보증금 반환 지연,"2. 중도해지 불가조항 가. 약관조항 나. 심사의견 : 부분 무효 ○ 피심인이 제공하는 음원제공서비스는 고객에게 1개월 이상 계속하여 재화 등을 공급하는 계약이며 중도해지가 제한된다는 점에서「방문판매 등에 관한 법률」상 계속거래적 성격을 갖고 있다. - 따라서 피심인이 특별한 사정 없이 고객의 중도해지를 무조건 제한하고 잔여 대금의 환급을 하지 않는다면 불공정약관조항에 해당될 소지가 크다고 할 것이다. ○ 피심인들은 이 서비스와 관련하여 스트리밍서비스 및 정량 다운로드서비스의 경우 고객이 결제 후 1주 내지 2주에 많이 듣고 그 이후에는 잘 듣지 않으며, - 음원저작권자와의 계약상 저작권료를 월단위 금액을 기준으로 지급하도록 되어 있어 일할정산 또는 다운로드 수량에 따라 정산하는 방법 등으로 중도해지를 인정하는 것은 어렵다고 주장한다. - 그러나 고객은 계약기간 중 언제든지 서비스를 이용할 수 있는데 통상 특정기간에 서비스를 많이 이용한다고 하여 중도해지를 인정하지 않는 것은 합리적인 주장이라 볼 수 없으며, - 피심인들이 저작권자들에게 지급하는 저작권료 지급기준은 저작권자들이 정하여 문화체육관광부의 승인을 받은 징수규정에 명시된 것일 뿐, 이를 근거로 법률에서 정하고 있는 고객의 해지권 등의 권리를 제한할 수 있는 사유라 보기는 어렵다. ○ 다만, 피심인의 서비스 중 DRM이 적용된 음원을 무제한 다운로드 할 수 있는 서비스의 경우에는 다운로드 수량에 제한이 없는 점, 이미 고객이 PC 또는 재생기기로 다운로드 받은 파일은 피심인이 중도에 조정하는 것이 불가능한 점, - 이미 다운로드 받은 음원은 1개월간 재생이 가능하다는 점 등을 감안해 볼 때 고객에게 부당하게 불공정하다고 보기는 어렵다고 할 것이다. ○ 따라서 피심인들의 스트리밍서비스 및 정량다운로드 서비스에서 고객의 중도해지를 제한하는 약관조항은 법률의 규정에 의한 고객의 해제권 또는 해지권을 제한하는 조항이므로 약관법 제9조 제1호에 해당된다. ]]> 나. 심사의견 : 무효 ○ 피심인들이 제공하는 무료이벤트(명칭 불문, 이하 같음)는 기본적으로 고객을 자신의 유료서비스에 회원가입 하도록 유도하기 위하여 상품의 홍보 및 고객유치 차원에서 일정기간 이용할 수 있도록 제공하는 서비스의 일종이라 할 것이다. - 이와 관련하여 피심인들은 무료이벤트가 장기간 이용하겠다고 동의하는 고객에 한하여 제공하는 무료혜택이라고 주장하지만, - 피심인들의 무료이벤트를 이용하는 고객은 대부분 서비스를 장기간 이용하기 위해 가입하기 보다는 샘플마케팅의 일종으로 인식하고 1개월을 무료로 이용하기 위하여 가입하는 경우가 대부분이라고 할 것이므로 피심인의 주장은 타당하다고 볼 수 없다. ○ 피심인들의 서비스와 관련하여「전자상거래 등에서의 소비자보호에 관한 법률(이하 '전상법’이라 함」제21조 제1항 제1호에서는 허위 또는 과장된 사실을 알리거나 기만적 방법을 사용하여 소비자를 유인 또는 거래하거나 청약철회 등 또는 계약의 해지를 방해하는 행위를 하여서는 아니되며, - 같은 조항 제4호에서는 소비자의 청약이 없",,미검수,,,근거 서술에 중도해지 불가조항의 구체적 문구 인용 없음. 내용만 설명되어 있음,candidates_ftc_불공정약관조항.csv
법제처 OPEN API/ftc,1161,,IGYM의 회원가입약관 및 동의서상 불공정약관조항에 대한 건,https://www.law.go.kr/DRF/lawService.do?OC=test&target=ftc&ID=1161&type=HTML,계약 해지 시 과다한 위약금 등 부과 조항,무효,명시,위험,제8조,과도한 위약금,"2. 계약 해지 시 과다한 위약금 등 부과 조항 가. 약관조항 나. 심사의견: 무효 대중체육시설 이용계약은「방문판매 등에 관한 법률」(이하 '방판법’이라 한다)상 계속적인 계약(계속거래)에 해당하는 것으로 고객은 계약기간 중 언제든지 해지할 수 있으며 소비자의 사정으로 계약이 해지된 경우 계약 해지로 인해 발생하는 손실에 상당하는 적정 위약금을 제외한 나머지 대금을 환급해야 할 것이다.(방판법 제29조, 제30조) 고객이 자신의 사정으로 계약기간 중도에 해지를 하는 경우에 사업자는 고객에게 손해배상액의 예정으로서의 위약금을 부담지울 수 있지만, 이 경우에도 관련 임의규정, 통상의 거래관행 등을 고려하여 합리적인 수준의 위약금을 정하여야 할 것이다. 방판법 제30조 제5항에 따라 정하여 고시한 「계속거래 등의 해지ㆍ해제에 따른 위약금 및 대금의 환급에 관한 산정기준」 상에는 헬스장 이용계약과 관련하여 고객의 사정에 의한 중도 해지 시 위약금 상한액을 총 계약금액의 10%로 정하고 있다. 또한, 체력단련장 표준약관 및 소비자분쟁해결기준에서도 체육시설을 이용하는 소비자의 귀책사유로 개시일 이후 계약을 해지할 경우 취소일까지의 이용일수에 해당하는 금액과 총 이용금액의 10%를 위약금으로 공제하고 환급하도록 규정하고 있다. 헬스장의 가입금은 통상 입회비(가입비), 연회비, 보증금 및 부가가치세로 구성되어 있는데 연회비는 시설사용료의 선불적 성격을 갖고 있기 때문에 사업자의 귀책사유에 의한 탈회시는 물론이고 고객의 개인사정에 의한 탈회시에도 잔여기간에 상당하는 금액은 반환하는 것이 타당하고, 입회비는 그 명칭에 관계없이 성격상 시설이용에 대한 배타적 회원자격의 대가로서의 법률상 보증금과 구별하기가 어려우며 법률적 성질은 시설이용권에 대한 대가로서 성격을 갖는 것이므로 고객의 탈회시 시설이용권의 반환과 함께 입회비를 반환하여야 할 것이다. 그러나 위 약관에는 회비의 환불과 관련하여 위약금(총회비합계금액의 10%에 상당하는 중도해지수수료)과 이용기간과 무관하게 3개월의 의무사용기간을 적용하여 이 기간동안의 회비전체를 공제하고 이와 별도로 가입비 등 명목으로 이를 공제하는 것으로 규정하고 있다. 따라서 당해 약관조항은 고객에 대하여 부당하게 과중한 손해배상의무를 부담시키는 약관조항이자 계약의 해제 또는 해지로 인한 고객의 원상회복의무를 상당한 이유없이 과중하게 부담시키거나 원상회복청구권을 부당하게 포기하도록 하는 조항으로 약관법 제8조 및 제9조 제3호에 해당되어 무효이다. ",,미검수,,,근거 서술에 조항 문구 인용 없음. 약관 내용은 '위약금(총회비합계금액의 10%에 상당하는 중도해지수수료)과 이용기간과 무관하게 3개월의 의무사용기간을 적용하여 이 기간동안의 회비전체를 공제하고 이와 별도로 가입비 등 명목으로 이를 공제'하는 것으로만 설명됨,candidates_ftc_불공정약관조항.csv
법제처 OPEN API/ftc,1161,,IGYM의 회원가입약관 및 동의서상 불공정약관조항에 대한 건,https://www.law.go.kr/DRF/lawService.do?OC=test&target=ftc&ID=1161&type=HTML,"헬스장내에서의 고객물품의 분실, 도난에 대한 사업자의 면책 조항",무효,명시,위험,"제7조,제11조",책임 면제|권리행사 제한,"3. 헬스장내에서의 고객물품의 분실, 도난에 대한 사업자의 면책 조항 가. 약관조항 나. 심사의견: 무효 상법상 공중접객업자는 고객으로부터 임치받은 물건의 보관상 주의를 게을리하지 아니하였음을 증명하지 아니하면 그 물건의 멸실 또는 훼손으로 인한 손해배상의 책임이 있고, 고객으로부터 임치받지 아니한 경우에도 그 시설 내에 휴대한 물건이 공중접객업자 자신 또는 그 사용인의 과실로 인하여 멸실 또는 훼손되었을 대에는 그 손해를 배상할 책임이 있다고 규정(상법 제152조 제1항 및 제2항)하고 있으며, 이에 따라 시설물 내에서의 도난사고의 발생이 사업자의 과실에서 야기된 경우라면 사업자가 그 책임을 지는 것은 당연하다 할 것이다. 또한, 민법상 사업자의 고의 또는 과실로 인한 위법행위로 타인에게 손해를 가한 때에는 그 손해를 배상할 책임이 있으며(민법 제750조) 공작물의 설치 또는 보존의 하자로 인해 타인에게 손해를 가한 때에는 점유자 또는 소유자가 손해배상의 책임이 있다고 규정(민법 제758조 제1항)하고 있으므로 사업자의 과실에 기인한 안전사고에는 사업자가 배상책임을 지어야 할 것이다. 물론 귀중품 등을 안내데스크에 맡기지 않은 경우 우선적으로는 이용자 본인에게 자신의 물건 등의 관리책임이 있다 할 것이다. 그러나 위 약관에는 헬스장내에서 고객 물품의 분실, 도난 또는 헬스장 시설 관리, 회원질서 유지 등과 관련하여 안전사고 등에 대해 사업자의 귀책유무를 따짐이 없이 사업자가 면책되는 것으로 규정하고 있다. 따라서 당해 약관조항은 사업자의 고의 또는 중대한 과실로 인한 법률상의 책임을 배제하는 조항으로 약관법 제7조 제1호에 해당되어 무효이다. ]]> 나. 심사의견: 무효 휘트니스회원권은 회원권에 기명된 자가 해당 시설을 이용할 수 있도록 하는 권리증서로 기명식채권의 일종이라 할 것인데, 채권은 성질상 양도ㆍ양수가 불가능하거나 법률에서 금지하는 경우와 당사자간의 개별약정으로 양도ㆍ양수를 제한하는 경우를 제외하고는 원칙적으로 양도ㆍ양수가 허용된다고 할 것이다.(민법 제449조) 체육시설 이용은 일정기간 동안 고객이 당해시설을 이용하는 계약으로서 일신전속적 계약이 아니므로 다른 고객이 이용한다고 하여 특별히 계약의 내용이 달라질 것은 없다. 따라서 양도ㆍ양수 시 사업자의 허락을 받거나 통지하도록 하는 등의 절차가 없으면 특별히 양도 자체를 제한할 이유가 없다 할 것이다. 또한, 「체육시설의 설치ㆍ이용에 관한 법률」에서도 특별한 사유가 없는 한 회원권의 자유로운 양도를 허용하고 있다. 그러나 위 약관에는 타인에게 회원권의 양도가 불가능한 것으로 규정하고 있다. 따라서 당해 약관조항은 고객이 제3자와 계약을 체결하는 것을 부당하게 제한하는 조항으로 약관법 제11조 제3호에 해당되어 무효이다. ",,미검수,,,"근거 서술에 조항 문구 인용 없음. 내용만 설명되어 있음: '헬스장내에서 고객 물품의 분실, 도난 또는 헬스장 시설 관리, 회원질서 유지 등과 관련하여 안전사고 등에 대해 사업자의 귀책유무를 따짐이 없이 사업자가 면책되는 것으로 규정'",candidates_ftc_불공정약관조항.csv
법제처 OPEN API/ftc,9943,,KBS비즈니스(주)의 대관약정서상 불공정약관조항에 대한 건,https://www.law.go.kr/DRF/lawService.do?OC=test&target=ftc&ID=9943&type=HTML,(문서 전체 — 조항 구분 없음),무효,명시,위험,제8조,과도한 위약금,"9943 시정권고서 2009약관0474 (2) 심사결과 : 무효 대관계약체결시 고객은 기본시설사용료, 부속시설사용료(조명료, 전기료, 냉난방료, 무대사용료 등) 및 장내정리비 등을 포함한 예상대관료를 지급하는데, 해당 약관조항은 고객이 대관계약을 해제하는 경우 기지급한 예상대관료 중 기본시설사용료를 반환하지 않도록 하고 있다. 반환하지 아니하는 기본시설사용료는 고객이 자신의 사정으로 인하여 계약을 임의로 해지하는 경우 이로 인하여 발생할 손해배상의 액수에 관하여 당사자들이 미리 정해 놓은 손해배상액의 예정에 해당한다. 손해배상액의 예정이 부당하게 과중한지를 판단함에 있어서는 계약당사자의 경제적 지위, 계약의 목적과 내용, 손해배상액을 예정한 동기, 채무액에 대한 예정액의 비율, 예상 손해액의 크기 등을 고려하여야 한다. 고객이 상당기간 전에 계약을 해제한 경우 사업자는 다시 대관을 할 수 있는 점, 다른 유사 시설의 해약금 등을 고려할 때 해당 약관조항은 고객에게 부당하게 과중한 손해배상의무를 부담시키고 있다 할 것이다. 즉, 계약해제시점, 귀책사유의 유무 등을 전혀 고려하지 않고 고객의 계약해제시 일률적으로 기본시설사용료를 반환하지 않는 해당 약관조항은 약관법 제8조에 해당한다. ]]> (2) 심사결과 : 무효 대관계약체결시 고객은 기본시설사용료, 부속시설사용료(조명료, 전기료, 냉난방료, 무대사용료 등) 및 장내정리비 등을 포함한 예상대관료를 지급하는데, 해당 약관조항은 고객이 대관계약을 해제하는 경우 기지급한 예상대관료 중 기본시설사용료를 반환하지 않도록 하고 있다. 반환하지 아니하는 기본시설사용료는 고객이 자신의 사정으로 인하여 계약을 임의로 해지하는 경우 이로 인하여 발생할 손해배상의 액수에 관하여 당사자들이 미리 정해 놓은 손해배상액의 예정에 해당한다. 손해배상액의 예정이 부당하게 과중한지를 판단함에 있어서는 계약당사자의 경제적 지위, 계약의 목적과 내용, 손해배상액을 예정한 동기, 채무액에 대한 예정액의 비율, 예상 손해액의 크기 등을 고려하여야 한다. 고객이 상당기간 전에 계약을 해제한 경우 사업자는 다시 대관을 할 수 있는 점, 다른 유사 시설의 해약금 등을 고려할 때 해당 약관조항은 고객에게 부당하게 과중한 손해배상의무를 부담시키고 있다 할 것이다. 즉, 계약해제시점, 귀책사유의 유무 등을 전혀 고려하지 않고 고객의 계약해제시 일률적으로 기본시설사용료를 반환하지 않는 해당 약관조항은 약관법 제8조에 해당한다. ]]> (2) 심사결과 : 무효 대관계약체결시 고객은 기본시설사용료, 부속시설사용료(조명료, 전기료, 냉난방료, 무대사용료 등) 및 장내정리비 등을 포함한 예상대관료를 지급하는데, 해당 약관조항은 고객이 대관계약을 해제하는 경우 기지급한 예상대관료 중 기본시설사용료를 반환하지 않도록 하고 있다. 반환하지 아니하는 기본시설사용료는 고객이 자신의 사정으로 인하여 계약을 임의로 해지하는 경우 이로 인하여 발생할 손해배상의 액수에 관하여 당사자들이 미리 정해 놓은 손해배상액의 예정에 해당한다. 손해배상액의 예정이 부당하게",,미검수,,,"근거 서술에 조항 문구 인용 없음. 조항 내용이 설명만 되어 있으며, 따옴표나 「」 등의 인용 표시가 없습니다.",candidates_ftc_불공정약관조항.csv
법제처 OPEN API/ftc,10715,,건설공제조합의 하도급대금지급보증약관상 불공정약관조항에 대한 건,https://www.law.go.kr/DRF/lawService.do?OC=test&target=ftc&ID=10715&type=HTML,면책조항,무효,명시,위험,제6조,부당한 비용·세금 전가|선택권 제한·구입 강제|과도한 위약금,"2. 면책조항 (1) 약관조항 (2) 심사결과 : 무효 이 사건 약관에 따른 보증계약은 하도급법 제13조의 2에 따른 보증의무를 이행하기 위하여 체결되는 것인 바, 해당 약관조항은 건설산업기본법령상 하도급을 금지하는 공사를 하도급받거나 무자격자가 하도급 받은 공사인 때에는 보증책임이 면책되도록 하고 있음 이와 관련 건설산업기본법은 하도급과 관련하여 일괄하도급의 제한, 전문공사 하도급의 금지, 동종건설업자에 대한 하도급 제한, 재하도급 제한 등의 규정을 두고 있음 건설산업기본법은 건설공사의 적정한 시공과 건설산업의 건전한 발전을 도모함을 목적으로 하는 것이나 하도급법은 공정한 하도급거래질서를 확립하여 원사업자와 수급사업자가 대등한 지위에서 발전하도록 하려는 것으로 양 법은 그 취지나 목적을 달리함 따라서 하도급법에서 정한 원사업자와 수급사업자간의 건설위탁에 해당하면 원사업자는 하도급대금지급을 보증하여야 할 의무를 부담하고 이에 따른 보증계약을 체결하여야 할 것임 요컨대 건설산업기본법상 부적법한 하도급에 해당하면 일률적으로 보증책임을 면하도록 하는 것은 하도급법 제13조의2에 반하여 부당하게 보증의 범위를 제한하여 보증채권자의 이익을 해하는 것임 한편 피심인은 위험대비 보증수수료 수익, 보증을 하게 된 동기와 목적, 거래관행 등 제반사정을 고려하여 합리적인 범위 내에서 면책조항을 둘 수 있다고 주장함 그러나 건설산업기본법상 부적법한 하도급에 해당하기만 하면 보험사고와의 관련성 등을 불문하고 보험자가 면책되도록 하는 것은 합리적인 면책사유에 해당한다고 보기 어렵다 할 것임 또한 사업자는 부적법한 하도급의 경우까지 보증금을 지급하게 되면 사업자의 보증책임이 부당히 확대되고, 부적법한 하도급을 막을 수 없게 된다고 주장함 피심인의 증가하는 보증책임은 하도급법에 따른 보증계약을 체결하면 의당 부담해야 하는 것이고, 부적법한 하도급은 행정적 감독 또는 단속 등을 통하여 규율하여야 할 것이지 보증책임의 제한을 통해 해결할 문제는 아니라 할 것임 따라서 해당 약관조항은 고객에게 부당하게 불리한 약관조항에 해당하여 약관법 제6조 제1항, 제2항 제1호에 따라 무효임 ]]> (2) 심사결과 : 무효 하도급법 제13조의2는 원사업자로 하여금 현금 또는 건설공제조합, 보험회사 등이 발행하는 보증서를 수급사업자에게 교부하여 일정금액의 공사대금 지급을 보증하도록 하고 있음 이는 원사업자의 부도나 하도급대금 미지급에 따른 수급사업자의 연쇄부도 또는 자금난의 초래, 부실공사의 유발 등을 방지하기 위한 것인 바, 원사업자가 부도나 파산 뿐만 아니라 그 밖의 사유로 공사대금지급채무를 이행하지 아니하는 경우에도 보증금을 지급하는 보증계약을 체결하도록 하는 것임 이 사건 약관에 따른 보증계약은 하도급법 제13조의2에 따른 보증의무를 이행하기 위하여 체결되는 것인데, 보증사고를 위와 같이 제한하면 원사업자가 무자력이나 그 밖의 사유로 인하여 공사대금을 지급하지 아니하는 경우 수급사업자는 보증금을 받을 수 없게 되어 하도급법의 취지에 반함 또한 수급사업자는 위 보증계약에 대응하",,미검수,,,"근거 서술에 조항 문구 인용 없음. 조항 내용이 '보증책임이 면책되도록 하고 있음', '보증사고를 제한하면' 등으로만 설명되어 있음",candidates_ftc_불공정약관조항.csv
법제처 OPEN API/ftc,1113,,구글코리아(유)의 서비스 약관 및 개인정보 취급방침상 불공정약관조항에 대한 건,https://www.law.go.kr/DRF/lawService.do?OC=test&target=ftc&ID=1113&type=HTML,개인정보 유출에 대한 폭 넓은 면책을 허용하는 조항,무효,명시,위험,"제6조,제7조",부당한 비용·세금 전가|선택권 제한·구입 강제|과도한 위약금|책임 면제,"2. 개인정보 유출에 대한 폭 넓은 면책을 허용하는 조항 가. 약관조항 나. 심사의견 : 무효 정보통신망법은 법 제28조 및 동법 시행령 제15조를 통해 정보통신사업자에게 개인정보보호를 위한 각종 조치의무를 부과하고 있고, 개인정보보호를 위한 기술적ㆍ관리적 조치를 하지 않은 경우에는 3천만원 이하의 과태료를, 이러한 조치를 하지 않아 개인정보가 분실ㆍ도난ㆍ누출ㆍ변조 또는 훼손된 경우 2년 이하의 징역 또는 1천만원 이하의 벌금 및 1억원 이하의 과징금을 부과하도록 되어 있다. 즉, 온라인 사업자에게는 회원의 동의를 받아 수집하여 보관 중인 개인정보를 보호해야 하는 두터운 의무가 부여되고 있다. 고객은 자신의 개인정보가 안전하게 보관ㆍ관리, 자신의 부주의 또는 과실이 없는 한 외부에 노출되거나 타인에 의해 남용되지 않을 것이라는 믿음 하에 사업자에게 자신의 개인정보 수집 및 활용 등에 대해 동의를 하게 된다. 만일 개인정보가 유출이 되거나 제3자에 의해 악용되고 있다면, 온라인 사업자는 개인정보를 수집하여 보관하는 자로서 책임을 져야 할 것이다. 물론, 현재의 기술ㆍ보안 수준을 능가하는 해커의 등장과 같이 예기치 못한 사태로 인해 개인정보 유출이 일어나는 경우에도 사업자들은 당해 유출에 자신들의 귀책사유가 없도록 최대한의 기술적ㆍ관리적 보안 장치를 구비하는 것이 마땅하다. 그러나 피심인은 매우 극단적으로 고객 개인정보의 유출에 대하여 전적으로 책임을 면제하고 있다. 일단 사업자가 자신의 필요에 의해 고객의 개인정보를 수집하였다면, 사업자에게는 정보통신망법상의 기술적ㆍ관리적 조치를 취하여야 하는 의무 외에도 자신들이 수집ㆍ보관하는 개인정보가 유출되지 않도록 신의성실을 다 해야 할 계약상 의무가 부여되어 있다고 할 것이다. 따라서 개인정보의 유출이 발생할 경우, 이러한 유출에 사업자의 귀책사유가 있다면 책임을 지는 것이 타당하다 할 것이며, 이러한 책임을 부인하는 것은 법률에 명백한 근거가 있거나 그러한 배제사유가 그 누가 보더라도 객관적으로 타당하고 명확한 사유로 제한되어야 한다. 그럼에도 불구하고 피심인의 위 약관 조항은 사업자의 고의ㆍ과실 여부를 불문하고 모든 책임을 면책하고 있다. 이상의 내용을 살펴볼 때, 위 약관 조항은 사업자, 이행 보조자 또는 피고용자의 고의 또는 중대한 과실로 인한 법률상의 책임을 배제하는 조항으로서 약관법 제7조 제1호에 해당하여 무효이다. 3. 개인정보의 수집, 활용 등에 관한 사항을 별도 동의를 받지 않고 서비스 이용약관을 통해 포괄적으로 동의 받는 조항 가. 약관조항 나. 심사의견 : 무효 정보통신망법의 전체적인 취지로 살펴볼 때, 개인정보의 수집ㆍ활용 및 제3자 제공, 위탁에 관한 사항은 이용약관과는 별도로 구분하여 고객에게 설명하고, 이를 명확하게 인지한 상태에서 고객이 이에 대한 동의 여부를 선택할 수 있어야 한다고 볼 것이다. 즉, 고객의 개인정보를 수집하기 위해서는 정보통신망법 등이 정하는 바에 따라 개인정보의 수집, 이용 목적과 수집하는 항목, 보유 및 이용 기간 등을 고지하고 이에 대하여 개",,미검수,,,"근거 서술에 조항 문구 인용 없음. 개인정보 유출 면책에 대한 내용만 설명되어 있으며, 구체적인 약관 문구는 인용되지 않음",candidates_ftc_불공정약관조항.csv
법제처 OPEN API/ftc,1073,,권두섭 등 15개 사업자의 위임계약서상 불공정약관조항에 대한 건,https://www.law.go.kr/DRF/lawService.do?OC=test&target=ftc&ID=1073&type=HTML,(문서 전체 — 조항 구분 없음),무효,명시,위험,"제6조,제8조",부당한 비용·세금 전가|선택권 제한·구입 강제|과도한 위약금,"1073 시정권고서 2011약관0143 ~ 2011약관0157 * 갑 : 위임인(청구인), 을 : 수임인(피심인) 나. 심사의견 : 무효 소송비용은 소송의 결과 및 소가 등에 따라 위임인마다 다르게 발생하게 된다. 따라서 당해 사안과 같이 통상공동소송을 위한 소송위임계약서에서는 공동소송인 독립의 원칙*이 적용되기 때문에 당사자별로 소가 및 소송의 결과 등에 따라 소송비용도 별도로 책정하여 부과하는 것이 통상적이다. * 공동소소송인 독립의 원칙 : 공동소송인과 상대방 사이의 청구가 각기 별개 독립의 것이고 단지 편의상 하나의 소송절차에 의하는 것이 바람직하여 병합된 통상공동소송의 경우에는 각 공동소송인은 다른 공동소송인에 의한 제한이나 간섭을 받지 않고 각자 독립하여 소송수행권을 가진다는 원칙 그런데, 해당 약관조항은 특별한 사유 없이 위임인들이 소송비용을 모두 균등하게 분담하도록 규정함으로써 오히려 위임인들 간의 형평에 반하는 결과가 된다. 이는 피심인의 편의를 위하여 일부 위임인(다른 위임인에 비해 소가가 적은 위임인 등)으로 하여금 자신이 부담하지 않아도 되는 비용을 부담하도록 하는 조항으로서 위임인에게 부당하게 불리하다. 그러므로 소송비용을 소가 및 소송결과와 상관없이 위임인간에 소송비용을 균등하게 분담하도록 한 당해 약관조항은 고객에게 부당하게 불리한 약관조항으로서 약관법 제6조 제2항 제1호에 해당하여 무효이다. 2. 피심인의 노력 투입 후 위임인의 일방적 해지 등의 사유 발생시 위임인에게 위약금을 부과할 수 있는 조항 가. 약관조항 * 갑 : 위임인(청구인), 을 : 수임인(피심인) 나. 심사의견 : 무효 당해 약관조항은 위임사무가 계속 유지되지는 않으나 피심인이 이미 상당한 노력을 투입한 경우를 대비하여 둔 조항으로서 현실적으로 필요한 조항에 해당한다. 그러나 제4조 제1항에서 정한 성공보수는 위임인이 본 소송으로 얻은 경제적 이익의 3%와 금 50만원 중 다액의 금액인데 반해, 당해 약관조항에서 정한 위약금은 금 500만원이다. 여기서 경제적 이익은 피심인이 제출한 자료에 따르면, 임금차액상당의 손해배상청구가 승소하였을 경우에는 3년 동안의 임금차액인 약 1억원(위임인별로 차이가 있을 수 있음)의 3%인 약 300만원(1억원 × 3%)정도이다. 그렇다면, 피심인이 많은 노력을 투여하여 승소하였을 경우에 받는 이익(약 300만원)보다 승소하지 않고 중간에 당해 약관조항에서 정한 사유로 위임계약이 종결된 경우에 받는 이익(500만원)이 더 많을 수 있다. 즉, 피심인은 당해 약관조항을 통해 부당하게 과다한 위약금을 부과하는 결과가 된다. 또한 통상 당해 약관조항과 같은 사유가 발생하면 위임사무가 성공한 것으로 간주하는 이른바 “성공보수간주 규정”을 두는 것이 보통인데, 위와 같이 별도로 위약금 조항을 두는 것은 법리상 맞지 않는 면이 있다. 더군다나 위 사유 중 “갑(위임인)이 정당한 사유 없이 위임계약을 해지한 경우”는 계약의 양 당사자가 위약금 없이 계약을 언제든지 해지할 수 있다는 위임계약의 상호해지자유의 원칙에 반할 수",,미검수,,,"근거 서술에 조항 문구 인용 없음. 내용상 '소송비용을 균등하게 분담' 및 '위약금 500만원' 관련 조항으로 보이나, 따옴표나 「」 표시 없이 설명만 되어 있음",candidates_ftc_불공정약관조항.csv
법제처 OPEN API/ftc,1075,,권두섭 등 15개 사업자의 위임계약서상 불공정약관조항에 대한 건,https://www.law.go.kr/DRF/lawService.do?OC=test&target=ftc&ID=1075&type=HTML,(문서 전체 — 조항 구분 없음),무효,명시,위험,"제6조,제8조",부당한 비용·세금 전가|선택권 제한·구입 강제|과도한 위약금,"1075 시정권고서 2011약관0143 ~ 2011약관0157 * 갑 : 위임인(청구인), 을 : 수임인(피심인) 나. 심사의견 : 무효 소송비용은 소송의 결과 및 소가 등에 따라 위임인마다 다르게 발생하게 된다. 따라서 당해 사안과 같이 통상공동소송을 위한 소송위임계약서에서는 공동소송인 독립의 원칙*이 적용되기 때문에 당사자별로 소가 및 소송의 결과 등에 따라 소송비용도 별도로 책정하여 부과하는 것이 통상적이다. * 공동소소송인 독립의 원칙 : 공동소송인과 상대방 사이의 청구가 각기 별개 독립의 것이고 단지 편의상 하나의 소송절차에 의하는 것이 바람직하여 병합된 통상공동소송의 경우에는 각 공동소송인은 다른 공동소송인에 의한 제한이나 간섭을 받지 않고 각자 독립하여 소송수행권을 가진다는 원칙 그런데, 해당 약관조항은 특별한 사유 없이 위임인들이 소송비용을 모두 균등하게 분담하도록 규정함으로써 오히려 위임인들 간의 형평에 반하는 결과가 된다. 이는 피심인의 편의를 위하여 일부 위임인(다른 위임인에 비해 소가가 적은 위임인 등)으로 하여금 자신이 부담하지 않아도 되는 비용을 부담하도록 하는 조항으로서 위임인에게 부당하게 불리하다. 그러므로 소송비용을 소가 및 소송결과와 상관없이 위임인간에 소송비용을 균등하게 분담하도록 한 당해 약관조항은 고객에게 부당하게 불리한 약관조항으로서 약관법 제6조 제2항 제1호에 해당하여 무효이다. 2. 피심인의 노력 투입 후 위임인의 일방적 해지 등의 사유 발생시 위임인에게 위약금을 부과할 수 있는 조항 가. 약관조항 * 갑 : 위임인(청구인), 을 : 수임인(피심인) 나. 심사의견 : 무효 당해 약관조항은 위임사무가 계속 유지되지는 않으나 피심인이 이미 상당한 노력을 투입한 경우를 대비하여 둔 조항으로서 현실적으로 필요한 조항에 해당한다. 그러나 제4조 제1항에서 정한 성공보수는 위임인이 본 소송으로 얻은 경제적 이익의 3%와 금 50만원 중 다액의 금액인데 반해, 당해 약관조항에서 정한 위약금은 금 500만원이다. 여기서 경제적 이익은 피심인이 제출한 자료에 따르면, 임금차액상당의 손해배상청구가 승소하였을 경우에는 3년 동안의 임금차액인 약 1억원(위임인별로 차이가 있을 수 있음)의 3%인 약 300만원(1억원 × 3%)정도이다. 그렇다면, 피심인이 많은 노력을 투여하여 승소하였을 경우에 받는 이익(약 300만원)보다 승소하지 않고 중간에 당해 약관조항에서 정한 사유로 위임계약이 종결된 경우에 받는 이익(500만원)이 더 많을 수 있다. 즉, 피심인은 당해 약관조항을 통해 부당하게 과다한 위약금을 부과하는 결과가 된다. 또한 통상 당해 약관조항과 같은 사유가 발생하면 위임사무가 성공한 것으로 간주하는 이른바 “성공보수간주 규정”을 두는 것이 보통인데, 위와 같이 별도로 위약금 조항을 두는 것은 법리상 맞지 않는 면이 있다. 더군다나 위 사유 중 “갑(위임인)이 정당한 사유 없이 위임계약을 해지한 경우”는 계약의 양 당사자가 위약금 없이 계약을 언제든지 해지할 수 있다는 위임계약의 상호해지자유의 원칙에 반할 수",,미검수,,,"근거 서술에 조항 문구 인용 없음. 내용상 '위임인들이 소송비용을 모두 균등하게 분담하도록 규정'한 조항과 '위임사무가 계속 유지되지는 않으나 피심인이 이미 상당한 노력을 투입한 경우' 위약금을 부과하는 조항이 있으나, 정확한 문구는 인용되지 않음",candidates_ftc_불공정약관조항.csv
법제처 OPEN API/ftc,1147,,권두섭 등 15개 사업자의 위임계약서상 불공정약관조항에 대한 건,https://www.law.go.kr/DRF/lawService.do?OC=test&target=ftc&ID=1147&type=HTML,(문서 전체 — 조항 구분 없음),무효,명시,위험,"제6조,제8조",부당한 비용·세금 전가|선택권 제한·구입 강제|과도한 위약금,"1147 시정권고서 2011약관0143 ~ 2011약관0157 * 갑 : 위임인(청구인), 을 : 수임인(피심인) 나. 심사의견 : 무효 소송비용은 소송의 결과 및 소가 등에 따라 위임인마다 다르게 발생하게 된다. 따라서 당해 사안과 같이 통상공동소송을 위한 소송위임계약서에서는 공동소송인 독립의 원칙*이 적용되기 때문에 당사자별로 소가 및 소송의 결과 등에 따라 소송비용도 별도로 책정하여 부과하는 것이 통상적이다. * 공동소소송인 독립의 원칙 : 공동소송인과 상대방 사이의 청구가 각기 별개 독립의 것이고 단지 편의상 하나의 소송절차에 의하는 것이 바람직하여 병합된 통상공동소송의 경우에는 각 공동소송인은 다른 공동소송인에 의한 제한이나 간섭을 받지 않고 각자 독립하여 소송수행권을 가진다는 원칙 그런데, 해당 약관조항은 특별한 사유 없이 위임인들이 소송비용을 모두 균등하게 분담하도록 규정함으로써 오히려 위임인들 간의 형평에 반하는 결과가 된다. 이는 피심인의 편의를 위하여 일부 위임인(다른 위임인에 비해 소가가 적은 위임인 등)으로 하여금 자신이 부담하지 않아도 되는 비용을 부담하도록 하는 조항으로서 위임인에게 부당하게 불리하다. 그러므로 소송비용을 소가 및 소송결과와 상관없이 위임인간에 소송비용을 균등하게 분담하도록 한 당해 약관조항은 고객에게 부당하게 불리한 약관조항으로서 약관법 제6조 제2항 제1호에 해당하여 무효이다. 2. 피심인의 노력 투입 후 위임인의 일방적 해지 등의 사유 발생시 위임인에게 위약금을 부과할 수 있는 조항 가. 약관조항 * 갑 : 위임인(청구인), 을 : 수임인(피심인) 나. 심사의견 : 무효 당해 약관조항은 위임사무가 계속 유지되지는 않으나 피심인이 이미 상당한 노력을 투입한 경우를 대비하여 둔 조항으로서 현실적으로 필요한 조항에 해당한다. 그러나 제4조 제1항에서 정한 성공보수는 위임인이 본 소송으로 얻은 경제적 이익의 3%와 금 50만원 중 다액의 금액인데 반해, 당해 약관조항에서 정한 위약금은 금 500만원이다. 여기서 경제적 이익은 피심인이 제출한 자료에 따르면, 임금차액상당의 손해배상청구가 승소하였을 경우에는 3년 동안의 임금차액인 약 1억원(위임인별로 차이가 있을 수 있음)의 3%인 약 300만원(1억원 × 3%)정도이다. 그렇다면, 피심인이 많은 노력을 투여하여 승소하였을 경우에 받는 이익(약 300만원)보다 승소하지 않고 중간에 당해 약관조항에서 정한 사유로 위임계약이 종결된 경우에 받는 이익(500만원)이 더 많을 수 있다. 즉, 피심인은 당해 약관조항을 통해 부당하게 과다한 위약금을 부과하는 결과가 된다. 또한 통상 당해 약관조항과 같은 사유가 발생하면 위임사무가 성공한 것으로 간주하는 이른바 “성공보수간주 규정”을 두는 것이 보통인데, 위와 같이 별도로 위약금 조항을 두는 것은 법리상 맞지 않는 면이 있다. 더군다나 위 사유 중 “갑(위임인)이 정당한 사유 없이 위임계약을 해지한 경우”는 계약의 양 당사자가 위약금 없이 계약을 언제든지 해지할 수 있다는 위임계약의 상호해지자유의 원칙에 반할 수",,미검수,,,"근거 서술에 조항 문구 인용 없음. 내용상 '소송비용을 균등하게 분담' 및 '위약금 부과' 관련 조항으로 보이나, 따옴표나 「」 표시 없이 설명만 되어 있음",candidates_ftc_불공정약관조항.csv
법제처 OPEN API/ftc,1127,,권두섭 등 15개 사업자의 위임계약서상 불공정약관조항에 대한 건,https://www.law.go.kr/DRF/lawService.do?OC=test&target=ftc&ID=1127&type=HTML,(문서 전체 — 조항 구분 없음),무효,명시,위험,"제6조,제8조",부당한 비용·세금 전가|선택권 제한·구입 강제|과도한 위약금,"1127 시정권고서 2011약관0143 ~ 2011약관0157 * 갑 : 위임인(청구인), 을 : 수임인(피심인) 나. 심사의견 : 무효 소송비용은 소송의 결과 및 소가 등에 따라 위임인마다 다르게 발생하게 된다. 따라서 당해 사안과 같이 통상공동소송을 위한 소송위임계약서에서는 공동소송인 독립의 원칙*이 적용되기 때문에 당사자별로 소가 및 소송의 결과 등에 따라 소송비용도 별도로 책정하여 부과하는 것이 통상적이다. * 공동소소송인 독립의 원칙 : 공동소송인과 상대방 사이의 청구가 각기 별개 독립의 것이고 단지 편의상 하나의 소송절차에 의하는 것이 바람직하여 병합된 통상공동소송의 경우에는 각 공동소송인은 다른 공동소송인에 의한 제한이나 간섭을 받지 않고 각자 독립하여 소송수행권을 가진다는 원칙 그런데, 해당 약관조항은 특별한 사유 없이 위임인들이 소송비용을 모두 균등하게 분담하도록 규정함으로써 오히려 위임인들 간의 형평에 반하는 결과가 된다. 이는 피심인의 편의를 위하여 일부 위임인(다른 위임인에 비해 소가가 적은 위임인 등)으로 하여금 자신이 부담하지 않아도 되는 비용을 부담하도록 하는 조항으로서 위임인에게 부당하게 불리하다. 그러므로 소송비용을 소가 및 소송결과와 상관없이 위임인간에 소송비용을 균등하게 분담하도록 한 당해 약관조항은 고객에게 부당하게 불리한 약관조항으로서 약관법 제6조 제2항 제1호에 해당하여 무효이다. 2. 피심인의 노력 투입 후 위임인의 일방적 해지 등의 사유 발생시 위임인에게 위약금을 부과할 수 있는 조항 가. 약관조항 * 갑 : 위임인(청구인), 을 : 수임인(피심인) 나. 심사의견 : 무효 당해 약관조항은 위임사무가 계속 유지되지는 않으나 피심인이 이미 상당한 노력을 투입한 경우를 대비하여 둔 조항으로서 현실적으로 필요한 조항에 해당한다. 그러나 제4조 제1항에서 정한 성공보수는 위임인이 본 소송으로 얻은 경제적 이익의 3%와 금 50만원 중 다액의 금액인데 반해, 당해 약관조항에서 정한 위약금은 금 500만원이다. 여기서 경제적 이익은 피심인이 제출한 자료에 따르면, 임금차액상당의 손해배상청구가 승소하였을 경우에는 3년 동안의 임금차액인 약 1억원(위임인별로 차이가 있을 수 있음)의 3%인 약 300만원(1억원 × 3%)정도이다. 그렇다면, 피심인이 많은 노력을 투여하여 승소하였을 경우에 받는 이익(약 300만원)보다 승소하지 않고 중간에 당해 약관조항에서 정한 사유로 위임계약이 종결된 경우에 받는 이익(500만원)이 더 많을 수 있다. 즉, 피심인은 당해 약관조항을 통해 부당하게 과다한 위약금을 부과하는 결과가 된다. 또한 통상 당해 약관조항과 같은 사유가 발생하면 위임사무가 성공한 것으로 간주하는 이른바 “성공보수간주 규정”을 두는 것이 보통인데, 위와 같이 별도로 위약금 조항을 두는 것은 법리상 맞지 않는 면이 있다. 더군다나 위 사유 중 “갑(위임인)이 정당한 사유 없이 위임계약을 해지한 경우”는 계약의 양 당사자가 위약금 없이 계약을 언제든지 해지할 수 있다는 위임계약의 상호해지자유의 원칙에 반할 수",,미검수,,,"근거 서술에 조항 문구 인용 없음. 내용상 '소송비용을 균등하게 분담', '위약금 500만원' 등이 언급되나 따옴표나 「」 없이 설명만 되어 있음",candidates_ftc_불공정약관조항.csv
법제처 OPEN API/ftc,1083,,권두섭 등 15개 사업자의 위임계약서상 불공정약관조항에 대한 건,https://www.law.go.kr/DRF/lawService.do?OC=test&target=ftc&ID=1083&type=HTML,(문서 전체 — 조항 구분 없음),무효,명시,위험,"제6조,제8조",부당한 비용·세금 전가|선택권 제한·구입 강제|과도한 위약금,"1083 시정권고서 2011약관0143 ~ 2011약관0157 * 갑 : 위임인(청구인), 을 : 수임인(피심인) 나. 심사의견 : 무효 소송비용은 소송의 결과 및 소가 등에 따라 위임인마다 다르게 발생하게 된다. 따라서 당해 사안과 같이 통상공동소송을 위한 소송위임계약서에서는 공동소송인 독립의 원칙*이 적용되기 때문에 당사자별로 소가 및 소송의 결과 등에 따라 소송비용도 별도로 책정하여 부과하는 것이 통상적이다. * 공동소소송인 독립의 원칙 : 공동소송인과 상대방 사이의 청구가 각기 별개 독립의 것이고 단지 편의상 하나의 소송절차에 의하는 것이 바람직하여 병합된 통상공동소송의 경우에는 각 공동소송인은 다른 공동소송인에 의한 제한이나 간섭을 받지 않고 각자 독립하여 소송수행권을 가진다는 원칙 그런데, 해당 약관조항은 특별한 사유 없이 위임인들이 소송비용을 모두 균등하게 분담하도록 규정함으로써 오히려 위임인들 간의 형평에 반하는 결과가 된다. 이는 피심인의 편의를 위하여 일부 위임인(다른 위임인에 비해 소가가 적은 위임인 등)으로 하여금 자신이 부담하지 않아도 되는 비용을 부담하도록 하는 조항으로서 위임인에게 부당하게 불리하다. 그러므로 소송비용을 소가 및 소송결과와 상관없이 위임인간에 소송비용을 균등하게 분담하도록 한 당해 약관조항은 고객에게 부당하게 불리한 약관조항으로서 약관법 제6조 제2항 제1호에 해당하여 무효이다. 2. 피심인의 노력 투입 후 위임인의 일방적 해지 등의 사유 발생시 위임인에게 위약금을 부과할 수 있는 조항 가. 약관조항 * 갑 : 위임인(청구인), 을 : 수임인(피심인) 나. 심사의견 : 무효 당해 약관조항은 위임사무가 계속 유지되지는 않으나 피심인이 이미 상당한 노력을 투입한 경우를 대비하여 둔 조항으로서 현실적으로 필요한 조항에 해당한다. 그러나 제4조 제1항에서 정한 성공보수는 위임인이 본 소송으로 얻은 경제적 이익의 3%와 금 50만원 중 다액의 금액인데 반해, 당해 약관조항에서 정한 위약금은 금 500만원이다. 여기서 경제적 이익은 피심인이 제출한 자료에 따르면, 임금차액상당의 손해배상청구가 승소하였을 경우에는 3년 동안의 임금차액인 약 1억원(위임인별로 차이가 있을 수 있음)의 3%인 약 300만원(1억원 × 3%)정도이다. 그렇다면, 피심인이 많은 노력을 투여하여 승소하였을 경우에 받는 이익(약 300만원)보다 승소하지 않고 중간에 당해 약관조항에서 정한 사유로 위임계약이 종결된 경우에 받는 이익(500만원)이 더 많을 수 있다. 즉, 피심인은 당해 약관조항을 통해 부당하게 과다한 위약금을 부과하는 결과가 된다. 또한 통상 당해 약관조항과 같은 사유가 발생하면 위임사무가 성공한 것으로 간주하는 이른바 “성공보수간주 규정”을 두는 것이 보통인데, 위와 같이 별도로 위약금 조항을 두는 것은 법리상 맞지 않는 면이 있다. 더군다나 위 사유 중 “갑(위임인)이 정당한 사유 없이 위임계약을 해지한 경우”는 계약의 양 당사자가 위약금 없이 계약을 언제든지 해지할 수 있다는 위임계약의 상호해지자유의 원칙에 반할 수",,미검수,,,"근거 서술에 조항 문구 인용 없음. 내용만 설명되어 있음(소송비용 균등분담, 위약금 500만원 등)",candidates_ftc_불공정약관조항.csv
법제처 OPEN API/ftc,1087,,권두섭 등 15개 사업자의 위임계약서상 불공정약관조항에 대한 건,https://www.law.go.kr/DRF/lawService.do?OC=test&target=ftc&ID=1087&type=HTML,(문서 전체 — 조항 구분 없음),무효,명시,위험,"제6조,제8조",부당한 비용·세금 전가|선택권 제한·구입 강제|과도한 위약금,"1087 시정권고서 2011약관0143 ~ 2011약관0157 * 갑 : 위임인(청구인), 을 : 수임인(피심인) 나. 심사의견 : 무효 소송비용은 소송의 결과 및 소가 등에 따라 위임인마다 다르게 발생하게 된다. 따라서 당해 사안과 같이 통상공동소송을 위한 소송위임계약서에서는 공동소송인 독립의 원칙*이 적용되기 때문에 당사자별로 소가 및 소송의 결과 등에 따라 소송비용도 별도로 책정하여 부과하는 것이 통상적이다. * 공동소소송인 독립의 원칙 : 공동소송인과 상대방 사이의 청구가 각기 별개 독립의 것이고 단지 편의상 하나의 소송절차에 의하는 것이 바람직하여 병합된 통상공동소송의 경우에는 각 공동소송인은 다른 공동소송인에 의한 제한이나 간섭을 받지 않고 각자 독립하여 소송수행권을 가진다는 원칙 그런데, 해당 약관조항은 특별한 사유 없이 위임인들이 소송비용을 모두 균등하게 분담하도록 규정함으로써 오히려 위임인들 간의 형평에 반하는 결과가 된다. 이는 피심인의 편의를 위하여 일부 위임인(다른 위임인에 비해 소가가 적은 위임인 등)으로 하여금 자신이 부담하지 않아도 되는 비용을 부담하도록 하는 조항으로서 위임인에게 부당하게 불리하다. 그러므로 소송비용을 소가 및 소송결과와 상관없이 위임인간에 소송비용을 균등하게 분담하도록 한 당해 약관조항은 고객에게 부당하게 불리한 약관조항으로서 약관법 제6조 제2항 제1호에 해당하여 무효이다. 2. 피심인의 노력 투입 후 위임인의 일방적 해지 등의 사유 발생시 위임인에게 위약금을 부과할 수 있는 조항 가. 약관조항 * 갑 : 위임인(청구인), 을 : 수임인(피심인) 나. 심사의견 : 무효 당해 약관조항은 위임사무가 계속 유지되지는 않으나 피심인이 이미 상당한 노력을 투입한 경우를 대비하여 둔 조항으로서 현실적으로 필요한 조항에 해당한다. 그러나 제4조 제1항에서 정한 성공보수는 위임인이 본 소송으로 얻은 경제적 이익의 3%와 금 50만원 중 다액의 금액인데 반해, 당해 약관조항에서 정한 위약금은 금 500만원이다. 여기서 경제적 이익은 피심인이 제출한 자료에 따르면, 임금차액상당의 손해배상청구가 승소하였을 경우에는 3년 동안의 임금차액인 약 1억원(위임인별로 차이가 있을 수 있음)의 3%인 약 300만원(1억원 × 3%)정도이다. 그렇다면, 피심인이 많은 노력을 투여하여 승소하였을 경우에 받는 이익(약 300만원)보다 승소하지 않고 중간에 당해 약관조항에서 정한 사유로 위임계약이 종결된 경우에 받는 이익(500만원)이 더 많을 수 있다. 즉, 피심인은 당해 약관조항을 통해 부당하게 과다한 위약금을 부과하는 결과가 된다. 또한 통상 당해 약관조항과 같은 사유가 발생하면 위임사무가 성공한 것으로 간주하는 이른바 “성공보수간주 규정”을 두는 것이 보통인데, 위와 같이 별도로 위약금 조항을 두는 것은 법리상 맞지 않는 면이 있다. 더군다나 위 사유 중 “갑(위임인)이 정당한 사유 없이 위임계약을 해지한 경우”는 계약의 양 당사자가 위약금 없이 계약을 언제든지 해지할 수 있다는 위임계약의 상호해지자유의 원칙에 반할 수",,미검수,,,"근거 서술에 조항 문구 인용 없음. 내용상 '위임인들이 소송비용을 모두 균등하게 분담하도록 규정'한 조항과 '피심인의 노력 투입 후 위임인의 일방적 해지 등의 사유 발생시 위약금을 부과할 수 있는 조항'이 있으나, 원문 문구가 따옴표나 인용 표시 없이 설명만 되어 있음",candidates_ftc_불공정약관조항.csv
법제처 OPEN API/ftc,1091,,권두섭 등 15개 사업자의 위임계약서상 불공정약관조항에 대한 건,https://www.law.go.kr/DRF/lawService.do?OC=test&target=ftc&ID=1091&type=HTML,(문서 전체 — 조항 구분 없음),무효,명시,위험,"제6조,제8조",부당한 비용·세금 전가|선택권 제한·구입 강제|과도한 위약금,"1091 시정권고서 2011약관0143 ~ 2011약관0157 * 갑 : 위임인(청구인), 을 : 수임인(피심인) 나. 심사의견 : 무효 소송비용은 소송의 결과 및 소가 등에 따라 위임인마다 다르게 발생하게 된다. 따라서 당해 사안과 같이 통상공동소송을 위한 소송위임계약서에서는 공동소송인 독립의 원칙*이 적용되기 때문에 당사자별로 소가 및 소송의 결과 등에 따라 소송비용도 별도로 책정하여 부과하는 것이 통상적이다. * 공동소소송인 독립의 원칙 : 공동소송인과 상대방 사이의 청구가 각기 별개 독립의 것이고 단지 편의상 하나의 소송절차에 의하는 것이 바람직하여 병합된 통상공동소송의 경우에는 각 공동소송인은 다른 공동소송인에 의한 제한이나 간섭을 받지 않고 각자 독립하여 소송수행권을 가진다는 원칙 그런데, 해당 약관조항은 특별한 사유 없이 위임인들이 소송비용을 모두 균등하게 분담하도록 규정함으로써 오히려 위임인들 간의 형평에 반하는 결과가 된다. 이는 피심인의 편의를 위하여 일부 위임인(다른 위임인에 비해 소가가 적은 위임인 등)으로 하여금 자신이 부담하지 않아도 되는 비용을 부담하도록 하는 조항으로서 위임인에게 부당하게 불리하다. 그러므로 소송비용을 소가 및 소송결과와 상관없이 위임인간에 소송비용을 균등하게 분담하도록 한 당해 약관조항은 고객에게 부당하게 불리한 약관조항으로서 약관법 제6조 제2항 제1호에 해당하여 무효이다. 2. 피심인의 노력 투입 후 위임인의 일방적 해지 등의 사유 발생시 위임인에게 위약금을 부과할 수 있는 조항 가. 약관조항 * 갑 : 위임인(청구인), 을 : 수임인(피심인) 나. 심사의견 : 무효 당해 약관조항은 위임사무가 계속 유지되지는 않으나 피심인이 이미 상당한 노력을 투입한 경우를 대비하여 둔 조항으로서 현실적으로 필요한 조항에 해당한다. 그러나 제4조 제1항에서 정한 성공보수는 위임인이 본 소송으로 얻은 경제적 이익의 3%와 금 50만원 중 다액의 금액인데 반해, 당해 약관조항에서 정한 위약금은 금 500만원이다. 여기서 경제적 이익은 피심인이 제출한 자료에 따르면, 임금차액상당의 손해배상청구가 승소하였을 경우에는 3년 동안의 임금차액인 약 1억원(위임인별로 차이가 있을 수 있음)의 3%인 약 300만원(1억원 × 3%)정도이다. 그렇다면, 피심인이 많은 노력을 투여하여 승소하였을 경우에 받는 이익(약 300만원)보다 승소하지 않고 중간에 당해 약관조항에서 정한 사유로 위임계약이 종결된 경우에 받는 이익(500만원)이 더 많을 수 있다. 즉, 피심인은 당해 약관조항을 통해 부당하게 과다한 위약금을 부과하는 결과가 된다. 또한 통상 당해 약관조항과 같은 사유가 발생하면 위임사무가 성공한 것으로 간주하는 이른바 “성공보수간주 규정”을 두는 것이 보통인데, 위와 같이 별도로 위약금 조항을 두는 것은 법리상 맞지 않는 면이 있다. 더군다나 위 사유 중 “갑(위임인)이 정당한 사유 없이 위임계약을 해지한 경우”는 계약의 양 당사자가 위약금 없이 계약을 언제든지 해지할 수 있다는 위임계약의 상호해지자유의 원칙에 반할 수",,미검수,,,"근거 서술에 조항 문구 인용 없음. 내용만 설명되어 있음(소송비용 균등분담, 위약금 500만원 등)",candidates_ftc_불공정약관조항.csv
법제처 OPEN API/ftc,1101,,권두섭 등 15개 사업자의 위임계약서상 불공정약관조항에 대한 건,https://www.law.go.kr/DRF/lawService.do?OC=test&target=ftc&ID=1101&type=HTML,(문서 전체 — 조항 구분 없음),무효,명시,위험,"제6조,제8조",부당한 비용·세금 전가|선택권 제한·구입 강제|과도한 위약금,"1101 시정권고서 2011약관0143 ~ 2011약관0157 * 갑 : 위임인(청구인), 을 : 수임인(피심인) 나. 심사의견 : 무효 소송비용은 소송의 결과 및 소가 등에 따라 위임인마다 다르게 발생하게 된다. 따라서 당해 사안과 같이 통상공동소송을 위한 소송위임계약서에서는 공동소송인 독립의 원칙*이 적용되기 때문에 당사자별로 소가 및 소송의 결과 등에 따라 소송비용도 별도로 책정하여 부과하는 것이 통상적이다. * 공동소소송인 독립의 원칙 : 공동소송인과 상대방 사이의 청구가 각기 별개 독립의 것이고 단지 편의상 하나의 소송절차에 의하는 것이 바람직하여 병합된 통상공동소송의 경우에는 각 공동소송인은 다른 공동소송인에 의한 제한이나 간섭을 받지 않고 각자 독립하여 소송수행권을 가진다는 원칙 그런데, 해당 약관조항은 특별한 사유 없이 위임인들이 소송비용을 모두 균등하게 분담하도록 규정함으로써 오히려 위임인들 간의 형평에 반하는 결과가 된다. 이는 피심인의 편의를 위하여 일부 위임인(다른 위임인에 비해 소가가 적은 위임인 등)으로 하여금 자신이 부담하지 않아도 되는 비용을 부담하도록 하는 조항으로서 위임인에게 부당하게 불리하다. 그러므로 소송비용을 소가 및 소송결과와 상관없이 위임인간에 소송비용을 균등하게 분담하도록 한 당해 약관조항은 고객에게 부당하게 불리한 약관조항으로서 약관법 제6조 제2항 제1호에 해당하여 무효이다. 2. 피심인의 노력 투입 후 위임인의 일방적 해지 등의 사유 발생시 위임인에게 위약금을 부과할 수 있는 조항 가. 약관조항 * 갑 : 위임인(청구인), 을 : 수임인(피심인) 나. 심사의견 : 무효 당해 약관조항은 위임사무가 계속 유지되지는 않으나 피심인이 이미 상당한 노력을 투입한 경우를 대비하여 둔 조항으로서 현실적으로 필요한 조항에 해당한다. 그러나 제4조 제1항에서 정한 성공보수는 위임인이 본 소송으로 얻은 경제적 이익의 3%와 금 50만원 중 다액의 금액인데 반해, 당해 약관조항에서 정한 위약금은 금 500만원이다. 여기서 경제적 이익은 피심인이 제출한 자료에 따르면, 임금차액상당의 손해배상청구가 승소하였을 경우에는 3년 동안의 임금차액인 약 1억원(위임인별로 차이가 있을 수 있음)의 3%인 약 300만원(1억원 × 3%)정도이다. 그렇다면, 피심인이 많은 노력을 투여하여 승소하였을 경우에 받는 이익(약 300만원)보다 승소하지 않고 중간에 당해 약관조항에서 정한 사유로 위임계약이 종결된 경우에 받는 이익(500만원)이 더 많을 수 있다. 즉, 피심인은 당해 약관조항을 통해 부당하게 과다한 위약금을 부과하는 결과가 된다. 또한 통상 당해 약관조항과 같은 사유가 발생하면 위임사무가 성공한 것으로 간주하는 이른바 “성공보수간주 규정”을 두는 것이 보통인데, 위와 같이 별도로 위약금 조항을 두는 것은 법리상 맞지 않는 면이 있다. 더군다나 위 사유 중 “갑(위임인)이 정당한 사유 없이 위임계약을 해지한 경우”는 계약의 양 당사자가 위약금 없이 계약을 언제든지 해지할 수 있다는 위임계약의 상호해지자유의 원칙에 반할 수",,미검수,,,"근거 서술에 조항 문구 인용 없음. 위약금 부과 조항의 내용만 설명되어 있으며, 구체적인 조항 문구는 제시되지 않음",candidates_ftc_불공정약관조항.csv
법제처 OPEN API/ftc,1089,,권두섭 등 15개 사업자의 위임계약서상 불공정약관조항에 대한 건,https://www.law.go.kr/DRF/lawService.do?OC=test&target=ftc&ID=1089&type=HTML,(문서 전체 — 조항 구분 없음),무효,명시,위험,"제6조,제8조",부당한 비용·세금 전가|선택권 제한·구입 강제|과도한 위약금,"1089 시정권고서 2011약관0143 ~ 2011약관0157 * 갑 : 위임인(청구인), 을 : 수임인(피심인) 나. 심사의견 : 무효 소송비용은 소송의 결과 및 소가 등에 따라 위임인마다 다르게 발생하게 된다. 따라서 당해 사안과 같이 통상공동소송을 위한 소송위임계약서에서는 공동소송인 독립의 원칙*이 적용되기 때문에 당사자별로 소가 및 소송의 결과 등에 따라 소송비용도 별도로 책정하여 부과하는 것이 통상적이다. * 공동소소송인 독립의 원칙 : 공동소송인과 상대방 사이의 청구가 각기 별개 독립의 것이고 단지 편의상 하나의 소송절차에 의하는 것이 바람직하여 병합된 통상공동소송의 경우에는 각 공동소송인은 다른 공동소송인에 의한 제한이나 간섭을 받지 않고 각자 독립하여 소송수행권을 가진다는 원칙 그런데, 해당 약관조항은 특별한 사유 없이 위임인들이 소송비용을 모두 균등하게 분담하도록 규정함으로써 오히려 위임인들 간의 형평에 반하는 결과가 된다. 이는 피심인의 편의를 위하여 일부 위임인(다른 위임인에 비해 소가가 적은 위임인 등)으로 하여금 자신이 부담하지 않아도 되는 비용을 부담하도록 하는 조항으로서 위임인에게 부당하게 불리하다. 그러므로 소송비용을 소가 및 소송결과와 상관없이 위임인간에 소송비용을 균등하게 분담하도록 한 당해 약관조항은 고객에게 부당하게 불리한 약관조항으로서 약관법 제6조 제2항 제1호에 해당하여 무효이다. 2. 피심인의 노력 투입 후 위임인의 일방적 해지 등의 사유 발생시 위임인에게 위약금을 부과할 수 있는 조항 가. 약관조항 * 갑 : 위임인(청구인), 을 : 수임인(피심인) 나. 심사의견 : 무효 당해 약관조항은 위임사무가 계속 유지되지는 않으나 피심인이 이미 상당한 노력을 투입한 경우를 대비하여 둔 조항으로서 현실적으로 필요한 조항에 해당한다. 그러나 제4조 제1항에서 정한 성공보수는 위임인이 본 소송으로 얻은 경제적 이익의 3%와 금 50만원 중 다액의 금액인데 반해, 당해 약관조항에서 정한 위약금은 금 500만원이다. 여기서 경제적 이익은 피심인이 제출한 자료에 따르면, 임금차액상당의 손해배상청구가 승소하였을 경우에는 3년 동안의 임금차액인 약 1억원(위임인별로 차이가 있을 수 있음)의 3%인 약 300만원(1억원 × 3%)정도이다. 그렇다면, 피심인이 많은 노력을 투여하여 승소하였을 경우에 받는 이익(약 300만원)보다 승소하지 않고 중간에 당해 약관조항에서 정한 사유로 위임계약이 종결된 경우에 받는 이익(500만원)이 더 많을 수 있다. 즉, 피심인은 당해 약관조항을 통해 부당하게 과다한 위약금을 부과하는 결과가 된다. 또한 통상 당해 약관조항과 같은 사유가 발생하면 위임사무가 성공한 것으로 간주하는 이른바 “성공보수간주 규정”을 두는 것이 보통인데, 위와 같이 별도로 위약금 조항을 두는 것은 법리상 맞지 않는 면이 있다. 더군다나 위 사유 중 “갑(위임인)이 정당한 사유 없이 위임계약을 해지한 경우”는 계약의 양 당사자가 위약금 없이 계약을 언제든지 해지할 수 있다는 위임계약의 상호해지자유의 원칙에 반할 수",,미검수,,,"근거 서술에 조항 문구 인용 없음. 내용상 '위임인들이 소송비용을 모두 균등하게 분담하도록 규정'한 조항과 '위임사무가 계속 유지되지는 않으나 피심인이 이미 상당한 노력을 투입한 경우' 위약금을 부과하는 조항이 있으나, 정확한 문구는 인용되지 않음",candidates_ftc_불공정약관조항.csv
법제처 OPEN API/ftc,1095,,권두섭 등 15개 사업자의 위임계약서상 불공정약관조항에 대한 건,https://www.law.go.kr/DRF/lawService.do?OC=test&target=ftc&ID=1095&type=HTML,(문서 전체 — 조항 구분 없음),무효,명시,위험,"제6조,제8조",부당한 비용·세금 전가|선택권 제한·구입 강제|과도한 위약금,"1095 시정권고서 2011약관0143 ~ 2011약관0157 * 갑 : 위임인(청구인), 을 : 수임인(피심인) 나. 심사의견 : 무효 소송비용은 소송의 결과 및 소가 등에 따라 위임인마다 다르게 발생하게 된다. 따라서 당해 사안과 같이 통상공동소송을 위한 소송위임계약서에서는 공동소송인 독립의 원칙*이 적용되기 때문에 당사자별로 소가 및 소송의 결과 등에 따라 소송비용도 별도로 책정하여 부과하는 것이 통상적이다. * 공동소소송인 독립의 원칙 : 공동소송인과 상대방 사이의 청구가 각기 별개 독립의 것이고 단지 편의상 하나의 소송절차에 의하는 것이 바람직하여 병합된 통상공동소송의 경우에는 각 공동소송인은 다른 공동소송인에 의한 제한이나 간섭을 받지 않고 각자 독립하여 소송수행권을 가진다는 원칙 그런데, 해당 약관조항은 특별한 사유 없이 위임인들이 소송비용을 모두 균등하게 분담하도록 규정함으로써 오히려 위임인들 간의 형평에 반하는 결과가 된다. 이는 피심인의 편의를 위하여 일부 위임인(다른 위임인에 비해 소가가 적은 위임인 등)으로 하여금 자신이 부담하지 않아도 되는 비용을 부담하도록 하는 조항으로서 위임인에게 부당하게 불리하다. 그러므로 소송비용을 소가 및 소송결과와 상관없이 위임인간에 소송비용을 균등하게 분담하도록 한 당해 약관조항은 고객에게 부당하게 불리한 약관조항으로서 약관법 제6조 제2항 제1호에 해당하여 무효이다. 2. 피심인의 노력 투입 후 위임인의 일방적 해지 등의 사유 발생시 위임인에게 위약금을 부과할 수 있는 조항 가. 약관조항 * 갑 : 위임인(청구인), 을 : 수임인(피심인) 나. 심사의견 : 무효 당해 약관조항은 위임사무가 계속 유지되지는 않으나 피심인이 이미 상당한 노력을 투입한 경우를 대비하여 둔 조항으로서 현실적으로 필요한 조항에 해당한다. 그러나 제4조 제1항에서 정한 성공보수는 위임인이 본 소송으로 얻은 경제적 이익의 3%와 금 50만원 중 다액의 금액인데 반해, 당해 약관조항에서 정한 위약금은 금 500만원이다. 여기서 경제적 이익은 피심인이 제출한 자료에 따르면, 임금차액상당의 손해배상청구가 승소하였을 경우에는 3년 동안의 임금차액인 약 1억원(위임인별로 차이가 있을 수 있음)의 3%인 약 300만원(1억원 × 3%)정도이다. 그렇다면, 피심인이 많은 노력을 투여하여 승소하였을 경우에 받는 이익(약 300만원)보다 승소하지 않고 중간에 당해 약관조항에서 정한 사유로 위임계약이 종결된 경우에 받는 이익(500만원)이 더 많을 수 있다. 즉, 피심인은 당해 약관조항을 통해 부당하게 과다한 위약금을 부과하는 결과가 된다. 또한 통상 당해 약관조항과 같은 사유가 발생하면 위임사무가 성공한 것으로 간주하는 이른바 “성공보수간주 규정”을 두는 것이 보통인데, 위와 같이 별도로 위약금 조항을 두는 것은 법리상 맞지 않는 면이 있다. 더군다나 위 사유 중 “갑(위임인)이 정당한 사유 없이 위임계약을 해지한 경우”는 계약의 양 당사자가 위약금 없이 계약을 언제든지 해지할 수 있다는 위임계약의 상호해지자유의 원칙에 반할 수",,미검수,,,"근거 서술에 조항 문구 인용 없음. 내용상 '위임인들이 소송비용을 모두 균등하게 분담하도록 규정'한 조항과 '피심인이 노력 투입 후 위임인의 일방적 해지 등의 사유 발생시 위약금을 부과'하는 조항이 언급되나, 따옴표나 「」로 명시된 원문 인용이 없음",candidates_ftc_불공정약관조항.csv
법제처 OPEN API/ftc,1099,,권두섭 등 15개 사업자의 위임계약서상 불공정약관조항에 대한 건,https://www.law.go.kr/DRF/lawService.do?OC=test&target=ftc&ID=1099&type=HTML,(문서 전체 — 조항 구분 없음),무효,명시,위험,"제6조,제8조",부당한 비용·세금 전가|선택권 제한·구입 강제|과도한 위약금,"1099 시정권고서 2011약관0143 ~ 2011약관0157 * 갑 : 위임인(청구인), 을 : 수임인(피심인) 나. 심사의견 : 무효 소송비용은 소송의 결과 및 소가 등에 따라 위임인마다 다르게 발생하게 된다. 따라서 당해 사안과 같이 통상공동소송을 위한 소송위임계약서에서는 공동소송인 독립의 원칙*이 적용되기 때문에 당사자별로 소가 및 소송의 결과 등에 따라 소송비용도 별도로 책정하여 부과하는 것이 통상적이다. * 공동소소송인 독립의 원칙 : 공동소송인과 상대방 사이의 청구가 각기 별개 독립의 것이고 단지 편의상 하나의 소송절차에 의하는 것이 바람직하여 병합된 통상공동소송의 경우에는 각 공동소송인은 다른 공동소송인에 의한 제한이나 간섭을 받지 않고 각자 독립하여 소송수행권을 가진다는 원칙 그런데, 해당 약관조항은 특별한 사유 없이 위임인들이 소송비용을 모두 균등하게 분담하도록 규정함으로써 오히려 위임인들 간의 형평에 반하는 결과가 된다. 이는 피심인의 편의를 위하여 일부 위임인(다른 위임인에 비해 소가가 적은 위임인 등)으로 하여금 자신이 부담하지 않아도 되는 비용을 부담하도록 하는 조항으로서 위임인에게 부당하게 불리하다. 그러므로 소송비용을 소가 및 소송결과와 상관없이 위임인간에 소송비용을 균등하게 분담하도록 한 당해 약관조항은 고객에게 부당하게 불리한 약관조항으로서 약관법 제6조 제2항 제1호에 해당하여 무효이다. 2. 피심인의 노력 투입 후 위임인의 일방적 해지 등의 사유 발생시 위임인에게 위약금을 부과할 수 있는 조항 가. 약관조항 * 갑 : 위임인(청구인), 을 : 수임인(피심인) 나. 심사의견 : 무효 당해 약관조항은 위임사무가 계속 유지되지는 않으나 피심인이 이미 상당한 노력을 투입한 경우를 대비하여 둔 조항으로서 현실적으로 필요한 조항에 해당한다. 그러나 제4조 제1항에서 정한 성공보수는 위임인이 본 소송으로 얻은 경제적 이익의 3%와 금 50만원 중 다액의 금액인데 반해, 당해 약관조항에서 정한 위약금은 금 500만원이다. 여기서 경제적 이익은 피심인이 제출한 자료에 따르면, 임금차액상당의 손해배상청구가 승소하였을 경우에는 3년 동안의 임금차액인 약 1억원(위임인별로 차이가 있을 수 있음)의 3%인 약 300만원(1억원 × 3%)정도이다. 그렇다면, 피심인이 많은 노력을 투여하여 승소하였을 경우에 받는 이익(약 300만원)보다 승소하지 않고 중간에 당해 약관조항에서 정한 사유로 위임계약이 종결된 경우에 받는 이익(500만원)이 더 많을 수 있다. 즉, 피심인은 당해 약관조항을 통해 부당하게 과다한 위약금을 부과하는 결과가 된다. 또한 통상 당해 약관조항과 같은 사유가 발생하면 위임사무가 성공한 것으로 간주하는 이른바 “성공보수간주 규정”을 두는 것이 보통인데, 위와 같이 별도로 위약금 조항을 두는 것은 법리상 맞지 않는 면이 있다. 더군다나 위 사유 중 “갑(위임인)이 정당한 사유 없이 위임계약을 해지한 경우”는 계약의 양 당사자가 위약금 없이 계약을 언제든지 해지할 수 있다는 위임계약의 상호해지자유의 원칙에 반할 수",,미검수,,,"근거 서술에 조항 문구 인용 없음. 내용상 '위임인들이 소송비용을 모두 균등하게 분담하도록 규정'한 조항과 '피심인의 노력 투입 후 위임인의 일방적 해지 등의 사유 발생시 위약금을 부과할 수 있는 조항'이 있으나, 원문 인용이 없어 정확한 문구를 특정할 수 없음",candidates_ftc_불공정약관조항.csv
법제처 OPEN API/ftc,1085,,권두섭 등 15개 사업자의 위임계약서상 불공정약관조항에 대한 건,https://www.law.go.kr/DRF/lawService.do?OC=test&target=ftc&ID=1085&type=HTML,(문서 전체 — 조항 구분 없음),무효,명시,위험,"제6조,제8조",부당한 비용·세금 전가|선택권 제한·구입 강제|과도한 위약금,"1085 시정권고서 2011약관0143 ~ 2011약관0157 * 갑 : 위임인(청구인), 을 : 수임인(피심인) 나. 심사의견 : 무효 소송비용은 소송의 결과 및 소가 등에 따라 위임인마다 다르게 발생하게 된다. 따라서 당해 사안과 같이 통상공동소송을 위한 소송위임계약서에서는 공동소송인 독립의 원칙*이 적용되기 때문에 당사자별로 소가 및 소송의 결과 등에 따라 소송비용도 별도로 책정하여 부과하는 것이 통상적이다. * 공동소소송인 독립의 원칙 : 공동소송인과 상대방 사이의 청구가 각기 별개 독립의 것이고 단지 편의상 하나의 소송절차에 의하는 것이 바람직하여 병합된 통상공동소송의 경우에는 각 공동소송인은 다른 공동소송인에 의한 제한이나 간섭을 받지 않고 각자 독립하여 소송수행권을 가진다는 원칙 그런데, 해당 약관조항은 특별한 사유 없이 위임인들이 소송비용을 모두 균등하게 분담하도록 규정함으로써 오히려 위임인들 간의 형평에 반하는 결과가 된다. 이는 피심인의 편의를 위하여 일부 위임인(다른 위임인에 비해 소가가 적은 위임인 등)으로 하여금 자신이 부담하지 않아도 되는 비용을 부담하도록 하는 조항으로서 위임인에게 부당하게 불리하다. 그러므로 소송비용을 소가 및 소송결과와 상관없이 위임인간에 소송비용을 균등하게 분담하도록 한 당해 약관조항은 고객에게 부당하게 불리한 약관조항으로서 약관법 제6조 제2항 제1호에 해당하여 무효이다. 2. 피심인의 노력 투입 후 위임인의 일방적 해지 등의 사유 발생시 위임인에게 위약금을 부과할 수 있는 조항 가. 약관조항 * 갑 : 위임인(청구인), 을 : 수임인(피심인) 나. 심사의견 : 무효 당해 약관조항은 위임사무가 계속 유지되지는 않으나 피심인이 이미 상당한 노력을 투입한 경우를 대비하여 둔 조항으로서 현실적으로 필요한 조항에 해당한다. 그러나 제4조 제1항에서 정한 성공보수는 위임인이 본 소송으로 얻은 경제적 이익의 3%와 금 50만원 중 다액의 금액인데 반해, 당해 약관조항에서 정한 위약금은 금 500만원이다. 여기서 경제적 이익은 피심인이 제출한 자료에 따르면, 임금차액상당의 손해배상청구가 승소하였을 경우에는 3년 동안의 임금차액인 약 1억원(위임인별로 차이가 있을 수 있음)의 3%인 약 300만원(1억원 × 3%)정도이다. 그렇다면, 피심인이 많은 노력을 투여하여 승소하였을 경우에 받는 이익(약 300만원)보다 승소하지 않고 중간에 당해 약관조항에서 정한 사유로 위임계약이 종결된 경우에 받는 이익(500만원)이 더 많을 수 있다. 즉, 피심인은 당해 약관조항을 통해 부당하게 과다한 위약금을 부과하는 결과가 된다. 또한 통상 당해 약관조항과 같은 사유가 발생하면 위임사무가 성공한 것으로 간주하는 이른바 “성공보수간주 규정”을 두는 것이 보통인데, 위와 같이 별도로 위약금 조항을 두는 것은 법리상 맞지 않는 면이 있다. 더군다나 위 사유 중 “갑(위임인)이 정당한 사유 없이 위임계약을 해지한 경우”는 계약의 양 당사자가 위약금 없이 계약을 언제든지 해지할 수 있다는 위임계약의 상호해지자유의 원칙에 반할 수",,미검수,,,"근거 서술에 조항 문구 인용 없음. 위약금 부과 조항의 구체적 문구가 인용되지 않았으며, 내용만 설명되어 있음",candidates_ftc_불공정약관조항.csv
법제처 OPEN API/ftc,1103,,권두섭 등 15개 사업자의 위임계약서상 불공정약관조항에 대한 건,https://www.law.go.kr/DRF/lawService.do?OC=test&target=ftc&ID=1103&type=HTML,(문서 전체 — 조항 구분 없음),무효,명시,위험,"제6조,제8조",부당한 비용·세금 전가|선택권 제한·구입 강제|과도한 위약금,"1103 시정권고서 2011약관0143 ~ 2011약관0157 * 갑 : 위임인(청구인), 을 : 수임인(피심인) 나. 심사의견 : 무효 소송비용은 소송의 결과 및 소가 등에 따라 위임인마다 다르게 발생하게 된다. 따라서 당해 사안과 같이 통상공동소송을 위한 소송위임계약서에서는 공동소송인 독립의 원칙*이 적용되기 때문에 당사자별로 소가 및 소송의 결과 등에 따라 소송비용도 별도로 책정하여 부과하는 것이 통상적이다. * 공동소소송인 독립의 원칙 : 공동소송인과 상대방 사이의 청구가 각기 별개 독립의 것이고 단지 편의상 하나의 소송절차에 의하는 것이 바람직하여 병합된 통상공동소송의 경우에는 각 공동소송인은 다른 공동소송인에 의한 제한이나 간섭을 받지 않고 각자 독립하여 소송수행권을 가진다는 원칙 그런데, 해당 약관조항은 특별한 사유 없이 위임인들이 소송비용을 모두 균등하게 분담하도록 규정함으로써 오히려 위임인들 간의 형평에 반하는 결과가 된다. 이는 피심인의 편의를 위하여 일부 위임인(다른 위임인에 비해 소가가 적은 위임인 등)으로 하여금 자신이 부담하지 않아도 되는 비용을 부담하도록 하는 조항으로서 위임인에게 부당하게 불리하다. 그러므로 소송비용을 소가 및 소송결과와 상관없이 위임인간에 소송비용을 균등하게 분담하도록 한 당해 약관조항은 고객에게 부당하게 불리한 약관조항으로서 약관법 제6조 제2항 제1호에 해당하여 무효이다. 2. 피심인의 노력 투입 후 위임인의 일방적 해지 등의 사유 발생시 위임인에게 위약금을 부과할 수 있는 조항 가. 약관조항 * 갑 : 위임인(청구인), 을 : 수임인(피심인) 나. 심사의견 : 무효 당해 약관조항은 위임사무가 계속 유지되지는 않으나 피심인이 이미 상당한 노력을 투입한 경우를 대비하여 둔 조항으로서 현실적으로 필요한 조항에 해당한다. 그러나 제4조 제1항에서 정한 성공보수는 위임인이 본 소송으로 얻은 경제적 이익의 3%와 금 50만원 중 다액의 금액인데 반해, 당해 약관조항에서 정한 위약금은 금 500만원이다. 여기서 경제적 이익은 피심인이 제출한 자료에 따르면, 임금차액상당의 손해배상청구가 승소하였을 경우에는 3년 동안의 임금차액인 약 1억원(위임인별로 차이가 있을 수 있음)의 3%인 약 300만원(1억원 × 3%)정도이다. 그렇다면, 피심인이 많은 노력을 투여하여 승소하였을 경우에 받는 이익(약 300만원)보다 승소하지 않고 중간에 당해 약관조항에서 정한 사유로 위임계약이 종결된 경우에 받는 이익(500만원)이 더 많을 수 있다. 즉, 피심인은 당해 약관조항을 통해 부당하게 과다한 위약금을 부과하는 결과가 된다. 또한 통상 당해 약관조항과 같은 사유가 발생하면 위임사무가 성공한 것으로 간주하는 이른바 “성공보수간주 규정”을 두는 것이 보통인데, 위와 같이 별도로 위약금 조항을 두는 것은 법리상 맞지 않는 면이 있다. 더군다나 위 사유 중 “갑(위임인)이 정당한 사유 없이 위임계약을 해지한 경우”는 계약의 양 당사자가 위약금 없이 계약을 언제든지 해지할 수 있다는 위임계약의 상호해지자유의 원칙에 반할 수",,미검수,,,"근거 서술에 조항 문구 인용 없음. 위약금 부과 조항의 구체적 문구가 인용되지 않았으며, 내용만 설명되어 있음",candidates_ftc_불공정약관조항.csv
법제처 OPEN API/ftc,1093,,권두섭 등 15개 사업자의 위임계약서상 불공정약관조항에 대한 건,https://www.law.go.kr/DRF/lawService.do?OC=test&target=ftc&ID=1093&type=HTML,(문서 전체 — 조항 구분 없음),무효,명시,위험,"제6조,제8조",부당한 비용·세금 전가|선택권 제한·구입 강제|과도한 위약금,"1093 시정권고서 2011약관0143 ~ 2011약관0157 * 갑 : 위임인(청구인), 을 : 수임인(피심인) 나. 심사의견 : 무효 소송비용은 소송의 결과 및 소가 등에 따라 위임인마다 다르게 발생하게 된다. 따라서 당해 사안과 같이 통상공동소송을 위한 소송위임계약서에서는 공동소송인 독립의 원칙*이 적용되기 때문에 당사자별로 소가 및 소송의 결과 등에 따라 소송비용도 별도로 책정하여 부과하는 것이 통상적이다. * 공동소소송인 독립의 원칙 : 공동소송인과 상대방 사이의 청구가 각기 별개 독립의 것이고 단지 편의상 하나의 소송절차에 의하는 것이 바람직하여 병합된 통상공동소송의 경우에는 각 공동소송인은 다른 공동소송인에 의한 제한이나 간섭을 받지 않고 각자 독립하여 소송수행권을 가진다는 원칙 그런데, 해당 약관조항은 특별한 사유 없이 위임인들이 소송비용을 모두 균등하게 분담하도록 규정함으로써 오히려 위임인들 간의 형평에 반하는 결과가 된다. 이는 피심인의 편의를 위하여 일부 위임인(다른 위임인에 비해 소가가 적은 위임인 등)으로 하여금 자신이 부담하지 않아도 되는 비용을 부담하도록 하는 조항으로서 위임인에게 부당하게 불리하다. 그러므로 소송비용을 소가 및 소송결과와 상관없이 위임인간에 소송비용을 균등하게 분담하도록 한 당해 약관조항은 고객에게 부당하게 불리한 약관조항으로서 약관법 제6조 제2항 제1호에 해당하여 무효이다. 2. 피심인의 노력 투입 후 위임인의 일방적 해지 등의 사유 발생시 위임인에게 위약금을 부과할 수 있는 조항 가. 약관조항 * 갑 : 위임인(청구인), 을 : 수임인(피심인) 나. 심사의견 : 무효 당해 약관조항은 위임사무가 계속 유지되지는 않으나 피심인이 이미 상당한 노력을 투입한 경우를 대비하여 둔 조항으로서 현실적으로 필요한 조항에 해당한다. 그러나 제4조 제1항에서 정한 성공보수는 위임인이 본 소송으로 얻은 경제적 이익의 3%와 금 50만원 중 다액의 금액인데 반해, 당해 약관조항에서 정한 위약금은 금 500만원이다. 여기서 경제적 이익은 피심인이 제출한 자료에 따르면, 임금차액상당의 손해배상청구가 승소하였을 경우에는 3년 동안의 임금차액인 약 1억원(위임인별로 차이가 있을 수 있음)의 3%인 약 300만원(1억원 × 3%)정도이다. 그렇다면, 피심인이 많은 노력을 투여하여 승소하였을 경우에 받는 이익(약 300만원)보다 승소하지 않고 중간에 당해 약관조항에서 정한 사유로 위임계약이 종결된 경우에 받는 이익(500만원)이 더 많을 수 있다. 즉, 피심인은 당해 약관조항을 통해 부당하게 과다한 위약금을 부과하는 결과가 된다. 또한 통상 당해 약관조항과 같은 사유가 발생하면 위임사무가 성공한 것으로 간주하는 이른바 “성공보수간주 규정”을 두는 것이 보통인데, 위와 같이 별도로 위약금 조항을 두는 것은 법리상 맞지 않는 면이 있다. 더군다나 위 사유 중 “갑(위임인)이 정당한 사유 없이 위임계약을 해지한 경우”는 계약의 양 당사자가 위약금 없이 계약을 언제든지 해지할 수 있다는 위임계약의 상호해지자유의 원칙에 반할 수",,미검수,,,"근거 서술에 조항 문구 인용 없음. 내용상 '위임인들이 소송비용을 모두 균등하게 분담하도록 규정'한 조항과 '피심인의 노력 투입 후 위임인의 일방적 해지 등의 사유 발생시 위약금을 부과할 수 있는 조항'이 있으나, 정확한 문구는 인용되지 않음",candidates_ftc_불공정약관조항.csv
법제처 OPEN API/ftc,1097,,권두섭 등 15개 사업자의 위임계약서상 불공정약관조항에 대한 건,https://www.law.go.kr/DRF/lawService.do?OC=test&target=ftc&ID=1097&type=HTML,(문서 전체 — 조항 구분 없음),무효,명시,위험,"제6조,제8조",부당한 비용·세금 전가|선택권 제한·구입 강제|과도한 위약금,"1097 시정권고서 2011약관0143 ~ 2011약관0157 * 갑 : 위임인(청구인), 을 : 수임인(피심인) 나. 심사의견 : 무효 소송비용은 소송의 결과 및 소가 등에 따라 위임인마다 다르게 발생하게 된다. 따라서 당해 사안과 같이 통상공동소송을 위한 소송위임계약서에서는 공동소송인 독립의 원칙*이 적용되기 때문에 당사자별로 소가 및 소송의 결과 등에 따라 소송비용도 별도로 책정하여 부과하는 것이 통상적이다. * 공동소소송인 독립의 원칙 : 공동소송인과 상대방 사이의 청구가 각기 별개 독립의 것이고 단지 편의상 하나의 소송절차에 의하는 것이 바람직하여 병합된 통상공동소송의 경우에는 각 공동소송인은 다른 공동소송인에 의한 제한이나 간섭을 받지 않고 각자 독립하여 소송수행권을 가진다는 원칙 그런데, 해당 약관조항은 특별한 사유 없이 위임인들이 소송비용을 모두 균등하게 분담하도록 규정함으로써 오히려 위임인들 간의 형평에 반하는 결과가 된다. 이는 피심인의 편의를 위하여 일부 위임인(다른 위임인에 비해 소가가 적은 위임인 등)으로 하여금 자신이 부담하지 않아도 되는 비용을 부담하도록 하는 조항으로서 위임인에게 부당하게 불리하다. 그러므로 소송비용을 소가 및 소송결과와 상관없이 위임인간에 소송비용을 균등하게 분담하도록 한 당해 약관조항은 고객에게 부당하게 불리한 약관조항으로서 약관법 제6조 제2항 제1호에 해당하여 무효이다. 2. 피심인의 노력 투입 후 위임인의 일방적 해지 등의 사유 발생시 위임인에게 위약금을 부과할 수 있는 조항 가. 약관조항 * 갑 : 위임인(청구인), 을 : 수임인(피심인) 나. 심사의견 : 무효 당해 약관조항은 위임사무가 계속 유지되지는 않으나 피심인이 이미 상당한 노력을 투입한 경우를 대비하여 둔 조항으로서 현실적으로 필요한 조항에 해당한다. 그러나 제4조 제1항에서 정한 성공보수는 위임인이 본 소송으로 얻은 경제적 이익의 3%와 금 50만원 중 다액의 금액인데 반해, 당해 약관조항에서 정한 위약금은 금 500만원이다. 여기서 경제적 이익은 피심인이 제출한 자료에 따르면, 임금차액상당의 손해배상청구가 승소하였을 경우에는 3년 동안의 임금차액인 약 1억원(위임인별로 차이가 있을 수 있음)의 3%인 약 300만원(1억원 × 3%)정도이다. 그렇다면, 피심인이 많은 노력을 투여하여 승소하였을 경우에 받는 이익(약 300만원)보다 승소하지 않고 중간에 당해 약관조항에서 정한 사유로 위임계약이 종결된 경우에 받는 이익(500만원)이 더 많을 수 있다. 즉, 피심인은 당해 약관조항을 통해 부당하게 과다한 위약금을 부과하는 결과가 된다. 또한 통상 당해 약관조항과 같은 사유가 발생하면 위임사무가 성공한 것으로 간주하는 이른바 “성공보수간주 규정”을 두는 것이 보통인데, 위와 같이 별도로 위약금 조항을 두는 것은 법리상 맞지 않는 면이 있다. 더군다나 위 사유 중 “갑(위임인)이 정당한 사유 없이 위임계약을 해지한 경우”는 계약의 양 당사자가 위약금 없이 계약을 언제든지 해지할 수 있다는 위임계약의 상호해지자유의 원칙에 반할 수",,미검수,,,"근거 서술에 조항 문구 인용 없음. 내용상 '소송비용을 균등하게 분담', '위약금 500만원' 등이 언급되나 따옴표나 「」 없이 설명만 되어 있음",candidates_ftc_불공정약관조항.csv
법제처 OPEN API/ftc,8645,,김귀동법률사무소의 약정서(민사)상 불공정약관조항에 대한 건,https://www.law.go.kr/DRF/lawService.do?OC=test&target=ftc&ID=8645&type=HTML,승소 간주 조항,무효,명시,위험,제6조,부당한 비용·세금 전가|선택권 제한·구입 강제|과도한 위약금,"2. 승소 간주 조항 (1) 약관조항 (2) 심사결과 : 무효 해당 약관조항의 취지는 승소의 가능성이 있는 소송을 위임인이 부당하게 취하하는 등의 방법으로 수임인의 성공보수, 즉 조건부 보수청구권을 침해하는 것을 방지하기 위한 것이다. 이는 위임인의 귀책사유로 인하여 계약이 종료되거나 계약의 목적달성이 불가능해진 경우 등에 위임사무가 성공한 것으로 보아 성공보수를 전부 지급하도록 한 것으로 손해배상액의 예정에 해당한다. 따라서 위임사무가 거의 진행되지 아니한 상태에서 계약이 해제되거나 양 당사자의 책임없는 사유로 위임계약이 종료된 경우 등에는 성공보수액에서 적절한 금액을 감하여 지급하도록 하여야 할 것이다. 그럼에도 해당 약관조항은 위와 같은 사유가 발생하면 수임인의 노력의 정도, 위임사무 처리의 경과, 소송에 미치는 영향 등을 고려하지 아니하고 무조건 성공한 것으로 간주하여 성공보수를 지급하도록 하고 있다. 따라서 해당 약관조항은 고객에 대하여 부당하게 과중한 손해배상의무를 부담시키는 약관조항 또는 고객에 대하여 부당하게 불리한 약관조항에 해당하여 약관법 제6조 제1항, 제2항 제1호 및 제8조에 따라 무효이다. ",,미검수,,,근거 서술에 조항 문구 인용 없음. 조항의 취지와 내용만 설명되어 있음,candidates_ftc_불공정약관조항.csv
법제처 OPEN API/ftc,8645,,김귀동법률사무소의 약정서(민사)상 불공정약관조항에 대한 건,https://www.law.go.kr/DRF/lawService.do?OC=test&target=ftc&ID=8645&type=HTML,자료임의폐기조항,무효,명시,위험,제6조,부당한 비용·세금 전가|선택권 제한·구입 강제|과도한 위약금,"4. 자료임의폐기조항 (1) 약관조항 (2) 심사결과 : 무효 수임인은 위임사무의 처리로 받은 금전 기타의 물건 및 과실을 위임인에게 인도하여야 하는 점(민법 제684조), 위임계약은 당사자간 신뢰관계를 전제로 하는 점 등을 고려할 때, 위임인이 제공한 서류나 자료의 반환을 요구하는 경우 수임인은 특별한 사정이 없는 한 이를 반환하여야 할 것이다. 즉, 위임인이 서류와 자료를 수임인에게 제공하는 경우 수임인이 이를 이용ㆍ처분하도록 하는 경우 뿐만 아니라 이용 후 반환토록 할 의사로 제공하는 경우도 있으며, 이 경우에는 제공받은 서류와 자료를 반환하여야 할 것이다. 또한 위임계약은 소송의 종결 외의 다른 사유로 종료될 수 있으며, 위임인이 위임계약을 해지한 후 다른 변호사에게 소송을 의뢰하게 될 경우 기존의 관련 서류와 자료를 활용하여야 할 필요가 있다. 해당 약관조항은 위임인이 당해 약정서에서 정한 비용의 지급이나 자료의 제출을 지연하는 등 서류와 자료의 제공과는 무관하거나 경미한 의무를 위반한 경우에도 제공받은 서류와 자료를 임의로 유치할 수 있도록 하고 있다. 또한 위임인의 의사를 묻지 아니하고 위임종료 후 1개월이 경과하면 수임인이 일방적으로 위임인의 서류와 자료를 폐기할 수 있도록 하여 해당 서류와 자료를 활용할 수 없도록 하고 있다. 따라서 해당 약관조항은 고객에 대하여 부당하게 불리한 조항으로서 약관법 제6조 제1항, 제2항 제1호에 따라 무효이다. ",,미검수,,,"근거 서술에 조항 문구 인용 없음. 조항 내용이 설명만 되어 있으며, 정확한 문구를 특정할 수 없음",candidates_ftc_불공정약관조항.csv
법제처 OPEN API/ftc,8645,,김귀동법률사무소의 약정서(민사)상 불공정약관조항에 대한 건,https://www.law.go.kr/DRF/lawService.do?OC=test&target=ftc&ID=8645&type=HTML,관할법원 조항,무효,명시,위험,"제6조,제14조",부당한 비용·세금 전가|선택권 제한·구입 강제|과도한 위약금|권리행사 제한,"5. 관할법원 조항 (1) 약관조항 (2) 심사결과 : 무효 해당 약관조항은 민사소송법상의 관할 규정보다 고객에게 불리한 관할법원을 규정한 것이어서 경제적 약자인 고객에게 응소 및 제소의 불편을 초래할 우려가 있다. 따라서 해당 약관조항은 고객에 대하여 부당하게 불리한 재판관할의 합의조항에 해당하여 약관법 제14조에 따라 무효이다. ]]> (2) 심사결과 : 무효 착수금은 위임사무가 종결될 때까지의 사무처리 비용 외에 보수금 일부를 선급금조로 지급하는 것으로 위임계약이 중도에 종료된 경우 위임사무의 처리정도 및 귀책사유에 따라서 반환여부 및 정도를 정할 수 있다. 착수금 수령후 수임인의 귀책사유로 위임사무를 처리할 수 없게 되거나, 위임사무에 착수하지 아니한 경우, 실질적으로 위임사무의 진행정도가 미미한 경우 등에는 착수금의 전부 또는 일부를 반환하여야 할 것이다. 그럼에도 해당 약관조항은 어떠한 사유가 있더라도 착수금의 반환을 청구하지 못하도록 하고 있는 바, 이는 고객에 대하여 부당하게 불리한 약관조항으로 약관법 제6조 제1항, 제2항 제1호에 따라 무효이다. ",,미검수,,,근거 서술에 관할법원 조항의 구체적 문구 인용 없음. 내용만 설명되어 있음,candidates_ftc_불공정약관조항.csv
법제처 OPEN API/ftc,8645,,김귀동법률사무소의 약정서(민사)상 불공정약관조항에 대한 건,https://www.law.go.kr/DRF/lawService.do?OC=test&target=ftc&ID=8645&type=HTML,관할법원 조항,무효,명시,위험,제14조,권리행사 제한,5. 관할법원 조항 (1) 약관조항 (2) 심사결과 : 무효 해당 약관조항은 민사소송법상의 관할 규정보다 고객에게 불리한 관할법원을 규정한 것이어서 경제적 약자인 고객에게 응소 및 제소의 불편을 초래할 우려가 있다. 따라서 해당 약관조항은 고객에 대하여 부당하게 불리한 재판관할의 합의조항에 해당하여 약관법 제14조에 따라 무효이다. ]]>,,미검수,,,근거 서술에 조항 문구 인용 없음,candidates_ftc_불공정약관조항.csv
법제처 OPEN API/ftc,1117,,대광건설(주)의'대광파인밸리 임대차계약서’상 불공정약관조항에 대한 건,https://www.law.go.kr/DRF/lawService.do?OC=test&target=ftc&ID=1117&type=HTML,부당한 책임회피 조항,무효,명시,위험,"제7조,제11조",책임 면제|권리행사 제한,"2. 부당한 책임회피 조항 가. 약관조항 나. 심사의견 : 무효 ⑴ 불가항력적 손해에 대한 책임전가 조항 : 무효 ㅇ 천재지변이나 이에 준하는 불가항력적인 사유에 의해 손실이 발생하는 경우에 민법은 위험부담에 관하여 채무자가 그 위험을 부담하도록 하고 있다(제537조). 따라서 이 경우에 임차물을 사용ㆍ수익하게 할 채무는 임대인에게 있으므로 불가항력에 의한 위험은 임대인이 부담하는 것이 타당하다. ㅇ 즉 임차인의 고의ㆍ과실 없이 불가항력이나 제3자에 의해 발생한 화재 등으로 임차목적물이 전소되어 임차물이 사용 불가한 경우 임차인은 계속 임차물의 사용수익을 주장할 수도 없겠지만 임대인도 이에 따른 일체의 손실을 임차인에게 부담케하여 불가항력에 의한 위험을 임차인에게 전가시킬 수는 없다 할 것이다. ㅇ 따라서 위 조항은 상당한 이유없이 사업자가 부담하여야 할 위험을 고객에게 이전시키는 조항에 해당하여 약관법 제7조 제2호에 해당하여 무효이다. ⑵ 사업자가 부담할 보수책임과 비용의 전가조항 : 무효 ㅇ 임대차계약 체결과 동시에 임차인은 임차주택을 사용ㆍ수익할 수 있는 임차권을 취득하게 된다(민법 제618호). 이를 위해 임차인은 임대인에게 임차기간 중 사용ㆍ수익에 필요한 상태를 유지해줄 것을 청구할 수 있고 임차주택 보존에 관해 필요비를 지출한 때에는 비용이 발생한 즉시 임대인에게 그 비용을 청구할 수 있다(민법 제626조). ㅇ 또한 표준임대차계약서는 보수의 한계와 관련하여, 주택의 보수 및 수선은 임대인의 부담으로 하되, 전용부분과 그 내부시설물을 임차인이 훼손하거나 멸실한 부분 또는 보수주기 내에서의 소모성 자재의 보수 또는 수선은 임차인의 부담으로 명시하고 있다.(표준약관 제10002호 임대주택표준임대차계약서 제9조 제1항) ㅇ 그런데 제14조 제5항 ㅁ,ㅂ호는 임차인이 임차물을 사용하는데 임차인의 귀책이 아니라 할지라도 주택 및 내부일체의 인명ㆍ재산상 피해와 하자보수의 책임까지를 모두 부담하도록 해석될 수 있다. 이는 임차인의 민법상 권리인 임차권ㆍ필요비상환청구권 및 임대인의 수선의무까지 부정하는 것으로 볼 여지가 있다. ㅇ 따라서 위 조항은 이는 상당한 이유없이 사업자의 손해배상범위를 제한하거나 사업자가 부담하여야 할 위험을 고객에게 이전시키는 조항으로서 약관법 제7조 제2호에 해당하여 무효이다. ]]> 나. 심사의견 : 무효 ㅇ 임대사업자는 임대보증금 또는 임대료의 증액을 청구하는 경우에「주택임대차보호법」으로 정한 범위에서 주거비 물가지수, 인근 지역의 전세가격 변동률 등을 고려해 임대보증금 및 임대료 증액을 청구할 수 있다고 명시하고 있다.(임대주택법 제20조 제2항) ㅇ 따라서 임대인은 임대주택법의 허용범위 내에서 임대보증금을 조정할 수 있으며 임차인과 반드시 합의를 해야 하는 것은 아니다. ㅇ 그러나 임대사업자가 사회통념이나 법정허용 범위를 초과하면서까지 일방적으로 임대보증금 및 임대료를 조정할 수 있는 것은 아니며 임대사업자가 임대보증금을 조정 할 경우 이에 대해 임차인의 이의제기까지를 금할 수 있는 것은 아니다. 임차인은",,미검수,,,"근거 서술에 조항 문구 인용 없음. 불가항력 책임전가와 보수책임 전가 조항의 내용은 설명되어 있으나, 약관의 정확한 문구가 인용되지 않았습니다.",candidates_ftc_불공정약관조항.csv
법제처 OPEN API/ftc,1179,,대한제당(주)의 물품공급/판매계약서상 불공정약관조항에 대한 건,https://www.law.go.kr/DRF/lawService.do?OC=test&target=ftc&ID=1179&type=HTML,(문서 전체 — 조항 구분 없음),무효,명시,위험,제14조,권리행사 제한,"1179 시정권고서 2010약관0478 (2) 심사결과 : 무효 중재는 당사자간의 합의로 사법상의 분쟁을 법원의 재판에 의하지 아니하고 중재인의 판정에 의하여 해결하는 절차로서, 중재판정은 법원의 확정판결과 동일한 효력을 가진다.(중재법 제3조 제1호, 제35조) 중재합의의 대상인 분쟁에 관하여 소가 제기된 경우 피고가 중재합의존재의 항변을 하면 소가 각하되므로, 중재합의가 있으면 당사자는 중재에 의하여 분쟁을 해결하여야 하고 법원의 재판을 받을 수 없게 된다.(중재법 제9조 제1항) 이와 같이 중재는 소송과는 달리 당사자의 합의에 의하여 법관이외의 사인인 제3자의 판단에 맡겨서 분쟁을 자주적, 최종적으로 해결하려는 것이므로 분쟁을 중재로 해결하려는 당사자의 합의가 무엇보다 중요하다. 통상 고객은 중재제도를 잘 알지 못하여 중재제도의 의미를 파악하고 중재조항을 수락했다고 보기 어려운 경우가 많으므로 중재약정은 당사자간 개별약정에 의한 경우에만 유효성이 인정된다할 것이다. 즉, 중재합의가 있으면 법원의 재판에 의한 법규의 해석과 그 적용을 박탈하는 결과를 가져오며 공정치 못한 중재결과가 나왔을 경우 항소심절차에 의해 구제될 수 없음을 고려할 때 사업자가 일방적으로 마련한 약관에 중재합의 조항을 정하는 것은 부당하다 할 것이다. 따라서 해당 약관조항은 고객에 대하여 부당하게 불리한 소제기의 금지조항으로 약관법 제14조에 해당된다. ]]> (2) 심사결과 : 무효 중재는 당사자간의 합의로 사법상의 분쟁을 법원의 재판에 의하지 아니하고 중재인의 판정에 의하여 해결하는 절차로서, 중재판정은 법원의 확정판결과 동일한 효력을 가진다.(중재법 제3조 제1호, 제35조) 중재합의의 대상인 분쟁에 관하여 소가 제기된 경우 피고가 중재합의존재의 항변을 하면 소가 각하되므로, 중재합의가 있으면 당사자는 중재에 의하여 분쟁을 해결하여야 하고 법원의 재판을 받을 수 없게 된다.(중재법 제9조 제1항) 이와 같이 중재는 소송과는 달리 당사자의 합의에 의하여 법관이외의 사인인 제3자의 판단에 맡겨서 분쟁을 자주적, 최종적으로 해결하려는 것이므로 분쟁을 중재로 해결하려는 당사자의 합의가 무엇보다 중요하다. 통상 고객은 중재제도를 잘 알지 못하여 중재제도의 의미를 파악하고 중재조항을 수락했다고 보기 어려운 경우가 많으므로 중재약정은 당사자간 개별약정에 의한 경우에만 유효성이 인정된다할 것이다. 즉, 중재합의가 있으면 법원의 재판에 의한 법규의 해석과 그 적용을 박탈하는 결과를 가져오며 공정치 못한 중재결과가 나왔을 경우 항소심절차에 의해 구제될 수 없음을 고려할 때 사업자가 일방적으로 마련한 약관에 중재합의 조항을 정하는 것은 부당하다 할 것이다. 따라서 해당 약관조항은 고객에 대하여 부당하게 불리한 소제기의 금지조항으로 약관법 제14조에 해당된다. ]]> (2) 심사결과 : 무효 중재는 당사자간의 합의로 사법상의 분쟁을 법원의 재판에 의하지 아니하고 중재인의 판정에 의하여 해결하는 절차로서, 중재판정은 법원의 확정판결과 동일한 효력을 가진다.(중재법 제3조 제1호, ",,미검수,,,"근거 서술에 조항 문구 인용 없음. 중재합의 조항의 존재와 문제점만 설명되어 있으며, 실제 약관 문구는 제시되지 않음",candidates_ftc_불공정약관조항.csv
법제처 OPEN API/ftc,1203,,대한주택보증(주)의 하도급대금지급보증약관상 불공정약관조항에 대한 건,https://www.law.go.kr/DRF/lawService.do?OC=test&target=ftc&ID=1203&type=HTML,권리포기조항,무효,명시,위험,제6조,부당한 비용·세금 전가|선택권 제한·구입 강제|과도한 위약금,"2. 권리포기조항 (1) 약관조항 (2) 심사결과 : 무효 피심인이 보증채무를 이행한 경우 피심인은 보증채권자의 원사업자에 대한 채권 및 그 담보에 관한 권리를 행사할 수 있고(민법 제481조), 이와 같은 권리는 보증채권자로부터 피심인에게 법률상 당연히 이전된다 할 것이다. 그러나 해당 약관조항은 보증채권자의 원사업자에 대한 위와 같은 권리 뿐만 아니라 당해 공사에 대한 일체의 권리를 포기할 것으로 간주하고 있다. 이에 따라 보증채권자의 유치권, 보증계약에 의하여 담보되지 아니하는 원사업자에 대한 채권 등 그 밖의 권리의 행사를 제한할 소지가 있다. 따라서 해당 약관조항은 고객에 대하여 부당하게 불리한 약관조항에 해당하여 약관법 제6조 제1항, 제2항 제1호에 따라 무효이다. ]]> (2) 심사결과 : 무효 해당 계약은 보증보험계약과 유사한 것인 바, 보증기간 내에 보증사고가 발생하였다면 피심인은 원칙적으로 약정한 바에 따라 보증채무를 이행하여야 할 것이다. 그러나 위 약관조항은 보증채무의 이행을 청구하려면 보증사고의 발생 외에 보증채권자가 하도급계약을 해지할 것을 요구하고 있다. 피심인은 보증채무의 범위를 확정하기 위해서는 계약을 해지하도록 할 필요가 있다고 주장한다. 그러나 보증계약에 따라 피심인이 지급하는 금액 즉, 실제시공으로 발생한 하도급공사 인정금액은 사업주체 및 피심인이 최종적으로 행한 기성검사를 기준으로 하고 있으며(해당 약관 제9조 제1항), 보증사고 발생 후 보증채권자의 계속시공으로 생긴 공사금액은 보증채무에 포함되지 아니한다(해당 약관 제5조 제3호). 따라서 보증채무의 범위를 확정하기 위해 하도급계약의 해지가 반드시 필요하다고 보기는 어렵다. 즉, 해당 보증계약과 하도급계약은 별개의 계약이므로 굳이 하도급계약을 해지하지 않더라도 당해 보증채무의 범위, 보증계약의 종료 등을 별도로 정하여 보증채무의 범위를 확정할 수 있다. 또한 보증사고의 범위가 부도나 파산 등에 국한되지 아니하고 그 밖의 사유로 원사업자가 채무를 이행하지 아니한 경우도 포함되므로 보증사고가 발생하더라도 하도급계약의 당사자들이 계약의 유지를 원할 수도 있다. 그럼에도 해당 약관조항은 보증채무를 청구하려면 사전에 하도급계약을 해지하도록 하여 실질적으로 보증채무를 청구하기 어렵도록 하고 있다. 따라서 약관법 제6조 제2항 제1호의 고객에 대하여 부당하게 불리한 약관조항에 해당하여 무효이다. ",,미검수,,,근거 서술에 조항 문구 인용 없음. 권리포기 내용이 설명만 되어 있음,candidates_ftc_불공정약관조항.csv
법제처 OPEN API/ftc,1157,,미라클에이짐의 회원가입계약서상 불공정약관조항에 대한 건,https://www.law.go.kr/DRF/lawService.do?OC=test&target=ftc&ID=1157&type=HTML,"헬스장내에서의 고객물품의 분실, 도난에 대한 사업자의 면책 조항",무효,명시,위험,"제7조,제8조",책임 면제|과도한 위약금,"2. 헬스장내에서의 고객물품의 분실, 도난에 대한 사업자의 면책 조항 가. 약관조항 나. 심사의견: 무효 상법상 공중접객업자는 고객으로부터 임치받은 물건의 보관상 주의를 게을리하지 아니하였음을 증명하지 아니하면 그 물건의 멸실 또는 훼손으로 인한 손해배상의 책임이 있고, 고객으로부터 임치받지 아니한 경우에도 그 시설 내에 휴대한 물건이 공중접객업자 자신 또는 그 사용인의 과실로 인하여 멸실 또는 훼손되었을 대에는 그 손해를 배상할 책임이 있다고 규정(상법 제152조 제1항 및 제2항)하고 있으며, 이에 따라 시설물 내에서의 도난사고의 발생이 사업자의 과실에서 야기된 경우라면 사업자가 그 책임을 지는 것은 당연하다 할 것이다. 또한, 민법상 사업자의 고의 또는 과실로 인한 위법행위로 타인에게 손해를 가한 때에는 그 손해를 배상할 책임이 있으며(민법 제750조) 공작물의 설치 또는 보존의 하자로 인해 타인에게 손해를 가한 때에는 점유자 또는 소유자가 손해배상의 책임이 있다고 규정(민법 제758조 제1항)하고 있으므로 사업자의 과실에 기인한 안전사고에는 사업자가 배상책임을 지어야 할 것이다. 물론 귀중품 등을 안내데스크에 맡기지 않은 경우 우선적으로는 이용자 본인에게 자신의 물건 등의 관리책임이 있을 것이다. 그러나 위 약관에는 헬스장내에서의 고객 물품의 분실, 도난에 대해 사업자의 귀책유무를 따짐이 없이 사업자가 면책되는 것으로 규정하고 있다. 따라서 당해 약관조항은 사업자의 고의 또는 중대한 과실로 인한 법률상의 책임을 배제하는 조항으로 약관법 제7조 제1호에 해당되어 무효이다. ]]> 나. 심사의견: 무효 대중체육시설 이용계약은「방문판매 등에 관한 법률」(이하 '방판법’이라 한다)상 계속적인 계약(계속거래)에 해당하는 것으로 고객은 계약기간 중 언제든지 해지할 수 있으며 소비자의 사정으로 계약이 해지된 경우 계약 해지로 인해 발생하는 손실에 상당하는 적정 위약금을 제외한 나머지 대금을 환급해야 할 것이다.(방판법 제29조, 제30조) 고객이 자신의 사정으로 계약기간 중도에 해지를 하는 경우에 사업자는 고객에게 손해배상액의 예정으로서의 위약금을 부담지울 수 있지만 이 경우에도 관련 임의규정, 통상의 거래관행 등을 고려하여 합리적인 수준의 위약금을 정하여야 할 것이다. 방판법 제30조 제5항에 따라 정하여 고시한 「계속거래 등의 해지ㆍ해제에 따른 위약금 및 대금의 환급에 관한 산정기준」 상에는 헬스장 이용계약과 관련하여 고객의 사정에 의한 중도 해지 시 위약금 상한액을 총 계약금액의 10%로 정하고 있다. 또한, 체력단련장 표준약관 및 소비자피해보상규정에서도 체육시설을 이용하는 소비자의 귀책사유로 개시일 이후 계약을 해지할 경우 취소일까지의 이용일수에 해당하는 금액과 총 이용금액의 10%를 위약금으로 공제하고 환급하도록 규정하고 있다. 헬스장의 가입금은 통상 입회비(가입수수료), 연회비, 보증금 및 부가가치세로 구성되어 있는데 연회비는 시설사용료의 선불적 성격을 갖고 있기 때문에 사업자의 귀책사유에 의한 탈회시는 물론이고 고객의 개인사정에 ",,미검수,,,근거 서술에 조항 문구 인용 없음. 헬스장내 물품 분실·도난에 대한 사업자 면책 조항의 구체적 문구가 인용되지 않고 내용만 설명됨,candidates_ftc_불공정약관조항.csv
법제처 OPEN API/ftc,10787,,불공정약관조항에 대한 건,https://www.law.go.kr/DRF/lawService.do?OC=test&target=ftc&ID=10787&type=HTML,(문서 전체 — 조항 구분 없음),무효,명시,위험,제7조,책임 면제,"10787 시정권고서 2008약관1793 2. 심사의견 : 무효 ○ 악성코드 제거 프로그램 제공업자는 그 제품의 구조, 품질, 성능 등에 있어서 그 유통당시의 기술 수준과 경제성에 비추어 기대 가능한 범위 내의 안전성을 갖춘 제품을 제조, 판매하여야 할 책임이 있음. - 따라서 이러한 안정성을 갖추지 못한 결함 등 사업자의 귀책사유로 발생한 해킹사고, 데이터 손실, PC의 오작동 등으로 인하여 고객에게 손해가 발생하였다면 사업자가 이에 대해 배상하여야 할 것임. ○ 또한 천재지변이 아닌 사업자의 귀책사유로 인하여 발생한 장비의 고장과 사전에 고객에게 미리 고지하지 않고 행한 장비의 보수 및 교체작업 등으로 인하여 고객에게 손해가 발생하였다면 이에 귀책사유가 있는 사업자가 배상하여야 할 것임. ○ 그러나 피심인의 위 약관조항은 자신의 귀책사유인 프로그램상 결함 및 시스템 보수 및 교체 작업 등으로 인하여 발생하는 고객의 피해 등에 대하여 책임을 지지 않는다고 규정하고 있음. ○ 따라서 이는 사업자의 고의 또는 중대한 과실로 인한 법률상 책임을 제한하는 조항으로 약관법 제7조 제1호에 해당됨. ]]> 2. 심사의견 : 무효 ○ 악성코드 제거 프로그램 제공업자는 그 제품의 구조, 품질, 성능 등에 있어서 그 유통당시의 기술 수준과 경제성에 비추어 기대 가능한 범위 내의 안전성을 갖춘 제품을 제조, 판매하여야 할 책임이 있음. - 따라서 이러한 안정성을 갖추지 못한 결함 등 사업자의 귀책사유로 발생한 해킹사고, 데이터 손실, PC의 오작동 등으로 인하여 고객에게 손해가 발생하였다면 사업자가 이에 대해 배상하여야 할 것임. ○ 또한 천재지변이 아닌 사업자의 귀책사유로 인하여 발생한 장비의 고장과 사전에 고객에게 미리 고지하지 않고 행한 장비의 보수 및 교체작업 등으로 인하여 고객에게 손해가 발생하였다면 이에 귀책사유가 있는 사업자가 배상하여야 할 것임. ○ 그러나 피심인의 위 약관조항은 자신의 귀책사유인 프로그램상 결함 및 시스템 보수 및 교체 작업 등으로 인하여 발생하는 고객의 피해 등에 대하여 책임을 지지 않는다고 규정하고 있음. ○ 따라서 이는 사업자의 고의 또는 중대한 과실로 인한 법률상 책임을 제한하는 조항으로 약관법 제7조 제1호에 해당됨. ]]> 2. 심사의견 : 무효 ○ 악성코드 제거 프로그램 제공업자는 그 제품의 구조, 품질, 성능 등에 있어서 그 유통당시의 기술 수준과 경제성에 비추어 기대 가능한 범위 내의 안전성을 갖춘 제품을 제조, 판매하여야 할 책임이 있음. - 따라서 이러한 안정성을 갖추지 못한 결함 등 사업자의 귀책사유로 발생한 해킹사고, 데이터 손실, PC의 오작동 등으로 인하여 고객에게 손해가 발생하였다면 사업자가 이에 대해 배상하여야 할 것임. ○ 또한 천재지변이 아닌 사업자의 귀책사유로 인하여 발생한 장비의 고장과 사전에 고객에게 미리 고지하지 않고 행한 장비의 보수 및 교체작업 등으로 인하여 고객에게 손해가 발생하였다면 이에 귀책사유가 있는 사업자가 배상하여야 할 것임. ○ 그러나 피심인의 위 약관조항은 자신의",,미검수,,,"근거 서술에 조항 문구 인용 없음. 약관조항의 내용이 '책임을 지지 않는다고 규정하고 있음'으로만 설명되어 있고, 실제 조항 문구는 인용되지 않음",candidates_ftc_불공정약관조항.csv
법제처 OPEN API/ftc,1219,,비씨카드(주)의 IC카드납품계약서상 불공정 약관조항에 대한 건,https://www.law.go.kr/DRF/lawService.do?OC=test&target=ftc&ID=1219&type=HTML,(문서 전체 — 조항 구분 없음),무효,명시,위험,제8조,과도한 위약금,"1219 시정권고서 2010약관1544 2. 심사결과 : 무효 일반적으로 계약상대방의 계약이행을 강제하고 상대방의 귀책으로 인한 손해발생시 이를 보전하기 위하여 위약금인 계약보증금 규정을 둘 수 있으나 계약보증금은 계약당사자 쌍방의 이익을 균형있게 고려한 적정한 수준에서 고려되어야 한다. 피심인은 위약금인 계약보증금 규정을 두고 있음에도 별도 차액보증금 규정을 둠으로써 다음과 같이 고객에 대하여 부당하게 과중한 손해배상의무를 부담시키는 동시에 고객에게 일방적으로 불리하여 약관법 제8조 및 제6조 제2항 제1호에 해당된다. 첫째, 일반적으로 계약보증금은 대체로 계약금액의 10% 수준에서 정하고 있고 피심인과 같이 카드납품을 위탁하는 다른 사업자(은행 등)들도 계약보증금 외에 차액보증금을 별도로 규정하고 있지 않다. 둘째, 피심인의 제한 경쟁입찰에 응하는 업체가 청구인 외에 다수 사업자가 있어 다른 납품업체로의 교체가 용이하고, 발주절차 또한 전체 발주물량은 정해져 있으나 필요시 수시로 분할하여 발주하고 있어 상대방의 계약불이행에 따른 피해규모가 타 업종 또는 사업자에 비해 현저히 높다고 볼 수 없다. 또한, 피심인은 계약보증금 외에 지체보상금(계약서 제8조), 하자보증(계약서 제9조), 손해배상(계약서 제10조) 등의 책임을 물을 수 있도록 규정하여 상대방의 계약불이행에 따른 자신의 피해를 보전 받을 충분한 수단을 보유하고 있다. 셋째, 입찰에 참가한 상대방이 예상가격보다 저가로 낙찰받을 경우 피심인은 그 차액(예상가격 - 낙찰금액)만큼 상대방에게 대가(납품대금)를 적게 지급하게 되어 이익을 취하게 됨에도 상대방에게 차액보증금을 납부토록 하는 것은 자신에게 과도하게 유리할 뿐만 아니라, 만일 예상가격을 임의로 높게 책정할 경우 피심인은 자신이 실제 입은 손해를 현저히 상회하여 보전을 받을 수 있게 되므로 고객에게 매우 불리한 내용이다. 넷째, 차액보증금 제도는 단순 경쟁입찰에 의한 최저가 낙찰방식에서 저가입찰에 의한 부실이행 및 계약이행을 담보하기 위한 제도인데, 피심인은 입찰참가 자격으로 IC카드 개발능력을 보유하고 직전년도 납품실적이 100만매 이상인 업체 중 피심인의 제품사양을 충족하는 업체로 제한하는 등 제한적 경쟁입찰 방식을 취하고 있기 때문에 차액보증금을 규정할 합리적인 이유가 없다. ]]> 2. 심사결과 : 무효 일반적으로 계약상대방의 계약이행을 강제하고 상대방의 귀책으로 인한 손해발생시 이를 보전하기 위하여 위약금인 계약보증금 규정을 둘 수 있으나 계약보증금은 계약당사자 쌍방의 이익을 균형있게 고려한 적정한 수준에서 고려되어야 한다. 피심인은 위약금인 계약보증금 규정을 두고 있음에도 별도 차액보증금 규정을 둠으로써 다음과 같이 고객에 대하여 부당하게 과중한 손해배상의무를 부담시키는 동시에 고객에게 일방적으로 불리하여 약관법 제8조 및 제6조 제2항 제1호에 해당된다. 첫째, 일반적으로 계약보증금은 대체로 계약금액의 10% 수준에서 정하고 있고 피심인과 같이 카드납품을 위탁하는 다른 사업자(은행 등)들도 계약보증금 외에 차액보",,미검수,,,"근거 서술에 조항 문구 인용 없음. '차액보증금 규정', '계약보증금' 등 내용만 설명되어 있으며, 계약서 제8조·제9조·제10조 등이 언급되나 해당 조항의 정확한 문구는 인용되지 않음",candidates_ftc_불공정약관조항.csv
법제처 OPEN API/ftc,10823,,사이버포스의 이지캅 프로그램의 이용약관상 불공정약관조항에 대한 건,https://www.law.go.kr/DRF/lawService.do?OC=test&target=ftc&ID=10823&type=HTML,손해배상 제한 및 면책조항,무효,명시,위험,"제7조,제9조",책임 면제|일방적 계약 해지|권리행사 제한|보증금 반환 지연,"2. 손해배상 제한 및 면책조항 가. 약관조항 나. 심사의견 : 무효 ○ 악성코드 제거 프로그램 제공업자는 그 제품의 구조, 품질, 성능 등에 있어서 그 유통당시의 기술 수준과 경제성에 비추어 기대 가능한 범위 내의 안전성을 갖춘 제품을 제조, 판매하여야 할 책임이 있음. - 따라서 이러한 안정성을 갖추지 못한 결함 등 사업자의 귀책사유로 발생한 해킹사고, 데이터 손실, PC의 오작동 등으로 인하여 고객에게 손해가 발생하였다면 사업자가 이에 대해 배상하여야 할 것임. ○ 또한 천재지변이 아닌 사업자의 귀책사유로 인하여 발생한 장비의 고장과 사전에 고객에게 미리 고지하지 않고 행한 장비의 보수 및 교체작업 등으로 인하여 고객에게 손해가 발생하였다면 이에 귀책사유가 있는 사업자가 배상하여야 할 것임. ○ 그러나 피심인의 위 약관조항은 자신의 귀책사유인 프로그램상 결함 및 시스템 보수 및 교체 작업 등으로 인하여 발생하는 고객의 피해 등에 대하여 책임을 지지 않는다고 규정하고 있음. ○ 따라서 이는 사업자의 고의 또는 중대한 과실로 인한 법률상 책임을 제한하는 조항으로 약관법 제7조 제1호에 해당됨. ]]> 나. 심사의견 : 무효 ○ 피심인은 고객으로부터 상품에 따라 일정 금액을 받고 해당기간동안 고객 PC의 스파이웨어, 애드웨어 등 악성코드를 제거해주는 서비스를 제공하는 사업자임. ○ 이들이 판매하는 상품 중 계약기간이 1월 이상이고 중도에 계약해지 하는 경우 위약금에 관한 약정이 있는 상품은 방문판매 등에 관한 법률 제2조 제8호 및 같은 법 시행령 제3조에 규정된 계속거래에 해당됨. - 따라서 위 상품을 구매한 고객은 같은 법 제29조에 따라 계약 기간 중 언제든지 계약을 해지할 수 있다고 할 것임. - 반면 사업자는 같은 법 제30조에 따라 계약해지로 인하여 발생하는 손실을 현저하게 초과하는 위약금을 청구하거나 실제 공급된 재화 등의 대가를 초과하여 수령한 대금의 반환을 부당하게 거부하여서는 아니된다고 할 것임. ○ 그러나 피심인의 위 약관조항은 계약이 체결된 후 일정시점(3일내지 10일)이 초과될 경우 고객이 일방적으로 계약을 해지할 수 없으며, 잔여기간에 대한 사용료도 반환하지 않는다고 규정하고 있음. ○ 따라서 이는 법률의 규정에 의한 고객의 해제권 또는 해지권을 배제하거나 그 행사를 제한하는 조항이자 고객의 원상회복청구권을 부당하게 포기하도록 하는 조항으로 약관법 제9조 제1호 및 제3호에 해당되는 조항임. ",,미검수,,,근거 서술에 조항 문구 인용 없음. 사업자의 귀책사유로 인한 손해배상 책임 제한 내용이 설명되어 있으나 약관의 정확한 문구는 제시되지 않음,candidates_ftc_불공정약관조항.csv
법제처 OPEN API/ftc,1153,,생활체육센타의 입회원서상 불공정약관조항에 대한 건,https://www.law.go.kr/DRF/lawService.do?OC=test&target=ftc&ID=1153&type=HTML,헬스장내에서의 고객물품의 분실에 대한 사업자의 면책 조항,무효,명시,위험,"제7조,제11조",책임 면제|권리행사 제한,"2. 헬스장내에서의 고객물품의 분실에 대한 사업자의 면책 조항 가. 약관조항 나. 심사의견: 무효 상법상 공중접객업자는 고객으로부터 임치받은 물건의 보관상 주의를 게을리하지 아니하였음을 증명하지 아니하면 그 물건의 멸실 또는 훼손으로 인한 손해배상의 책임이 있고, 고객으로부터 임치받지 아니한 경우에도 그 시설 내에 휴대한 물건이 공중접객업자 자신 또는 그 사용인의 과실로 인하여 멸실 또는 훼손되었을 대에는 그 손해를 배상할 책임이 있다고 규정(상법 제152조 제1항 및 제2항)하고 있으며, 이에 따라 시설물 내에서의 도난사고의 발생이 사업자의 과실에서 야기된 경우라면 사업자가 그 책임을 지는 것은 당연하다 할 것이다. 또한, 민법상 사업자의 고의 또는 과실로 인한 위법행위로 타인에게 손해를 가한 때에는 그 손해를 배상할 책임이 있으며(민법 제750조) 공작물의 설치 또는 보존의 하자로 인해 타인에게 손해를 가한 때에는 점유자 또는 소유자가 손해배상의 책임이 있다고 규정(민법 제758조 제1항)하고 있으므로 사업자의 과실에 기인한 안전사고에는 사업자가 배상책임을 지어야 할 것이다. 물론 귀중품 등을 안내데스크에 맡기지 않은 경우 우선적으로는 이용자 본인에게 자신의 물건 등의 관리책임이 있을 것이다. 그러나 위 약관에는 헬스장내에서의 고객 개인소지품의 분실에 대해 사업자의 귀책유무를 따짐이 없이 사업자가 면책되는 것으로 규정하고 있다. 따라서 당해 약관조항은 사업자의 고의 또는 중대한 과실로 인한 법률상의 책임을 배제하는 조항으로 약관법 제7조 제1호에 해당되어 무효이다. ]]> 나. 심사의견: 무효 휘트니스회원권은 회원권에 기명된 자가 해당 시설을 이용할 수 있도록 하는 권리증서로 기명식채권의 일종이라 할 것인데, 채권은 성질상 양도ㆍ양수가 불가능하거나 법률에서 금지하는 경우와 당사자간의 개별약정으로 양도ㆍ양수를 제한하는 경우를 제외하고는 원칙적으로 양도ㆍ양수가 허용된다고 할 것이다.(민법 제449조) 체육시설 이용은 일정기간동안 고객이 당해시설을 이용하는 계약으로서 일신전속적 계약이 아니므로 다른 고객이 이용한다고 하여 특별히 계약의 내용이 달라질 것은 없다. 따라서 양도ㆍ양수 시 사업자의 허락을 받거나 통지하도록 하는 등의 절차가 있다면 특별히 양도 자체를 제한할 이유가 없다 할 것이다. 또한,「체육시설의 설치ㆍ이용에 관한 법률」에서도 특별한 사유가 없는 한 회원권의 자유로운 양도를 허용하고 있다. 그러나 위 약관에는 타인에게 회원권의 양도를 금지하는 것으로 규정하고 있다. 따라서 당해 약관조항은 고객이 제3자와 계약을 체결하는 것을 부당하게 제한하는 조항으로 약관법 제11조 제3호에 해당되어 무효이다. ",,미검수,,,근거 서술에 조항 문구 인용 없음. '헬스장내에서의 고객 개인소지품의 분실에 대해 사업자의 귀책유무를 따짐이 없이 사업자가 면책되는 것으로 규정'이라는 내용 설명만 있음,candidates_ftc_불공정약관조항.csv
법제처 OPEN API/ftc,8709,,서울교육문화연구소의 회원준수사항약관상 불공정약관조항에 대한 건,https://www.law.go.kr/DRF/lawService.do?OC=test&target=ftc&ID=8709&type=HTML,수수료 미납자에 대한 실명공개 조항,무효,명시,위험,제6조,부당한 비용·세금 전가|선택권 제한·구입 강제|과도한 위약금,"2. 수수료 미납자에 대한 실명공개 조항 가. 약관조항 나. 심사의견 : 무효 어떤 사람의 사회적 평가를 저하시킬 만한 사실을 전파한다면 형법상 명예훼손죄에 해당한다(형법 제307조 제1항). 당해 약관조항과 같이 회원이 피심인에게 수수료를 납부하지 않았다 하여 전국학교에 이 사실을 공개하면 이는 명예훼손죄의 구성요건에 해당한다. 즉, 당해 약관조항은 형법상 범죄에 해당하는 내용을 포함하고 있으므로 타당하다고 보기 어렵다. 그러므로 수수료 미납시 전국학교에 실명을 공개한다는 당해 약관조항은 고객에게 부당하게 불리한 약관조항으로써 약관법 제6조 제2항 제1호에 해당한다. ",,미검수,,,근거 서술에 조항 문구 인용 없음. 내용만 설명되어 있음(수수료 미납시 전국학교에 실명을 공개한다는 내용),candidates_ftc_불공정약관조항.csv
법제처 OPEN API/ftc,8709,,서울교육문화연구소의 회원준수사항약관상 불공정약관조항에 대한 건,https://www.law.go.kr/DRF/lawService.do?OC=test&target=ftc&ID=8709&type=HTML,자격 미달자ㆍ신용불량자에 대한 실명 공개 조항,무효,명시,위험,제6조,부당한 비용·세금 전가|선택권 제한·구입 강제|과도한 위약금,"3. 자격 미달자ㆍ신용불량자에 대한 실명 공개 조항 가. 약관조항 나. 심사의견 : 무효 어떤 사람의 사회적 평가를 저하시킬 만한 사실을 전파한다면 형법상 명예훼손죄에 해당한다(형법 제307조 제1항). 당해 약관조항과 같이 회원이 피심인에게 수수료를 납부하지 않았다 하여 전국학교에 이 사실을 공개하면 이는 명예훼손죄의 구성요건에 해당한다. 특히 당해 약관에서 정하는 자격박탈사유를 살펴보면, 피심인이 자의적으로 정할 수 있는 사유들이다. 또한 비밀유지의무를 위반했는지 여부도 피심인이 자의적으로 판단할 여지가 충분히 있다. 따라서 피심인이 전국 학교에 알리는 내용은 '허위의 사실’에 해당할 가능성이 있다. 만약 이 내용이 허위의 사실이라면 형법에 의해 가중 처벌된다(형법 제307조 제2항). 즉, 당해 약관조항은 형법상 범죄에 해당하는 내용을 포함하고 있으므로 타당하다고 보기 어렵다. 그러므로 자격박탈시 전국학교에 실명을 공개할 수 있다는 당해 약관조항은 고객에게 부당하게 불리한 약관조항으로써 약관법 제6조 제2항 제1호에 해당한다. ",,미검수,,,근거 서술에 조항 문구 인용 없음. 내용상 '자격박탈시 전국학교에 실명을 공개할 수 있다'는 취지로 설명되어 있으나 따옴표나 「」 등 명시적 인용이 없음,candidates_ftc_불공정약관조항.csv
법제처 OPEN API/ftc,8709,,서울교육문화연구소의 회원준수사항약관상 불공정약관조항에 대한 건,https://www.law.go.kr/DRF/lawService.do?OC=test&target=ftc&ID=8709&type=HTML,신용불량자에 대한 과다한 위약금 부과조항,무효,명시,위험,제8조,과도한 위약금,"4. 신용불량자에 대한 과다한 위약금 부과조항 가. 약관조항 나. 심사의견 : 무효 피심인은 회원 중 신용불량자에게 위와 같은 위약금 1,757만원을 부과하도록 규정하고 있다. 당해 약관에 의하면, '신용불량자’란 수수료의 납부에 대하여 고의적으로 회피하거나 거부 또는 미납하는 자를 말한다. 위약금의 약정은 민법 제398조(배상액의 예정) 제4항의 규정에 의하여 손해배상액의 예정으로 추정된다. 손해배상액의 예정이란 채무불이행시 발생할 손해배상의 액수에 관하여 당사자들이 미리 정해 놓은 것을 말한다. 이러한 손해배상의 예정은 손해발생 및 손해액의 입증부담을 덜고 신속하게 손해배상의 문제를 해결하기 위한 것이지만, 계약의 목적과 내용, 예상 손해액의 크기 등을 고려할 때 부당히 과다해서는 아니된다. 또한 통상 중도해지의 경우 손해배상액의 예정은 '총 거래대금’의 10퍼센트 상당으로 함이 거래관행이다. 그런데 당해 약관조항에서는 거래대금이 아닌 한국경제조사연구원이 판단한 피심인의 사업에 대한 가치를 근거로 위약금을 산정하였다. 당해 약관에 의해 피심인이 회원에게 부과할 수 있는 것은 초기 계약비용(70만원)과 교사로 채용되었을 경우 연봉의 5%~13% 정도의 수수료이다. 따라서 계약비용과 수수료를 합친 금액이 거래대금이라 할 수 있다. 예를 들어 교사 채용시 초임 연봉이 3000만원 정도라고 할 때, 정교사가 되면 연봉의 13%를 지급해야 하는 준회원(무료회원)이 피심인에게 지급해야 하는 금액은 약 390만원 정도의 수수료이다. 따라서 거래 관행에 의하면 중도해지시에는 이의 10%정도인 39만원이 적정한 위약금이라 할 것이다. 그런데, 당해 약관조항에 의해 위약금을 산정해보면 이를 훨씬 상회한다. 물론 당해 사안은 중도해지의 경우가 아니라 회원이 수수료를 납부하지 않는 경우이다. 그러나 이러한 경우에 피심인에게 발생할 손해가 매우 커서 중도해지시의 거래관행을 훨씬 상회하는 위약금을 정해놓는 것이 타당하다고 볼 만한 근거는 없다. 오히려 중도해지시에는 사업자가 이미 지출한 비용이 있으므로 손해 발생이 명확하지만, 단순히 수수료 지급 거부의 경우에는 사업자에게 지연이자 외에는 손해가 발생한다고 보기 어렵다. 또한 수수료를 미납한 경우에는 당해 약관조항에 의한 위약금 외에 2.에서 살펴본 바와 같이 월 10%의 지연이자도 지급해야 하므로 회원에게 더욱 부당하게 과중하다고 할 것이다. 그러므로 신용불량자에게 위약금을 부과하는 당해 약관조항을 위반한 자에게 위약금을 부과하는 당해 약관조항은 부당하게 과중한 손해배상액의 예정으로써 약관법 제8조에 해당한다. ",,미검수,,,근거 서술에 조항 문구 인용 없음. 신용불량자 정의와 위약금 규정 내용만 설명되어 있음,candidates_ftc_불공정약관조항.csv
법제처 OPEN API/ftc,8709,,서울교육문화연구소의 회원준수사항약관상 불공정약관조항에 대한 건,https://www.law.go.kr/DRF/lawService.do?OC=test&target=ftc&ID=8709&type=HTML,비밀유지의무위반자에 대한 과다한 위약금 부과조항,무효,명시,위험,제8조,과도한 위약금,"5. 비밀유지의무위반자에 대한 과다한 위약금 부과조항 가. 약관조항 나. 심사의견 : 무효 피심인은 회원 중 비밀유지의무 위반자에게 위와 같은 위약금 1,757만원을 부과하도록 규정하고 있다. 위약금의 약정은 민법 제398조(배상액의 예정) 제4항의 규정에 의하여 손해배상액의 예정으로 추정된다. 손해배상액의 예정이란 채무불이행시 발생할 손해배상의 액수에 관하여 당사자들이 미리 정해 놓은 것을 말한다. 이러한 손해배상의 예정은 손해발생 및 손해액의 입증부담을 덜고 신속하게 손해배상의 문제를 해결하기 위한 것이지만, 계약의 목적과 내용, 예상 손해액의 크기 등을 고려할 때 부당히 과다해서는 아니된다. 또한 통상 중도해지의 경우 손해배상액의 예정은 '총 거래대금’의 10퍼센트 상당으로 함이 거래관행이다. 그런데 당해 약관조항에서는 거래대금이 아닌 한국경제조사연구원이 판단한 피심인의 사업에 대한 가치를 근거로 위약금을 산정하였다. 당해 약관에 의해 피심인이 회원에게 부과할 수 있는 것은 초기 계약비용(70만원)과 교사로 채용되었을 경우 연봉의 5%~13% 정도의 수수료이다. 따라서 계약비용과 수수료를 합친 금액이 거래대금이라 할 수 있다. 예를 들어 교사 채용시 초임 연봉이 3000만원 정도라고 할 때, 정교사가 되면 연봉의 13%를 지급해야 하는 준회원(무료회원)이 피심인에게 지급해야 하는 금액은 약 390만원 정도이다. 따라서 거래 관행에 의하면 중도 해지시에는 이의 10%정도인 39만원이 적정한 위약금이라 할 것이다. 그런데, 당해 약관조항에 의해 위약금을 산정해보면 이를 훨씬 상회한다. 물론 당해 사안은 중도해지의 경우가 아니라 회원이 비밀유지의무를 위반하는 경우이다. 그러나 이러한 경우에 피심인에게 발생할 손해가 매우 커서 중도해지시의 거래관행을 훨씬 상회하는 위약금을 정해놓는 것이 타당하다고 볼 만한 근거는 없다. 또한 비밀유지의무를 위반한 경우에는 누설한 비밀의 내용ㆍ정도ㆍ상대방에 따라 피심인에게 발생하는 손해의 범위가 매우 다양하다. 이 중 당해 약관조항에서 정한 1,757만원 상당의 손해가 발생하는 경우는 매우 드문 경우일 것이다. 그런데도 일률적으로 이를 위약금으로 정해 놓는 것은 회원에게 부당하게 과중하다. 그러므로 신용불량자에게 위약금을 부과하는 당해 약관조항 및 비밀유지의무를 위반한 자에게 위약금을 부과하는 당해 약관조항은 부당하게 과중한 손해배상액의 예정으로써 약관법 제8조에 해당한다. ]]> 나. 심사의견 : 무효 계약 당사자는 상대방의 계약 위반을 대비하여 이에 대한 지연손해금을 미리 정하여 놓을 수 있다. 다만, 그러한 지연손해금은 부당하게 과중하여서는 아니된다. 당해 약관조항에서는 회원이 수수료를 미납하면 월 10%의 지연이자가 부과되는데, 이는 연 120% 상당의 지연손해금에 해당한다. 피심인은 초기 계약비용을 낮게 책정한 대신 수수료에 대하여는 위와 같은 지연이자를 부과해야 한다고 주장한다. 계약비용과 수수료 자체는 상반관계(trade-off)에 있다고 할 수 있다. 즉, 계약비용이 높게 책정되면 수수료는 낮",,미검수,,,"근거 서술에 조항 문구 인용 없음. 비밀유지의무 위반시 위약금 1,757만원 부과 규정의 존재만 언급되어 있으나 정확한 조항 문구는 인용되지 않음",candidates_ftc_불공정약관조항.csv
법제처 OPEN API/ftc,10195,,서울특별시시설관리공단의 이행각서 및 화해조항상 불공정약관조항에 대한 건,https://www.law.go.kr/DRF/lawService.do?OC=test&target=ftc&ID=10195&type=HTML,화해조항,무효,명시,위험,제9조,일방적 계약 해지|권리행사 제한|보증금 반환 지연,"2. 화해조항 가. 약관조항 나. 심사의견 : 무효 ○ 계약의 일방당사자가 계약기간 중 일방적으로 계약을 해지하기 위해서는 천재지변 등 불가피한 사유로 인하여 계약을 이행할 수 없는 경우거나 상대방의 계약불이행 또는 관계법령에 별도의 근거가 있는 경우에 가능하다고 할 것임. ○ 또한 계약의 해지는 계약당사자들의 이해에 중대한 영향을 미치는 사항이므로 설사 상대방의 계약위반이 있더라도 계약을 무의미하게 할 정도가 아니라면 상당한 기간을 정하여 그 이행을 최고하고 그 기간 내에 이행하지 아니한 때에 비로소 계약을 해지할 수 있다 할 것임. ○ 그러나 피심인의 약관 제2조는 단지 국가 또는 서울특별시가 필요로 할 경우 피심인이 3개월 전에 해약통보하면 임대차계약을 일방적으로 해지할 수 있으며, 제6조는 임차인이 임대료나 관리비를 90일 이상 체납할 경우에는 별도의 최고 절차 없이 계약을 해지할 수 있다고 규정하고 있음. ○ 따라서 피심인의 위 약관 제2조 및 제6조는 사업자에게 법률에서 규정하고 있지 않은 해제권 또는 해지권을 부여하거나 법률의 규정에 의한 해제권 또는 해지권의 행사요건을 완화하여 고객에게 불이익을 줄 수 있는 조항으로 약관법 제9조 제2호에 해당됨. ]]>",,미검수,,,"근거 서술에 조항 문구 인용 없음. 제2조와 제6조의 내용이 설명되어 있으나 따옴표나 인용 표시가 없고, 정확한 조항 원문이 제시되지 않음",candidates_ftc_불공정약관조항.csv
법제처 OPEN API/ftc,9001,,성창에프앤디(주)의 개발비납부각서상 불공정약관조항에 대한 건,https://www.law.go.kr/DRF/lawService.do?OC=test&target=ftc&ID=9001&type=HTML,(문서 전체 — 조항 구분 없음),무효,명시,위험,제6조,부당한 비용·세금 전가|선택권 제한·구입 강제|과도한 위약금,"9001 시정권고서 2009약관2957 (2) 심사결과 : 무효 개발비는 수분양자가 차임 및 보증금과는 별도로 상가활성화를 위한 비용의 명목으로 지급하는 것이므로, 사업자는 개발비의 지급목적 즉, 상가활성화를 위한 홍보, 상가시설조성 등의 용도로 이를 사용하여야 한다. 해당 약관조항은 개발비를 사용할 수 있는 홍보의 범위를 특정하지 아니하여 홍보의 내용이나 목적이 수분양자들의 이익과는 직접 관련이 없는 경우 즉, 분양자체를 위한 홍보 등에도 이를 사용할 수 있도록 하고 있다. 상가의 분양자체를 위한 홍보도 상가를 홍보하는 효과가 있고, 일정수준의 분양이 이루어져야 상가가 활성화되는 점을 고려할 때 간접적으로 상가활성화에 도움이 되는 측면이 있다. 그러나 분양자체를 위한 홍보비는 원칙적으로 사업자가 부담하여야 할 비용에 해당한다 할 것이어서 위와 같은 간접적, 부수적 효과를 이유로 수분양자가 전적으로 이를 부담케 하는 것은 타당하지 않다 할 것이다. 또한 개발비를 인테리어비용에 사용할 수 있도록 하고 있는 바, 그 범위가 광범위하여 상가건물로서 기능하기 위하여 갖추어야 할 기본적인 인테리어비용에도 이를 사용할 수 있게 된다. 위 기본적인 인테리어비용은 임차인이 상가의 사용수익에 대한 대가로 지급하는 차임에 포함되어 있으므로 위 용도로 개발비를 지급받아 사용하는 것은 결국 이중으로 차임을 지급받는 결과가 된다 할 것이다. 또한 분양비용은 사업자가 자신의 업무인 분양과 관련하여 사용하는 것으로 사업자가 마땅히 부담하여야 할 것인데도 이에 개발비를 사용할 수 있도록 하여 임차인에게 비용을 전가하고 있다. 아울러 “상가개점전후의 운영경비”라는 불분명한 용도를 정하고 나아가 회사의 “개발수익”에 해당한다고 규정하여 사업자가 자의적으로 개발비를 이용할 수 있도록 하고 있다. 따라서 해당 약관조항은 고객에 대하여 부당하게 불리한 약관조항에 해당하여 약관법 제6조 제1항, 제2항 제1호에 따라 무효이다. ]]> (2) 심사결과 : 무효 개발비는 수분양자가 차임 및 보증금과는 별도로 상가활성화를 위한 비용의 명목으로 지급하는 것이므로, 사업자는 개발비의 지급목적 즉, 상가활성화를 위한 홍보, 상가시설조성 등의 용도로 이를 사용하여야 한다. 해당 약관조항은 개발비를 사용할 수 있는 홍보의 범위를 특정하지 아니하여 홍보의 내용이나 목적이 수분양자들의 이익과는 직접 관련이 없는 경우 즉, 분양자체를 위한 홍보 등에도 이를 사용할 수 있도록 하고 있다. 상가의 분양자체를 위한 홍보도 상가를 홍보하는 효과가 있고, 일정수준의 분양이 이루어져야 상가가 활성화되는 점을 고려할 때 간접적으로 상가활성화에 도움이 되는 측면이 있다. 그러나 분양자체를 위한 홍보비는 원칙적으로 사업자가 부담하여야 할 비용에 해당한다 할 것이어서 위와 같은 간접적, 부수적 효과를 이유로 수분양자가 전적으로 이를 부담케 하는 것은 타당하지 않다 할 것이다. 또한 개발비를 인테리어비용에 사용할 수 있도록 하고 있는 바, 그 범위가 광범위하여 상가건물로서 기능하기 위하여 갖추어야 할 기본적인 인테",,미검수,,,"근거 서술에 조항 문구 인용 없음. 개발비 사용 범위(홍보, 인테리어비용, 상가개점전후의 운영경비, 개발수익 등)에 대한 내용 설명만 있음",candidates_ftc_불공정약관조항.csv
법제처 OPEN API/ftc,1261,,솔로몬신용정보(주)의 채권추심위임계약서상 불공정약관조항에 대한 건,https://www.law.go.kr/DRF/lawService.do?OC=test&target=ftc&ID=1261&type=HTML,재판관할 조항,무효,명시,위험,"제8조,제14조",과도한 위약금|권리행사 제한,"2. 재판관할 조항 가. 약관조항 * 갑 : 고객(채권자), 을 : 사업자 나. 심사의견 : 무효 원칙적으로 계약 당사자는 분쟁발생을 예상하여 재판관할을 특약(개별약정)으로 정할 수 있다. 그러나 사업자와 고객간의 거래에 이용되는 약관에서 본사 소재지 관할 법원을 전속관할법원으로 정하는 것은 민사소송법보다 고객에게 불리한 관할법원을 규정하는 것이다. 즉, 특정 법원을 관할 법원으로 정하게 되면 피심인에게는 유리할지언정 원거리에 사는 경제적 약자인 고객에게는 제소 및 응소에 큰 불편을 초래할 우려가 있다. 그러므로 피심인의 본사 또는 지사 소재지 법원을 관할법원으로 정한 위 약관조항은 고객에 대하여 불리한 재판관할 합의조항으로 약관법 제14조에 해당한다. ]]> * 갑 : 고객(채권자), 을 : 사업자 나. 심사의견 : 무효 위임계약은 각 당사자가 언제든지 해지할 수 있고, 그로 말미암아 상대방이 손해를 입는 일이 있어도 그것을 배상할 의무를 부담하지 않는 것이 원칙이지만, 부득이한 사유 없이 상대방에게 불리한 시기에 해지한 경우에는 그 손해를 배상하여야 한다(민법 제689조). 여기서 배상되어야 할 손해는 해지 자체로 인한 것이 아니라 해지가 불리한 시기에 행하여 졌기 때문에 생긴 것을 말한다. 즉, 사무처리 완료를 조건으로 보수를 지급받기로 하는 내용의 위임계약이 있다면 사무처리 완료 전에 계약이 해지되면 보수를 지급받을 수 없는 것이 원칙이고 사무처리 완료 전에 해지했다는 것만으로 불리한 시기에 해지했다고 볼 수 없다(대판 2000. 6. 9. 98다64202). 그러나 당해 계약은 고객의 추심활동을 위임받아 대신하는 위임계약이지만 일의 완성 즉, 채권의 회수를 목적으로 하고 있고, 피심인은 채권이 회수되었을 때 그 중 일부를 지급받는 것이므로 '도급계약’의 성격도 혼재되어 있다고 볼 수 있다. 따라서 피심인이 일의 완성을 위해 그 동안 들인 노력에 대한 대가는 계약이 중도에 해지되더라도 지급받는 것이 공평하다고 할 것이다. 그러므로 고객이 계약기간 중 정당한 사유 없이 계약을 해지하여 피심인에게 손해가 발생한 경우 고객은 이를 배상할 필요가 있다. 또한 피심인은 이러한 손해에 대비하여 적정한 위약금을 정해놓을 수도 있다. 그러나 해당 약관조항은 피심인이 일을 완성하였더라면 받았을 수수료 전부를 위약금으로 규정하고 있다. 즉, 고객은 계약을 중도에 해지하든지 해지하지 않든지 동일한 금액의 수수료를 지급해야 하는 것이다. 이는 사실상 고객의 해지권을 제한하는 기능을 하는 정도로 매우 과다한 위약금이다. 피심인은 해당 약관조항이 없으면 추심활동이 성공하기 직전에 계약을 해지하는 고객이 속출할 것을 염려하고 있다. 그러나 이러한 문제는 피심인의 업무 단계별로 위약금을 다르게 정하는 등의 방법으로 충분히 해결할 수 있는 것이지 무조건 수수료 전부를 위약금으로 하여야 해결할 수 있는 문제는 아니다. 그러므로 고객이 계약을 중도에 해지하더라도 약정 수수료를 모두 지급하게 하는 해당 약관조항은 고객에 대하여 부당하게 과중한 손해배상 의무를 부담시",,미검수,,,근거 서술에 재판관할 조항의 구체적 문구 인용 없음. '본사 소재지 관할 법원을 전속관할법원으로 정하는 것' 등 내용 설명만 있음,candidates_ftc_불공정약관조항.csv
법제처 OPEN API/ftc,1149,,스타짐휘트니스의 스타짐이용약관상 불공정약관조항에 대한 건,https://www.law.go.kr/DRF/lawService.do?OC=test&target=ftc&ID=1149&type=HTML,"헬스장내에서의 고객물품의 분실, 도난 등에 대한 사업자의 면책 조항",무효,명시,위험,"제7조,제9조",책임 면제|일방적 계약 해지|권리행사 제한|보증금 반환 지연,"3. 헬스장내에서의 고객물품의 분실, 도난 등에 대한 사업자의 면책 조항 가. 약관조항 나. 심사의견: 무효 상법상 공중접객업자는 고객으로부터 임치받은 물건의 보관상 주의를 게을리하지 아니하였음을 증명하지 아니하면 그 물건의 멸실 또는 훼손으로 인한 손해배상의 책임이 있고, 고객으로부터 임치받지 아니한 경우에도 그 시설 내에 휴대한 물건이 공중접객업자 자신 또는 그 사용인의 과실로 인하여 멸실 또는 훼손되었을 대에는 그 손해를 배상할 책임이 있다고 규정(상법 제152조 제1항 및 제2항)하고 있으며, 이에 따라 시설물 내에서의 도난사고의 발생이 사업자의 과실에서 야기된 경우라면 사업자가 그 책임을 지는 것은 당연하다 할 것이다. 또한, 민법상 사업자의 고의 또는 과실로 인한 위법행위로 타인에게 손해를 가한 때에는 그 손해를 배상할 책임이 있으며(민법 제750조) 공작물의 설치 또는 보존의 하자로 인해 타인에게 손해를 가한 때에는 점유자 또는 소유자가 손해배상의 책임이 있다고 규정(민법 제758조 제1항)하고 있으므로 사업자의 과실에 기인한 안전사고에는 사업자가 배상책임을 지어야 할 것이다. 물론 귀중품 등을 안내데스크에 맡기기 않은 경우 우선적으로는 이용자 본인에게 자신의 물건 등의 관리책임이 있을 것이다. 그러나 위 약관에는 헬스장내에서 데스크에 보관하지 않은 개인소지품의 분실, 도난 등에 대해 사업자의 귀책유무를 따짐이 없이 사업자가 면책되는 것으로 규정하고 있다. 따라서 당해 약관조항은 사업자의 고의 또는 중대한 과실로 인한 법률상의 책임을 배제하는 조항으로 약관법 제7조 제1호에 해당되어 무효이다. ]]> 나. 심사의견: 무효 대중체육시설 이용계약은 상당히 장기간에 걸쳐 존속되기 때문에 장래 회원이 불가피하게 계약을 해지해야 할 사정이 발생할 수 있다. 이러란 경우에도 계약해지를 제한하여 이미 고객이 사업자에게 납부한 급부를 일절 반환하지 않는 것은 사업자의 이익에만 치중하게 한 것이라 할 수 있다. 이에 이런 취지를 고려하여 「방문판매 등에 관한 법률」(이하 '방판법’이라 한다)에서 계속거래업자와 계약을 체결한 소비자는 언제든지 계약을 해지할 수 있고, 이에 대하여 계속거래업자는 위약금을 공제하고 대금의 환급조치를 취하여야 한다고 규정(방판법 제29조 및 제30조)하고 있다. 또한, 체력단련장 표준약관 및 소비자분쟁해결기준에서도 체육시설을 이용하는 소비자의 귀책사유로 개시일 이후 계약을 해지할 경우 취소일까지의 이용일수에 해당하는 금액과 총 이용금액의 10%를 위약금으로 공제하고 환급하도록 규정하고 있다. 따라서 계속거래계약을 체결한 헬스장 이용고객은 특별한 제한 없이 언제든지 회원 탈퇴가 가능해야 할 것이고 사업자는 고객의 귀책사유로 계약을 해지할 경우 이용기간에 대한 이용료와 위약금을 공제하고 반환하는 것이 타당하다 할 것이다. 헬스장의 가입금은 통상 입회비(가입비), 연회비, 보증금 및 부가가치세로 구성되어 있는데 연회비는 시설사용료의 선불적 성격을 갖고 있기 때문에 사업자의 귀책사유에 의한 탈회시는 물론이고 고객의 개인사",,미검수,,,"근거 서술에 조항 문구 인용 없음. '헬스장내에서 데스크에 보관하지 않은 개인소지품의 분실, 도난 등에 대해 사업자의 귀책유무를 따짐이 없이 사업자가 면책되는 것으로 규정'이라는 내용 설명만 있음",candidates_ftc_불공정약관조항.csv
법제처 OPEN API/ftc,11307,,엘지카드(주)의 신용카드 개인회원규약상 불공정약관조항에 대한 건,https://www.law.go.kr/DRF/lawService.do?OC=test&target=ftc&ID=11307&type=HTML,(문서 전체 — 조항 구분 없음),무효,명시,위험,제7조,책임 면제,"11307 시정권고서 2006약관1165 2. 심사의견 : 무효 ㅇ 위 약관조항은 비밀번호의 유출과 관련하여 발생하는 사고의 경우에 신용카드업자에게 과실이 없으면 신용카드회원에게 아무런 고의 또는 과실이 없는 경우에까지 신용카드의 부정사용과 관련한 모든 손실을 신용카드회원의 책임으로 하는 조항으로 해석되는 바, - 신용카드업자에게 사고방지 조치를 위한 책임이 있음에도 사고방지 책임을 신용카드회원에게 전가하는 것으로 사업자의 업무편의만을 위한 것으로서 사회적 상당성이 없다할 것이며, 경제적 약자인 소비자 보호의 측면에서 가혹함 - 또한 여신전문금융업법(이하 “여전법”이라 함)은 도난ㆍ분실 또는 위조ㆍ변조에 의해 신용카드가 제3자에 의해 부정사용되는 경우 신용카드업자와 신용카드회원간의 책임관계를 규율하고 있으며, 동법 및 동법시행령상 관련 조항의 규정 형식 및 취지를 볼 때, 비밀번호의 유출에 대하여 신용카드회원의 고의ㆍ과실 또는 고의ㆍ중과실이 없는 경우에는 신용카드의 분실ㆍ도난 또는 위조ㆍ변조 등으로 인한 위험부담을 신용카드업자가 지는 것으로 보아야 할 것임 ＊ 여전법 및 동법 시행령에 의하면 신용카드업자는 신용카드의 분실ㆍ도난과 관련하여 신고시점 이후에 발생한 사용대금 및 신고 전 60일 이내에 발생된 신용카드의 부정사용에 대한 책임을 지되, 신고 전 60일 이내의 신용카드의 부정사용액에 대해서는 회원의 고의 또는 과실이 있는 경우에 한해 신용카드회원의 부담으로 할 수 있도록 하고 있고, 한편 위조ㆍ변조의 경우에 있어서는 신용카드업자의 책임으로 하되, 고의 또는 중과실로 비밀번호가 유출되었음을 신용카드업자가 입증하는 경우 신용카드회원에게 책임을 지울 수 있도록 규정하고 있음. 또한 신용카드업자는 이러한 책임을 이행하기 위하여 보험 또는 공제에 가입하거나 준비금을 적립하는 등 필요한 조치를 취하여 함(동법 제16조, 동법시행령 제6조의9, 제6조의10) - 따라서, 위 약관조항은 상당한 이유 없이 사업자가 부담하여야 할 위험을 고객에게 이전시키는 조항으로서 약관법 제7조 제2호에 해당되어 무효임 ]]> 2. 심사의견 : 무효 ㅇ 위 약관조항은 비밀번호의 유출과 관련하여 발생하는 사고의 경우에 신용카드업자에게 과실이 없으면 신용카드회원에게 아무런 고의 또는 과실이 없는 경우에까지 신용카드의 부정사용과 관련한 모든 손실을 신용카드회원의 책임으로 하는 조항으로 해석되는 바, - 신용카드업자에게 사고방지 조치를 위한 책임이 있음에도 사고방지 책임을 신용카드회원에게 전가하는 것으로 사업자의 업무편의만을 위한 것으로서 사회적 상당성이 없다할 것이며, 경제적 약자인 소비자 보호의 측면에서 가혹함 - 또한 여신전문금융업법(이하 “여전법”이라 함)은 도난ㆍ분실 또는 위조ㆍ변조에 의해 신용카드가 제3자에 의해 부정사용되는 경우 신용카드업자와 신용카드회원간의 책임관계를 규율하고 있으며, 동법 및 동법시행령상 관련 조항의 규정 형식 및 취지를 볼 때, 비밀번호의 유출에 대하여 신용카드회원의 고의ㆍ과실 또는 고의ㆍ중과실이 없는 경우에는 신용카드의 분실ㆍ도난 또는",,미검수,,,근거 서술에 조항 문구 인용 없음. 약관 내용이 설명·해석되어 있을 뿐 따옴표나 「」로 명시된 원문 인용이 없습니다.,candidates_ftc_불공정약관조항.csv
법제처 OPEN API/ftc,1159,,오리엔트스포츠클럽(주)의 회원가입약관 및 동의서상 불공정약관조항에 대한 건,https://www.law.go.kr/DRF/lawService.do?OC=test&target=ftc&ID=1159&type=HTML,"헬스장내에서의 고객물품의 분실, 도난에 대한 사업자의 면책 조항",무효,명시,위험,"제7조,제9조,제11조",책임 면제|일방적 계약 해지|권리행사 제한|보증금 반환 지연,"3. 헬스장내에서의 고객물품의 분실, 도난에 대한 사업자의 면책 조항 가. 약관조항 나. 심사의견 : 무효 상법상 공중접객업자는 고객으로부터 임치받은 물건의 보관상 주의를 게을리하지 아니하였음을 증명하지 아니하면 그 물건의 멸실 또는 훼손으로 인한 손해배상의 책임이 있고, 고객으로부터 임치받지 아니한 경우에도 그 시설 내에 휴대한 물건이 공중접객업자 자신 또는 그 사용인의 과실로 인하여 멸실 또는 훼손되었을 대에는 그 손해를 배상할 책임이 있다고 규정(상법 제152조 제1항 및 제2항)하고 있으며, 이에 따라 시설물 내에서의 도난사고의 발생이 사업자의 과실에서 야기된 경우라면 사업자가 그 책임을 지는 것은 당연하다 할 것이다. 또한, 민법상 사업자의 고의 또는 과실로 인한 위법행위로 타인에게 손해를 가한 때에는 그 손해를 배상할 책임이 있으며(민법 제750조) 공작물의 설치 또는 보존의 하자로 인해 타인에게 손해를 가한 때에는 점유자 또는 소유자가 손해배상의 책임이 있다고 규정(민법 제758조 제1항)하고 있으므로 사업자의 과실에 기인한 안전사고에는 사업자가 배상책임을 지어야 할 것이다. 물론 귀중품 등을 안내데스크에 맡기지 않은 경우 우선적으로는 이용자 본인에게 자신의 물건 등의 관리책임이 있을 것이다. 그러나 위 약관에는 헬스장내에서의 고객 물품의 분실, 도난에 대해 사업자의 귀책유무를 따짐이 없이 사업자가 면책되는 것으로 규정하고 있다. 따라서 당해 약관조항은 사업자의 고의 또는 중대한 과실로 인한 법률상의 책임을 배제하는 조항으로 약관법 제7조 제1호에 해당되어 무효이다. ]]> 나. 심사의견 : 무효 (1) 단기회원권의 해지 불가 관련 대중체육시설 이용계약은 상당히 장기간에 걸쳐 존속되기 때문에 장래 회원이 불가피하게 계약을 해지해야 할 사정이 발생할 수 있다. 이러한 경우에도 계약해지를 제한하여 이미 고객이 사업자에게 납부한 급부를 일절 반환하지 않는 것은 사업자의 이익에만 치중하게 한 것이라 할 수 있다. 이에 이런 취지를 고려하여 「방문판매 등에 관한 법률」(이하 '방판법’이라 한다)에서 계속거래업자와 계약을 체결한 소비자는 언제든지 계약을 해지할 수 있고, 이에 대하여 계속거래업자는 위약금을 공제하고 대금의 환급조치를 취하여야 한다고 규정(방판법 제29조 및 제30조)하고 있다. 또한, 체력단련장 표준약관 및 소비자분쟁해결기준에서도 체육시설을 이용하는 소비자의 귀책사유로 개시일 이후 계약을 해지할 경우 취소일까지의 이용일수에 해당하는 금액과 총 이용금액의 10%를 위약금으로 공제하고 환급하도록 규정하고 있다. 설사 단기회원인 고객의 사정으로 계약을 해지하고자 할지라도 이에 상응한 적정 위약금을 공제한 나머지 금액에 대해서는 환불이 이루어져야 할 것이다. 따라서 계속거래계약을 체결한 헬스장 이용고객은 특별한 제한 없이 언제든지 회원 탈퇴가 가능해야 할 것이고 사업자는 고객의 귀책사유로 계약을 해지할 경우 이용기간에 대한 이용료와 위약금을 공제하고 반환하는 것이 타당하다 할 것이다. 그러나 위 약관에는 단기회원권에 대해서 중",,미검수,,,근거 서술에 조항 문구 인용 없음. 헬스장내 고객물품 분실·도난에 대한 사업자 면책 내용만 설명되어 있음,candidates_ftc_불공정약관조항.csv
법제처 OPEN API/ftc,9659,,정철인터랩의 가맹계약서상 불공정약관조항에 대한 건,https://www.law.go.kr/DRF/lawService.do?OC=test&target=ftc&ID=9659&type=HTML,고객에 대하여 부당하게 불리한 조항,무효,명시,위험,"제6조,제9조",부당한 비용·세금 전가|선택권 제한·구입 강제|과도한 위약금|일방적 계약 해지|권리행사 제한|보증금 반환 지연,"1. 고객에 대하여 부당하게 불리한 조항 약관법 제9조(계약의 해제ㆍ해지) 4. 계약의 해제ㆍ해지로 인한 사업자의 원상회복의무나 손해배상의무를 부당하게 경감하는 조항 다. 심사결과 : 무효 가맹금이란 그 명칭 여하를 불문하고 가맹본부가 가맹사업자로부터 가맹사업과 관련하여 수령하는 일체의 수익을 말하며 그 성격은 가맹사업의 유형 등에 따라 다음과 같이 구분된다. 첫째, 가입비, 입회비, 가맹비, 교육비 등 가맹사업자가 영업표지의 사용허락 또는 가맹점운영권이나 영업활동에 대한 지원, 교육 등을 받기 위하여 가맹본부에 지급하는 대가 둘째, 가맹사업자가 가맹본부로부터 공급받는 상품의 대금 등에 관한 채무액이나 손해배상액의 지급을 담보하기 위하여 가맹본부에 지급하는 대가 셋째, 가맹사업자가 가맹점운영권을 부여받을 당시에 가맹사업을 착수하기 위하여 가맹본부로부터 공급받는 정착물, 설비, 상품의 가격 또는 부동산의 임차료 명목으로 가맹본부에 지급하는 대가로 구분된다. 우선 심사대상 약관조항의 가입비와 연회비의 구성내역을 살펴보면, 영어교육 노하우 전수, 상표이용권, 교제사용권으로 이루어져 있으며 이는 위에서 언급한 첫 번째 유형에 해당되는 것으로 판단된다. 이와 같은 유형의 가맹금은 소위 개시지급금으로서 노하우 전수에 대한 대가성의 금원과 상표이용권과 같이 기간에 비례하여 존속하는 금원이 모두 포함되어 있는 것으로 판단된다. 따라서 만약 가입초기에 일시불로 가맹금을 지불하였다면 계약해지 시점에 따라 노하우의 전수정도 및 기간의 경과정도를 감안하여 아직 전수되지 않은 노하우와 잔여기간의 상표이용권에 대한 금원은 반환하는 것이 타당하다 할 것이다. 단, 계약해제ㆍ해지의 귀책사유에 따른 손해배상 또는 위약금의 부과는 별론으로 한다. 그리고 피청구인은 단서조항에서 고의 또는 중과실에 의한 계약해지시에만 가맹금을 반환하도록 규정하고 있어 경과실에 의한 계약해지에 대해서는 배상책임을 면하고 있다. 일반적으로 계약의 일방 당사자의 과실로 인해 상대방 당사자에게 손해가 발생한 경우 이를 배상하는 것이 타당하다 할 것이다. 따라서 계약을 중도해지하게 된 피청구인의 과실이 비록 경과실에 해당한다 하더라도 결론적으로 이로 인해 계약이 해지되어 고객에게 손해가 발생한 경우 피청구인은 이를 배상하여야 할 것이다. 따라서 경과실에 대해 손해배상책임을 면하도록 한 단서조항은 고객에게 부당하게 불리한 약관조항으로 약관법 제6조 제2항 제1호에 해당된다. 그리고 위와 같은 가맹금의 성격을 감안할 때 중도해지시 가맹금을 일체 반환하지 않는 것은 계약해지에 따른 피청구인의 원상회복의무를 부당하게 경감시키는 조항으로 약관법 제9조 제4호에 해당된다. ",,미검수,,,"근거 서술에 조항 문구 인용 없음. 가입비·연회비 반환 관련 단서조항의 내용만 설명되어 있으며, 정확한 조항 문구는 제시되지 않음",candidates_ftc_불공정약관조항.csv
법제처 OPEN API/ftc,9659,,정철인터랩의 가맹계약서상 불공정약관조항에 대한 건,https://www.law.go.kr/DRF/lawService.do?OC=test&target=ftc&ID=9659&type=HTML,고객이 제3자와 계약을 체결하는 것을 부당하게 제한하는 조항,무효,명시,위험,"제6조,제11조",부당한 비용·세금 전가|선택권 제한·구입 강제|과도한 위약금|권리행사 제한,"3. 고객이 제3자와 계약을 체결하는 것을 부당하게 제한하는 조항 다. 심사결과 : 무효 가맹사업의 영위를 위하여 점포 이미지 및 제공되는 서비스의 특성을 가맹점간에 통일시킬 필요가 있는 것은 사실이다. 하지만 통일성을 유지하는데 지장이 없는 한 가맹사업자는 시공업체를 자율적으로 선택하고 가맹본부는 설계기준의 제시에 그치는 것이 타당하다 할 것이다. 이 건에 있어 피청구인의 체인점 시설의 주된 부분은 간판, 내부 실내장식 등이고 이들의 시공에는 정밀한 설계나 특별한 기술을 요하는 것으로 보기 어려운 점을 감안할 때 가맹본부가 제시한 설계에 따라 가맹사업자가 시공업체를 자율적으로 선택하여 시공한다 하더라도 가맹점간의 통일성을 해칠 우려가 높을 것으로 보기는 어렵다할 것이다. 그리고 가맹사업법에서도 원칙적으로 부동산, 설비 등의 구입 판매 등과 관련하여 부당하게 가맹사업자에게 특정한 거래상대방과 거래할 것을 강제하는 행위를 금지하고 있다. 그럼에도 해당 약관조항은 가맹본부가 지정한 업체에서 간판 등 설비공사를 하도록 하고 있는 바, 이는 고객이 제3자와 계약을 체결하는 것을 부당하게 제한하는 조항으로 약관법 제11조 제3호에 해당된다. ※ 관련법령 ]]> 나. 관련 법규정 약관법 제6조(일반원칙) ②약관에 다음 각호의 1에 해당되는 내용을 정하고 있는 경우에는 당해 약관조항은 공정을 잃은 것으로 추정된다. ",,미검수,,,"근거 서술에 조항 문구 인용 없음. 내용상 '가맹본부가 지정한 업체에서 간판 등 설비공사를 하도록 하고 있는' 조항으로 추정되나, 원문 인용이 없어 정확한 문구를 특정할 수 없음",candidates_ftc_불공정약관조항.csv
법제처 OPEN API/ftc,1151,,제주국제영어마을 등록약관의 환불규정상 불공정약관조항에 대한 건,https://www.law.go.kr/DRF/lawService.do?OC=test&target=ftc&ID=1151&type=HTML,(문서 전체 — 조항 구분 없음),무효,명시,위험,제8조,과도한 위약금,"1151 시정권고서 2012약관0616 2. 심사의견 : 무효 고객의 영어캠프 신청은, 캠프 활동을 통한 외국어 교육이라는 무형의 서비스를 이용하기 위한 계약의 성질을 갖는 것으로 볼 수 있고 이때 수업료는 캠프 진행과정에서 소요되는 비용을 고객에게 미리 부과한 것이라 할 수 있다. 특히 제주영어마을의 경우 캠프시작으로부터 4개월 전에 신청이 완료되고 있어 고객이 캠프 신청 시에 예상할 수 없었던 사정에 의해 캠프에 참가하지 못할 가능성을 완전히 배제할 수 없다. 통상 약관에 따른 거래에서 고객은 사업자가 제공하는 서비스를 이용하기 전에 개인적인 사정 등을 이유로 계약을 해지할 경우 일정액의 위약금을 공제한 나머지 금액을 환불받을 수 있으며 이 때 위약금은 과도하게 책정되어서는 안된다. 사업자가 약관을 통해 부과하는 위약금이 '부당하게 과도한지’ 여부를 판단함에 있어서는 고객의 일방적인 계약해지로 인해 사업자가 입게 될 것으로 예상되는 손실뿐만 아니라 거래유형에 따른 계약당사자의 경제적 지위, 거래관행과 경제상태 등을 종합적으로 고려하여야 한다. 본 사안은 영어캠프로서, 고객의 캠프 신청접수가 완료되면 그 이후 원어민 강사초청, 교육프로그램 개발, 교재개발 등 캠프 운영을 위한 각종 절차가 진행된다는 점을 고려할 때 위약금을 책정할 수 있을 것이나, 이러한 경우에도 이에 대한 타당하고 합리적인 사유가 있어야 약관법상 부당하게 과도한 위약금에 해당하지 않는다고 할 것이다. 현재 피심인은 고객이 납부하는 참가비와 캠프 기간에 대한 고려 없이 일괄적으로 30만원을 부과하고 있다. 이로 인해 가장 저렴한 5박6일(489,000원) 캠프의 경우, 전체 참가비 대비 위약금이 약 61%에 이르고 있다. 이마저도 캠프 시작일 한달 전에 취소가 이뤄지는 경우에만 적용되는 것이고 캠프 시작일을 2주 남기고 취소하는 고객에 대해서는 등록비 30만원을 제외한 나머지 수업료의 50%만 반환하고 있다. 결과적으로 고객은 피심인으로부터 아무런 서비스를 제공받지도 못한 채 80%에 달하는 위약금을 납부할 수밖에 없게 된다. ※ 제주국제영어마을의 경우 캠프 기간과 수업 내용에 따라 최소 489,000원(5박6일)에서 최대 2,680,000원(30박31일)으로 참가비가 달리 책정되어 있고 따라서 위약금은 캠프 시작 한달 전 취소 시 총 거래금액의 최소 11%에서 최대 61%, 2주 전 취소 시 총 거래금액의 최소 30%에서 최대 69%, 하루 전 취소 시 총 거래금액의 최소 56%에서 최대 80%까지 나타남 피심인이 아래 표와 같은 내용의 답변서를 통해 스스로 밝힌 기간별 준비작업에 있어서도, 30만원을 일괄징수하여 반환하지 않을만한 합리적인 이유는 보이지 않으며, 실제로도 허술한 운영과 광고와 다른 원어민 강사 및 학생의 초빙, 원어민 강사의 중도 이탈 등에 따른 피해가 발생하고 있다는 점에서 등록비 30만원 반환불가 조항의 정당성은 더욱 떨어진다고 할 것이다. 설사 30만원을 해약금의 성질을 내포한 계약금으로 본다고 하더라도 민법 제565조의 해약금 규정은 고객이 ",,미검수,,,"근거 서술에 조항 문구 인용 없음. 위약금 규정의 내용만 설명되어 있으며, 구체적인 약관 조항 문구가 따옴표나 「」로 인용되지 않음",candidates_ftc_불공정약관조항.csv
법제처 OPEN API/ftc,10483,,(주)나인스에비뉴의 상가공급계약서상 불공정약관조항에 대한 건,https://www.law.go.kr/DRF/lawService.do?OC=test&target=ftc&ID=10483&type=HTML,제한물권 설정 조항,무효,명시,위험,제6조,부당한 비용·세금 전가|선택권 제한·구입 강제|과도한 위약금,"2. 제한물권 설정 조항 가. 약관조항 나. 심사의견 : 무효 ㅇ 건축물의 분양에 관한 법률상 분양사업자가 건축물을 분양할 때에는 건축할 대지의 소유권을 확보하여야 하고, 그 대지에 저당권, 가등기담보권, 전세권, 지상권 및 부동산임차권이 설정되어 있으면 이를 말소하도록 규정하고 있으므로 분양사업자는 건축할 대지에는 지상권 등을 설정할 수 없음 ㅇ 그럼에도 불구하고 분양사업자가 사업부지에 제한물권을 설정하고 고객이 이에 대하여 이의를 제기하지 못하도록 한 것은 고객에게 부당하게 불리한 조항으로 약관법 제6조 제2항 제1호에 해당됨 ",,미검수,,,근거 서술에 조항 문구 인용 없음. 분양사업자가 사업부지에 제한물권을 설정하고 고객이 이에 대하여 이의를 제기하지 못하도록 한 내용만 설명되어 있음,candidates_ftc_불공정약관조항.csv
법제처 OPEN API/ftc,10483,,(주)나인스에비뉴의 상가공급계약서상 불공정약관조항에 대한 건,https://www.law.go.kr/DRF/lawService.do?OC=test&target=ftc&ID=10483&type=HTML,상가개발비 조항,무효,명시,위험,제9조,일방적 계약 해지|권리행사 제한|보증금 반환 지연,"4. 상가개발비 조항 가. 약관조항 나. 심사의견 : 무효 ㅇ 당사자 일방이 계약을 해제한 때에는 각 당사자는 그 상대방에 대하여 원상회복의무를 지게 되는 바, 개발비도 원상회복 의무의 대상에 포함됨 ㅇ 따라서 통상 개발비가 상가활성화를 위하여 공통적으로 사용된 비용이라 하더라도 고객의 사정으로 계약해제시 지출하지 않은 개발비가 있는 경우에는 이를 고객에게 반환하는 것이 타당함 ㅇ 그러나 위 약관조항은 고객의 사유로 계약해제시 고객의 개발비 반환청구권을 배제하고 있으므로 이는 계약의 해제 또는 해지로 인한 고객의 원상회복 청구권을 부당하게 포기하도록 하는 조항으로 약관법 제9조 제3호에 해당됨 ",,미검수,,,근거 서술에 조항 문구 인용 없음. '고객의 사유로 계약해제시 고객의 개발비 반환청구권을 배제'한다는 내용만 설명되어 있음,candidates_ftc_불공정약관조항.csv
법제처 OPEN API/ftc,10483,,(주)나인스에비뉴의 상가공급계약서상 불공정약관조항에 대한 건,https://www.law.go.kr/DRF/lawService.do?OC=test&target=ftc&ID=10483&type=HTML,시설물 훼손 책임 조항,무효,명시,위험,제7조,책임 면제,5. 시설물 훼손 책임 조항 가. 약관조항 나. 심사의견 : 무효 ㅇ 민법 제750조(불법행위의 내용)에 따르면 자신의 고의 또는 과실로 인한 위법행위로 타인에게 손해를 가한 경우 그 손해를 배상하여야 할 책임이 있음 ㅇ 따라서 수분양자의 시설물에 훼손 등이 발생하면 이에 대한 사업자의 고의나 중대한 관리에 의한 경우에는 책임을 져야 할 것임 ㅇ 그러나 위 약관조항은 사업자의 귀책유무를 따지지 아니하고 미입점으로 인한 시설물의 훼손 등에 대하여 전적으로 고객이 그 책임을 지도록 정하고 있으므로 이는 사업자의 고의 또는 중대한 과실로 인한 법률상의 책임을 배제하는 조항으로 약관법 제7조 제1호에 해당됨 ,,미검수,,,근거 서술에 조항 문구 인용 없음. 미입점으로 인한 시설물 훼손에 대해 고객이 전적으로 책임을 지도록 정한다는 내용만 설명되어 있음,candidates_ftc_불공정약관조항.csv
법제처 OPEN API/ftc,10483,,(주)나인스에비뉴의 상가공급계약서상 불공정약관조항에 대한 건,https://www.law.go.kr/DRF/lawService.do?OC=test&target=ftc&ID=10483&type=HTML,수분양자의 관리권 제한 조항,무효,명시,위험,제11조,권리행사 제한,"7. 수분양자의 관리권 제한 조항 가. 약관조항 나. 심사의견 : 무효 ㅇ 집합건물의소유및관리에관한법률 제23조(관리단의 당연설립등)에 의하면 '건물에 대하여 구분소유관계가 성립되면 구분소유자는 전원으로서 건물 및 그 대지와 부속시설의 관리에 관한 사업의 시행을 목적으로 하는 관리단을 구성한다’고 규정하여 구분소유자의 관리단 당연구성권을 인정하고 있음 ㅇ 또한, 동법 제29조(규약의 설정, 변경, 폐지) 제1항은 '규약의 설정, 변경 및 폐지는 관리단 집회에서 구분소유자 및 의결권의 각 3/4 이상의 찬성을 얻어 행한다’고 규정하고 있음 ㅇ 따라서 대규모점포의 특성상 점포주가 입점하기 이전부터 상가홍보 등 상권 활성화를 위한 유지 및 관리업무 등을 수행할 관리회사가 필요할 경우, 관리회사의 설립 또는 지정에 대한 수분양자인 점포주들의 개별적인 동의를 통해 관리권을 위임받는 절차를 거쳐야 할 것임 ㅇ 그러나 위 약관조항 제9조 및 제17조는 수분양자가 당사자간의 개별약정이 아닌 약관에 의하여 사업자 또는 사업자가 일방적으로 정한 관리인이 조직하는 단체에 의무적으로 가입하도록 하고 있음 ㅇ 또한, 수분양자는 사업자 또는 사업자가 지정한 관리인과 관리계약을 체결하도록 하여 사업자 또는 사업자가 지정한 관리인이 일방적으로 정한 제반 관리 규정을 준수하도록 함 ㅇ 그러므로 위 약관조항 제9조 및 제17조는 입점상인이 구분소유자로서 관리단을 구성할 권리 또는 입점상인이 대규모점포 유지 및 관리를 위해 필요한 업무를 수행할 자를 지정할 수 있는 권리를 침해하고 있음 ㅇ 그리고 쇼핑몰의 경우 상가 공동의 이익을 위하여 인테리어 및 구조물 등을 통일적으로 운영할 필요가 있는 경우, 이는 수분양자들이 직접 관리단을 구성하여 그 의사로 정할 수 있는 사항임에도 불구하고 위 약관조항 제10조는 사업자 또는 사업자가 지정한 관리인이 정한 설치 기준에 따르도록 하고 있으므로 ㅇ 이는 법률의 규정에 의한 고객의 권리를 상당한 이유 없이 배제 또는 제한하는 조항이자 고객이 제3자와 계약을 체결하는 것을 부당하게 제한하는 조항으로 약관법 제11조 제1호 및 제3호에 해당됨 ",,미검수,,,"근거 서술에 조항 문구 인용 없음. 제9조, 제17조, 제10조의 내용이 설명되어 있으나 정확한 문구는 제시되지 않음",candidates_ftc_불공정약관조항.csv
법제처 OPEN API/ftc,10483,,(주)나인스에비뉴의 상가공급계약서상 불공정약관조항에 대한 건,https://www.law.go.kr/DRF/lawService.do?OC=test&target=ftc&ID=10483&type=HTML,임대 및 재임대 조항,무효,명시,위험,제11조,권리행사 제한,"8. 임대 및 재임대 조항 가. 약관조항 나. 심사의견 : 무효 ㅇ 수분양자가 분양받은 상가를 임대 또는 재임대하는 경우 그 임대조건 및 재임대 조건은 수분양자가 자유롭게 결정할 수 있음 ㅇ 그러나 위 약관조항은 사업자가 분양한 건물을 수분양자가 임대 ㆍ 재임대할 경우 그 구체적인 조건을 사업자가 지정한 관리권자가 정한 기준에 따르게 함으로써 법률의 규정에 의한 고객의 항변권, 상계권 등의 권리를 상당한 이유 없이 배제 또는 제한하는 조항으로 약관법 제11조 제1호 및 제3호에 해당됨 ",,미검수,,,근거 서술에 조항 문구 인용 없음. 임대·재임대 조건을 관리권자가 정한 기준에 따르게 한다는 내용만 설명되어 있음,candidates_ftc_불공정약관조항.csv
법제처 OPEN API/ftc,10483,,(주)나인스에비뉴의 상가공급계약서상 불공정약관조항에 대한 건,https://www.law.go.kr/DRF/lawService.do?OC=test&target=ftc&ID=10483&type=HTML,수인 의무 조항,무효,명시,위험,제10조,일방적 급부·조건 변경,"9. 수인 의무 조항 가. 약관조항 나. 심사의견 : 무효 ㅇ 불가피한 사정으로 계약내용대로 이행하는 것이 곤란한 사유가 객관적이고 명확하여 상당성이 인정되는 경우에는 계약상대방과의 협의 등을 통해 계약내용이 변경될 수 있을 것임 ㅇ 그러나 계약당사자 일방이 일방적으로 계약내용대로 이행하지 아니하는 경우에는 채무불이행의 책임을 져야 하며, 이에 따라 상대방은 이행강제, 계약해제, 손해배상 청구 등을 할 수 있음 ㅇ 한편 위 약관조항은 사업자가 단지 배치상의 변경이나 추가시설의 할 경우에는 고객은 이에 응하거나 그렇지 않으면 손해배상 청구 등 이의를 제기하거나 계약해제 ㆍ 해지를 주장할 수 있어야 함에도 이에 대해 손해배상 청구나 기타 이의제기를 할 수 없도록 한 것은 고객에게 짐작하기 어려운 손해를 줄 우려가 있음 ㅇ 이는 상당한 이유없이 급부의 내용을 사업자가 일방적으로 결정하거나 변경할 수 있도록 권한을 부여하고 있는 조항이자, 법률의 규정에 의한 고객의 항변권, 상계권 등의 권리를 상당한 이유없이 배제 또는 제한하는 조항으로 약관법 제10조 제1호 및 제11조 제1호에 해당됨 ",,미검수,,,근거 서술에 조항 문구 인용 없음. 조항의 내용과 문제점만 설명되어 있음,candidates_ftc_불공정약관조항.csv
법제처 OPEN API/ftc,10483,,(주)나인스에비뉴의 상가공급계약서상 불공정약관조항에 대한 건,https://www.law.go.kr/DRF/lawService.do?OC=test&target=ftc&ID=10483&type=HTML,기타 조항,무효,명시,위험,"제5조,제6조,제10조,제14조",부당한 비용·세금 전가|선택권 제한·구입 강제|과도한 위약금|일방적 급부·조건 변경|권리행사 제한,"12. 기타 조항 가. 약관조항 나. 심사의견 제1항 : 무효 ㅇ 거래약정의 각 조항에 이의가 있거나 견해를 달리할 때는 당사자가 합의하여 결정하고 합의되지 아니한 사항은 관계법령 및 일반관례에 따라 합리적으로 결정할 수 있는 기준을 설정하거나, 작성자 불이익의 원칙에 따라 고객의 이익에 유리하게 해석되어야(약관법 제5조 제2항) 할 것임에도, 위 약관조항은 사업자의 해석에 따르도록 규정하고 있는 바, 이는 고객에게 부당하게 불리한 조항으로 약관법 제6조 제2항 제1호에 해당됨 제3항 : 무효 ㅇ 분쟁발생을 예상하여 재판관할을 당사자간의 특약 또는 개별약정으로 정할 수는 있겠으나 사업자와 고객간의 거래에 이용되는 약관에서 사업자의 주소지 법원을 관할법원으로 하는 것은 고객에게 응소상의 불이익 초래가 있다 할 것임에도, 현행 약관조항은 사업자의 주소지를 소송 관할법원으로 규정하고 있는 바, 이는 고객에 대하여 불리한 재판관할 합의조항으로 약관법 제14조에 해당됨 ]]> 나. 심사의견 : 무효 ㅇ 입점지정일은 분양계약상의 중요사항이므로 계약체결 시에 이를 명백히 하여 사업자의 귀책사유로 입점이 지연되는 경우 고객이 그에 따른 지연배상금을 청구할 수 있고 ㅇ 민법 제544조(이행지체와 해제)의 규정대로 상당한 기간을 정하여 그 이행을 최고하고 그 기간 내에 이행하지 아니한 때에는 계약을 해제할 수 있도록 하는 것이 타당함 ㅇ 따라서 사업자가 일방적으로 입점지정일을 정하여 수분양자에게 통보하도록 한 현행 약관조항은 상당한 이유 없이 급부의 내용을 사업자가 일방적으로 결정하거나 변경할 수 있도록 권한을 부여하는 조항으로 약관법 제10조 제1호에 해당됨 ",,미검수,,,"근거 서술에 조항 문구 인용 없음. 사업자의 해석에 따르도록 규정한 내용, 사업자의 주소지를 소송 관할법원으로 규정한 내용, 사업자가 일방적으로 입점지정일을 정하여 수분양자에게 통보하도록 한 내용이 설명되어 있으나 따옴표나 「」로 명시된 원문 인용이 없음",candidates_ftc_불공정약관조항.csv
법제처 OPEN API/ftc,10953,,(주)디에이치엘코리아의 발송물 운송약관상 불공정약관조항에 대한 건,https://www.law.go.kr/DRF/lawService.do?OC=test&target=ftc&ID=10953&type=HTML,(문서 전체 — 조항 구분 없음),무효,명시,위험,제7조,책임 면제,"10953 시정권고서 2007약관2597 2. 심사의견 : 무효 ○ 위 약관조항은 상법 및 국제항공운송에 적용되는 국제조약인 바르샤바 협약 등 법규에 반하며 지연손해를 배상하고 있는 업계관행과 달리 고객의 통상적인 수인한도를 벗어난 지연에 대한 책임까지도 배제하고 있는 면책조항으로서 사업자, 이행보조자 또는 피용자의 고의 또는 중대한 과실로 인한 법률상의 책임을 배제하는 조항이자 고객에 대하여 부당하게 불리한 조항으로 약관법 제7조 제1호 및 제6조 제2항 제1호에 해당됨 - 상법 제135조는 운송인의 손해배상책임과 관련하여 “운송인은 자기 또는 운송주선인이나 사용인 기타 운송을 위하여 사용한 자가 운송물의 수령, 인도, 보관과 운송에 관하여 주의를 해태하지 아니하였음을 증명하지 아니하면 운송물의 연착으로 인한 손해를 배상할 책임을 면하지 못한다.”라고 규정하고 있으며, 제137조 제1항 및 제3항에서 “연착된 경우의 손해배상액은 인도할 날의 도착지의 가격에 의하며 운송인의 고의나 중대한 과실로 인한 때에는 운송인은 모든 손해를 배상하여야 한다.”라고 규정하고 있으며 - 국회비준을 받은 승인된 국제조약인 「국제항공운송에 관한 바르샤바 협약」 제19조에도 “운송인은 여객, 수화물 또는 화물의 항공운송에 있어서의 연착으로부터 발생하는 손해에 대하여 책임을 진다.”라고 규정하고 있음 - 또한, 우편법 제38조에 따른 우정사업본부고시 「국제우편물 손해배상금의 산정기준과 국제특급우편 이용자에 대한 실비지급의 절차」에도 도착예정일보다 48시간 이상 지연된 경우 납부한 특급우편요금을 배상하도록 규정되어 있으며, 경쟁업체인 페덱스(Fedex) 등 동종업체의 경우에도 지연손해를 포함한 손해에 대하여 바르샤바협약에 따라 배상하도록 약관에 규정하고 있음 - 피심인은 약관 제11조에 따라 지연손해도 바르샤바 협약에 의한 손해보상을 받을 수 있고 보상한 사례도 있다고 주장하지만, 제11조의 내용을 살펴보면 바르샤바 협약의 적용대상으로 모든 손해가 아닌 대부분의 손해라고 규정하고 있고 손해의 종류로 운송물의 분실, 파손만을 특정하고 있어 지연손해가 명시적으로 규정되어 있지 않은 점을 감안할 때, 소비자들이 지연손해는 제9조가 적용되는 것으로 판단할 가능성이 상당히 높고 이로 인해 손해배상 대상이 아니라고 판단하여 청구권을 포기할 우려가 상당히 높다는 점에서도 고객에게 부당하게 불리함 ]]> 2. 심사의견 : 무효 ○ 위 약관조항은 상법 및 국제항공운송에 적용되는 국제조약인 바르샤바 협약 등 법규에 반하며 지연손해를 배상하고 있는 업계관행과 달리 고객의 통상적인 수인한도를 벗어난 지연에 대한 책임까지도 배제하고 있는 면책조항으로서 사업자, 이행보조자 또는 피용자의 고의 또는 중대한 과실로 인한 법률상의 책임을 배제하는 조항이자 고객에 대하여 부당하게 불리한 조항으로 약관법 제7조 제1호 및 제6조 제2항 제1호에 해당됨 - 상법 제135조는 운송인의 손해배상책임과 관련하여 “운송인은 자기 또는 운송주선인이나 사용인 기타 운송을 위하여 사용한 자가 운송물의 수령, ",,미검수,,,근거 서술에 조항 문구 인용 없음. 제9조와 제11조의 존재만 언급되며 구체적인 조항 문구는 제시되지 않음,candidates_ftc_불공정약관조항.csv
법제처 OPEN API/ftc,9801,,(주)아크로시스의 렌탈(임대차)계약서상 불공정약관조항에 대한 건,https://www.law.go.kr/DRF/lawService.do?OC=test&target=ftc&ID=9801&type=HTML,손해배상면책조항,무효,명시,위험,제7조,책임 면제,"2. 손해배상면책조항 가. 약관조항 나. 심사결과 : 무효 피심인이 리스물건을 회수하기 위해 설치장소에 들어가려면 원칙적으로 고객의 동의를 얻어야 하고, 무단으로 설치장소에 들어가거나 피심인이 장비를 제거 또는 분리하는 과정에서 고의 또는 과실로 손해를 발생시키는 경우에는 불법행위책임 등이 성립할 수 있다. 그럼에도 해당 약관조항은 피심인의 귀책사유를 불문하고 위 행위로 인하여 발생한 손해에 대해 책임을 지지 아니한다고 규정하고 있다. 따라서 사업자의 고의 또는 중대한 과실로 인한 법률상의 책임을 배제하는 조항 또는 고객에 대하여 부당하게 불리한 조항에 해당하여 약관법 제7조 제1호 또는 제6조 제2항 제1호에 따라 무효이다. ",,미검수,,,근거 서술에 조항 문구 인용 없음. 조항 내용이 설명만 돼 있어 정확한 문구를 특정할 수 없음,candidates_ftc_불공정약관조항.csv
법제처 OPEN API/ftc,9801,,(주)아크로시스의 렌탈(임대차)계약서상 불공정약관조항에 대한 건,https://www.law.go.kr/DRF/lawService.do?OC=test&target=ftc&ID=9801&type=HTML,해약금 조항,무효,명시,위험,제8조,과도한 위약금,"3. 해약금 조항 가. 약관조항 나. 심사결과 : 무효 해당 약관조항은 고객이 중도에 계약을 해지한 경우 총 렌탈료와 연체료 등 피심인에 대한 모든 채무와 피심인의 손해를 변상하도록 하고, 반환하는 장비의 가치는 일체 고려하지 아니한다고 규정하고 있다. 리스이용자가 임의로 중도에 리스계약을 해지한 경우에는 이로 인한 리스회사의 손해를 배상하여야 할 것이나 잔여 리스료를 지급하고 피심인의 손해까지 배상하도록 하는 것은 과다하다 할 것이다. 또한 리스업자는 리스기간의 도중에 이용자로부터 리스물건의 반환을 받은 경우 특별한 사정이 없는 한 그 반환에 의하여 취득한 이익을 반환하는 등으로 이를 청산하여야 할 필요가 있다. 그럼에도 해당 약관조항은 계약해지시 잔여 렌탈료 외에 피심인의 손해를 별도로 배상하도록 하고 있을 뿐만 아니라 피심인의 청산의무도 배제하고 있다. 따라서 이는 고객에 대하여 부당하게 과중한 지연손해금등의 손해배상의무를 부담시키는 약관에 해당하여 약관법 제8조에 따라 무효이다. ",,미검수,,,근거 서술에 조항 문구 인용 없음. 조항 내용이 설명만 되어 있음,candidates_ftc_불공정약관조항.csv
법제처 OPEN API/ftc,9801,,(주)아크로시스의 렌탈(임대차)계약서상 불공정약관조항에 대한 건,https://www.law.go.kr/DRF/lawService.do?OC=test&target=ftc&ID=9801&type=HTML,면책조항,무효,명시,위험,제6조,부당한 비용·세금 전가|선택권 제한·구입 강제|과도한 위약금,"4. 면책조항 가. 약관조항 나. 심사결과 : 무효 리스물건의 제조사는 리스물건을 직접 고객에게 인도하는 점, 리스기간은 물품인도일부터 개시되는 점 등을 고려할 때 제조사 사정에 의한 납기의 지연에 대하여 피심인이 책임지지 아니하는 것은 부당하다고 보기 어렵다. 그러나 해당 계약에서 양 당사자는 제품의 내용이나 수량 등을 약정하고 이에 따라 리스료 등을 산정하는 것이므로 피심인은 고객에게 계약내용에 따라 채무를 이행할 의무를 부담한다 할 것이다. 그럼에도 해당 약관조항은 제품내용의 변경 등 계약상의 내용과 달리하는 부분에 대하여는 책임을 지지 않는다고 규정하고 있는 바, 이는 고객에 대하여 부당하게 불리한 약관으로 약관법 제6조 제1항, 제2항 제1호에 따라 무효이다. ",,미검수,,,근거 서술에 조항 문구 인용 없음. 제품내용의 변경 등 계약상의 내용과 달리하는 부분에 대하여는 책임을 지지 않는다는 내용만 설명되어 있음,candidates_ftc_불공정약관조항.csv
법제처 OPEN API/ftc,9801,,(주)아크로시스의 렌탈(임대차)계약서상 불공정약관조항에 대한 건,https://www.law.go.kr/DRF/lawService.do?OC=test&target=ftc&ID=9801&type=HTML,해지 및 환불조항,무효,명시,위험,제9조,일방적 계약 해지|권리행사 제한|보증금 반환 지연,"5. 해지 및 환불조항 가. 약관조항 나. 심사결과 : 무효 계약의 해지는 계약당사자에게 중대한 영향을 미치는 것이므로 계약해지사유는 구체적으로 열거되어야 하고, 그 내용도 타당하여야 한다. 해당 약관조항은 고객이 KT렌탈의 이용요건을 갖추지 못한 경우 피심인이 장비의 공급을 중지하거나 계약을 해약할 수 있도록 하고 있다. 피심인은 KT렌탈의 이용요건이란 피심인이 내부적으로 정한 것으로 고객의 신용상태악화나 자력감소 등을 의미한다고 주장하나 해당 약관 및 KT렌탈계약서에는 이용요건의 내용이 전혀 규정되어 있지 않다. 즉, 해당 약관조항은 불명확한 해지사유를 규정하여 사업자의 일방적이고 자의적인 판단에 의하여 계약을 해지할 수 있도록 하고 있으며, 고객으로서는 이를 전혀 예측할 수도 없다 할 것이다. 또한 계약이 해지된 경우 제품의 공급여부 및 계약의 해지시점 등을 고려하지 아니하고 계약금을 포함하여 기납입한 금원을 일체 반환하지 아니하도록 하고 있다. 따라서 해당 약관조항은 사업자에게 법률에서 규정하고 있지 아니하는 해제권ㆍ해지권을 부여하여 고객에 대하여 부당하게 불이익을 줄 우려가 있는 조항 및 계약의 해제 또는 해지로 인한 사업자의 원상회복의무를 부당하게 경감하는 조항에 해당하여 약관법 제9조 제2호 및 제3호에 따라 무효이다. ",,미검수,,,근거 서술에 조항 문구 인용 없음. 해지사유와 환불 조건의 내용이 설명되어 있으나 따옴표나 「」로 명시된 원문 인용이 없습니다.,candidates_ftc_불공정약관조항.csv
법제처 OPEN API/ftc,9801,,(주)아크로시스의 렌탈(임대차)계약서상 불공정약관조항에 대한 건,https://www.law.go.kr/DRF/lawService.do?OC=test&target=ftc&ID=9801&type=HTML,관할법원조항,무효,명시,위험,제14조,권리행사 제한,6. 관할법원조항 가. 약관조항 나. 심사결과 : 무효 모든 관할합의가 반드시 부당하다고 할 수는 없으나 그러한 합의의 유효성은 당사자 사이에 개별적이고 명백한 특약이 있는 경우에 한하고 일반거래약관에서 위와 같이 민사소송법 규정보다 고객에게 불리할 수 있는 재판관할을 정하는 것은 고객에게 응소의 불편을 초래할 우려가 있다. 따라서 해당 약관조항은 고객에 대하여 부당하게 불리한 재판관할의 합의조항에 해당하여 약관법 제14조에 따라 무효이다. ,,미검수,,,근거 서술에 조항 문구 인용 없음. 관할법원 관련 내용이 설명만 되어 있음,candidates_ftc_불공정약관조항.csv
법제처 OPEN API/ftc,9801,,(주)아크로시스의 렌탈(임대차)계약서상 불공정약관조항에 대한 건,https://www.law.go.kr/DRF/lawService.do?OC=test&target=ftc&ID=9801&type=HTML,계약상 권리양도 조항,무효,명시,위험,제6조,부당한 비용·세금 전가|선택권 제한·구입 강제|과도한 위약금,"7. 계약상 권리양도 조항 가. 약관조항 나. 심사결과 : 무효 해당 약관조항은 피심인이 고객에 대한 통지없이 해당 계약에 따라 고객에 대하여 가지는 계약상의 모든 권리를 양도할 수 있도록 하고 있다. 이에 따라 고객은 권리양도의 사실을 알지 못하여 이중변제의 위험이 있으며, 양도인에게 대항할 수 있는 사유로서 양수인에게 대항하지 못하는 불이익을 입을 수 있다. 따라서 해당 약관조항은 고객에 대하여 부당하게 불리한 조항에 해당하여 약관법 제6조 제1항, 제2항 제1호에 따라 무효이다. ]]>",,미검수,,,근거 서술에 조항 문구 인용 없음. 피심인이 고객에 대한 통지없이 계약상의 모든 권리를 양도할 수 있다는 내용만 설명되어 있음,candidates_ftc_불공정약관조항.csv
법제처 OPEN API/ftc,1207,,"(주)에버다임의 제품 판매대리, 아프터-서비스에 관한 계약서상 불공정약관조항에 대한 건",https://www.law.go.kr/DRF/lawService.do?OC=test&target=ftc&ID=1207&type=HTML,영업범위 조항,무효,명시,위험,제10조,일방적 급부·조건 변경,2. 영업범위 조항 (1) 약관조항 (2) 심사결과 : 무효 해당 대리점계약에 따라 대리점은 피심인을 대리하여 영업지역에서 피심인이 공급하는 제품을 판매하고 사후관리를 담당하며 그 대가로 일정 수수료를 받게 된다. 대리점계약에서 대리점에 반드시 일정 지역에 대한 독점ㆍ배타적인 권리를 부여하여야 한다는 원칙이나 법적 근거는 없다 할 것이므로 대리점에 독점적 권리를 부여하지 아니하는 것이 부당하다고 보기 어렵다. 그러나 대리점이 영업활동을 할 수 있는 지역적인 범위 및 판매하는 제품은 대리점의 영업활동 및 수익과 직결되는 것으로서 해당 계약에서 매우 중요한 내용에 해당한다. 따라서 당사자간 협의를 통하여 이와 같은 사항을 결정하거나 변경할 수 있도록 하여야 할 것임에도 제4조 제1항은 피심인이 일방적으로 이를 정할 수 있도록 하고 있다. 그러므로 제4조 제1항은 상당한 이유없이 급부의 내용을 사업자가 일방적으로 결정하거나 변경할 수 있도록 권한을 부여하는 조항에 해당하여 약관법 제10조 제1호에 따라 무효이다. ,,미검수,,,근거 서술에 조항 문구 인용 없음. 제4조 제1항의 내용이 설명만 돼 있음,candidates_ftc_불공정약관조항.csv
법제처 OPEN API/ftc,1207,,"(주)에버다임의 제품 판매대리, 아프터-서비스에 관한 계약서상 불공정약관조항에 대한 건",https://www.law.go.kr/DRF/lawService.do?OC=test&target=ftc&ID=1207&type=HTML,계약해지조항,무효,명시,위험,"제6조,제9조",부당한 비용·세금 전가|선택권 제한·구입 강제|과도한 위약금|일방적 계약 해지|권리행사 제한|보증금 반환 지연,"4. 계약해지조항 (1) 약관조항 (2) 심사결과 : 무효 계약해지는 당사자에게 중대한 영향을 미치는 것이므로 해지사유는 구체적으로 열거되고 그 내용도 타당한 것이어야 하며, 상대방의 이행지체 등 계약위반이 있다 하더라도 상당한 기간을 두고 이행을 최고한 후 그 기간 내에 이행을 하지 아니는 경우에 계약을 해지할 수 있다 할 것이다. 먼저, “가압류”나 “가처분”은 집행보전 또는 손해방지를 위해 일시적으로 현상을 동결하거나 임시적 법률관계를 형성하게 하는 보전처분으로서 통상 채권자의 신청에 의하여 일방적으로 행하여짐을 고려할 때 이와 같은 사실만으로 계약을 유지하기 어려운 사유가 발생하였다고 보기는 어렵다 할 것이다. 또한 “계약의 근본취지에 위배되는 행위”나 “중요부분의 의무위반행위를 한 때” 라는 주관적이고 추상적인 요건을 계약해지사유로 규정하여 피심인이 자의적으로 이를 해석하여 바로 계약을 해지할 수 있도록 하고 있다. 따라서 사업자에게 법률에서 규정하고 있지 아니하는 해지권을 부여하거나 법률의 규정에 의한 해지권의 행사요건을 완화하여 고객에게 부당하게 불이익을 줄 우려가 있는 조항으로 약관법 제9조 제2호에 해당된다. 5. 판매대리점의 추가지정 (1) 약관조항 (2) 심사결과 : 무효 해당 약관조항은 “을이 판매와 서비스 책임 수행이나 갑의 목적에 부합하지 못할 때”에 피심인이 대리점을 평가한 후 시정요구 및 판매대리자를 추가할 수 있도록 하고 있다. 대리점의 영업관할구역내에 판매대리점을 추가하는 것은 대리점의 영업이익을 감소시킬 수 있는 것으로 대리점의 영업에 큰 영향을 미치는 중요한 조치임을 고려할 때 그 요건은 타당하고 구체적이어야 한다. 그럼에도 해당 약관조항은 “갑의 목적에 부합하지 못할 때”라는 주관적이고 추상적인 요건을 규정하여 결국 피심인이 자의적으로 이를 해석, 적용할 수 있도록 하고 있다. 이에 따라 피심인이 자의적ㆍ일방적으로 대리점의 영업지역내에 대리점을 추가하여 대리점의 영업지역을 축소 조정할 수 있도록 함으로써 대리점의 판매지역권을 부당하게 침해할 수 있게 된다. 따라서 해당 약관조항은 약관법 제6조 제2항 제1호의 고객에 대하여 부당하게 불리한 약관조항으로 무효이다. ]]> (2) 심사결과 : 무효 통상 본사는 영업기회의 유용방지 및 정력분산방지 등을 위하여 합리적인 범위에서 대리점의 영업활동을 제한할 수 있다 할 것이다. 그러나 대리점에 경업금지 의무를 부과함에 있어 그 제한의 정도는 고객의 정당한 취업기회를 제한하여 직업선택의 자유를 침해하지 아니하면서 사업자의 정당한 영업상 이익을 침해하지 않는 합리적 범위 내이어야 한다. 해당 약관조항은 영업의 종류나 범위 또는 당해 거래에 미치는 영향 등을 전혀 고려하지 아니하고 대리점이 일체 다른 사업을 할 수 없도록 하고 있는 바, 대리점의 영업의 자유를 지나치게 제한하고 있다 할 것이다. 따라서 약관법 제6조 제2항 제1호의 고객에 대하여 부당하게 불리한 약관조항에 해당하여 무효이다. ",,미검수,,,폐기: 제시한 문구가 근거 서술에 없음 (창작 의심),candidates_ftc_불공정약관조항.csv
법제처 OPEN API/ftc,12825,,(주)엘비젼의 계약규정상 불공정약관조항에 대한 건,https://www.law.go.kr/DRF/lawService.do?OC=test&target=ftc&ID=12825&type=HTML,(문서 전체 — 조항 구분 없음),무효,명시,위험,제8조,과도한 위약금,"12825 시정권고서 2009약관2278 2. 관련 법규정 약관법 제8조(손해배상액의 예정) 고객에 다하여 부당하게 과중한 지연손해금 등의 손해배상의무를 부담시키는 조항은 이를 무효로 한다. 3. 심사결과 : 무효 돌잔치와 같은 행사의 특성상 최소 1개월 전에 예약이 이루어지는 점을 감안할 때 예약취소시 사업자의 기대이익의 일정 부분에 대한 배상은 이루어져야 할 것이다. 일반적으로 돌잔치에 있어 사업자의 예상매출액은 장소임대료와 식사 제공으로 인한 수입이 주가 될 것이므로 계약해제시 위약금의 산정은 장소임대와 식사제공으로 인한 기대이익을 일정부분 반영한 수준에서 책정되는 것이 적절할 것으로 판단된다. 하지만 피청구인이 사용하는 약관의 위약금 수준은 식사제공으로 피청구인이 얻을 수 있는 이익, 장소임대료 등의 기대이익을 감안하더라도 지나치게 과도한 것으로 판단된다. 그리고 현행 소비자분쟁해결기준의 예식업과 외식서비스업의 내용과 비교할 때 지나치게 과도한 것으로 약관법 제8조에 해당하는 불공정 약관조항에 해당된다. ]]> 2. 관련 법규정 약관법 제8조(손해배상액의 예정) 고객에 다하여 부당하게 과중한 지연손해금 등의 손해배상의무를 부담시키는 조항은 이를 무효로 한다. 3. 심사결과 : 무효 돌잔치와 같은 행사의 특성상 최소 1개월 전에 예약이 이루어지는 점을 감안할 때 예약취소시 사업자의 기대이익의 일정 부분에 대한 배상은 이루어져야 할 것이다. 일반적으로 돌잔치에 있어 사업자의 예상매출액은 장소임대료와 식사 제공으로 인한 수입이 주가 될 것이므로 계약해제시 위약금의 산정은 장소임대와 식사제공으로 인한 기대이익을 일정부분 반영한 수준에서 책정되는 것이 적절할 것으로 판단된다. 하지만 피청구인이 사용하는 약관의 위약금 수준은 식사제공으로 피청구인이 얻을 수 있는 이익, 장소임대료 등의 기대이익을 감안하더라도 지나치게 과도한 것으로 판단된다. 그리고 현행 소비자분쟁해결기준의 예식업과 외식서비스업의 내용과 비교할 때 지나치게 과도한 것으로 약관법 제8조에 해당하는 불공정 약관조항에 해당된다. ]]> 2. 관련 법규정 약관법 제8조(손해배상액의 예정) 고객에 다하여 부당하게 과중한 지연손해금 등의 손해배상의무를 부담시키는 조항은 이를 무효로 한다. 3. 심사결과 : 무효 돌잔치와 같은 행사의 특성상 최소 1개월 전에 예약이 이루어지는 점을 감안할 때 예약취소시 사업자의 기대이익의 일정 부분에 대한 배상은 이루어져야 할 것이다. 일반적으로 돌잔치에 있어 사업자의 예상매출액은 장소임대료와 식사 제공으로 인한 수입이 주가 될 것이므로 계약해제시 위약금의 산정은 장소임대와 식사제공으로 인한 기대이익을 일정부분 반영한 수준에서 책정되는 것이 적절할 것으로 판단된다. 하지만 피청구인이 사용하는 약관의 위약금 수준은 식사제공으로 피청구인이 얻을 수 있는 이익, 장소임대료 등의 기대이익을 감안하더라도 지나치게 과도한 것으로 판단된다. 그리고 현행 소비자분쟁해결기준의 예식업과 외식서비스업의 내용과 비교할 때 지나치게 과도한 것으로 약관법 제8조에 해당하는 불공정",,미검수,,,근거 서술에 조항 문구 인용 없음. 위약금 수준이 과도하다는 판단만 있고 원문 약관 조항의 구체적 문구가 인용되지 않음,candidates_ftc_불공정약관조항.csv
법제처 OPEN API/ftc,10485,,(주)엘지데이콤의 유통망업무계약상 불공정약관조항에 대한 건,https://www.law.go.kr/DRF/lawService.do?OC=test&target=ftc&ID=10485&type=HTML,계약해지조항,무효,명시,위험,"제7조,제11조",책임 면제|권리행사 제한,"3. 계약해지조항 가. 약관조항 나. 심사의견 : 무효 □ 유통망업자가 피심인에게 손해를 끼친 경우에는 그 손해를 배상하여야 할 것이나, 피심인이 그 손해배상액을 일방적으로 산정하는 경우에는 그 금액이 잘못 산정되는 경우가 발생할 가능성도 있음 ㅇ 따라서, 피심인이 유통망업자에게 지급할 수수료에서 손해발생액을 상계하거나, 담보실행을 통해 손해발생액을 우선 변제하더라도 이에 대해 이의를 제기하지 못하도록 한 조항은 법률의 규정에 의한 고객의 항변권, 상계권 등의 권리를 상당한 이유없이 배제하거나 제한하는 조항으로 약관법 제11조 제1호에 해당 ]]> 나. 심사의견 : 무효 □ 존속기간이 정함이 있는 계속적 계약관계에서는 당사자간의 신뢰관계의 파괴, 부득이한 사유의 발생, 채무불이행 등 특별한 사정이 있는 경우를 제외하고는 계약을 임의로 해지할 수 없음이 원칙임 ㅇ 또한 채무자의 고의나 과실없이 이행할 수 없게 된 때외에는 채무자가 채무의 내용에 좇은 이행을 하지 아니한 때에 채권자는 손해배상을 청구할 수 있음(민법 제390조) □ 위 조항 중 “통신사업 환경의 변화”와 같은 외부적 요인으로 계약을 유지하기 어려운 특별한 사정이 있는 경우에 사업자는 계약을 해지할 수 있고, 사업자의 고의ㆍ과실이 없는 한 손해배상 책임도 없다고 볼 수 있으므로 약관법에 위반된다고 보기 어려우나, ㅇ “사업방향의 변경”과 같은 내부적 요인으로 계약을 유지하기 어려운 특별한 사정이 있는 경우는 사업자 내부의 사정에 불과할 뿐, 피심인의 귀책사유가 있다면 계약해지로 인한 손해배상 책임을 부담하여야 하므로, - 피심인이 손해배상없이 계약을 해지할 수 있도록 한 조항은 상당한 이유없이 사업자의 손해배상범위를 제한하는 조항으로 약관법 제7조 제2호에 해당 ",,미검수,,,근거 서술에 조항 문구 인용 없음. 내용만 설명되어 있음,candidates_ftc_불공정약관조항.csv
법제처 OPEN API/ftc,9933,,(주)천도관광의 국외여행계약서상 불공정약관조항에 대한 건,https://www.law.go.kr/DRF/lawService.do?OC=test&target=ftc&ID=9933&type=HTML,(문서 전체 — 조항 구분 없음),무효,명시,위험,제8조,과도한 위약금,"9933 시정권고서 2009약관0331 나. 심사의견 : 무효 위 약관조항 중 위약금의 성격은 고객의 귀책사유로 인해 여행계약이 해지되는 경우 리조트 취소에 소요되는 비용을 공제하기 위한 것으로 판단되므로 위약벌이 아닌 손해배상예정으로 추정된다. 손해배상예정액이 부당하게 과중한지 여부는 손해배상예정의 동기, 실제손해액과 예정액의 대비, 거래관행 등을 종합적으로 고려하여 판단하여야 한다. 이 사건의 경우 고객의 계약취소로 인해 피청구인은 해외 리조트에 일정 부분의 취소수수료를 지불하여야 할 것이므로 이에 상응하는 금액을 위약금으로 산정하는 것은 타당하다 할 것이다. 하지만 피청구인이 제출한 자료에서도 언급했듯이 리조트별로 취소수수료가 모두 상이하며 100%의 취소수수료를 부과하는 경우는 일부에 한정되는 것으로 판단된다. 따라서 리조트 특약에서 일괄적으로 100%의 위약금을 부과하는 것은 피청구인에게 발생되는 실손해에 비해 과도하게 배상액을 예정한 것으로 판단되므로 약관법 제8조에 해당하는 것으로 판단된다. ]]> 나. 심사의견 : 무효 위 약관조항 중 위약금의 성격은 고객의 귀책사유로 인해 여행계약이 해지되는 경우 리조트 취소에 소요되는 비용을 공제하기 위한 것으로 판단되므로 위약벌이 아닌 손해배상예정으로 추정된다. 손해배상예정액이 부당하게 과중한지 여부는 손해배상예정의 동기, 실제손해액과 예정액의 대비, 거래관행 등을 종합적으로 고려하여 판단하여야 한다. 이 사건의 경우 고객의 계약취소로 인해 피청구인은 해외 리조트에 일정 부분의 취소수수료를 지불하여야 할 것이므로 이에 상응하는 금액을 위약금으로 산정하는 것은 타당하다 할 것이다. 하지만 피청구인이 제출한 자료에서도 언급했듯이 리조트별로 취소수수료가 모두 상이하며 100%의 취소수수료를 부과하는 경우는 일부에 한정되는 것으로 판단된다. 따라서 리조트 특약에서 일괄적으로 100%의 위약금을 부과하는 것은 피청구인에게 발생되는 실손해에 비해 과도하게 배상액을 예정한 것으로 판단되므로 약관법 제8조에 해당하는 것으로 판단된다. ]]> 나. 심사의견 : 무효 위 약관조항 중 위약금의 성격은 고객의 귀책사유로 인해 여행계약이 해지되는 경우 리조트 취소에 소요되는 비용을 공제하기 위한 것으로 판단되므로 위약벌이 아닌 손해배상예정으로 추정된다. 손해배상예정액이 부당하게 과중한지 여부는 손해배상예정의 동기, 실제손해액과 예정액의 대비, 거래관행 등을 종합적으로 고려하여 판단하여야 한다. 이 사건의 경우 고객의 계약취소로 인해 피청구인은 해외 리조트에 일정 부분의 취소수수료를 지불하여야 할 것이므로 이에 상응하는 금액을 위약금으로 산정하는 것은 타당하다 할 것이다. 하지만 피청구인이 제출한 자료에서도 언급했듯이 리조트별로 취소수수료가 모두 상이하며 100%의 취소수수료를 부과하는 경우는 일부에 한정되는 것으로 판단된다. 따라서 리조트 특약에서 일괄적으로 100%의 위약금을 부과하는 것은 피청구인에게 발생되는 실손해에 비해 과도하게 배상액을 예정한 것으로 판단되므로 약관법 제8조에 해당하는 것으로 판단된",,미검수,,,"근거 서술에 조항 문구 인용 없음. 문제 조항은 '리조트 특약에서 일괄적으로 100%의 위약금을 부과'하는 내용으로 추정되나, 원문 인용이 없어 정확한 문구를 특정할 수 없음",candidates_ftc_불공정약관조항.csv
법제처 OPEN API/ftc,8529,,(주)캐슬렉스제주의 골프클럽회칙상 불공정약관조항에 대한 건,https://www.law.go.kr/DRF/lawService.do?OC=test&target=ftc&ID=8529&type=HTML,(문서 전체 — 조항 구분 없음),무효,명시,위험,제9조,일방적 계약 해지|권리행사 제한|보증금 반환 지연,"8529 시정권고서 2010약관0019 2. 심사결과 : 무효 계약이 해제ㆍ해지 또는 종료되면 쌍방당사자는 계약의 존속을 전제로 하여 상대방으로부터 받은 급부가 있는 경우에는 이를 원상회복함으로써 계약관계를 청산하여야 하며, 그 원상회복은 계약의 종료 시나 종료 시로부터 가능한 신속히 이루어지는 것이 바람직하다 할 것이다. 또한, 체육시설법 시행령 제19조 제3호는 “회원자격의 존속기한을 정한 회원이 회원자격의 존속기한이 끝나 입회금의 반환을 요구하는 경우에는 요구한 날부터 10일 이내에 반환하여야 한다. 다만, 입회금의 반환여부 등에 관한 약정이 있는 경우에는 그 약정에 따른다.” 고 규정하고 있다. 피심인은 체육시설법에 의한 체육시설업자로 회원자격의 존속기한(5년)이 확정되어 있고 입회금의 반환여부에 대하여 해당 계약서 제6조에서 규정하고 있으나, “입회금을 반환한다.”라고만 규정하였지 그 반환시기에 대하여는 구체적으로 규정하고 있지 않다. 따라서, 피심인은 회원자격의 존속기간이 확정되어 있는 입회금에 대하여 그 반환시기를 약정하였다고 볼 수 없으므로 체육시설법 시행령 제19조 의해 요구일로부터 10일 이내 입회금을 반환하여야 할 것이다. 또한 반환시기를 약정할 경우에도 원상회복의무의 특성상 필요한 최소한의 기한으로 정하여야 할 것이다. 또한, 해당 계약서 제6조 단서에서 불가항력의 사례가 발생할 경우 피심인은 이사회의 의결로 거치기간을 연장할 수 있다고 하였으나 그 규정내용이 포괄적이고 불분명하여 피심인의 자의적이고 일방적인 판단에 의해서도 입회금을 장기간 반환하지 않을 수 있게 되므로 동 약관은 계약의 해제 또는 해지로 인한 사업자의 원상회복의무나 손해배상의무를 부당하게 경감하는 조항으로 약관법 제9조 제4호에 해당되어 무효이다. ]]> 2. 심사결과 : 무효 계약이 해제ㆍ해지 또는 종료되면 쌍방당사자는 계약의 존속을 전제로 하여 상대방으로부터 받은 급부가 있는 경우에는 이를 원상회복함으로써 계약관계를 청산하여야 하며, 그 원상회복은 계약의 종료 시나 종료 시로부터 가능한 신속히 이루어지는 것이 바람직하다 할 것이다. 또한, 체육시설법 시행령 제19조 제3호는 “회원자격의 존속기한을 정한 회원이 회원자격의 존속기한이 끝나 입회금의 반환을 요구하는 경우에는 요구한 날부터 10일 이내에 반환하여야 한다. 다만, 입회금의 반환여부 등에 관한 약정이 있는 경우에는 그 약정에 따른다.” 고 규정하고 있다. 피심인은 체육시설법에 의한 체육시설업자로 회원자격의 존속기한(5년)이 확정되어 있고 입회금의 반환여부에 대하여 해당 계약서 제6조에서 규정하고 있으나, “입회금을 반환한다.”라고만 규정하였지 그 반환시기에 대하여는 구체적으로 규정하고 있지 않다. 따라서, 피심인은 회원자격의 존속기간이 확정되어 있는 입회금에 대하여 그 반환시기를 약정하였다고 볼 수 없으므로 체육시설법 시행령 제19조 의해 요구일로부터 10일 이내 입회금을 반환하여야 할 것이다. 또한 반환시기를 약정할 경우에도 원상회복의무의 특성상 필요한 최소한의 기한으로 정하여야 할 것",,미검수,,,폐기: 제시한 문구가 근거 서술에 없음 (창작 의심),candidates_ftc_불공정약관조항.csv
법제처 OPEN API/ftc,10413,,(주)플레이쉘의 씨앤스퀘어 쇼핑몰 분양계약서상 불공정약관조항에 대한 건,https://www.law.go.kr/DRF/lawService.do?OC=test&target=ftc&ID=10413&type=HTML,위약금조항,무효,명시,위험,제8조,과도한 위약금,2. 위약금조항 가. 약관조항 나. 심사의견 : 무효 ㅇ 통상의 부동산 매매계약에서 매매대금의 10% 정도에 해당하는 금액을 계약금으로 정하고 매수인이 위약할 경우 그 계약금을 포기하기로 하는 거래관행이 있음. ㅇ 또한 상가(공동주택 복리시설) 분양계약서 표준약관(공정거래위원회 표준약관 제10010호) 제5조(계약해제) 제4항의 규정에 의하면 계약해제시 위약금으로 분양대금 총액의 10%를 상대방에게 지급하도록 정하고 있음. ㅇ 그러나 위 약관조항은 분양대금 총액의 15% 및 20% 상당액을 위약금으로 정하고 있으므로 이는 고객에 대하여 부당하게 과중한 손해배상의무를 부담시키는 조항으로 약관법 제8조에 해당됨. ,,미검수,,,근거 서술에 조항 문구 인용 없음. 위약금이 분양대금 총액의 15% 및 20%라는 내용만 설명되어 있음,candidates_ftc_불공정약관조항.csv
법제처 OPEN API/ftc,10413,,(주)플레이쉘의 씨앤스퀘어 쇼핑몰 분양계약서상 불공정약관조항에 대한 건,https://www.law.go.kr/DRF/lawService.do?OC=test&target=ftc&ID=10413&type=HTML,중도해약 불가조항,무효,명시,위험,제9조,일방적 계약 해지|권리행사 제한|보증금 반환 지연,"3. 중도해약 불가조항 가. 약관조항 나. 심사의견 : 무효 (1) 제9조 제3항 ㅇ 유상계약의 경우 계약당사자 일방이 계약당시에 계약금을 상대방에게 교부한 때에는 당사자의 일방이 이행에 착수할 때까지 교부자는 계약금을 포기하고 그 계약을 해제할 수 있음(민법 제565조). ㅇ 또한 상가(공동주택 복리시설) 분양계약서 표준약관(공정거래위원회 표준약관 제10010호) 제5조(계약해제) 제2항에 의하면 “을”은 자신의 사정으로 인한 경우 스스로 본 계약을 해지할 수 있지만, 중도금을 납부한 후에는 갑이 인정하는 경우에 한한다고 규정하고 있음. ㅇ 따라서 위 약관조항이 중도금을 납부한 이후의 경우라면 “갑”이 인정하는 경우에 한하여 계약의 해지가 가능하다 할 것이나, 그렇지 않은 경우에는 “을”이 자신의 사정에 따라 계약을 해지할 수 있음에도 계약의 해제 또는 해지를 할 수 없도록 규정하고 있으므로 이는 법률의 규정에 의한 고객의 해제권 또는 해지권을 배제하거나 그 행사를 제한하는 조항으로 약관법 제9조 제1호의 규정에 해당됨. (2) 제9조 제4항 ㅇ 유상계약의 경우 계약당사자 일방이 계약당시에 계약금을 상대방에게 교부한 때에는 당사자의 일방이 이행에 착수할 때까지 교부자는 계약금을 포기하고 그 계약을 해제할 수 있음(민법 제565조). ㅇ 따라서 중도금을 납부한 경우가 아닌 한 을은 자신의 사정에 따라 계약을 해지할 수 있음에도 계약의 해제 또는 해지를 할 수 없도록 규정하고 있는 위 약관조항은 법률의 규정에 의한 고객의 해제권 또는 해지권을 배제하거나 그 행사를 제한하는 조항으로 약관법 제9조 제1호의 규정에 해당됨. ",,미검수,,,"근거 서술에 제9조 제3항, 제4항의 구체적 조항 문구 인용 없음. 내용만 설명되어 있음",candidates_ftc_불공정약관조항.csv
법제처 OPEN API/ftc,10413,,(주)플레이쉘의 씨앤스퀘어 쇼핑몰 분양계약서상 불공정약관조항에 대한 건,https://www.law.go.kr/DRF/lawService.do?OC=test&target=ftc&ID=10413&type=HTML,화재보험가입조항,무효,명시,위험,제11조,권리행사 제한,"4. 화재보험가입조항 가. 약관조항 나. 심사의견 : 무효 ㅇ “화재로 인한 재해보상과 보험가입에 관한 법률” 제5조에 의하면 소유자가 신체손해배상특약부화재보험에 가입하여야 할 의무가 있고, 건물소유자인 수분양자는 보험회사별 상품, 요율 등을 비교하여 자신에게 유리한 보험상품을 자율적으로 선택할 수 있어야 할 것임. ㅇ 그러나 위 약관조항은 사업자가 보험계약을 일괄 가입할 수 있도록 정하고 있으므로, 이는 고객이 제3자와 계약을 체결하는 것을 부당하게 제한하는 조항으로 약관법 제11조 제3호의 규정에 해당됨. ",,미검수,,,근거 서술에 조항 문구 인용 없음. '사업자가 보험계약을 일괄 가입할 수 있도록 정하고 있다'는 내용 설명만 있음,candidates_ftc_불공정약관조항.csv
법제처 OPEN API/ftc,10413,,(주)플레이쉘의 씨앤스퀘어 쇼핑몰 분양계약서상 불공정약관조항에 대한 건,https://www.law.go.kr/DRF/lawService.do?OC=test&target=ftc&ID=10413&type=HTML,급부내용 변경 및 담보책임 배제조항,무효,명시,위험,제10조,일방적 급부·조건 변경,"5. 급부내용 변경 및 담보책임 배제조항 가. 약관조항 나. 심사의견 : 무효 ㅇ 계약당사자 일방이 계약내용대로 이행하지 아니하는 경우에는 채무불이행의 책임을 져야 하며, 그 상대방은 이행강제, 계약해제, 손해배상 등을 청구할 수 있음. ㅇ 상가분양계약에 있어서 상가용도는 고객이 당해 상가를 선택하고 계약을 체결하에 있어 매우 중요한 사항이므로 이에 대한 변경이 있을 경우에는 고객은 자신의 책임하에 판단하고 이에 응하거나 계약해제ㆍ해지를 주장할 수 있는 것임. ㅇ 또한 피청구인이 상가용도를 임의적으로 변경하더라도 이에 대해 이의 제기를 할 수 없도록 한 것은 고객에게 짐작하기 어려운 손해를 줄 우려가 있음. ㅇ 따라서 위 약관조항은 상당한 이유없이 급부의 내용을 사업자가 일방적으로 결정하거나 변경할 수 있도록 권한을 부여하고 있는 조항으로 약관법 제10조 제1호 및 제11조 제1호의 규정에 해당됨. ",,미검수,,,근거 서술에 조항 문구 인용 없음. 상가용도 변경 관련 내용이 설명만 되어 있음,candidates_ftc_불공정약관조항.csv
법제처 OPEN API/ftc,10413,,(주)플레이쉘의 씨앤스퀘어 쇼핑몰 분양계약서상 불공정약관조항에 대한 건,https://www.law.go.kr/DRF/lawService.do?OC=test&target=ftc&ID=10413&type=HTML,담보 양도조항,무효,명시,위험,제11조,권리행사 제한,"6. 담보 양도조항 가. 약관조항 나. 심사의견 : 무효 ㅇ 채권의 양도는 가능할 것이나, 사업자가 쇼핑몰의 분양자로서 권리와 의무를 제3자에게 양도하는 경우와 같이 계약당사자로서의 승계를 목적으로 하는 계약인수는 계약상 지위에 관한 양도인과 양수인 사이의 합의뿐만 아니라 나머지 당사자인 매수인(수분양자)의 동의 내지 승낙이 있어야 함. ㅇ 그러나 위 약관조항은 사업자가 분양자로서 권리와 의무를 제3자에게 양도하는 경우 고객이 승낙하도록 하고 있으므로, 이는 법률 규정에 의한 고객의 항변권 등의 권리를 상당한 이유 없이 배제 또는 제한하는 조항으로 약관법 제11조 제1호의 규정에 해당됨. ",,미검수,,,근거 서술에 조항 문구 인용 없음,candidates_ftc_불공정약관조항.csv
법제처 OPEN API/ftc,10413,,(주)플레이쉘의 씨앤스퀘어 쇼핑몰 분양계약서상 불공정약관조항에 대한 건,https://www.law.go.kr/DRF/lawService.do?OC=test&target=ftc&ID=10413&type=HTML,급부내용 변경 및 담보책임 배제조항,무효,명시,위험,제10조,일방적 급부·조건 변경,"7. 급부내용 변경 및 담보책임 배제조항 가. 약관조항 나. 심사의견 : 무효 ㅇ 계약당사자 일방이 계약내용대로 이행하지 아니하는 경우에는 채무불이행의 책임을 져야 하며, 그 상대방은 이행강제, 계약해제, 손해배상 등을 청구할 수 있음. ㅇ 상가분양계약에 있어서 상가용도는 고객이 당해 상가를 선택하고 계약을 체결하에 있어 매우 중요한 사항이므로 이에 대한 변경이 있을 경우에는 고객은 자신의 책임하에 판단하고 이에 응하거나 계약해제ㆍ해지를 주장할 수 있는 것임. ㅇ 또한 피청구인이 상가용도를 임의적으로 변경하더라도 이에 대해 이의 제기를 할 수 없도록 한 것은 고객에게 짐작하기 어려운 손해를 줄 우려가 있음. ㅇ 따라서 위 약관조항은 상당한 이유없이 급부의 내용을 사업자가 일방적으로 결정하거나 변경할 수 있도록 권한을 부여하고 있는 조항으로 약관법 제10조 제1호 및 제11조 제1호의 규정에 해당됨. ",,미검수,,,근거 서술에 조항 문구 인용 없음. 상가용도 변경 관련 내용이 설명만 되어 있음,candidates_ftc_불공정약관조항.csv
법제처 OPEN API/ftc,10413,,(주)플레이쉘의 씨앤스퀘어 쇼핑몰 분양계약서상 불공정약관조항에 대한 건,https://www.law.go.kr/DRF/lawService.do?OC=test&target=ftc&ID=10413&type=HTML,개발비 조항,무효,명시,위험,"제6조,제10조",부당한 비용·세금 전가|선택권 제한·구입 강제|과도한 위약금|일방적 급부·조건 변경,"8. 개발비 조항 가. 약관조항 나. 심사의견 : 무효 ㅇ 본 계약에서 개발비는 홍보비, 행사비 등 상권 활성화를 위해 사용하는 경비로 명시되어 있으나, 동 개발비의 내역에는 원래 점포공급주체가 부담하여야 할 상가조성비용을 수분양자가 부담하는 경우가 있을 수 있음. ㅇ 따라서 수분양자가 부담할 성격이 아닌 개발비에 대해서는 계약의 해제 또는 해지시 수분양자에게 반환하여야 함이 타당함에도 사업자와 고객 사이에 이용되는 일반거래약관 속에 계약해제시 반환하지 않는다고 명시하고 있고, 또한 사업자 임의로 다른 용도로 개발비를 사용할 경우에도 그에 대한 일체의 이의제기를 금지하고 있는 바, 이는 고객에 대하여 부당하게 불리한 조항으로 약관법 제6조 제2항 제1호의 규정에 해당됨. ]]> 나. 심사의견 : 무효 ㅇ 계약당사자 일방이 계약내용대로 이행하지 아니하는 경우에는 채무불이행의 책임을 져야 하며, 그 상대방은 이행강제, 계약해제, 손해배상 등을 청구할 수 있음. ㅇ 상가분양계약에 있어서 상가용도는 고객이 당해 상가를 선택하고 계약을 체결함에 있어 매우 중요한 사항이므로 이에 대한 변경이 있을 경우에는 고객은 자신의 책임하에 판단하고 이에 응하거나 계약해제ㆍ해지를 주장할 수 있는 것임. ㅇ 또한 피청구인이 상가용도를 임의적으로 변경하더라도 이에 대해 동의하도록 한 것은 고객에게 짐작하기 어려운 손해를 줄 우려가 있음. ㅇ 따라서 피청구인의 약관조항은 상당한 이유 없이 급부의 내용을 사업자가 일방적으로 결정하거나 변경할 수 있도록 권한을 부여하고 있는 조항과 법률의 규정에 의한 고객의 항변권, 상계권 등의 권리를 상당한 이유 없이 배제 또는 제한하는 조항으로 약관법 제10조 제1호 및 제11조 제1호의 규정에 해당됨. ",,미검수,,,근거 서술에 개발비 조항의 구체적 문구 인용 없음. 내용만 설명되어 있음,candidates_ftc_불공정약관조항.csv
법제처 OPEN API/ftc,8745,,케이비부동산신탁(주)의 부천중동더스테이트상가(더스테이트몰) 매매계약서상 불공정약관조항에 대한 건,https://www.law.go.kr/DRF/lawService.do?OC=test&target=ftc&ID=8745&type=HTML,"용도, 설계변경 등에 대한 이의제기금지조항",무효,명시,위험,제10조,일방적 급부·조건 변경,"2. 용도, 설계변경 등에 대한 이의제기금지조항 (1) 약관조항 (2) 심사결과 : 무효 사업자가 상대방과 합의하였다는 등의 특별한 사정이 없는 한 증축 또는 설계, 용도변경 등으로 인하여 약정한 채무를 제공할 수 없게 되었다면 손해배상청구나 계약의 해제 등 채무불이행 책임을 부담한다. 상가건물의 용도나 설계, 증축여부 등은 계약의 중요한 내용이라 할 것인 데, 해당 약관조항은 사업자가 계획변경에 따라 이를 임의로 변경할 수 있도록 하고 나아가 수분양자가 이의를 제기할 수 없도록 하고 있다. 이에 따라 사업자가 계획을 임의로 변경하여 증축, 용도, 설계변경을 함으로써 본래 약정한 채무를 이행하지 못하게 된 경우에도 수분양자는 손해배상청구권이나 해제권 등을 행사하기 어렵게 된다. 따라서 해당 약관조항은 상당한 이유없이 급부의 내용을 사업자가 일방적으로 결정하거나 변경할 수 있도록 권한을 부여하는 조항 또는 법률의 규정에 의한 고객의 항변권 등의 권리를 제한하는 조항으로 약관법 제10조 제1호 및 제11조 제1호에 따라 무효이다. ",,미검수,,,근거 서술에 조항 문구 인용 없음. 계획변경에 따른 임의 변경 및 이의제기 금지 내용이 설명되어 있으나 따옴표나 「」로 명시된 원문 인용이 없음,candidates_ftc_불공정약관조항.csv
법제처 OPEN API/ftc,8745,,케이비부동산신탁(주)의 부천중동더스테이트상가(더스테이트몰) 매매계약서상 불공정약관조항에 대한 건,https://www.law.go.kr/DRF/lawService.do?OC=test&target=ftc&ID=8745&type=HTML,내용변경시 이의제기 금지조항,무효,명시,위험,제10조,일방적 급부·조건 변경,"3. 내용변경시 이의제기 금지조항 (1) 약관조항 (2) 심사결과 : 무효 상가분양을 받으려는 자는 사업자가 제공한 평면도, 홍보물 등을 통해 당해 상가에 대한 정보를 수집하고, 이를 바탕으로 계약체결여부를 결정하므로 평면도, 홍보물 등의 기재내용은 매우 중요하다 할 것이다. 또한 평면도, 홍보물 등의 내용 중 구체적인 거래조건 즉, 상가의 외형, 재질 등에 관한 것으로서 사회통념상 수분양자가 사업자에게 계약내용으로서 이행을 청구할 수 있다고 보여지는 사항은 분양계약의 내용에 해당한다. 따라서 사업자가 평면도, 조감도상의 구조물 등 및 홍보물의 내용과 다르게 이행할 수 있다고 정한 해당 약관조항은 상당한 이유없이 급부의 내용을 사업자가 일방적으로 변경할 수 있도록 하는 조항 또는 고객에 대하여 부당하게 불리한 약관조항으로 약관법 제10조 제1호 및 제6조 제2항 제1호에 해당한다. ",,미검수,,,"근거 서술에 조항 문구 인용 없음. 조항 내용이 설명만 돼 있으며, 정확한 문구는 원본 표에서 확인 필요",candidates_ftc_불공정약관조항.csv
법제처 OPEN API/ftc,8745,,케이비부동산신탁(주)의 부천중동더스테이트상가(더스테이트몰) 매매계약서상 불공정약관조항에 대한 건,https://www.law.go.kr/DRF/lawService.do?OC=test&target=ftc&ID=8745&type=HTML,관할법원조항,무효,명시,위험,제14조,권리행사 제한,4. 관할법원조항 (1) 약관조항 (2) 심사결과 : 무효 해당 약관조항은 민사소송법상의 관할 규정보다 수분양자에게 불리한 관할법원을 규정한 것이어서 경제적 약자인 수분양자에게 응소 및 제소의 불편을 초래할 우려가 있다. 따라서 해당 약관조항은 고객에 대하여 부당하게 불리한 재판관할의 합의조항에 해당하여 약관법 제14조에 따라 무효이다. ,,미검수,,,근거 서술에 조항 문구 인용 없음,candidates_ftc_불공정약관조항.csv
법제처 OPEN API/ftc,8745,,케이비부동산신탁(주)의 부천중동더스테이트상가(더스테이트몰) 매매계약서상 불공정약관조항에 대한 건,https://www.law.go.kr/DRF/lawService.do?OC=test&target=ftc&ID=8745&type=HTML,구두약정조항,무효,명시,위험,제6조,부당한 비용·세금 전가|선택권 제한·구입 강제|과도한 위약금,"5. 구두약정조항 (1) 약관조항 (2) 심사결과 : 무효 당사자는 약관과는 별도로 계약내용에 대하여 개별적인 합의를 할 수 있으며, 이러한 개별약정은 약관에 우선한다 할 것이다. 약관법에서도 약관에서 정하고 있는 사항에 관하여 사업자와 고객이 계약의 내용과 다르게 합의한 사항이 있을 때에는 당해 합의사항은 계약에 우선한다고 하여 개별약정우선의 원칙을 정하고 있다. 이러한 개별약정은 서면 뿐만 아니라 구두에 의하여도 가능하다할 것인데 해당 약관조항은 구두약정은 무효라고 하여 구두로 한 개별약정의 우선적 효력을 일체 부정하고 있다. 이에 따라 사업자가 계약체결시에 수분양자에게 구두로 약속을 하여놓고 후에 서면에 의하지 아니하였음을 이유로 그 효력을 부인할 수 있게 되어 수분양자의 이익을 부당하게 침해할 수 있다. 따라서 해당 약관조항은 고객에 대하여 부당하게 불리한 약관조항으로 약관법 제6조 제1항, 제2항 제1호에 따라 무효이다. ",,미검수,,,폐기: 제시한 문구가 근거 서술에 없음 (창작 의심),candidates_ftc_불공정약관조항.csv
법제처 OPEN API/ftc,8745,,케이비부동산신탁(주)의 부천중동더스테이트상가(더스테이트몰) 매매계약서상 불공정약관조항에 대한 건,https://www.law.go.kr/DRF/lawService.do?OC=test&target=ftc&ID=8745&type=HTML,기본시설의 유무확인 및 이의제기 금지조항,무효,명시,위험,"제8조,제9조,제11조",과도한 위약금|일방적 계약 해지|권리행사 제한|보증금 반환 지연,"6. 기본시설의 유무확인 및 이의제기 금지조항 (1) 약관조항 (2) 심사결과 : 무효 사업자가 기본시설, 기계설비 등을 제대로 설치하지 아니한 경우수분양자는 손해배상청구, 계약해제 등 채무불이행책임을 물을 수 있다. 더구나 도시가스, 냉ㆍ난방, 음향 등은 해당 상가에 실제로 입주하여 이용을 한 후에야 비로소 그 하자 등을 발견할 수 있는 경우가 많다 할 것이다. 해당 약관조항은 수분양자가 계약시 이와 같은 내용을 확인하고 이의를 제기할 수 없도록 하여 사업자가 약정한 바에 따라 채무를 이행하지 아니한 경우에도 수분양자가 이와 같은 권리를 행사하기 어렵게 하고 있다. 따라서 이는 법률의 규정에 의한 고객의 항변권, 상계권 등의 권리를 상당한 이유없이 배제 또는 제한하는 조항으로 약관법 제11조 제1호에 따라 무효이다. ]]> (2) 심사결과 : 무효 제2조 제5항은 수분양자의 귀책사유로 계약이 해지된 경우 계약금을 위약금으로 사업자에게 귀속시키고 수분양자가 계약금 등의 지급을 지체하여 부담하게 된 연체료도 추가로 공제하도록 하고 있다. 통상 부동산거래에 있어 계약해제에 따른 위약금은 거래대금의 10퍼센트로 함이 거래관행임을 고려할 때 해당 약관조항은 고객에 대하여 부당하게 과중한 손해배상의무를 부담시키는 조항으로 약관법 제8조에 해당한다. 한편, 제2조 제6항은 사업자의 귀책사유로 계약이 해제되는 경우 계약금을 위약금으로 하되, 분양대금을 무위 반환하도록 하여 분양대금에 대한 이자는 지급하지 않도록 하고 있다. 당사자 일방이 계약을 해제한 때에는 각 당사자는 그 상대방에 대하여 원상회복의 의무가 있고, 금전의 경우에는 받은 날부터 반환할 때까지의 이자를 가산하여 반환하여야 한다.(민법 제548조) 따라서 계약해제시 기납부한 대금에 대한 이자의 반환을 배제하고 있는 해당 약관조항은 계약의 해제로 인한 사업자의 원상회복의무를 부당하게 경감하는 조항으로 약관법 제9조 제4호에 해당한다. ",,미검수,,,근거 서술에 조항 문구 인용 없음. 조항 내용이 설명만 되어 있음,candidates_ftc_불공정약관조항.csv
법제처 OPEN API/ftc,10263,,파주공구상가 티-메카 비단지의 공급계약서상 불공정약관조항에 대한 건,https://www.law.go.kr/DRF/lawService.do?OC=test&target=ftc&ID=10263&type=HTML,재판관할 합의조항,무효,명시,위험,"제8조,제14조",과도한 위약금|권리행사 제한,"2. 재판관할 합의조항 가. 약관조항 나. 심사의견 : 무효 위 약관조항 밑줄 부분은 매도인(피심인), 매수인 중 누가 소를 제기하는 경우라 하더라도 매도인은 위 조항에 의하여 매도인의 본점 소재지를 관할법원으로 할 수 있다. 이에 따르면, 매도인이 매수인을 상대로 소를 제기하는 경우에는 피고 즉, 매수인의 주소지 소재 관할 법원에 관할권을 부여하는 민사소송법상 규정보다 매수인에게 불리한 결과가 발생한다. 상가분양 계약서 표준약관에는 관할법원을 '상가의 소재지를 관할하는 법원 또는 민사소송법에 의한 법원’으로 하도록 규정되어 있다. 따라서 동 조항 밑줄 부분은 고객에 대하여 부당하게 불리한 재판관할의 합의조항으로서 약관법 제14조에 해당한다. ]]> 나. 심사의견 : 무효 부동산 거래분야에서 계약해제에 따른 위약금은 거래대금의 10%정도가 통상적인 거래관행이며 판례의 취지이다. 상가분양계약서 표준약관에도 계약해제시 분양대금 총액의 10%를 상대방에게 지급하도록 정하고 있다. 위 약관조항은 계약해제시 매수인은 분양대금의 20%를 위약금으로 내고, 그와 별도로 미납연체료를 별도로 내야 한다. 이에 따르면, 매수인이 지급해야 하는 위약금은 사실상 [분양대금의 20% + 미납연체료]라고 보아야 할 것이다. 따라서 당해 약관조항은 고객에 대하여 부당하게 과중한 손해배상의무를 부담시키는 약관조항으로 약관법 제8조에 해당한다. ",,미검수,,,근거 서술에 재판관할 합의조항의 구체적 문구 인용 없음. '매도인의 본점 소재지를 관할법원으로 할 수 있다'는 내용 설명만 있음,candidates_ftc_불공정약관조항.csv
법제처 OPEN API/ftc,8629,,프라임전자장부(주)의 모집점개설계약서상 불공정약관조항에 대한 건,https://www.law.go.kr/DRF/lawService.do?OC=test&target=ftc&ID=8629&type=HTML,계약해지조항,무효,명시,위험,"제6조,제9조",부당한 비용·세금 전가|선택권 제한·구입 강제|과도한 위약금|일방적 계약 해지|권리행사 제한|보증금 반환 지연,"3. 계약해지조항 가. 약관조항 나. 심사결과 (1) 제10조 각 항 외의 부분 전단 밑줄부분 : 무효 계약이 해지되는 경우 당사자는 원상회복의무와 손해배상책임 등을 부담하게 되는 것이나, 계약해지전의 유효한 법률관계에 따라 발생한 수수료청구권이나 손해배상청구권 등은 여전히 행사할 수 있다 할 것이다. 그럼에도 해당 약관조항은 계약이 해지된 경우 대리점이 본사에 의해 발생한 이익 또는 모든 채권과 권리를 포기, 상실할 수 있다고 하여, 대리점의 본사 또는 제3자에 대한 정당한 권리행사를 제한하고 있다. 따라서 해당 약관조항은 고객에 대하여 부당하게 불리한 약관조항에 해당하여 약관법 제6조 제1항, 제2항 제1호에 따라 무효이다. (2) 제10조 각 항 외의 부분 후단 : 무효 본사는 대리점계약의 종료 후 정당한 사유가 있는 경우에 한하여 합리적인 범위 내에서 대리점의 동종 영업을 금지할 수 있다할 것이다. 해당 약관조항은 정당한 사유없이 어떠한 장소에서도 무조건 동종업계에 1년 동안 종사할 수 없도록 하고 있는 바, 대리점의 직업선택을 과도하게 제한하고 있다할 것이다. 따라서 이는 고객에 대하여 부당하게 불리한 약관조항에 해당하여 약관법 제6조 제1항, 제2항 제1호에 따라 무효이다. (3) 제10조 제2항 : 무효 계약해지는 당사자에게 중대한 영향을 미치는 것이므로 해지사유는 구체적으로 열거되고 그 내용도 타당한 것이어야 한다. 해당 약관조항은 사전에 본사의 허락을 받지 아니한 영업행위로서 본사의 명의나 정책에 반하는 경우나 본사의 지위를 이용한 부당한 영업행위를 한 경우에 계약을 해지할 수 있도록 하고 있다. 그러나 사전에 허락을 받아야 하는 “갑의 명의나 정책에 반하는 경우 또는 갑의 지위를 이용한 부당한 영업행위”의 범위가 명확하지 아니하고, 대리점이 모든 영업행위에 대하여 사전허락을 받는 것은 현실적으로 불가능하여 결국 본사가 자의적으로 계약을 해지할 수 있게 된다. 또한 대리점은 본사의 영업정책이나 방향과 밀접한 이해관계를 가지고 있어 이에 대하여 의견을 개진하고 개선요구 등을 할 수 있다 할 것인데, 본사의 영업정책 등에 대하여 비판하거나 이에 반하는 경미한 위반행위를 한 경우에도 계약을 해지할 수 있도록 하고 있다. 따라서 해당 약관조항은 사업자에게 법률에서 규정하고 있지 아니하는 해지권을 부여하여 고객에 대하여 부당하게 불이익을 줄 우려가 있는 조항으로 약관법 제9조 제2호에 해당한다. (4) 제10조 제3항 : 무효 계약해지는 당사자에게 중대한 영향을 미치는 것이므로 해지사유는 그 내용이 타당하여야 할 뿐만 아니라 구체적이고 명확하여야 한다. '이미지 실추 및 상거래 질서를 문란하게 하는 행위’나 '갑에게 좋지못한 영향을 줄 수 있는 것으로 판단되는 행위’는 내용이 추상적이고 광범위하여 본사가 자의적으로 이를 해석하여 계약을 해지할 수 있게 된다. 또한 '판례상 법적 문제 혹은 경제적 손실을 야기한 경우’를 해지사유로 정하여 이와 같은 행위의 타당성 여부 및 경중, 계약이행에 미치는 영향 등을 고려하지 아니하고 계약을 ",,미검수,,,"근거 서술에 조항 문구 인용 없음. 제10조 각 항의 구체적 문언이 인용되지 않았으며, 내용 설명만 있음",candidates_ftc_불공정약관조항.csv
법제처 OPEN API/ftc,9795,,ANF휘트니스의 개별트레이닝약정서상 불공정약관조항에 대한 건,https://www.law.go.kr/DRF/lawService.do?OC=test&target=ftc&ID=9795&type=HTML,(문서 전체 — 조항 구분 없음),무효,명시,위험,제9조,일방적 계약 해지|권리행사 제한|보증금 반환 지연,"9795 시정권고서 2008약관2840 2. 심사결과 : 무효 일반적으로 대중체육시설 이용계약은「방문판매 등에 관한 법률」상 계속계약(거래)에 해당하는 것으로서, 고객은 계약기간 중 언제든지 해지할 수 있으며 사업자(계속거래업자)는 고객의 사정으로 계약이 해지된 경우에도 이로 인해 발생하는 손실에 상당하는 적정 위약금을 공제한 나머지 대금을 환급해야 하고, 또 고객 입장에서도 해당 금원을 청구할 권리가 있음에도 불구하고, 고객에게 환불을 전혀 해 주지 않는다고 규정한 것은 계약의 해지로 인한 고객의 원상회복청구권을 부당하게 포기하도록 하는 것으로서 약관법 제9조 제3호에 해당된다. 피심인은 개별트레이닝프로그램은 일반 체력단련장(헬스장) 이용약관과 다른 특성이 있으므로 환불기준도 달라야 한다고 주장하나, 계약의 중도해지로 인한 피심인의 손실이 고객이 지불한 수강료 전액이라고 볼 수 있는 근거가 없으므로 일반 체력단련장 이용계약과 같이 일정 금액의 정당한 환불조치는 이뤄져야 할 것이다. 트레이너에 대한 정당한 보상 문제도 트레이너를 고용한 피심인이 해결할 문제이지, 이를 근거로 고객의 원상회복청구권을 부당하게 포기하도록 하는 것은 타당하지 않다. 따라서 해당 약관조항은 계약의 해지로 인한 고객의 원상회복청구권을 부당하게 포기하도록 하는 것으로서 약관법 제9조 제3호에 해당된다. ]]> 2. 심사결과 : 무효 일반적으로 대중체육시설 이용계약은「방문판매 등에 관한 법률」상 계속계약(거래)에 해당하는 것으로서, 고객은 계약기간 중 언제든지 해지할 수 있으며 사업자(계속거래업자)는 고객의 사정으로 계약이 해지된 경우에도 이로 인해 발생하는 손실에 상당하는 적정 위약금을 공제한 나머지 대금을 환급해야 하고, 또 고객 입장에서도 해당 금원을 청구할 권리가 있음에도 불구하고, 고객에게 환불을 전혀 해 주지 않는다고 규정한 것은 계약의 해지로 인한 고객의 원상회복청구권을 부당하게 포기하도록 하는 것으로서 약관법 제9조 제3호에 해당된다. 피심인은 개별트레이닝프로그램은 일반 체력단련장(헬스장) 이용약관과 다른 특성이 있으므로 환불기준도 달라야 한다고 주장하나, 계약의 중도해지로 인한 피심인의 손실이 고객이 지불한 수강료 전액이라고 볼 수 있는 근거가 없으므로 일반 체력단련장 이용계약과 같이 일정 금액의 정당한 환불조치는 이뤄져야 할 것이다. 트레이너에 대한 정당한 보상 문제도 트레이너를 고용한 피심인이 해결할 문제이지, 이를 근거로 고객의 원상회복청구권을 부당하게 포기하도록 하는 것은 타당하지 않다. 따라서 해당 약관조항은 계약의 해지로 인한 고객의 원상회복청구권을 부당하게 포기하도록 하는 것으로서 약관법 제9조 제3호에 해당된다. ]]> 2. 심사결과 : 무효 일반적으로 대중체육시설 이용계약은「방문판매 등에 관한 법률」상 계속계약(거래)에 해당하는 것으로서, 고객은 계약기간 중 언제든지 해지할 수 있으며 사업자(계속거래업자)는 고객의 사정으로 계약이 해지된 경우에도 이로 인해 발생하는 손실에 상당하는 적정 위약금을 공제한 나머지 대금을 환급해야 하고, 또",,미검수,고객에게 환불을 전혀 해 주지 않는다고 규정한 것,보통,"인용 표시 없이 조항 내용이 설명되어 있으며, 서술에서 문제 조항의 핵심 내용을 그대로 옮김",candidates_ftc_불공정약관조항.csv
법제처 OPEN API/ftc,10525,,IT휘트니스의 회원카드 이용안내문상상 불공정약관조항에 대한 건,https://www.law.go.kr/DRF/lawService.do?OC=test&target=ftc&ID=10525&type=HTML,(문서 전체 — 조항 구분 없음),무효,명시,위험,제9조,일방적 계약 해지|권리행사 제한|보증금 반환 지연,"10525 시정권고서 2008약관 2. 심사의견 : 무효 ○ 대중체육시설 이용계약은 「방문판매등에 관한 법률」상 계속계약에 해당하는 것으로, 고객은 계약기간 중 언제든지 해지할 수 있으며 소비자의 사정으로 계약이 해지된 경우 계약해지로 인해 발생하는 손실에 상당하는 적정 위약금을 공제한 나머지 대금을 환급해야 할 것임(법 제29조). - 그러나 피심인의 회원CARD 이용안내 약관은 어떤경우에도 환불이 되지 않는다고 규정하고 있으므로, 이는 법률의 규정에 의한 고객의 해제권 또는 해지권을 배제하거나 그 행사를 제한하는 조항으로 약관법 제9조 제1호에 해당됨. ]]> 2. 심사의견 : 무효 ○ 대중체육시설 이용계약은 「방문판매등에 관한 법률」상 계속계약에 해당하는 것으로, 고객은 계약기간 중 언제든지 해지할 수 있으며 소비자의 사정으로 계약이 해지된 경우 계약해지로 인해 발생하는 손실에 상당하는 적정 위약금을 공제한 나머지 대금을 환급해야 할 것임(법 제29조). - 그러나 피심인의 회원CARD 이용안내 약관은 어떤경우에도 환불이 되지 않는다고 규정하고 있으므로, 이는 법률의 규정에 의한 고객의 해제권 또는 해지권을 배제하거나 그 행사를 제한하는 조항으로 약관법 제9조 제1호에 해당됨. ]]> 2. 심사의견 : 무효 ○ 대중체육시설 이용계약은 「방문판매등에 관한 법률」상 계속계약에 해당하는 것으로, 고객은 계약기간 중 언제든지 해지할 수 있으며 소비자의 사정으로 계약이 해지된 경우 계약해지로 인해 발생하는 손실에 상당하는 적정 위약금을 공제한 나머지 대금을 환급해야 할 것임(법 제29조). - 그러나 피심인의 회원CARD 이용안내 약관은 어떤경우에도 환불이 되지 않는다고 규정하고 있으므로, 이는 법률의 규정에 의한 고객의 해제권 또는 해지권을 배제하거나 그 행사를 제한하는 조항으로 약관법 제9조 제1호에 해당됨. ]]> 2. 심사의견 : 무효 ○ 대중체육시설 이용계약은 「방문판매등에 관한 법률」상 계속계약에 해당하는 것으로, 고객은 계약기간 중 언제든지 해지할 수 있으며 소비자의 사정으로 계약이 해지된 경우 계약해지로 인해 발생하는 손실에 상당하는 적정 위약금을 공제한 나머지 대금을 환급해야 할 것임(법 제29조). - 그러나 피심인의 회원CARD 이용안내 약관은 어떤경우에도 환불이 되지 않는다고 규정하고 있으므로, 이는 법률의 규정에 의한 고객의 해제권 또는 해지권을 배제하거나 그 행사를 제한하는 조항으로 약관법 제9조 제1호에 해당됨. ]]> 2. 심사의견 : 무효 ○ 대중체육시설 이용계약은 「방문판매등에 관한 법률」상 계속계약에 해당하는 것으로, 고객은 계약기간 중 언제든지 해지할 수 있으며 소비자의 사정으로 계약이 해지된 경우 계약해지로 인해 발생하는 손실에 상당하는 적정 위약금을 공제한 나머지 대금을 환급해야 할 것임(법 제29조). - 그러나 피심인의 회원CARD 이용안내 약관은 어떤경우에도 환불이 되지 않는다고 규정하고 있으므로, 이는 법률의 규정에 의한 고객의 해제권 또는 해지권을 배제하거나 그 행사를 제한하는 조항으로 약관법",,미검수,어떤경우에도 환불이 되지 않는다,보통,"따옴표 없이 인용된 조항 문구로, 근거 서술에서 그대로 옮김",candidates_ftc_불공정약관조항.csv
법제처 OPEN API/ftc,1215,,TAZO휘트니스의 회원이용약관상 불공정약관조항에 대한 건,https://www.law.go.kr/DRF/lawService.do?OC=test&target=ftc&ID=1215&type=HTML,(문서 전체 — 조항 구분 없음),무효,명시,위험,"제8조,제9조",과도한 위약금|일방적 계약 해지|권리행사 제한|보증금 반환 지연,"1215 시정권고서 2010약관1716 (2) 심사결과 : 무효 대중체육시설 이용계약은「방문판매 등에 관한 법률」(이하 '방판법’이라 한다)상 계속적인 계약(계속거래)에 해당하는 것으로 고객은 계약기간 중 언제든지 해지할 수 있으며 소비자의 사정으로 계약이 해지된 경우 계약 해지로 인해 발생하는 손실에 상당하는 적정 위약금을 제외한 나머지 대금을 환급해야 할 것이다.(방판법 제29조, 제30조) 그러나 당해 약관조항은 원칙적으로 강습료를 환불하지 않으며 특정한 사유에 의해서만 환불이 가능하도록 규정되어 있다. 따라서 위 약관조항은 약관법 제9조 제1호 소정의 법률의 규정에 의한 고객의 해제권 또는 해지권을 배제하거나 그 행사를 제한하는 조항에 해당하여 무효이다. 또한, 여신전문금융업법에 따르면 신용카드가맹점은 신용카드회원에 대하여 현금결제회원에 비해 불리한 대우를 하지 못하도록 하고 있고, 가맹점수수료를 신용카드회원에게 부담시키지 못하도록 규정하고 있으며, 가맹점은 자신의 매출 확대를 위해 고객과의 최초 계약체결 시 자신이 신용카드사에게 가맹점수수료를 부담할 것을 전제로 체육시설 이용료에 대해 신용카드를 통한 결제를 용인하고 있어 설사 고객의 사정으로 인하여 계약이 해지되었다고 하더라도 카드결제회원에 대해 위약금(이용료의 10%)이외에 추가로 가맹점수수료(4%)를 부담하도록 한 당해 약관조항은 여신전문금융업법(법 제19조 제1항 및 제3항)에 위반될 뿐만 아니라 신의칙에도 반한다고 할 것이다. 따라서 당해 약관조항은 약관법 제8조 소정의 고객에 대하여 부당하게 과중한 손해배상의무를 부담시키는 약관조항이자 동 법 제6조 제2항 제1호 소정의 고객에 대하여 부당하게 불리한 약관조항에 해당하여 무효이다. ]]> (2) 심사결과 : 무효 대중체육시설 이용계약은「방문판매 등에 관한 법률」(이하 '방판법’이라 한다)상 계속적인 계약(계속거래)에 해당하는 것으로 고객은 계약기간 중 언제든지 해지할 수 있으며 소비자의 사정으로 계약이 해지된 경우 계약 해지로 인해 발생하는 손실에 상당하는 적정 위약금을 제외한 나머지 대금을 환급해야 할 것이다.(방판법 제29조, 제30조) 그러나 당해 약관조항은 원칙적으로 강습료를 환불하지 않으며 특정한 사유에 의해서만 환불이 가능하도록 규정되어 있다. 따라서 위 약관조항은 약관법 제9조 제1호 소정의 법률의 규정에 의한 고객의 해제권 또는 해지권을 배제하거나 그 행사를 제한하는 조항에 해당하여 무효이다. 또한, 여신전문금융업법에 따르면 신용카드가맹점은 신용카드회원에 대하여 현금결제회원에 비해 불리한 대우를 하지 못하도록 하고 있고, 가맹점수수료를 신용카드회원에게 부담시키지 못하도록 규정하고 있으며, 가맹점은 자신의 매출 확대를 위해 고객과의 최초 계약체결 시 자신이 신용카드사에게 가맹점수수료를 부담할 것을 전제로 체육시설 이용료에 대해 신용카드를 통한 결제를 용인하고 있어 설사 고객의 사정으로 인하여 계약이 해지되었다고 하더라도 카드결제회원에 대해 위약금(이용료의 10%)이외에 추가로 가맹점수수료(4%)를 부담하도록",,미검수,원칙적으로 강습료를 환불하지 않으며 특정한 사유에 의해서만 환불이 가능하도록,보통,"공정위 판단 근거에서 약관조항의 내용을 설명하는 형태로 인용된 문구이며, 따옴표 없이 서술되어 있음",candidates_ftc_불공정약관조항.csv
법제처 OPEN API/ftc,10545,,UCC휘트니스의 회원신청서상 불공정약관조항에 대한 건,https://www.law.go.kr/DRF/lawService.do?OC=test&target=ftc&ID=10545&type=HTML,위약금 조항,무효,명시,위험,"제8조,제9조",과도한 위약금|일방적 계약 해지|권리행사 제한|보증금 반환 지연,"2. 위약금 조항 가. 약관조항 나. 심사의견 : 무효 ○ 대중체육시설업에 있어서 고객의 사정에 의한 중도해지시 위약금은 일반적으로 전체 거래대금의 10%와 고객이 이용일수에 따른 일할계산금액을 제외한 금액이라고 할 것이며, 이는 표준약관이나 소비자분쟁해결기준에도 규정되어 있음. ○ 그러나 피심인의 위 약관 제3조 제3호는 고객이 납부한 금액 중 부가세 10%, 등록비 10%, 카드수수료 5%(카드 사용시)를 공제하고 환불해 주며, 1일을 사용한 경우에도 월기준 요금을 공제하고 부과한다고 규정하고 있음. - 부가세는 모든 거래시 수반되는 것이므로 이용료에 포함되어 있음에도 불구하고 피심인은 별도로 부가세를 중복공제하고 있으며, 설령 부가세로 인하여 사업자에게 실손해가 있다 할지라도 이는 해지시 통상적으로 지급하는 위약금(거래대금의 10%정도)에 포함되어 있다고 봄이 타당함. - 또한, 중도해지시 고객의 서비스 미사용분에 대한 환불과 관련하여 카드회원의 경우 현금회원과 달리 사업자의 카드수수료 부담 분을 추가로 5%를 공제하는 것은 비록 카드결제 고객에 대해 사업자가 초기수수료를 부담하였다하더라도 그 비용부담은 고객을 더 많이 유치하기 위한 사업자 이익에도 부합되는 측면이 있으며, 여신전문금융업법(제19조 제3항)에 따르면 신용카드 가맹점은 가맹점수수료를 신용카드 회원에게 부담하게 하여서는 아니된다고 규정하고 있고, 설령 이를 사업자의 실손해로 본다고 하더라도 이는 해지시 통상의 위약금(거래대금의 10%정도)에 포함되어 있다고 봄이 타당함. - 아울러 피심인은 고객이 1일을 이용한 경우에도 월 기준으로 이용요금을 공제하고 환급한다고 규정하고 있는데, 이는 소비자분쟁해결기준 및 표준약관은 물론 일반거래관행에 비추어 볼 때 과도한 위약금이라고 할 것임. - 따라서 피심인의 위 약관조항은 고객에게 부당하게 과중한 손해배상 의무를 부담시키는 조항이자 계약의 해지로 인한 사업자의 원상회복의무를 부당하게 경감하는 조항으로 약관법 제8조 및 제9조 제4호에 해당됨. ]]> 나. 심사의견 : 무효 ○ 대중체육시설 이용계약은 「방문판매등에 관한 법률」상 계속계약에 해당하는 것으로, 고객은 계약기간 중 언제든지 해지할 수 있으며 소비자의 사정으로 계약이 해지된 경우 계약해지로 인해 발생하는 손실에 상당하는 적정 위약금을 공제한 나머지 대금을 환급해야 할 것임(법 제29조). - 그러나 피심인의 약관 제3조 제1호 및 제2호는 원칙적으로 회원의 사정에 의한 탈퇴가 불가능하며 자신이 인정하는 특정한 경우에만 탈퇴가 가능하다고 규정하고 있으므로 이는 법률의 규정에 의한 고객의 해제권 또는 해지권을 배제하거나 그 행사를 제한하는 조항으로 약관법 제9조 제1호에 해당됨. ",,미검수,"고객이 납부한 금액 중 부가세 10%, 등록비 10%, 카드수수료 5%(카드 사용시)를 공제하고 환불해 주며, 1일을 사용한 경우에도 월기준 요금을 공제하고 부과한다",보통,약관 제3조 제3호의 내용으로 판단 근거 서술에서 그대로 옮김,candidates_ftc_불공정약관조항.csv
법제처 OPEN API/ftc,1255,,결혼의 전당 베르사유의 예식계약서상 불공정약관조항에 대한 건,https://www.law.go.kr/DRF/lawService.do?OC=test&target=ftc&ID=1255&type=HTML,(문서 전체 — 조항 구분 없음),무효,명시,위험,제8조,과도한 위약금,"1255 시정권고서 2010약관 (2) 심사결과 : 무효 예식계약의 경우 고객의 사정으로 인해 당해 예식일을 기준으로 예식이 임박하거나 일정기간 이내에 해약될 경우에는 피심인은 이를 대체할 고객이 없게 되어 영업상의 손실을 입게 되므로 고객의 귀책사유로 인한 계약 해제 시 고객에 대해 채무불이행에 따른 손해배상책임을 물을 수 있다. 이와 관련하여 일반적인 예식계약에 있어 사업자의 예상 매출액은 장소 임대료와 피로연 식사 제공으로 인한 수입이 주가 될 것이므로 계약 해제 시 위약금의 산정은 장소 임대와 피로연 식사 제공으로 인한 기대이익을 일정부분 반영한 수준에서 책정되는 것이 적절할 것으로 판단된다. 그러나 당초의 당해 약관조항은 고객의 귀책사유로 예식일로부터 4주전 예약 취소 시 예식비용 및 지불보증인원 식대 전액에 상당하는 금액을 위약금으로 부과하고 있으며, 변경약관에서도 예식 50일 전에 계약이 파기될 경우 지불보증인원의 50%를 배상하도록 규정하고 있다. 이는 피로연 음식재료 준비가 보통 예식일 며칠 전에 완료되는 점과 피로연 식대로 피심인이 얻을 수 있는 이익, 장소 임대료 등의 기대이익을 감안한다고 하더라도 지나치게 과도한 것으로 판단된다. 아울러 현행 소비자분쟁해결기준(예식업과 외식서비스업종)과 예식장이용 표준약관(공정거래위원회 표준약관 제10030호)상의 위약금 부과규정에 비하여서도 현재 피심인의 위약금 수준은 지나치게 과도하다고 판단된다. 따라서 당해 약관조항은 약관법 제8조 소정의 고객에게 부당하게 과중한 손해배상의무를 부담시키는 조항에 해당하여 무효이다. ]]> (2) 심사결과 : 무효 예식계약의 경우 고객의 사정으로 인해 당해 예식일을 기준으로 예식이 임박하거나 일정기간 이내에 해약될 경우에는 피심인은 이를 대체할 고객이 없게 되어 영업상의 손실을 입게 되므로 고객의 귀책사유로 인한 계약 해제 시 고객에 대해 채무불이행에 따른 손해배상책임을 물을 수 있다. 이와 관련하여 일반적인 예식계약에 있어 사업자의 예상 매출액은 장소 임대료와 피로연 식사 제공으로 인한 수입이 주가 될 것이므로 계약 해제 시 위약금의 산정은 장소 임대와 피로연 식사 제공으로 인한 기대이익을 일정부분 반영한 수준에서 책정되는 것이 적절할 것으로 판단된다. 그러나 당초의 당해 약관조항은 고객의 귀책사유로 예식일로부터 4주전 예약 취소 시 예식비용 및 지불보증인원 식대 전액에 상당하는 금액을 위약금으로 부과하고 있으며, 변경약관에서도 예식 50일 전에 계약이 파기될 경우 지불보증인원의 50%를 배상하도록 규정하고 있다. 이는 피로연 음식재료 준비가 보통 예식일 며칠 전에 완료되는 점과 피로연 식대로 피심인이 얻을 수 있는 이익, 장소 임대료 등의 기대이익을 감안한다고 하더라도 지나치게 과도한 것으로 판단된다. 아울러 현행 소비자분쟁해결기준(예식업과 외식서비스업종)과 예식장이용 표준약관(공정거래위원회 표준약관 제10030호)상의 위약금 부과규정에 비하여서도 현재 피심인의 위약금 수준은 지나치게 과도하다고 판단된다. 따라서 당해 약관조항은 약관법 제8조",,미검수,"고객의 귀책사유로 예식일로부터 4주전 예약 취소 시 예식비용 및 지불보증인원 식대 전액에 상당하는 금액을 위약금으로 부과하고 있으며, 변경약관에서도 예식 50일 전에 계약이 파기될 경우 지불보증인원의 50%를 배상하도록 규정하고 있다",보통,인용 표시는 없으나 당초 약관조항과 변경약관의 위약금 규정 내용이 서술되어 있음,candidates_ftc_불공정약관조항.csv
법제처 OPEN API/ftc,1113,,구글코리아(유)의 서비스 약관 및 개인정보 취급방침상 불공정약관조항에 대한 건,https://www.law.go.kr/DRF/lawService.do?OC=test&target=ftc&ID=1113&type=HTML,정보주체의 개인정보 열람권을 제한하는 조항,무효,명시,위험,"제6조,제11조",부당한 비용·세금 전가|선택권 제한·구입 강제|과도한 위약금|권리행사 제한,"4. 정보주체의 개인정보 열람권을 제한하는 조항 가. 약관조항 나. 심사의견 : 무효 정보주체로서 이용자에게는 사업자가 보관 중인 자신의 개인정보를 열람할 수 있는 권리, 개인정보의 이용 및 제3자 제공 내역을 요청할 수 있는 권리, 오류라 있는 개인정보에 대해 정정을 요구할 수 있는 권리 및 개인정보의 수집ㆍ이용ㆍ제공 등에 대한 동의를 철회할 수 있는 권리 등 각종 권리를 법에 의해 보호받고 있다. 정보통신망법 제30조 제4항은 고객이 자신의 개인정보에 대한 열람 또는 제공을 요구할 경우 지체 없이 필요한 조치를 하도록 되어 있다. 그러나 본인 또는 제3자의 생명, 재산 및 권익을 현저하게 해할 우려가 있거나 당해 서비스 제공자의 업무에 현저한 지장을 미칠 우려 등으로 인해 필요한 조치를 지체 없이 취할 수 없는 경우 그 사유를 이용자에게 알리는 등의 절차를 규정하고 있는 개인정보의 정정 권리와는 달리 위 법에서는 열람 또는 정정에 대해서는 예외 사유를 규정하고 있지 않다. 따라서, 정보주체의 정보 열람 및 제공 요구에 대해 사업자는 이를 거부할 수 없다고 보아야 하며, 이를 거부하는 경우 법률이 정하는 고객의 권리를 침해한다고 보아야 한다. 또한 위 법에는 오류에 대한 정정 요청에 대해서도 지체 없이 이를 처리할 수 없는 경우, 그러한 사정을 설명해야 함을 규정할 뿐, 그 자체를 거부할 수 있다는 규정은 없다. 현재 피심인의 위 약관조항은 법률이 보장하고 있는 권리로서 고객의 개인정보 접근, 수정, 삭제 요청에 대하여 '비합리적으로 반복적이거나 규칙적/과도한 기술적 노력 필요/비효율적이거나 접근이 필요하지 않은’ 경우 처리 자체를 거부할 수 있다고 규정하고 있다. 그러나 비합리적으로 반복적이거나 규칙적, 비효율적이거나 접근이 필요하지 않다는 개념의 정의가 모호한바, 이에 대한 사업자의 자의적인 해석이 개입될 가능성이 크다. 또한 이러한 자의적인 해석에 근거하여 단순히 고객의 요청을 즉각적으로 처리하지 않는 것이 아니라 아예 그 자체를 거부할 수 있다고 정하고 있다. 이상의 내용을 살펴볼 때, 고객의 개인정보 열람 및 정정 요청에 대해 추상적ㆍ포괄적 조건을 부가함으로써 요청 자체를 거부할 수 있는 권한을 사업자에게 부여하는 위 약관 조항은 법률에 따른 권리를 상당한 이유 없이 배제하거나 제한하는 조항으로서 약관법 제11조 제1호에 해당하여 무효이다. 5. 회원의 탈퇴 후에도 회원의 저작물을 영구히 사용토록 하는 조항 등 회원의 저작권을 침해하는 조항 가. 약관조항 나. 심사의견 : 무효 저작권법 제46조는, 저작재산권자는 다른 사람에게 그 저작물의 이용을 허락할 수 있으며, 이러한 허락을 받은 자는 허락받은 이용 방법 및 조건의 범위 안에서 그 저작물을 이용할 수 있다고 정하고 있다. 이에 따라 온라인 사업자들은 회원의 게시물에 대하여 서비스 제공에 필요한 범위 내에서 수정, 각색, 배포, 발행 등의 방식으로 이용할 수 있는 권리를 개별적인 동의가 아니라 이용약관에 포함시킴으로써 고객에게 동의를 얻고 있다. 이때 고객이 사업자들에게 자",,미검수,'비합리적으로 반복적이거나 규칙적/과도한 기술적 노력 필요/비효율적이거나 접근이 필요하지 않은' 경우 처리 자체를 거부할 수 있다,보통,"따옴표로 표시된 조항 내용을 그대로 옮겼으나, 슬래시 표기가 원문 표기와 정확히 일치하는지 원본 확인 필요",candidates_ftc_불공정약관조항.csv
법제처 OPEN API/ftc,1227,,구름채팬션의 환불규정상 불공정약관조항에 대한 건,https://www.law.go.kr/DRF/lawService.do?OC=test&target=ftc&ID=1227&type=HTML,(문서 전체 — 조항 구분 없음),무효,명시,위험,제8조,과도한 위약금,"1227 시정권고서 2010약관0749 나. 심사의견 : 무효 고객이 숙박업소 예약 후 개인 사정으로 그 예약을 취소하는 경우, 예약취소시점이 숙박예정일에 가까워질수록 다른 고객을 맞을 기회도 희박해져 숙박업소의 손해가 커지는 경향이 있다. 따라서 고객의 예약취소시점을 기준으로 숙박요금의 환불 수준을 차등하여 정하는 것은 타당하다 할 것이다. 일반적으로 숙박요금에는 숙박할 때 실제로 소요되는 비용(전기ㆍ가스 비용, 서비스 비용 등)인 '변동비용’과 시설유지비 등이 포함된 '고정비용’으로 구분되어 있다. 그러므로 숙박예약을 취소한 경우에는 변동비용이 지출되지 않기 때문에 예약취소 수수료에서 변동비용은 제외되는 것이 타당하다. 그럼에도 당해 약관조항은 이용일 당일부터 2일전까지의 기간에 예약을 취소하면 변동비용을 포함하여 모든 숙박요금을 환불하지 아니하도록 정하고 있다. 참고로 공정거래위원회 고시(2010-1호)인 소비자분쟁해결기준에 의하면 숙박업의 경우 숙박요금의 환불 기준에 의하면, 사용예정일 1일 전에 소비자의 귀책사유로 계약을 해제하면 사업자는 성수기의 경우 총 요금의 80% 공제 후 환급, 비수기의 경우 총 요금의 20% 공제 후 환급하여야 한다. 위의 사항을 종합하면, 예약일 2일 전부터 당일까지 계약을 해제하는 경우 전액 환불을 금지하는 조항은 고객에 대하여 부당하게 과중한 손해배상의무를 부담시키는 조항으로 약관법 제8조에 해당한다. * 참고 심결례 ]]> 나. 심사의견 : 무효 고객이 숙박업소 예약 후 개인 사정으로 그 예약을 취소하는 경우, 예약취소시점이 숙박예정일에 가까워질수록 다른 고객을 맞을 기회도 희박해져 숙박업소의 손해가 커지는 경향이 있다. 따라서 고객의 예약취소시점을 기준으로 숙박요금의 환불 수준을 차등하여 정하는 것은 타당하다 할 것이다. 일반적으로 숙박요금에는 숙박할 때 실제로 소요되는 비용(전기ㆍ가스 비용, 서비스 비용 등)인 '변동비용’과 시설유지비 등이 포함된 '고정비용’으로 구분되어 있다. 그러므로 숙박예약을 취소한 경우에는 변동비용이 지출되지 않기 때문에 예약취소 수수료에서 변동비용은 제외되는 것이 타당하다. 그럼에도 당해 약관조항은 이용일 당일부터 2일전까지의 기간에 예약을 취소하면 변동비용을 포함하여 모든 숙박요금을 환불하지 아니하도록 정하고 있다. 참고로 공정거래위원회 고시(2010-1호)인 소비자분쟁해결기준에 의하면 숙박업의 경우 숙박요금의 환불 기준에 의하면, 사용예정일 1일 전에 소비자의 귀책사유로 계약을 해제하면 사업자는 성수기의 경우 총 요금의 80% 공제 후 환급, 비수기의 경우 총 요금의 20% 공제 후 환급하여야 한다. 위의 사항을 종합하면, 예약일 2일 전부터 당일까지 계약을 해제하는 경우 전액 환불을 금지하는 조항은 고객에 대하여 부당하게 과중한 손해배상의무를 부담시키는 조항으로 약관법 제8조에 해당한다. * 참고 심결례 ]]> 나. 심사의견 : 무효 고객이 숙박업소 예약 후 개인 사정으로 그 예약을 취소하는 경우, 예약취소시점이 숙박예정일에 가까워질수록 다른 고객을 맞을 기회",,미검수,이용일 당일부터 2일전까지의 기간에 예약을 취소하면 변동비용을 포함하여 모든 숙박요금을 환불하지 아니하도록 정하고 있다,보통,공정위의 판단 근거 서술에서 약관조항의 내용을 설명하는 형태로 인용되어 있음,candidates_ftc_불공정약관조항.csv
법제처 OPEN API/ftc,11053,,국민여행사의 자동차대여약관중 불공정약관조항에 대한 건,https://www.law.go.kr/DRF/lawService.do?OC=test&target=ftc&ID=11053&type=HTML,(문서 전체 — 조항 구분 없음),무효,명시,위험,제6조,부당한 비용·세금 전가|선택권 제한·구입 강제|과도한 위약금,"11053 시정권고서 2008약관1204 (2) 심사결과 : 무효 임차인의 사고발생시 보험회사가 피해자에게 보험금을 지급한 경우 임대인은 보험회사에게 일정 금원을 지급하고, 향후 일정기간 동안 보험료의 할인혜택을 받지 못하거나 할증되는 경우가 있음 자동차대여사업자의 경우 보유한 모든 차량의 보험사고 횟수나 보험금액 등을 고려하여 보험료가 산정되고, 보험료가 할증되면 전 차량의 보험료가 인상됨. 따라서 임대인이 추가적으로 부담하게 되는 총금원은 보유차량대수, 보험가입기간, 보험혜택의 크기 등에 따라 상이함 임대인은 위와같이 보험사고시 부담하는 금원에 대하여 이 사건 약관조항과 같이 임차인으로부터 일정 금원을 징구하는 것임 차량대여료에 이용료, 보험료뿐만 아니라 보험사고가 발생할 경우 렌터카업체가 추가로 부담하게 될 부분을 모두 포함할 경우 그렇지 않은 경우보다 대여료가 올라갈 수 밖에 없음 이 경우에는 사고를 내지 않은 자가 사고를 낸 자의 보험금을 부담하는 것이 되므로 부당한 결과가 됨. 그러나 차량대여료에 이와 같은 비용을 포함하지 아니한 경우에는 사고자가 책임을 지는 것이므로 위와 같이 보험처리시 면책금을 받는 것 자체는 부당하지 아니함 그러나 사고의 종류, 정도 및 보험금액 등에 따라 해당 사고가 임대인이 부담하게 될 금원의 크기에 미치는 영향이 다름. 따라서 보험사고의 정도나 보험금액 등에 따라 임차인이 부담하여야 할 면책금도 차등하여 규정하여야 할 것임 그럼에도 불구하고 위 약관조항은 보험처리시 사고의 경중 등을 구분하지 아니하고 동일한 액수의 면책금을(50만원) 지급하도록 하고 있음. 이는 경미한 사고를 낸 이용자와 중한 사고를 낸 이용자간 형평에 반하여 부당하다 할 것임 따라서 위 약관조항은 고객에게 부당하게 불리한 약관조항에 해당하여 약관법 제6조 제1항, 제2항 제1호에 따라 무효임 ]]> (2) 심사결과 : 무효 임차인의 사고발생시 보험회사가 피해자에게 보험금을 지급한 경우 임대인은 보험회사에게 일정 금원을 지급하고, 향후 일정기간 동안 보험료의 할인혜택을 받지 못하거나 할증되는 경우가 있음 자동차대여사업자의 경우 보유한 모든 차량의 보험사고 횟수나 보험금액 등을 고려하여 보험료가 산정되고, 보험료가 할증되면 전 차량의 보험료가 인상됨. 따라서 임대인이 추가적으로 부담하게 되는 총금원은 보유차량대수, 보험가입기간, 보험혜택의 크기 등에 따라 상이함 임대인은 위와같이 보험사고시 부담하는 금원에 대하여 이 사건 약관조항과 같이 임차인으로부터 일정 금원을 징구하는 것임 차량대여료에 이용료, 보험료뿐만 아니라 보험사고가 발생할 경우 렌터카업체가 추가로 부담하게 될 부분을 모두 포함할 경우 그렇지 않은 경우보다 대여료가 올라갈 수 밖에 없음 이 경우에는 사고를 내지 않은 자가 사고를 낸 자의 보험금을 부담하는 것이 되므로 부당한 결과가 됨. 그러나 차량대여료에 이와 같은 비용을 포함하지 아니한 경우에는 사고자가 책임을 지는 것이므로 위와 같이 보험처리시 면책금을 받는 것 자체는 부당하지 아니함 그러나 사고의 종류, 정도 및 보험",,미검수,보험처리시 사고의 경중 등을 구분하지 아니하고 동일한 액수의 면책금을(50만원) 지급하도록 하고 있음,보통,근거 서술에서 약관조항의 내용을 설명하는 형태로 인용됨. 정확한 원문 표현과 일치 여부는 원본 약관 확인 필요,candidates_ftc_불공정약관조항.csv
법제처 OPEN API/ftc,8645,,김귀동법률사무소의 약정서(민사)상 불공정약관조항에 대한 건,https://www.law.go.kr/DRF/lawService.do?OC=test&target=ftc&ID=8645&type=HTML,계약의 해제조항,무효,명시,위험,제9조,일방적 계약 해지|권리행사 제한|보증금 반환 지연,3. 계약의 해제조항 (1) 약관조항 (2) 심사결과 : 무효 해당 약관에서 위임인의 계약해제권에 관하여 규정하지 않더라도수임인이 계약에 따른 의무를 이행하지 아니하면 위임인은 민법 등에 따라 계약을 해제할 수 있다. 따라서 수임인의 계약해제권만을 규정하고 위임인의 계약해제권은 규정하지 아니하더라도 그 사유만으로 해당 약관조항이 부당하다고 보기는 어렵다. 그러나 계약의 해제는 거래상대방의 이해에 미치는 영향이 크므로 그 사유는 구체적으로 열거되어야 하고 내용도 타당하여야 한다. 또한 채무불이행을 원인으로 계약을 해제하는 경우에도 채무이행이 불능인 때 등을 제외하고는 상당기간을 정하여 이행을 최고하고 그 기간내에 이행하지 아니한 때에 계약을 해제할 수 있음이 원칙이라 할 것이다. 해당 약관조항은 “이 약정서에 정한 의무를 이행치 않을 때”를 해제사유로 하여 경미한 의무위반을 계약해제사유로 하고 있을 뿐만 아니라 이행을 최고함이 없이 바로 계약을 해제할 수 있도록 하고 있다. 따라서 사업자에게 법률에서 규정하고 있지 아니하는 해제권을 부여하거나 법률의 규정에 의한 해제권의 행사요건을 완화하여 고객에게 부당하게 불이익을 줄 우려가 있는 조항으로 약관법 제9조 제2호에 해당한다. ,,미검수,이 약정서에 정한 의무를 이행치 않을 때,높음,따옴표로 명시 인용된 조항 문구를 그대로 옮김,candidates_ftc_불공정약관조항.csv
법제처 OPEN API/ftc,1183,,대방열림고시학원의 동영상강의 이용약관상 불공정약관조항에 대한 건,https://www.law.go.kr/DRF/lawService.do?OC=test&target=ftc&ID=1183&type=HTML,(문서 전체 — 조항 구분 없음),무효,명시,위험,제8조,과도한 위약금,"1183 시정권고서 2010약관0533 (2) 심사결과 : 무효 해당 약관조항은 동영상 강의가 일단 시작되면 어떤 사유로든 고객이 환불을 하거나 강의를 변경, 연장할 수 없도록 하고 있다. 동영상강의는 장소적ㆍ시간적 제약이 적어 수강생이 자신의 사정에 따라 수업량 등을 조정할 수 있어 일반적인 학원에서 이루어지는 강의와는 다른 특성을 가지고 있다. 이와 같은 특성을 감안하더라도 사업자의 귀책사유로 서비스를 받을 수 없게 된 경우, 강의시작 후 고객의 사정으로 강의를 들을 수 없게 된 경우 등에는 적정 위약금을 지급하고 계약을 해지ㆍ해제할 수 있도록 하여야 할 것이다. 또한 일반 학원의 경우에는 학원운영자 등이 교습을 할 수 없거나 학습자가 본인의 의사로 수강을 포기한 경우 경과된 교습기간에 따라 수강료를 반환하여 주고 있다.(학원의 설립ㆍ운영 및 과외교습에 관한 법률 제18조) 위와 같은 사정을 고려할 때 일체 환불 및 취소를 할 수 없다고 정한 해당 약관조항은 고객에 대하여 부당하게 과중한 지연손해금등의 손해배상의무를 부담시키는 조항 또는 고객에 대하여 부당하게 불리한 조항에 해당하여 약관법 제8조 및 제6조 제1항, 제2항 제1호에 따라 무효이다. ]]> (2) 심사결과 : 무효 해당 약관조항은 동영상 강의가 일단 시작되면 어떤 사유로든 고객이 환불을 하거나 강의를 변경, 연장할 수 없도록 하고 있다. 동영상강의는 장소적ㆍ시간적 제약이 적어 수강생이 자신의 사정에 따라 수업량 등을 조정할 수 있어 일반적인 학원에서 이루어지는 강의와는 다른 특성을 가지고 있다. 이와 같은 특성을 감안하더라도 사업자의 귀책사유로 서비스를 받을 수 없게 된 경우, 강의시작 후 고객의 사정으로 강의를 들을 수 없게 된 경우 등에는 적정 위약금을 지급하고 계약을 해지ㆍ해제할 수 있도록 하여야 할 것이다. 또한 일반 학원의 경우에는 학원운영자 등이 교습을 할 수 없거나 학습자가 본인의 의사로 수강을 포기한 경우 경과된 교습기간에 따라 수강료를 반환하여 주고 있다.(학원의 설립ㆍ운영 및 과외교습에 관한 법률 제18조) 위와 같은 사정을 고려할 때 일체 환불 및 취소를 할 수 없다고 정한 해당 약관조항은 고객에 대하여 부당하게 과중한 지연손해금등의 손해배상의무를 부담시키는 조항 또는 고객에 대하여 부당하게 불리한 조항에 해당하여 약관법 제8조 및 제6조 제1항, 제2항 제1호에 따라 무효이다. ]]> (2) 심사결과 : 무효 해당 약관조항은 동영상 강의가 일단 시작되면 어떤 사유로든 고객이 환불을 하거나 강의를 변경, 연장할 수 없도록 하고 있다. 동영상강의는 장소적ㆍ시간적 제약이 적어 수강생이 자신의 사정에 따라 수업량 등을 조정할 수 있어 일반적인 학원에서 이루어지는 강의와는 다른 특성을 가지고 있다. 이와 같은 특성을 감안하더라도 사업자의 귀책사유로 서비스를 받을 수 없게 된 경우, 강의시작 후 고객의 사정으로 강의를 들을 수 없게 된 경우 등에는 적정 위약금을 지급하고 계약을 해지ㆍ해제할 수 있도록 하여야 할 것이다. 또한 일반 학원의 경우에는 학원운영자 ",,미검수,"동영상 강의가 일단 시작되면 어떤 사유로든 고객이 환불을 하거나 강의를 변경, 연장할 수 없도록 하고 있다",보통,"따옴표 없이 서술되었으나, 공정위가 문제 조항의 내용을 명확히 기술한 부분을 그대로 옮김",candidates_ftc_불공정약관조항.csv
법제처 OPEN API/ftc,1155,,바디스타의 회원가입약관상 불공정약관조항에 대한 건,https://www.law.go.kr/DRF/lawService.do?OC=test&target=ftc&ID=1155&type=HTML,계약 해지 시 과다한 위약금 등 부과 조항,무효,명시,위험,제8조,과도한 위약금,"2. 계약 해지 시 과다한 위약금 등 부과 조항 가. 약관조항 나. 심사의견: 무효 대중체육시설 이용계약은 방판법상 계속적인 계약(계속거래)에 해당하는 것으로 고객은 계약기간 중 언제든지 해지할 수 있으며 소비자의 사정으로 계약이 해지된 경우 계약 해지로 인해 발생하는 손실에 상당하는 적정 위약금을 제외한 나머지 대금을 환급해야 할 것이다.(방판법 제29조, 제30조) 고객이 자신의 사정으로 계약기간 중도에 해지를 하는 경우에 사업자는 고객에게 손해배상액의 예정으로서의 위약금을 부담지울 수 있지만 이 경우에도 관련 임의규정, 통상의 거래관행 등을 고려하여 합리적인 수준의 위약금을 정하여야 할 것이다. 방판법 제30조 제5항에 따라 정하여 고시한 「계속거래 등의 해지ㆍ해제에 따른 위약금 및 대금의 환급에 관한 산정기준」 상에는 헬스장 이용계약과 관련하여 고객의 사정에 의한 중도 해지 시 위약금 상한액을 총 계약금액의 10%로 정하고 있다. 또한, 체력단련장 표준약관 및 소비자분쟁해결기준에서도 체육시설을 이용하는 소비자의 귀책사유로 개시일 이후 계약을 해지할 경우 취소일까지의 이용일수에 해당하는 금액과 총 이용금액의 10%를 위약금으로 공제하고 환급하도록 규정하고 있다. 아울러, 여신전문금융업법에 따르면 신용카드가맹점은 신용카드회원에 대하여 현금결제회원에 비해 불리한 대우를 하지 못하도록 하고 있고 가맹점수수료를 신용카드회원에게 부담시키지 못하도록 규정(제19조 제1항 및 제3항)하고 있으며, 가맹점은 자신의 매출 확대를 위해 고객과의 최초 계약체결 시 자신이 신용카드사에게 가맹점수수료를 부담할 것을 전제로 체육시설 이용료에 대해 신용카드를 통한 결제를 용인하고 있다. 설사 고객의 사정으로 인하여 계약이 해지되었다고 하더라도 카드결제회원에 대해 위약금(이용료의 10%)이외에 추가로 가맹점수수료를 부담하도록 한 당해 약관조항은 여신전문금융업법에 위반될 뿐만 아니라 신의성실의 원칙에도 반한다고 할 것이다. 그러나 위 약관에는 회비의 환불과 관련하여 이용기간에 대한 이용금액과 위약금 10%를 제외한 카드수수료 명목으로 이를 별도 공제하는 것으로 규정하고 있다. 따라서 당해 약관조항은 고객에 대하여 부당하게 과중한 손해배상의무를 부담시키는 약관조항이자 계약의 해제 또는 해지로 인한 고객의 원상회복의무를 상당한 이유없이 과중하게 부담시키거나 원상회복청구권을 부당하게 포기하도록 하는 조항으로 약관법 제8조 및 제9조 제3호에 해당되어 무효이다. ",,미검수,이용기간에 대한 이용금액과 위약금 10%를 제외한 카드수수료 명목으로 이를 별도 공제,보통,근거 서술에서 약관의 규정 내용을 설명하는 형태로 인용된 문구를 그대로 옮김,candidates_ftc_불공정약관조항.csv
법제처 OPEN API/ftc,11451,,변호사 권두섭 등 15개 사업자의 위임계약서상 불공정약관조항에 대한 건,https://www.law.go.kr/DRF/lawService.do?OC=test&target=ftc&ID=11451&type=HTML,(문서 전체 — 조항 구분 없음),무효,명시,위험,제6조,부당한 비용·세금 전가|선택권 제한·구입 강제|과도한 위약금,"11451 시정권고서 2011약관0143 ∼ 2011약관0157 * 갑 : 위임인(청구인), 을 : 수임인(피심인) 2. 심사의견 : 무효 당해 계약서를 통해 피심인들은 위임인들을 사업장 별로 묶어서 공동소송을 제기하였다. 이러한 공동소송의 형태는 공동소송인과 상대방 사이의 청구가 각기 별개 독립의 것이고 단지 편의상 하나의 소송절차에 의하는 것이 바람직하여 병합된 통상공동소송의 형태이다. 통상공동소송에서 소송비용은 소송의 결과 및 소가 등에 따라 위임인마다 다르게 발생하게 된다. 이 때 우리나라 법원은 소송비용에 관한 주문에서 소송비용을 공동소송인이 균등하게 분담한다고 판결하는 경우가 많지만 실제 내부적으로 공동소송인간에 실제 발생하는 소송비용의 차이가 많이 발생하는 경우에는 그들 사이의 합의와 실체법에 의해 해결할 수 있다. 그런데, 해당 약관조항은 특별한 사유 없이 위임인들이 소송비용을 모두 균등하게 분담하도록 규정함으로써 이러한 합의와 실체법에 의한 해결 자체를 못하도록 하고 있다. 당해 사안에서 소송의 승패나 위임인의 근무기간ㆍ근무형태에 따라 위임인마다 소송비용이 다를 수 있다. 그럼에도 당해 약관조항은 피심인의 편의를 위하여 일부 위임인(다른 위임인에 비해 소가가 적거나 패소한 위임인 등)으로 하여금 자신이 부담하지 않아도 되는 비용을 부담하도록 함으로써 위임인들 간에 형평에 반하는 결과가 된다. 피심인은 당해 위임계약을 체결하기 전에 노동조합원 총회에서 당해 약관조항과 같은 소송비용 부담방식에 대해 합의를 하였고 이러한 결과를 위임계약에 반영한 것이므로 부당하지 않다고 주장한다. 그러나 조합원 총회에서 의결이 이루어졌다고 하여 이것만으로 피심인과 위임인간에 위임계약의 구체적 내용에 대한 개별적 교섭이 이루어졌다고 보기는 어렵다. 또한 타인의 재산적 권리에 대한 사항은 총회에서 다수결로 결정할 수 있는 사항도 아니다. 그러므로 소송비용을 소가 및 소송결과와 상관없이 위임인간에 소송비용을 균등하게 분담하도록 한 당해 약관조항은 고객에게 부당하게 불리한 약관조항으로서 약관법 제6조 제2항 제1호에 해당하여 무효이다. ]]> * 갑 : 위임인(청구인), 을 : 수임인(피심인) 2. 심사의견 : 무효 당해 계약서를 통해 피심인들은 위임인들을 사업장 별로 묶어서 공동소송을 제기하였다. 이러한 공동소송의 형태는 공동소송인과 상대방 사이의 청구가 각기 별개 독립의 것이고 단지 편의상 하나의 소송절차에 의하는 것이 바람직하여 병합된 통상공동소송의 형태이다. 통상공동소송에서 소송비용은 소송의 결과 및 소가 등에 따라 위임인마다 다르게 발생하게 된다. 이 때 우리나라 법원은 소송비용에 관한 주문에서 소송비용을 공동소송인이 균등하게 분담한다고 판결하는 경우가 많지만 실제 내부적으로 공동소송인간에 실제 발생하는 소송비용의 차이가 많이 발생하는 경우에는 그들 사이의 합의와 실체법에 의해 해결할 수 있다. 그런데, 해당 약관조항은 특별한 사유 없이 위임인들이 소송비용을 모두 균등하게 분담하도록 규정함으로써 이러한 합의와 실체법에 의한 해결 자체를 못하",,미검수,위임인들이 소송비용을 모두 균등하게 분담하도록,보통,인용 표시 없이 약관조항의 핵심 내용이 서술된 문구를 그대로 옮김,candidates_ftc_불공정약관조항.csv
법제처 OPEN API/ftc,11437,,변호사 권두섭 등 15개 사업자의 위임계약서상 불공정약관조항에 대한 건,https://www.law.go.kr/DRF/lawService.do?OC=test&target=ftc&ID=11437&type=HTML,(문서 전체 — 조항 구분 없음),무효,명시,위험,제6조,부당한 비용·세금 전가|선택권 제한·구입 강제|과도한 위약금,"11437 시정권고서 2011약관0143 ∼ 2011약관0157 * 갑 : 위임인(청구인), 을 : 수임인(피심인) 2. 심사의견 : 무효 당해 계약서를 통해 피심인들은 위임인들을 사업장 별로 묶어서 공동소송을 제기하였다. 이러한 공동소송의 형태는 공동소송인과 상대방 사이의 청구가 각기 별개 독립의 것이고 단지 편의상 하나의 소송절차에 의하는 것이 바람직하여 병합된 통상공동소송의 형태이다. 통상공동소송에서 소송비용은 소송의 결과 및 소가 등에 따라 위임인마다 다르게 발생하게 된다. 이 때 우리나라 법원은 소송비용에 관한 주문에서 소송비용을 공동소송인이 균등하게 분담한다고 판결하는 경우가 많지만 실제 내부적으로 공동소송인간에 실제 발생하는 소송비용의 차이가 많이 발생하는 경우에는 그들 사이의 합의와 실체법에 의해 해결할 수 있다. 그런데, 해당 약관조항은 특별한 사유 없이 위임인들이 소송비용을 모두 균등하게 분담하도록 규정함으로써 이러한 합의와 실체법에 의한 해결 자체를 못하도록 하고 있다. 당해 사안에서 소송의 승패나 위임인의 근무기간ㆍ근무형태에 따라 위임인마다 소송비용이 다를 수 있다. 그럼에도 당해 약관조항은 피심인의 편의를 위하여 일부 위임인(다른 위임인에 비해 소가가 적거나 패소한 위임인 등)으로 하여금 자신이 부담하지 않아도 되는 비용을 부담하도록 함으로써 위임인들 간에 형평에 반하는 결과가 된다. 피심인은 당해 위임계약을 체결하기 전에 노동조합원 총회에서 당해 약관조항과 같은 소송비용 부담방식에 대해 합의를 하였고 이러한 결과를 위임계약에 반영한 것이므로 부당하지 않다고 주장한다. 그러나 조합원 총회에서 의결이 이루어졌다고 하여 이것만으로 피심인과 위임인간에 위임계약의 구체적 내용에 대한 개별적 교섭이 이루어졌다고 보기는 어렵다. 또한 타인의 재산적 권리에 대한 사항은 총회에서 다수결로 결정할 수 있는 사항도 아니다. 그러므로 소송비용을 소가 및 소송결과와 상관없이 위임인간에 소송비용을 균등하게 분담하도록 한 당해 약관조항은 고객에게 부당하게 불리한 약관조항으로서 약관법 제6조 제2항 제1호에 해당하여 무효이다. ]]> * 갑 : 위임인(청구인), 을 : 수임인(피심인) 2. 심사의견 : 무효 당해 계약서를 통해 피심인들은 위임인들을 사업장 별로 묶어서 공동소송을 제기하였다. 이러한 공동소송의 형태는 공동소송인과 상대방 사이의 청구가 각기 별개 독립의 것이고 단지 편의상 하나의 소송절차에 의하는 것이 바람직하여 병합된 통상공동소송의 형태이다. 통상공동소송에서 소송비용은 소송의 결과 및 소가 등에 따라 위임인마다 다르게 발생하게 된다. 이 때 우리나라 법원은 소송비용에 관한 주문에서 소송비용을 공동소송인이 균등하게 분담한다고 판결하는 경우가 많지만 실제 내부적으로 공동소송인간에 실제 발생하는 소송비용의 차이가 많이 발생하는 경우에는 그들 사이의 합의와 실체법에 의해 해결할 수 있다. 그런데, 해당 약관조항은 특별한 사유 없이 위임인들이 소송비용을 모두 균등하게 분담하도록 규정함으로써 이러한 합의와 실체법에 의한 해결 자체를 못하",,미검수,위임인들이 소송비용을 모두 균등하게 분담하도록 규정,보통,"따옴표 없이 서술되었으나, 심사의견에서 문제 조항의 핵심 내용을 직접 기술한 부분으로 보임",candidates_ftc_불공정약관조항.csv
법제처 OPEN API/ftc,1221,,불공정약관조항에 대한 건,https://www.law.go.kr/DRF/lawService.do?OC=test&target=ftc&ID=1221&type=HTML,분쟁 해결 조항,무효,명시,위험,"제5조,제6조,제7조,제8조,제14조",부당한 비용·세금 전가|선택권 제한·구입 강제|과도한 위약금|책임 면제|권리행사 제한,"3. 분쟁 해결 조항 (1) 약관조항 (2) 심사결과 : 무효 약관이란 사업자에 의해 일방적으로 사전에 작성된 계약의 내용이 되는 것으로 대부분 사업자에게 유리하게 작성되는 문제점이 있는 바, 이러한 약관의 특성 때문에 명확하게 해석되지 않는 약관조항이 있는 경우에는 '작성자 불이익의 원칙’에 의해 그 원인을 제공한 자가 불명확의 위험을 부담하여야 할 것이다. 그러나 당해 약관조항은 참가약정의 해석에 관하여 주최자와 전시자간의 이견이 발생하는 경우에는 주최자의 해석이 우선한다고 약정하고 있다. 이는 약관의 해석원칙인 '작성자 불이익의 원칙’(약관법 제5조 제2항)에 반한다. 따라서 위 약관조항은 약관법 제6조 제2항 제1호 소정의 고객에게 부당하게 불리한 약관조항에 해당하여 무효이다. 또한, 중재법상 동 법 제36조(중재판정취소의 소) 제2항 각호의 어느 하나에 규정하는 특정한 경우에 중재판정의 취소의 소를 제기할 수 있도록 규정하고 있다. 그러나 당해 약관조항은 대한상사중재원의 중재판정에 대하여 법원에 제소할 수 없도록 약정하고 있다. 따라서 위 약관조항은 약관법 제14조 소정의 고객에 대하여 부당하게 불리한 소제기 금지조항에 해당하여 무효이다. ]]> (2) 심사결과 : 무효 위 약관조항의 해약금(참가비의 50% 또는 100%)은 고객의 사정으로 계약해제 시 고객이 부담해야 할 책임부분으로서 위약금을 정한 것인데 채무불이행의 경우에 채권자가 자기의 급부의무를 이행하지 아니하고 계약관계를 청산하기 위한 목적으로 배상액을 예정한 것으로 판단되는 바, 이는 손해배상액의 예정으로 추정된다.(민법 제398조 제4항) 손해배상액의 예정인 위약금은 구체적으로 고객의 귀책사유여부, 계약해제시점, 해제에 따른 손해액의 정도, 사업자가 대체고객 확보를 위해 최선의 노력으로 손실을 방지할 수 있는지 여부, 대관사용료 등 수입총액에서 대관이 취소됨으로 인해 절감한 비용 등을 종합적으로 감안하여 산정한 금액이어야 할 것이다. 또한, 당해 약관상 부스임대료와 광고비로 구성되어 있는 참가비의 경우, 광고비는 계약해제 시점을 기준으로 집행잔액에 대해서는 반환을 하여야 하고 위약금은 전시장의 부스임대에 따른 기대이익을 반영하는 수준에서 부과하여야 함이 합리적이라 할 것이다. 그러나 당해 약관조항은 고객이 귀책사유로 인하여 계약을 해제할 경우 통상의 위약금(총 거래금액의 10%) 수준을 훨씬 상회하는 참가비의 50% 또는 100%를 해약금으로 약정하고 있다. 따라서 당해 약관조항은 약관법 제8조 소정의 고객에 대하여 부당하게 과중한 손해배상의무를 부담시키는 조항에 해당하여 무효이다. 2. 천재지변 등 불가항력적인 사유에 의한 전시회 취소 시 참가비 반환 및 보상 청구 불가 조항 (1) 약관조항 (2) 심사결과 : 무효 우리 민법은 쌍무계약에 있어서 당사자 일방의 채무가 쌍방의 책임없는 사유로 이행불능이 된 경우에 그에 따른 불이익을 채무자에게 부담시키는 “채무자위험부담주의”를 채택하고 있다(민법 제537조). 즉, 양당사자의 귀책없이 급부가 후발적 불능이 된 경우에",,미검수,참가약정의 해석에 관하여 주최자와 전시자간의 이견이 발생하는 경우에는 주최자의 해석이 우선한다,보통,인용 표시 없이 서술되었으나 조항 문구로 보이는 내용을 그대로 옮김,candidates_ftc_불공정약관조항.csv
법제처 OPEN API/ftc,10195,,서울특별시시설관리공단의 이행각서 및 화해조항상 불공정약관조항에 대한 건,https://www.law.go.kr/DRF/lawService.do?OC=test&target=ftc&ID=10195&type=HTML,화해조항,무효,명시,위험,"제6조,제9조",부당한 비용·세금 전가|선택권 제한·구입 강제|과도한 위약금|일방적 계약 해지|권리행사 제한|보증금 반환 지연,"2. 화해조항 가. 약관조항 나. 심사의견 : 무효 ○ 계약의 일방당사자가 계약기간 중 일방적으로 계약을 해지하기 위해서는 천재지변 등 불가피한 사유로 인하여 계약을 이행할 수 없는 경우거나 상대방의 계약불이행 또는 관계법령에 별도의 근거가 있는 경우에 가능하다고 할 것임. ○ 또한 계약의 해지는 계약당사자들의 이해에 중대한 영향을 미치는 사항이므로 설사 상대방의 계약위반이 있더라도 계약을 무의미하게 할 정도가 아니라면 상당한 기간을 정하여 그 이행을 최고하고 그 기간 내에 이행하지 아니한 때에 비로소 계약을 해지할 수 있다 할 것임. ○ 그러나 피심인의 약관 제2조는 단지 국가 또는 서울특별시가 필요로 할 경우 피심인이 3개월 전에 해약통보하면 임대차계약을 일방적으로 해지할 수 있으며, 제6조는 임차인이 임대료나 관리비를 90일 이상 체납할 경우에는 별도의 최고 절차 없이 계약을 해지할 수 있다고 규정하고 있음. ○ 따라서 피심인의 위 약관 제2조 및 제6조는 사업자에게 법률에서 규정하고 있지 않은 해제권 또는 해지권을 부여하거나 법률의 규정에 의한 해제권 또는 해지권의 행사요건을 완화하여 고객에게 불이익을 줄 수 있는 조항으로 약관법 제9조 제2호에 해당됨. ]]> 나. 심사의견 : 무효 ○ 민사소송법 제389조에서는 제소전 화해의 비용부담과 관련하여 화해가 성립된 경우 특별한 합의가 없으면 당사자들이 각자 부담하고, 화해가 성립되지 않은 경우에는 신청인이 부담하도록 규정하고 있음. ○ 또한 민법 제646조에서는 임차인이 사용의 편익을 위하여 임대인의 동의를 얻어 설치한 부속물이 있을 경우 임대차의 종료시 임대인에게 그 부속물의 매수(유익비ㆍ필요비 청구)를 청구할 수 있다고 규정하고 있으며, 같은 법 제652조는 이러한 규정을 위반하는 약정으로서 임차인에게 불리한 것은 그 효력이 없다고 규정하고 있음. ○ 그러나 피심인의 위 약관조항은 제소전 화해를 실시할 경우 화해성립 여부 및 비용에 대한 합의 여부와 상관없이 화해비용은 임차인이 부담하며, 점포내부시설에 소요된 임차인의 비용 등 기타 금원에 대해 일체 금원을 요구할 수 없다고 규정하고 있음. ○ 따라서 이는 고객에게 부당하게 불리한 약관조항이자 법률의 규정에 의한 임차인의 권리를 배제 또는 제한하는 약관조항으로 약관법 제6조 제2항 제1호 및 제11조 제1호에 해당됨. ",,미검수,"제소전 화해를 실시할 경우 화해성립 여부 및 비용에 대한 합의 여부와 상관없이 화해비용은 임차인이 부담하며, 점포내부시설에 소요된 임차인의 비용 등 기타 금원에 대해 일체 금원을 요구할 수 없다",높음,공정위 판단 근거 서술에서 약관조항의 내용이 직접 인용되어 있음,candidates_ftc_불공정약관조항.csv
법제처 OPEN API/ftc,1149,,스타짐휘트니스의 스타짐이용약관상 불공정약관조항에 대한 건,https://www.law.go.kr/DRF/lawService.do?OC=test&target=ftc&ID=1149&type=HTML,계약 해지 시 과다한 위약금 등 부과 조항,무효,명시,위험,제8조,과도한 위약금,"2. 계약 해지 시 과다한 위약금 등 부과 조항 가. 약관조항 나. 심사의견: 무효 대중체육시설 이용계약은 방판법상 계속적인 계약(계속거래)에 해당하는 것으로 고객은 계약기간 중 언제든지 해지할 수 있으며 소비자의 사정으로 계약이 해지된 경우 계약 해지로 인해 발생하는 손실에 상당하는 적정 위약금을 제외한 나머지 대금을 환급해야 할 것이다.(방판법 제29조, 제30조) 고객이 자신의 사정으로 계약기간 중도에 해지를 하는 경우에 사업자는 고객에게 손해배상액의 예정으로서의 위약금을 부담지울 수 있지만, 이 경우에도 관련 임의규정, 통상의 거래관행 등을 고려하여 합리적인 수준의 위약금을 정하여야 할 것이다. 방판법 제30조 제5항에 따라 정하여 고시한 「계속거래 등의 해지ㆍ해제에 따른 위약금 및 대금의 환급에 관한 산정기준」 상에는 헬스장 이용계약과 관련하여 고객의 사정에 의한 중도 해지 시 위약금 상한액을 총 계약금액의 10%로 정하고 있다. 또한, 체력단련장 표준약관 및 소비자분쟁해결기준에서도 체육시설을 이용하는 소비자의 귀책사유로 개시일 이후 계약을 해지할 경우 취소일까지의 이용일수에 해당하는 금액과 총 이용금액의 10%를 위약금으로 공제하고 환급하도록 규정하고 있다. 아울러, 여신전문금융업법에 따르면 신용카드가맹점은 신용카드회원에 대하여 현금결제회원에 비해 불리한 대우를 하지 못하도록 하고 있고 가맹점수수료를 신용카드회원에게 부담시키지 못하도록 규정(제19조 제1항 및 제3항)하고 있으며, 가맹점은 자신의 매출 확대를 위해 고객과의 최초 계약체결 시 자신이 신용카드사에게 가맹점수수료를 부담할 것을 전제로 체육시설 이용료에 대해 신용카드를 통한 결제를 용인하고 있다. 설사 고객의 사정으로 인하여 계약이 해지되었다고 하더라도 카드결제회원에 대해 위약금(이용료의 10%)이외에 추가로 가맹점수수료를 부담하도록 한 당해 약관조항은 여신전문금융업법에 위반될 뿐만 아니라 신의성실의 원칙에도 반한다고 할 것이다. 그러나 위 약관에는 회비의 환불과 관련하여 이용기간에 대한 이용금액과 위약금 10%를 제외한 카드수수료 명목으로 이를 별도 공제하는 것으로 규정하고 있다. 따라서 당해 약관조항은 고객에 대하여 부당하게 과중한 손해배상의무를 부담시키는 약관조항이자 계약의 해제 또는 해지로 인한 고객의 원상회복의무를 상당한 이유없이 과중하게 부담시키거나 원상회복청구권을 부당하게 포기하도록 하는 조항으로 약관법 제8조 및 제9조 제3호에 해당되어 무효이다. ",,미검수,회비의 환불과 관련하여 이용기간에 대한 이용금액과 위약금 10%를 제외한 카드수수료 명목으로 이를 별도 공제하는 것,보통,근거 서술에서 약관 내용을 설명하는 형태로 인용된 문구를 그대로 옮김,candidates_ftc_불공정약관조항.csv
법제처 OPEN API/ftc,10243,,에버휘트니스의 회원가입약관 및 동의서상 불공정약관조항에 대한 건,https://www.law.go.kr/DRF/lawService.do?OC=test&target=ftc&ID=10243&type=HTML,위약금 조항,무효,명시,위험,"제8조,제9조",과도한 위약금|일방적 계약 해지|권리행사 제한|보증금 반환 지연,"2. 위약금 조항 가. 약관조항 나. 심사의견 : 무효 ○ 대중체육시설업에 있어서 고객의 사정에 의해 중도해지할 경우 사업자가 환급하여야 할 금액은 일반적으로 전체 이용금액의 10%인 위약금과 고객이 실제 시설을 이용한 금액을 제외한 금액이라고 할 것이며, 이는 표준약관이나 소비자분쟁해결기준에도 규정되어 있음. ○ 그러나 피심인의 위 약관조항은 고객이 중도해지 하고자 할 경우 기 납부한 금액 중 부가세를 제외한 총 회비 합계금액의 10%에 상당한 중도해지수수료와 가입당시 면제된 가입비 100,000원, 별도의 수수료 10,000원과 사용된 월회비를 공제하고 잔여금액을 환불하며, 한달기준으로 20일 이상 사용한 경우에는 한달 이용으로 간주한다고 규정하고 있음. - 모든 재화 또는 용역의 거래시 부과되는 부가세는 이용료에 포함되어 있음에도 불구하고 피심인은 별도로 부가세를 중복공제하고 있으며, 설령 부가세로 인하여 사업자에게 실손해가 있다 하더라도 이는 해지시 통상적으로 지급하는 위약금(거래대금의 10%정도)에 포함되어 있다고 봄이 타당함. - 또한 대중체육시설의 회원가입비는 당초 고객이 납득할 만한 근거에 따라 산출된 정도의 금액을 부과해야 할 것인데, 피심인은 별도의 근거 없이 월 이용요금에 비해 상대적으로 과도한 가입비를 일방적으로 정해 놓고 가입할 당시에는 면제해 주었다가 고객이 중도해지 할 경우에는 이를 별도의 위약금으로 부과하고 있어 부당함. - 아울러 고객의 사정에 의한 중도해지시 수수료 10,000원을 별도로 공제하며, 고객이 20일 이상을 이용한 경우에는 월 기준으로 이용요금을 공제하고 환급한다고 규정하고 있어 소비자분쟁해결기준 및 표준약관은 물론 일반거래관행에 비추어 볼 때 고객에게 불공정함. ○ 따라서 피심인의 위 약관조항은 고객에게 부당하게 과중한 손해배상 의무를 부담시키는 조항이자 계약의 해지로 인한 사업자의 원상회복의무를 부당하게 경감하는 조항으로 약관법 제8조에 해당됨. ]]> 나. 심사의견 : 무효 ○ 1개월 이상 계속된 기간을 계약기간으로 하여 체결하는 대중체육시설 이용계약은 「방문판매등에 관한 법률」상 계속계약에 해당하는 것으로서, 고객은 자신의 의사에 따라 계약기간 중 언제든지 해지할 수 있으며 이 경우 사업자는 계약해지로 인해 발생하는 손실에 상당하는 적정 위약금을 공제한 나머지 대금을 환급해야 할 것임(방판법 제29조). ○ 또한 헬스장 이용권은 이용권에 기명된 자가 해당시설을 이용할 수 있도록 하는 권리증서로 기명식 채권의 일종이라고 할 것인데, 채권은 성질상 양도양수가 불가능하거나 법률에서 금지하는 경우와 당사자간의 개별약정으로 양도양수를 제한하는 경우를 제외하고는 원칙적으로 양도양수가 허용된다 할 것임(민법 제449조) ○ 그러나 피심인의 위 약관조항은 운동 시작후에는 환불이 불가하며, 특별한 사정없이 단기 회원권은 해지, 휴회, 양도할 수 없다고 규정하고 있는 바, 이는 법령의 규정에 의한 고객의 해지권 및 고객이 제3자와 계약을 체결하는 것을 제한하는 약관조항으로 약관법 제9조 제1호 및 제11",,미검수,"기 납부한 금액 중 부가세를 제외한 총 회비 합계금액의 10%에 상당한 중도해지수수료와 가입당시 면제된 가입비 100,000원, 별도의 수수료 10,000원과 사용된 월회비를 공제하고 잔여금액을 환불하며, 한달기준으로 20일 이상 사용한 경우에는 한달 이용으로 간주한다",높음,판단 근거 서술에서 피심인의 약관조항 내용이 명확하게 인용되어 있음,candidates_ftc_불공정약관조항.csv
법제처 OPEN API/ftc,1159,,오리엔트스포츠클럽(주)의 회원가입약관 및 동의서상 불공정약관조항에 대한 건,https://www.law.go.kr/DRF/lawService.do?OC=test&target=ftc&ID=1159&type=HTML,계약 해지 시 과다한 위약금 등 부과 조항,무효,명시,위험,제8조,과도한 위약금,"2. 계약 해지 시 과다한 위약금 등 부과 조항 가. 약관조항 나. 심사의견 : 무효 대중체육시설 이용계약은 방판법상 계속적인 계약(계속거래)에 해당하는 것으로 고객은 계약기간 중 언제든지 해지할 수 있으며 소비자의 사정으로 계약이 해지된 경우 계약 해지로 인해 발생하는 손실에 상당하는 적정 위약금을 제외한 나머지 대금을 환급해야 할 것이다.(방판법 제29조, 제30조) 고객이 자신의 사정으로 계약기간 중도에 해지를 하는 경우에 사업자는 고객에게 손해배상액의 예정으로서의 위약금을 부담지울 수 있지만, 이 경우에도 관련 임의규정, 통상의 거래관행 등을 고려하여 합리적인 수준의 위약금을 정하여야 할 것이다. 방판법 제30조 제5항에 따라 정하여 고시한 「계속거래 등의 해지ㆍ해제에 따른 위약금 및 대금의 환급에 관한 산정기준」 상에는 헬스장 이용계약과 관련하여 고객의 사정에 의한 중도 해지 시 위약금 상한액을 총 계약금액의 10%로 정하고 있다. 또한, 체력단련장 표준약관 및 소비자분쟁해결기준에서도 체육시설을 이용하는 소비자의 귀책사유로 개시일 이후 계약을 해지할 경우 취소일까지의 이용일수에 해당하는 금액과 총 이용금액의 10%를 위약금으로 공제하고 환급하도록 규정하고 있다. 헬스장의 가입금은 통상 입회비(가입비), 연회비, 보증금 및 부가가치세로 구성되어 있는데 연회비는 시설사용료의 선불적 성격을 갖고 있기 때문에 사업자의 귀책사유에 의한 탈회시는 물론이고 고객의 개인사정에 의한 탈회시에도 잔여기간에 상당하는 금액은 반환하는 것이 타당하고, 입회비는 그 명칭에 관계없이 성격상 시설이용에 대한 배타적 회원자격의 대가로서의 법률상 보증금과 구별하기가 어려우며 법률적 성질은 시설이용권에 대한 대가로서 성격을 갖는 것이므로 고객의 탈회시 시설이용권의 반환과 함께 입회비를 반환하여야 할 것이다. 그러나 위 약관에는 회비의 환불과 관련하여 위약금 10%과 이용기간을 고려함이 없이 의무기간으로서 6개월분의 회비를 적용하여 이 기간동안의 회비전체를 공제하고 이와는 별도로 가입비 명목으로 이를 공제하는 것으로 규정하고 있다. 따라서 당해 약관조항은 고객에 대하여 부당하게 과중한 손해배상의무를 부담시키는 약관조항이자 계약의 해제 또는 해지로 인한 고객의 원상회복의무를 상당한 이유없이 과중하게 부담시키거나 원상회복청구권을 부당하게 포기하도록 하는 조항으로 약관법 제8조 및 제9조 제3호에 해당되어 무효이다. ",,미검수,위약금 10%과 이용기간을 고려함이 없이 의무기간으로서 6개월분의 회비를 적용하여 이 기간동안의 회비전체를 공제하고 이와는 별도로 가입비 명목으로 이를 공제하는 것,보통,"근거 서술에서 약관의 구체적 내용을 설명하는 부분을 그대로 옮겼으나, 원문 표에서의 정확한 조항 문구와 완전히 일치하는지 확인 필요",candidates_ftc_불공정약관조항.csv
법제처 OPEN API/ftc,9767,,웨디안의 회원가입계약서상 불공정약관조항에 대한 건,https://www.law.go.kr/DRF/lawService.do?OC=test&target=ftc&ID=9767&type=HTML,고객에 대하여 부당하게 불리한 조항,무효,명시,위험,제6조,부당한 비용·세금 전가|선택권 제한·구입 강제|과도한 위약금,"1. 고객에 대하여 부당하게 불리한 조항 다. 심사결과 : 무효 청구인의 귀책사유로 인해 계약이 해지되는 경우 청구인은 피청구인에게 계약해지에 따른 위약금(손해배상의 예정)을 지불하여야 한다. 현재 피청구인이 사용하는 약관에 별도의 위약금 조항이 마련되어 있지 않은 점과 등록비가 계약초기 회원인증에 소요되는 각종 비용 및 수수료인 점을 감안할 때 등록비를 위약금으로 판단하여 계약해지시 이를 반환하지 않는다 하더라도 고객에게 부당하게 불리한 것으로 보기 어렵다. 그리고 등록비는 계약 완료시 지불하기로 한 총 비용(200만원)의 10% 수준의 금액으로 「결혼중개업 표준약관」의 위약금과 비교할 때 고객에게 과도한 손해배상의무를 지우는 것으로 보기는 어렵다. ※ 결혼중개업표준약관에서는 총 비용의 20%를 위약금으로 부과하고 있음 다만 피청구인이 사용하는 약관조항은 계약해지의 귀책사유 구분 없이 모든 경우에 대해 일체 등록비 환불을 금하고 있다. 청구인의 귀책사유로 인한 계약해지와는 반대로 피청구인의 귀책사유로 인한 계약해지의 경우에는 피청구인이 위약금(손해배상의 예정)을 지불하여야 할 것이다. 위 위약금과 관련하여, 계약의 목적이 성혼인 점을 감안할 때 이 위약금에는 청구인이 계약의 목적달성을 기대하며 지출한 비용인 등록비도 포함되는 것으로 보는 것이 타당하다 할 것이다. 대법 판례 역시 계약의 목적 달성을 기대하며 지출한 비용에 대해 “신뢰이익의 손해”라고 표현하며 해당 비용에 대한 손해배상 청구권을 인정하고 있다. 【관련 판례】 피청구인이 사용하는 동 계약서상에 별도의 위약금 규정을 두고 있지 않은 점을 감안할 때 계약해지시 그 귀책사유 구분 없이 등록비 일체를 반환하지 않는 것은 고객에게 부당하게 불리한 조항인 동시에 사업자의 원상회복의무 및 손해배상의무를 부당하게 경감하는 조항으로 약관법 제6조 제2항 제1호에 해당된다. 【심결사례】 ]]> 나. 관련 법규정 약관법 제6조(일반원칙) ②약관에 다음 각호의 1에 해당되는 내용을 정하고 있는 경우에는 당해 약관조항은 공정을 잃은 것으로 추정된다. ",,미검수,계약해지시 그 귀책사유 구분 없이 등록비 일체를 반환하지 않는,보통,판단 근거 서술에서 문제 조항의 내용을 설명하는 형태로 제시됨. 인용 표시는 없으나 조항의 핵심 문구로 판단됨,candidates_ftc_불공정약관조항.csv
법제처 OPEN API/ftc,1197,,정산주의 샘물 배달[판매] 영업소 계약서상 불공정약관조항에 대한 건,https://www.law.go.kr/DRF/lawService.do?OC=test&target=ftc&ID=1197&type=HTML,(문서 전체 — 조항 구분 없음),무효,명시,위험,제6조,부당한 비용·세금 전가|선택권 제한·구입 강제|과도한 위약금,"1197 시정권고서 2010약관1297 * 갑: 피심인, 을 : 대리점 사업자 2. 심사의견 : 무효 계약 종료 후 일정기간 동안 동종업종의 영업을 할 수 없도록 하는 약정은 사업자의 영업비밀 등 보호필요성이 있는 노하우 유출을 방지하기 위한 것이다. 따라서 이러한 약정이 유효한지를 판단하기 위하여서는 사업자의 이익과 고객의 직업선택의 자유를 비교ㆍ형량 하여야 한다. 당해 약관에 따르면 피심인은 대리점 사업자에게 자신이 제조한 생수를 공급하고 대리점 사업자는 그 생수를 소비자들에게 배달ㆍ판매하고 있다. 피심인은 추가적인 가공이 필요 없는 완제품을 대리점 사업자에게 제공하기 때문에 제품과 관련하여 보호할 필요가 있는 피심인의 영업비밀이 있다고 보기 어렵다. 또한 피심인은 계속적으로 영업지역의 고객정보를 관리하고 있었으므로(약관 제8조) 계약이 종료된 대리점사업자의 영업지역에 새로이 대리점을 개설하여 영업을 계속 할 수 있다. 따라서 영업지역상 고객관계 보호라는 피심인의 이익도 대리점 사업자의 직업선택의 자유를 제한할 정도로 크다고 볼 수 없다. * 당해 약관 제8조 금일 현재 갑이 을에게 인계하여 준 고객 및 을이 차후 확보하는 신규고객은 성명, 주소, 자택 및 근무처, 전화번호 등 상세한 고객 인적사항을 갑에게 익일 서면으로 제출하여 갑이 고객관리에 만전을 기하도록 하고, 고객관리는 갑이 감독관장하며, 갑은 을에게 고객서비스에 관하여 을은 절대적으로 갑의 지시에 따라 순응하며 신속 정확하게 처리한다. 그럼에도 당해 약관조항은 영업소 운영자가 계약 종료 후 2년 동안 동일 또는 유사한 업체에 취업하거나 상품을 판매하는 것을 전면적으로 금지하고 있다. 이는 특별히 보호받아야 할 피심인의 이익이 없음에도 단순히 자신의 영업지역이 경쟁업체에게 침탈되는 것을 막기 위해 대리점 사업자의 직업선택의 자유를 지나치게 침해하는 것이다. 더군다나 이러한 의무를 위반하였을 경우 피심인은 영업소 운영자에게 상품판매대금의 5년분이라는 위약금을 부과하고 있다. 피심인의 약관상 계약기간은 2년이고, 중도 해지시 적정한 위약금은 거래대금의 10% 정도임에 비추어 볼 때 지나치게 과중한 위약금 설정이다. 그러므로 계약 종료 후까지 동종ㆍ유사업종의 영업을 금지하고 위반시 위약금을 부과하는 당해 약관조항은 고객에게 부당하게 불리한 조항으로써 약관법 제6조 제2항 제1호에 해당한다. ]]> * 갑: 피심인, 을 : 대리점 사업자 2. 심사의견 : 무효 계약 종료 후 일정기간 동안 동종업종의 영업을 할 수 없도록 하는 약정은 사업자의 영업비밀 등 보호필요성이 있는 노하우 유출을 방지하기 위한 것이다. 따라서 이러한 약정이 유효한지를 판단하기 위하여서는 사업자의 이익과 고객의 직업선택의 자유를 비교ㆍ형량 하여야 한다. 당해 약관에 따르면 피심인은 대리점 사업자에게 자신이 제조한 생수를 공급하고 대리점 사업자는 그 생수를 소비자들에게 배달ㆍ판매하고 있다. 피심인은 추가적인 가공이 필요 없는 완제품을 대리점 사업자에게 제공하기 때문에 제품과 관련하여 보호할 필요가 있는 피심인의 ",,미검수,영업소 운영자가 계약 종료 후 2년 동안 동일 또는 유사한 업체에 취업하거나 상품을 판매하는 것을 전면적으로 금지하고 있다,보통,판단 근거 서술에서 약관조항의 내용을 설명하는 형태로 인용된 문구입니다. 정확한 원문 확인 필요,candidates_ftc_불공정약관조항.csv
법제처 OPEN API/ftc,1165,,존슨휘트니스잠실점의 회원약관상 불공정약관조항에 대한 건,https://www.law.go.kr/DRF/lawService.do?OC=test&target=ftc&ID=1165&type=HTML,계약 해지 시 과다한 위약금 등 부과 조항,무효,명시,위험,제8조,과도한 위약금,"2. 계약 해지 시 과다한 위약금 등 부과 조항 가. 약관조항 나. 심사의견: 무효 대중체육시설 이용계약은 방판법상 계속적인 계약(계속거래)에 해당하는 것으로 고객은 계약기간 중 언제든지 해지할 수 있으며 소비자의 사정으로 계약이 해지된 경우 계약 해지로 인해 발생하는 손실에 상당하는 적정 위약금을 제외한 나머지 대금을 환급해야 할 것이다.(방판법 제29조, 제30조) 고객이 자신의 사정으로 계약기간 중도에 해지를 하는 경우에 사업자는 고객에게 손해배상액의 예정으로서의 위약금을 부담지울 수 있지만, 이 경우에도 관련 임의규정, 통상의 거래관행 등을 고려하여 합리적인 수준의 위약금을 정하여야 할 것이다. 방판법 제30조 제5항에 따라 정하여 고시한 「계속거래 등의 해지ㆍ해제에 따른 위약금 및 대금의 환급에 관한 산정기준」상에는 헬스장 이용계약과 관련하여 고객의 사정에 의한 중도 해지 시 위약금 상한액을 총 계약금액의 10%로 정하고 있다. 또한, 체력단련장 표준약관 및 소비자분쟁해결기준에서도 체육시설을 이용하는 소비자의 귀책사유로 개시일 이후 계약을 해지할 경우 취소일까지의 이용일수에 해당하는 금액과 총 이용금액의 10%를 위약금으로 공제하고 환급하도록 규정하고 있다. 아울러, 여신전문금융업법에 따르면 신용카드가맹점은 신용카드회원에 대하여 현금결제회원에 비해 불리한 대우를 하지 못하도록 하고 있고, 가맹점수수료를 신용카드회원에게 부담시키지 못하도록 규정(제19조 제1항 및 제3항)하고 있으며, 가맹점은 자신의 매출 확대를 위해 고객과의 최초 계약체결 시 자신이 신용카드사에게 가맹점수수료를 부담할 것을 전제로 체육시설 이용료에 대해 신용카드를 통한 결제를 용인하고 있다. 설사 고객의 사정으로 인하여 계약이 해지되었다고 하더라도 카드결제회원에 대해 위약금(이용료의 10%)이외에 추가로 가맹점수수료를 부담하도록 한 당해 약관조항은 여신전문금융업법에 위반될 뿐만 아니라 신의성실의 원칙에도 반한다고 할 것이다. 그러나 위 약관에는 회비의 환불과 관련하여 위약금(총회비합계금액의 10%)과 1년회원권에 대해 이용기간과 무관하게 3개월의 의무사용기간을 적용하여 이 기간동안의 회비전체를 공제하고 카드결제 시 이와는 별도로 카드수수료 명목으로 이를 공제하는 것으로 규정하고 있다. 따라서 당해 약관조항은 고객에 대하여 부당하게 과중한 손해배상의무를 부담시키는 약관조항이자 계약의 해제 또는 해지로 인한 고객의 원상회복의무를 상당한 이유없이 과중하게 부담시키거나 원상회복청구권을 부당하게 포기하도록 하는 조항으로 약관법 제8조 및 제9조 제3호에 해당되어 무효이다. ",,미검수,회비의 환불과 관련하여 위약금(총회비합계금액의 10%)과 1년회원권에 대해 이용기간과 무관하게 3개월의 의무사용기간을 적용하여 이 기간동안의 회비전체를 공제하고 카드결제 시 이와는 별도로 카드수수료 명목으로 이를 공제하는 것,보통,인용 표시 없이 약관 내용을 설명하는 형태로 서술되어 있음,candidates_ftc_불공정약관조항.csv
법제처 OPEN API/ftc,11043,,(주)강일의 차량임대계약서상 불공정약관조항에 대한 건,https://www.law.go.kr/DRF/lawService.do?OC=test&target=ftc&ID=11043&type=HTML,보험처리시 면책금 조항,무효,명시,위험,제6조,부당한 비용·세금 전가|선택권 제한·구입 강제|과도한 위약금,"2. 보험처리시 면책금 조항 (1) 약관조항 (2) 심사결과 : 무효 임차인의 사고발생시 보험회사가 피해자에게 보험금을 지급한 경우 임대인은 보험회사에게 일정 금원을 지급하고, 향후 일정기간 동안 보험료의 할인혜택을 받지 못하거나 할증되는 경우가 있음 자동차대여사업자의 경우 보유한 모든 차량의 보험사고 횟수나 보험금액 등을 고려하여 보험료가 산정되고, 보험료가 할증되면 전 차량의 보험료가 인상됨. 따라서 임대인이 추가적으로 부담하게 되는 총금원은 보유차량대수, 보험가입기간, 보험혜택의 크기 등에 따라 상이함 임대인은 위와같이 보험사고시 부담하는 금원에 대하여 이 사건 약관조항과 같이 임차인으로부터 일정 금원을 징구하는 것임 차량대여료에 이용료, 보험료뿐만 아니라 보험사고가 발생할 경우 렌터카업체가 추가로 부담하게 될 부분을 모두 포함할 경우 그렇지 않은 경우보다 대여료가 올라갈 수 밖에 없음 이 경우에는 사고를 내지 않은 자가 사고를 낸 자의 보험금을 부담하는 것이 되므로 부당한 결과가 됨. 그러나 차량대여료에 이와 같은 비용을 포함하지 아니한 경우에는 사고자가 책임을 지는 것이므로 위와 같이 보험처리시 면책금을 받는 것 자체는 부당하지 아니함 그러나 사고의 종류, 정도 및 보험금액 등에 따라 해당 사고가 임대인이 부담하게 될 금원의 크기에 미치는 영향이 다름. 따라서 보험사고의 정도나 보험금액 등에 따라 임차인이 부담하여야 할 면책금도 차등하여 규정하여야 할 것임 그럼에도 불구하고 위 약관조항은 보험처리시 사고의 경중 등을 구분하지 아니하고 동일한 액수의 면책금을(200만원) 지급하도록 하고 있음. 이는 경미한 사고를 낸 이용자와 중한 사고를 낸 이용자간 형평에 반하여 부당하다 할 것임 따라서 위 약관조항은 고객에게 부당하게 불리한 약관조항에 해당하여 약관법 제6조 제1항, 제2항 제1호에 따라 무효임 ]]> (2) 심사결과 : 무효 위 약관조항은 교통사고처리특례법 위반행위로 인하여 사고가 발생한 경우에는 보험처리를 하지 않는다는 것임 그러나 보험금은 렌터카업체와 보험회사가 체결한 보험계약에 따른 보험사고에 해당하면 지급되는 것이므로 임대인과 임차인이 위와 같은 계약을 체결하더라도 보험금의 지급여부에는 영향을 미치지 아니함 또한 위 금지행위로 인하여 사고가 발생한 경우에도 보험사고에 해당하면 피해자는 보험회사에 대하여 직접 보험금의 청구를 할 수 있음(상법 제724조 제2항) 그럼에도 불구하고 임차인은 위 약관조항에 따라 보험처리가 되지 않는 것으로 생각하여 개별적으로 피해자에게 손해를 배상하거나 합의를 하는 경우가 발생함 따라서 위 약관조항은 사실과 다른 내용을 규정하여 상대방을 오인케하고 재산상손해를 가할 수 있는 규정이므로 고객에게 부당하게 불리한 조항에 해당하여 약관법 제6조 제1항, 제2항 제1호에 따라 무효임 ",,미검수,동일한 액수의 면책금을(200만원) 지급하도록 하고 있음,보통,"근거 서술에서 문제 조항의 구체적 내용이 설명되어 있으며, 면책금 액수 200만원이 명시되어 있음",candidates_ftc_불공정약관조항.csv
법제처 OPEN API/ftc,10483,,(주)나인스에비뉴의 상가공급계약서상 불공정약관조항에 대한 건,https://www.law.go.kr/DRF/lawService.do?OC=test&target=ftc&ID=10483&type=HTML,"양도, 양수 조항",유효,명시,안전,,,"10. 양도, 양수 조항 가. 약관조항 나. 심사의견 : 유효 ㅇ 계약에 따른 권리 ㆍ 의무의 양도 ㆍ 양수는 계약 당사자의 합의에 의하여야 하며 이와 관련하여 상가(공동주택 복리시설) 분양계약서 표준약관(공정거래위원회 표준약관 제10010호) 제5조(계약해제) 제1항 제3호에 의하면 수분양자가 권리를 사업자의 승인 없이 양도 하였을 때 사업자가 계약을 해제 ㆍ 해지할 수 있음 ㅇ 그러므로 수분양자가 이 계약에 따른 권리 ㆍ 의무의 양도할 때 사업자의 승인을 받은 후 행하여야 한다고 규정하고 있는 위 약관조항은 무효라고 보기 어려움 ",,미검수,수분양자가 이 계약에 따른 권리 ㆍ 의무의 양도할 때 사업자의 승인을 받은 후 행하여야 한다,보통,인용 표시 없이 약관 내용을 설명하는 형태로 서술되어 있음,candidates_ftc_불공정약관조항.csv
법제처 OPEN API/ftc,10483,,(주)나인스에비뉴의 상가공급계약서상 불공정약관조항에 대한 건,https://www.law.go.kr/DRF/lawService.do?OC=test&target=ftc&ID=10483&type=HTML,주소변경 신고 조항,무효,명시,위험,제6조,부당한 비용·세금 전가|선택권 제한·구입 강제|과도한 위약금,"12. 주소변경 신고 조항 가. 약관조항 나. 심사의견 : 무효 ㅇ 상가(공동주택 복리시설) 분양계약서 표준약관(공정거래위원회 표준약관 제10010호) 제11조(기타) 제1항에 의하면 매수인은 본 계약서상의 주소가 변동이 되거나 분양계약자의 신분상 변경사항이 발생하였을 경우에는 10일 이내에 매도인에게 서면으로 통보하여야 하며, 이에 대한 고객의 불이익은 분양사가 책임지지 아니한다고 정하고 있음 ㅇ 그러나 피청구인의 위 약관조항은 상가(공동주택 복리시설) 분양계약서 표준약관(공정거래위원회 표준약관 제10010호) 제1항과 달리 고객이 주소변동사항 발생 후 7일 이내에 신고하도록 규정하고 있는바, 이는 고객에게 불리한 약관조항으로 약관법 제6조 제2항 제1호에 해당됨 ",,미검수,고객이 주소변동사항 발생 후 7일 이내에 신고하도록 규정,보통,인용 표시 없이 조항 내용이 설명 형태로 서술되어 있음,candidates_ftc_불공정약관조항.csv
법제처 OPEN API/ftc,9497,,(주)바이더웨이의 가맹계약서상 불공정약관조항에 대한 건,https://www.law.go.kr/DRF/lawService.do?OC=test&target=ftc&ID=9497&type=HTML,(문서 전체 — 조항 구분 없음),무효,명시,위험,제8조,과도한 위약금,"9497 시정권고서 2008약관4031 (2) 심사결과 : 무효 해당 약관조항은 가맹점이 자신의 사정으로 중도에 계약을 해지하는 경우 가맹본부인 피심인에게 평균 월 매출총이익 3개월분과 잔여개월당 평균 월매출총이익의 1퍼센트에 해당하는 금원을 지급하도록 하고 있다. 가맹점은 매월 매출총이익의 25퍼센트 내지 30퍼센트를 피심인에게 가맹수수료로 지급하고 있으므로 위 위약금은 가맹점이 피심인에게 매월 지급하는 가맹수수료의 10개월분 내지 12개월분에 해당한다. 계약의 당사자가 임의로 계약을 해지하는 경우에는 이로 인한 손해를 배상할 의무가 있으며, 계약해지시 약정된 위약금은 손해배상액의 예정으로 추정되므로 해당 약관조항은 손해배상액의 예정에 해당한다. 이러한 손해배상의 예정은 손해발생 및 손해액의 입증부담을 덜고 신속하게 손해배상의 문제를 해결하기 위한 것이지만, 계약의 목적과 내용, 예상 손해액의 크기 등을 고려할 때 부당히 과다해서는 아니된다. 검토컨대, 해당 계약은 5년의 계약기간 동안 피심인이 자신의 시스템에 따라 가맹점이 편의점을 운영할 수 있도록 하고, 경영지도 및 기술원조 등을 제공하며, 가맹점은 이에 대하여 가맹수수료를 지급하는 것이다. 피심인은 가맹점의 개설ㆍ유지에 각종 투자와 지원을 제공하나, 이는 가맹점이 기지급한 가맹수수료, 계약해지시 위약금과 별도로 지급하는 투자설비 및 공사비용의 감가상각 잔액 및 임대설비의 반환 등을 통해 대부분 회수할 수 있다할 것이다. 또한 통상 중도해지의 경우 손해배상액의 예정은 총 거래대금의 10퍼센트 상당으로 함이 거래관행인데, 해당 위약금은 총 계약기간 동안 가맹점이 지급하는 가맹수수료의 10퍼센트를 훨씬 상회하는 것이다. 위와 같이 이 사건 계약의 내용 및 예상 손해액, 거래관행 등을 고려할 때 해당 약관조항은 고객에 대하여 부당하게 과중한 지연손해금등의 손해배상의무를 부담시키는 약관조항에 해당하여 약관법 제8조에 따라 무효이다. ]]> (2) 심사결과 : 무효 해당 약관조항은 가맹점이 자신의 사정으로 중도에 계약을 해지하는 경우 가맹본부인 피심인에게 평균 월 매출총이익 3개월분과 잔여개월당 평균 월매출총이익의 1퍼센트에 해당하는 금원을 지급하도록 하고 있다. 가맹점은 매월 매출총이익의 25퍼센트 내지 30퍼센트를 피심인에게 가맹수수료로 지급하고 있으므로 위 위약금은 가맹점이 피심인에게 매월 지급하는 가맹수수료의 10개월분 내지 12개월분에 해당한다. 계약의 당사자가 임의로 계약을 해지하는 경우에는 이로 인한 손해를 배상할 의무가 있으며, 계약해지시 약정된 위약금은 손해배상액의 예정으로 추정되므로 해당 약관조항은 손해배상액의 예정에 해당한다. 이러한 손해배상의 예정은 손해발생 및 손해액의 입증부담을 덜고 신속하게 손해배상의 문제를 해결하기 위한 것이지만, 계약의 목적과 내용, 예상 손해액의 크기 등을 고려할 때 부당히 과다해서는 아니된다. 검토컨대, 해당 계약은 5년의 계약기간 동안 피심인이 자신의 시스템에 따라 가맹점이 편의점을 운영할 수 있도록 하고, 경영지도 및 기술원조 등을 제공",,미검수,평균 월 매출총이익 3개월분과 잔여개월당 평균 월매출총이익의 1퍼센트에 해당하는 금원을 지급하도록 하고,보통,"인용 표시 없이 약관 내용이 서술되어 있으나, 구체적 수치와 함께 조항 문구로 보이는 부분을 그대로 옮김",candidates_ftc_불공정약관조항.csv
법제처 OPEN API/ftc,10957,,(주)신도종합건설의 발코니확장계약서상 불공정약관조항에 대한 건,https://www.law.go.kr/DRF/lawService.do?OC=test&target=ftc&ID=10957&type=HTML,(문서 전체 — 조항 구분 없음),무효,명시,위험,제9조,일방적 계약 해지|권리행사 제한|보증금 반환 지연,"10957 시정권고서 2007약관2941 2. 심사의견 : 무효 ○ 민법 제565조에서는 '매매의 당사자 일방이 계약 당시에 금전 기타 물건을 계약금ㆍ보증금 등의 명목으로 상대방에게 교부한 때에는 당사자간에 다른 약정이 없는 한 당사자의 일방이 이행에 착수할 때까지 교부자는 이를 포기하고 수령자는 그 배액을 상환하여 매매계약을 해제할 수 있다’고 정하고 있고, 다른 유상계약에서도 이 규정을 준용하고 있음. ○ 발코니확장공사는 계약 후 사업자가 해당세대에 대하여 공법을 변경하여 적용하였거나 이미 발코니확장공사를 착수한 시점에서 고객의 사유로 인하여 계약을 해지 또는 해제하게 될 경우에는 사업자에게 과도한 손해가 발생하거나 해당건물에 대한 원상복구가 불가능하다고 할 것이지만, - 사업자가 해당세대에 대해 공법을 변경하기 이전 또는 단순히 관련제품의 주문(제작)이 들어간 시점 정도라면, 고객은 자신의 사정에 따라 사업자에게 지급한 계약금을 포기하거나 계약해제로 인하여 사업자가 입게 되는 실손해액을 배상하는 정도로 계약을 해제할 수 있다고 할 것임. ○ 그러나 피심인의 위 약관조항은 공사의 진척상황 등과 관계없이 계약을 체결한 이후에는 시공상의 문제로 해약이 불가능하다고 일률적으로 규정하고 있는 바, 이는 법률의 규정에 의한 고객의 해제권 또는 해지권을 배제하거나 그 행사를 제한하는 조항으로 약관법 제9조 제1호에 해당됨. ]]> 2. 심사의견 : 무효 ○ 민법 제565조에서는 '매매의 당사자 일방이 계약 당시에 금전 기타 물건을 계약금ㆍ보증금 등의 명목으로 상대방에게 교부한 때에는 당사자간에 다른 약정이 없는 한 당사자의 일방이 이행에 착수할 때까지 교부자는 이를 포기하고 수령자는 그 배액을 상환하여 매매계약을 해제할 수 있다’고 정하고 있고, 다른 유상계약에서도 이 규정을 준용하고 있음. ○ 발코니확장공사는 계약 후 사업자가 해당세대에 대하여 공법을 변경하여 적용하였거나 이미 발코니확장공사를 착수한 시점에서 고객의 사유로 인하여 계약을 해지 또는 해제하게 될 경우에는 사업자에게 과도한 손해가 발생하거나 해당건물에 대한 원상복구가 불가능하다고 할 것이지만, - 사업자가 해당세대에 대해 공법을 변경하기 이전 또는 단순히 관련제품의 주문(제작)이 들어간 시점 정도라면, 고객은 자신의 사정에 따라 사업자에게 지급한 계약금을 포기하거나 계약해제로 인하여 사업자가 입게 되는 실손해액을 배상하는 정도로 계약을 해제할 수 있다고 할 것임. ○ 그러나 피심인의 위 약관조항은 공사의 진척상황 등과 관계없이 계약을 체결한 이후에는 시공상의 문제로 해약이 불가능하다고 일률적으로 규정하고 있는 바, 이는 법률의 규정에 의한 고객의 해제권 또는 해지권을 배제하거나 그 행사를 제한하는 조항으로 약관법 제9조 제1호에 해당됨. ]]> 2. 심사의견 : 무효 ○ 민법 제565조에서는 '매매의 당사자 일방이 계약 당시에 금전 기타 물건을 계약금ㆍ보증금 등의 명목으로 상대방에게 교부한 때에는 당사자간에 다른 약정이 없는 한 당사자의 일방이 이행에 착수할 때까지 교부자는 이를",,미검수,공사의 진척상황 등과 관계없이 계약을 체결한 이후에는 시공상의 문제로 해약이 불가능하다,보통,공정위의 판단 근거 서술에서 문제 조항의 내용을 설명하는 형태로 인용됨,candidates_ftc_불공정약관조항.csv
법제처 OPEN API/ftc,1201,,(주)씨디엘코리아의 Millennium Seoul Hilton 웨딩계약약관상 불공정약관조항에 대한 건,https://www.law.go.kr/DRF/lawService.do?OC=test&target=ftc&ID=1201&type=HTML,(문서 전체 — 조항 구분 없음),무효,명시,위험,제8조,과도한 위약금,"1201 시정권고서 2010약관1715 (2) 심사결과 : 무효 예식계약의 경우 고객의 사정으로 인해 당해 예식일을 기준으로 예식이 임박하거나 일정기간 이내에 해약될 경우에는 피심인은 이를 대체할 고객이 없게 되어 영업상의 손실을 입게 되므로 고객의 귀책사유로 인한 계약 해제 시 고객에 대해 채무불이행에 따른 손해배상책임을 물을 수 있다. 이와 관련하여 일반적인 예식계약에 있어 사업자의 예상 매출액은 장소 임대료와 피로연 식사 제공으로 인한 수입이 주가 될 것이므로 계약 해제 시 위약금의 산정은 장소 임대와 피로연 식사 제공으로 인한 기대이익을 일정부분 반영한 수준에서 책정되는 것이 적절할 것으로 판단된다. 그러나 당해 약관조항은 고객의 귀책사유로 행사 60일 이전 취소 시 계약금을 환불하지 아니하고 60일 이후 취소 통보시에는 호텔예상매출손실액의 30%를 배상금으로 부과할 수 있도록 규정하고 있다. 이는 피로연 음식재료 준비가 보통 예식일 며칠 전에 완료되는 점과 피로연 식대로 피심인이 얻을 수 있는 이익, 장소 임대료 등의 기대이익을 감안한다고 하더라도 지나치게 과도한 것으로 판단된다. 아울러 현행 소비자분쟁해결기준(예식업과 외식서비업종)과 예식장이용 표준약관(공정거래위원회 표준약관 제10030호)상의 위약금 부과규정에 비하여서도 현재 피심인의 위약금 수준은 지나치게 과도하다고 판단된다. 따라서 당해 약관조항은 약관법 제8조 소정의 고객에게 부당하게 과중한 손해배상의무를 부담시키는 조항에 해당하여 무효이다. ]]> (2) 심사결과 : 무효 예식계약의 경우 고객의 사정으로 인해 당해 예식일을 기준으로 예식이 임박하거나 일정기간 이내에 해약될 경우에는 피심인은 이를 대체할 고객이 없게 되어 영업상의 손실을 입게 되므로 고객의 귀책사유로 인한 계약 해제 시 고객에 대해 채무불이행에 따른 손해배상책임을 물을 수 있다. 이와 관련하여 일반적인 예식계약에 있어 사업자의 예상 매출액은 장소 임대료와 피로연 식사 제공으로 인한 수입이 주가 될 것이므로 계약 해제 시 위약금의 산정은 장소 임대와 피로연 식사 제공으로 인한 기대이익을 일정부분 반영한 수준에서 책정되는 것이 적절할 것으로 판단된다. 그러나 당해 약관조항은 고객의 귀책사유로 행사 60일 이전 취소 시 계약금을 환불하지 아니하고 60일 이후 취소 통보시에는 호텔예상매출손실액의 30%를 배상금으로 부과할 수 있도록 규정하고 있다. 이는 피로연 음식재료 준비가 보통 예식일 며칠 전에 완료되는 점과 피로연 식대로 피심인이 얻을 수 있는 이익, 장소 임대료 등의 기대이익을 감안한다고 하더라도 지나치게 과도한 것으로 판단된다. 아울러 현행 소비자분쟁해결기준(예식업과 외식서비업종)과 예식장이용 표준약관(공정거래위원회 표준약관 제10030호)상의 위약금 부과규정에 비하여서도 현재 피심인의 위약금 수준은 지나치게 과도하다고 판단된다. 따라서 당해 약관조항은 약관법 제8조 소정의 고객에게 부당하게 과중한 손해배상의무를 부담시키는 조항에 해당하여 무효이다. ]]> (2) 심사결과 : 무효 예식계약의 경우 고",,미검수,고객의 귀책사유로 행사 60일 이전 취소 시 계약금을 환불하지 아니하고 60일 이후 취소 통보시에는 호텔예상매출손실액의 30%를 배상금으로 부과할 수 있도록 규정하고 있다,보통,따옴표 없이 서술되었으나 약관 조항의 구체적 내용으로 보이는 문구를 그대로 옮김,candidates_ftc_불공정약관조항.csv
법제처 OPEN API/ftc,9801,,(주)아크로시스의 렌탈(임대차)계약서상 불공정약관조항에 대한 건,https://www.law.go.kr/DRF/lawService.do?OC=test&target=ftc&ID=9801&type=HTML,계약상 권리양도 조항,무효,명시,위험,"제6조,제9조",부당한 비용·세금 전가|선택권 제한·구입 강제|과도한 위약금|일방적 계약 해지|권리행사 제한|보증금 반환 지연,"7. 계약상 권리양도 조항 가. 약관조항 나. 심사결과 : 무효 해당 약관조항은 피심인이 고객에 대한 통지없이 해당 계약에 따라 고객에 대하여 가지는 계약상의 모든 권리를 양도할 수 있도록 하고 있다. 이에 따라 고객은 권리양도의 사실을 알지 못하여 이중변제의 위험이 있으며, 양도인에게 대항할 수 있는 사유로서 양수인에게 대항하지 못하는 불이익을 입을 수 있다. 따라서 해당 약관조항은 고객에 대하여 부당하게 불리한 조항에 해당하여 약관법 제6조 제1항, 제2항 제1호에 따라 무효이다. ]]> 나. 심사결과 : 무효 (1) 제4조 각 항 외의 부분 밑줄부분 및 제2항 : 무효 당사자 일방이 채무를 이행하지 아니하는 경우 계약을 해지하려면 상대방에게 상당한 기간을 정하여 이행을 최고하고 상대방이 그 기간내에 이행하지 아니한 경우에 계약을 해지하여야 한다.(민법 제544조) 그럼에도 해당 약관조항은 고객이 렌탈료를 10일 이상 연체한 경우 즉시 계약을 해지할 수 있도록 하고 있는 바, 법률의 규정에 의한 해제권ㆍ해지권의 행사요건을 완화하여 고객에 대하여 부당하게 불이익을 줄 우려가 있는 조항으로 약관법 제9조 제2호에 해당한다. (2) 제4조 제7항 및 제8항 밑줄부분 : 무효 해당 약관조항은 연대보증인에게 파산, 해산 등 자력이 악화된 것으로 볼 수 있는 사유가 발생한 경우 피심인이 바로 계약을 해지할 수 있도록 하고 있다. 연대보증인에게 위와 같은 사유가 발생한 경우 이로 인하여 당사자에게 변제자력이나 신용상태의 악화, 신뢰관계의 파괴 등 계약을 유지할 수 없는 사유가 발생하였다고 보기는 어렵다. 또한 위와 같은 경우에도 우선 상대방에게 보증인의 교체 등을 요청하고 이에 응하지 아니하는 경우에 계약을 해지할 수 있도록 하여야 할 것이다. 따라서 해당 약관조항은 사업자에게 법률에서 규정하고 있지 아니한 해지권을 부여하여 고객에 대하여 부당하게 불이익을 줄 우려가 있는 조항으로 약관법 제9조 제2호에 해당한다. ",,미검수,고객에 대한 통지없이 해당 계약에 따라 고객에 대하여 가지는 계약상의 모든 권리를 양도할 수 있도록,보통,따옴표 없이 서술되었으나 조항 내용을 설명하는 문구로 보여 그대로 옮김,candidates_ftc_불공정약관조항.csv
법제처 OPEN API/ftc,1207,,"(주)에버다임의 제품 판매대리, 아프터-서비스에 관한 계약서상 불공정약관조항에 대한 건",https://www.law.go.kr/DRF/lawService.do?OC=test&target=ftc&ID=1207&type=HTML,판매제한 조항,무효,명시,위험,제6조,부당한 비용·세금 전가|선택권 제한·구입 강제|과도한 위약금,3. 판매제한 조항 (1) 약관조항 (2) 심사결과 : 무효 원칙적으로 피심인은 위임인으로서 위임사무의 범위를 정할 수 있으므로 판매범위 및 판매조건 등을 제한할 수 있다 할 것이다. 그러나 해당 약관조항은 피심인이 지정하는 수요처에는 피심인이 직접 판매할 수 있다고 하여 판매처를 구체적으로 특정하지 아니하고 피심인이 자의적으로 자신이 원하는 고객에게 직접 판매를 할 수 있도록 하고 있다. 이에 따라 영업지역에서 일반적인 판매대리권을 가지고 특별한 사유가 없는 한 상대방의 제한 없이 판매를 할 수 있을 것으로 기대한 대리점에게 예상치 못한 피해를 줄 수 있다 할 것이다. 특히 피심인은 판매가격 및 판매조건 등을 임의로 정할 수 있어 대리점의 영업활동을 침해할 수 있는 소지가 크다. 따라서 해당 약관조항은 고객에 대하여 부당하게 불리한 약관조항으로 약관법 제6조 제2항 제1호에 해당한다. ,,미검수,피심인이 지정하는 수요처에는 피심인이 직접 판매할 수 있다,보통,"판단 근거 서술에서 문제 조항의 내용을 설명하며 인용한 문구로, 따옴표는 없으나 조항 문구로 보이는 서술을 그대로 옮김",candidates_ftc_불공정약관조항.csv
법제처 OPEN API/ftc,10485,,(주)엘지데이콤의 유통망업무계약상 불공정약관조항에 대한 건,https://www.law.go.kr/DRF/lawService.do?OC=test&target=ftc&ID=10485&type=HTML,계약기간 동안의 영업실적 일체에 대한 권리 상실 조항,무효,명시,위험,제6조,부당한 비용·세금 전가|선택권 제한·구입 강제|과도한 위약금,"2. 계약기간 동안의 영업실적 일체에 대한 권리 상실 조항 가. 약관조항 나. 심사의견 : 무효 □ 피심인은 유통망업자와 체결한 유통망계약서 및 부속약정서(이하 “약정서”)에서 정한 내용대로 지급사유, 지급기준 등의 요건을 충족할 경우 유치수수료, 관리수수료, 개통수수료, 다량이용인센티브 등 수수료를 지급할 의무가 있음 □ 피심인이 계약이 해지 또는 종료된 때 당초 약정서에서 정한 지급기준 등에 따라 지급의무가 발생된 유치수수료, 관리수수료 등을 지급하였는지 여부는 약관법으로 검토ㆍ처리할 문제가 아니므로 별론으로 하고, ㅇ 위 조항의 문언상의 의미로만 볼 때는 계약해지 또는 종료된 경우 “계약기간 동안”의 “영업실적 일체에 대한 권리가 상실되며 이에 대한 권리를 요구할 수 없다”고 규정하여, ㆍ 지급의무가 발생된 유치수수료 등에 대한 “권리”도 상실되고, 이에 대한 “권리”를 요구할 수 없다는 의미도 포함되는 것으로 볼 수 있다는 점에서 위 조항은 고객에 대하여 부당하게 불리한 조항으로 약관법 제6조 제2항 제1호에 해당 ",,미검수,"계약해지 또는 종료된 경우 ""계약기간 동안""의 ""영업실적 일체에 대한 권리가 상실되며 이에 대한 권리를 요구할 수 없다""",보통,공정위 판단 근거에서 조항의 문언상 의미를 설명하며 인용한 부분을 그대로 옮김. 따옴표로 표시된 핵심 문구들을 포함.,candidates_ftc_불공정약관조항.csv
법제처 OPEN API/ftc,1223,,(주)전자관웨딩프라자의 예식계약서상 불공정약관조항에   대한 건,https://www.law.go.kr/DRF/lawService.do?OC=test&target=ftc&ID=1223&type=HTML,(문서 전체 — 조항 구분 없음),무효,명시,위험,제8조,과도한 위약금,"1223 시정권고서 2010약관1704 (2) 심사결과 : 무효 예식계약의 경우 고객의 사정으로 인해 당해 예식일을 기준으로 예식이 임박하거나 일정기간 이내에 해약될 경우에는 피심인은 이를 대체할 고객이 없게 되어 영업상의 손실을 입게 되므로 고객의 귀책사유로 인한 계약 해제 시 고객에 대해 채무불이행에 따른 손해배상책임을 물을 수 있다. 이와 관련하여 일반적인 예식계약에 있어 사업자의 예상 매출액은 장소 임대료와 피로연 식사 제공으로 인한 수입이 주가 될 것이므로 계약 해제 시 위약금의 산정은 장소 임대와 피로연 식사 제공으로 인한 기대이익을 일정부분 반영한 수준에서 책정되는 것이 적절할 것으로 판단된다. 그러나 당해 약관조항은 고객의 귀책사유로 계약이 해제될 경우 계약시점에 관계없이 계약금을 환불해 주지 않는 것은 물론이고 이에 덧붙여 지불보증인원 식대의 50%에 상당하는 금액을 위약금으로 부과하고 있다. 이는 피로연 음식재료 준비가 보통 예식일 며칠 전에 완료되는 점과 피로연 식대로 피심인이 얻을 수 있는 이익, 장소 임대료 등의 기대이익을 감안한다고 하더라도 지나치게 과도한 것으로 판단된다. 아울러 현행 소비자분쟁해결기준(예식업과 외식서비업종)과 예식장이용 표준약관(공정거래위원회 표준약관 제10030호)상의 위약금 부과규정에 비하여서도 현재 피심인의 위약금 수준은 지나치게 과도하다고 판단된다. 따라서 당해 약관조항은 약관법 제8조 소정의 고객에게 부당하게 과중한 손해배상의무를 부담시키는 조항에 해당하여 무효이다. ]]> (2) 심사결과 : 무효 예식계약의 경우 고객의 사정으로 인해 당해 예식일을 기준으로 예식이 임박하거나 일정기간 이내에 해약될 경우에는 피심인은 이를 대체할 고객이 없게 되어 영업상의 손실을 입게 되므로 고객의 귀책사유로 인한 계약 해제 시 고객에 대해 채무불이행에 따른 손해배상책임을 물을 수 있다. 이와 관련하여 일반적인 예식계약에 있어 사업자의 예상 매출액은 장소 임대료와 피로연 식사 제공으로 인한 수입이 주가 될 것이므로 계약 해제 시 위약금의 산정은 장소 임대와 피로연 식사 제공으로 인한 기대이익을 일정부분 반영한 수준에서 책정되는 것이 적절할 것으로 판단된다. 그러나 당해 약관조항은 고객의 귀책사유로 계약이 해제될 경우 계약시점에 관계없이 계약금을 환불해 주지 않는 것은 물론이고 이에 덧붙여 지불보증인원 식대의 50%에 상당하는 금액을 위약금으로 부과하고 있다. 이는 피로연 음식재료 준비가 보통 예식일 며칠 전에 완료되는 점과 피로연 식대로 피심인이 얻을 수 있는 이익, 장소 임대료 등의 기대이익을 감안한다고 하더라도 지나치게 과도한 것으로 판단된다. 아울러 현행 소비자분쟁해결기준(예식업과 외식서비업종)과 예식장이용 표준약관(공정거래위원회 표준약관 제10030호)상의 위약금 부과규정에 비하여서도 현재 피심인의 위약금 수준은 지나치게 과도하다고 판단된다. 따라서 당해 약관조항은 약관법 제8조 소정의 고객에게 부당하게 과중한 손해배상의무를 부담시키는 조항에 해당하여 무효이다. ]]> (2) 심사결과 : 무효 ",,미검수,고객의 귀책사유로 계약이 해제될 경우 계약시점에 관계없이 계약금을 환불해 주지 않는 것은 물론이고 이에 덧붙여 지불보증인원 식대의 50%에 상당하는 금액을 위약금으로 부과하고 있다,보통,따옴표 없이 서술되었으나 약관 조항의 구체적 내용으로 보이는 문구를 그대로 옮김,candidates_ftc_불공정약관조항.csv
법제처 OPEN API/ftc,10201,,(주)태영전자의 대리점계약서상 불공정약관조항에 대한 건,https://www.law.go.kr/DRF/lawService.do?OC=test&target=ftc&ID=10201&type=HTML,(문서 전체 — 조항 구분 없음),무효,명시,위험,,,"10201 시정권고서 2008약관3221 (2) 심사결과 : 무효 가맹금은 가맹점사업자가 영업표지의 사용과 영업활동 등에 대한 교육의 대가로 가맹본부에게 지급하는 것인데, 계약체결 후 피심인의 귀책사유로 인하여 계약이 해지되는 경우 등에는 지급받은 가맹비의 전부 또는 일부를 반환하여야 할 것이다. 해당 약관조항은 계약해지의 원인, 영업활동의 개시여부 및 계약해지의 시점 등을 고려함이 없이 계약해지시 어떤 경우에도 가맹비를 일체 반환하지 아니하도록 하고 있다. 따라서 이는 계약의 해지로 인한 사업자의 원상회복의무나 손해배상의무를 부당하게 경감하는 조항에 해당한다. ]]> (2) 심사결과 : 무효 가맹금은 가맹점사업자가 영업표지의 사용과 영업활동 등에 대한 교육의 대가로 가맹본부에게 지급하는 것인데, 계약체결 후 피심인의 귀책사유로 인하여 계약이 해지되는 경우 등에는 지급받은 가맹비의 전부 또는 일부를 반환하여야 할 것이다. 해당 약관조항은 계약해지의 원인, 영업활동의 개시여부 및 계약해지의 시점 등을 고려함이 없이 계약해지시 어떤 경우에도 가맹비를 일체 반환하지 아니하도록 하고 있다. 따라서 이는 계약의 해지로 인한 사업자의 원상회복의무나 손해배상의무를 부당하게 경감하는 조항에 해당한다. ]]> (2) 심사결과 : 무효 가맹금은 가맹점사업자가 영업표지의 사용과 영업활동 등에 대한 교육의 대가로 가맹본부에게 지급하는 것인데, 계약체결 후 피심인의 귀책사유로 인하여 계약이 해지되는 경우 등에는 지급받은 가맹비의 전부 또는 일부를 반환하여야 할 것이다. 해당 약관조항은 계약해지의 원인, 영업활동의 개시여부 및 계약해지의 시점 등을 고려함이 없이 계약해지시 어떤 경우에도 가맹비를 일체 반환하지 아니하도록 하고 있다. 따라서 이는 계약의 해지로 인한 사업자의 원상회복의무나 손해배상의무를 부당하게 경감하는 조항에 해당한다. ]]> (2) 심사결과 : 무효 가맹금은 가맹점사업자가 영업표지의 사용과 영업활동 등에 대한 교육의 대가로 가맹본부에게 지급하는 것인데, 계약체결 후 피심인의 귀책사유로 인하여 계약이 해지되는 경우 등에는 지급받은 가맹비의 전부 또는 일부를 반환하여야 할 것이다. 해당 약관조항은 계약해지의 원인, 영업활동의 개시여부 및 계약해지의 시점 등을 고려함이 없이 계약해지시 어떤 경우에도 가맹비를 일체 반환하지 아니하도록 하고 있다. 따라서 이는 계약의 해지로 인한 사업자의 원상회복의무나 손해배상의무를 부당하게 경감하는 조항에 해당한다. ]]> (2) 심사결과 : 무효 가맹금은 가맹점사업자가 영업표지의 사용과 영업활동 등에 대한 교육의 대가로 가맹본부에게 지급하는 것인데, 계약체결 후 피심인의 귀책사유로 인하여 계약이 해지되는 경우 등에는 지급받은 가맹비의 전부 또는 일부를 반환하여야 할 것이다. 해당 약관조항은 계약해지의 원인, 영업활동의 개시여부 및 계약해지의 시점 등을 고려함이 없이 계약해지시 어떤 경우에도 가맹비를 일체 반환하지 아니하도록 하고 있다. 따라서 이는 계약의 해지로 인한 사업자의 원상회복의무나 손해배상의무를 부당하게 경",,미검수,계약해지시 어떤 경우에도 가맹비를 일체 반환하지 아니하도록 하고 있다,보통,"따옴표 없이 서술되었으나, 공정위의 판단 대상이 된 조항의 핵심 내용으로 보임",candidates_ftc_불공정약관조항.csv
법제처 OPEN API/ftc,949,,(주)태원의 상거래계약서상 불공정약관조항에 대한 건,https://www.law.go.kr/DRF/lawService.do?OC=test&target=ftc&ID=949&type=HTML,계약위반 등의 경우 사전통보 없이 계약을 해지할 수 있도록 한 조항,무효,명시,위험,"제6조,제9조",부당한 비용·세금 전가|선택권 제한·구입 강제|과도한 위약금|일방적 계약 해지|권리행사 제한|보증금 반환 지연,"2. 계약위반 등의 경우 사전통보 없이 계약을 해지할 수 있도록 한 조항 가. 약관조항 나. 심사의견 : 무효 약관법 제9조 제3호는 계약의 해제ㆍ해지에 관하여 정하고 있는 약관의 내용 중 법률에 따른 사업자의 해제권 또는 해지권의 행사요건을 완화하여 고객에게 부당하게 불이익을 줄 우려가 있는 조항은 무효로 한다고 규정하고 있다. 또한, 민법 제544조(이행지체와 해제)는 당사자 일방이 그 채무를 이행하지 아니하는 때에는 상대방은 상당한 기간을 정하여 그 이행을 최고하고 그 기간내에 이행하지 아니한 때에는 계약을 해제할 수 있다고 규정하고 있으므로, 비록 상대방의 계약위반이 있더라도 계약의 존속을 무의미하게 할 정도가 아니면 상당한 기간을 정하여 그 이행을 최고하고 그 기간 내 이행하지 아니한 때 비로소 계약을 해지할 수 있을 것이다. 그런데 위 약관조항 제9조는 거래상대방이 관련 법령이나 계약을 위반하는 경우 등 계약을 해지할 수 있는 사유를 열거하고, 그 사유에 해당하는 경우 사전 통보없이 거래중지 및 계약해지를 할 수 있도록 하여 고객이 계약사항을 위반하는 경우 그 위반에 대한 사실여부 확인이나 시정 등을 위한 절차나 계약이행을 위한 최고기간 등을 두지 않고 계약을 해지할 수 있도록 규정하고 있으므로 법률의 규정에 의한 해지권 행사요건을 완화하여 고객에게 부당하게 불이익을 줄 우려가 있는 약관조항으로서 약관법 제9조 제3호에 해당하여 무효이다. ]]> 나. 심사의견 : 무효 보증금에는 급부목적의 보증금, 권리금 성격의 보증금, 변제담보 수단의 보증금 등이 있으며, 이 건 거래보증금은 중도매인들이 도매시장 시설 사용에 따른 공과금(전기료, 수도료, 쓰레기처리비, 폐수처리비, 공공사용 시설유지비등) 납부를 지연하였을 경우 또는 거래대금 미수금 정리 등 중도매인과의 거래에서 발생하는 채무이행을 보증하기 위한 변제담보 수단의 성격을 지니고 있다. 변제담보 수단으로 예치하게 되는 보증금은 그 성격상 일정한 채무의 불이행 등이 있을 경우에 채무의 변제를 위한 수단으로 지급되는 금전이며, 보증금에서 발생되는 이자를 급부로 하는 것은 아니다. 따라서 이 건 약관의 거래보증금은 피심인이 『안양시 농수산물도매시장 운영관리 조례』 제30조 제1항에 의거 금융기관에 예치하여 관리하여야 하므로 이자 발생이 예상되고, 계약의 해제ㆍ해지 또는 계약기간의 만료 등에 따라 보증금을 반환할 때에는 미수금 정리 후 원금과 함께 이자도 반환하여야 할 것이다. 민법 제548조(해제의 효과, 원상회복의무) 제2항에서도 계약이 해제된 경우에 반환할 금전에는 이자를 가하도록 규정하고 있고, 경쟁계약에 있어서 예정가격에 비하여 현저히 저가로 입찰한 낙찰자가 납부한 차액보증금에 대하여 계약이행 후 이를 환급하게 되는 경우에는 소정의 이자를 가산하여 지급하는 것이 타당하다는 대법원 판례(대법원 1998.4.28., 선고97다51223 판결)등에 비추어 볼 때, 이 이자는 원칙적으로 납입자인 중도매인에게 귀속된다고 보는 것이 타당하다. ※ 안양시농수산물도매시장운영관리조례 제30조(",,미검수,"거래상대방이 관련 법령이나 계약을 위반하는 경우 등 계약을 해지할 수 있는 사유를 열거하고, 그 사유에 해당하는 경우 사전 통보없이 거래중지 및 계약해지를 할 수 있도록",보통,"심사의견에서 약관조항 제9조의 내용을 설명하는 부분에서 문구를 추출했으나, 원본 약관 표가 없어 정확한 원문 확인 불가",candidates_ftc_불공정약관조항.csv
법제처 OPEN API/ftc,949,,(주)태원의 상거래계약서상 불공정약관조항에 대한 건,https://www.law.go.kr/DRF/lawService.do?OC=test&target=ftc&ID=949&type=HTML,계약위반 등의 경우 사전통보 없이 계약을 해지할 수 있도록 한 조항,무효,명시,위험,제9조,일방적 계약 해지|권리행사 제한|보증금 반환 지연,"2. 계약위반 등의 경우 사전통보 없이 계약을 해지할 수 있도록 한 조항 가. 약관조항 나. 심사의견 : 무효 약관법 제9조 제3호는 계약의 해제ㆍ해지에 관하여 정하고 있는 약관의 내용 중 법률에 따른 사업자의 해제권 또는 해지권의 행사요건을 완화하여 고객에게 부당하게 불이익을 줄 우려가 있는 조항은 무효로 한다고 규정하고 있다. 또한, 민법 제544조(이행지체와 해제)는 당사자 일방이 그 채무를 이행하지 아니하는 때에는 상대방은 상당한 기간을 정하여 그 이행을 최고하고 그 기간내에 이행하지 아니한 때에는 계약을 해제할 수 있다고 규정하고 있으므로, 비록 상대방의 계약위반이 있더라도 계약의 존속을 무의미하게 할 정도가 아니면 상당한 기간을 정하여 그 이행을 최고하고 그 기간 내 이행하지 아니한 때 비로소 계약을 해지할 수 있을 것이다. 그런데 위 약관조항 제9조는 거래상대방이 관련 법령이나 계약을 위반하는 경우 등 계약을 해지할 수 있는 사유를 열거하고, 그 사유에 해당하는 경우 사전 통보없이 거래중지 및 계약해지를 할 수 있도록 하여 고객이 계약사항을 위반하는 경우 그 위반에 대한 사실여부 확인이나 시정 등을 위한 절차나 계약이행을 위한 최고기간 등을 두지 않고 계약을 해지할 수 있도록 규정하고 있으므로 법률의 규정에 의한 해지권 행사요건을 완화하여 고객에게 부당하게 불이익을 줄 우려가 있는 약관조항으로서 약관법 제9조 제3호에 해당하여 무효이다. ]]>",,미검수,"거래상대방이 관련 법령이나 계약을 위반하는 경우 등 계약을 해지할 수 있는 사유를 열거하고, 그 사유에 해당하는 경우 사전 통보없이 거래중지 및 계약해지를 할 수 있도록 하여",보통,"심사의견 서술에서 약관조항 제9조의 내용을 설명하는 부분에서 문구를 추출했으나, 원본 표의 정확한 조항 문구와의 일치 여부는 원문 대조 필요",candidates_ftc_불공정약관조항.csv
법제처 OPEN API/ftc,9647,,"(주)현대이주공사의 계약서(캐나다 마니토바주이민, 캐나다 뉴브런스윅스주 이민)상 불공정약관조항에 대한 건",https://www.law.go.kr/DRF/lawService.do?OC=test&target=ftc&ID=9647&type=HTML,(문서 전체 — 조항 구분 없음),무효,명시,위험,제9조,일방적 계약 해지|권리행사 제한|보증금 반환 지연,9647 시정권고서 2009약관1614 나. 심사결과 : 무효 쌍무계약에 있어 계약체결 후 계약의 목적을 실현하기 불가능한 후발적 불능이 발생한 경우 계약당사자는 상호 원상회복의무를 지며 그 후발적 불능의 귀책사유에 따라 손해배상책임이 발생한다. 피청구인은 제9조 제1항이 단지 원상회복의무만을 규정하고 있을 뿐 청구인의 손해배상 청구권을 배제하고 있지 않다고 주장한다. 하지만 제9조 제2항의 환불규정에 의하면 청구인의 귀책사유로 인한 비자발급 거절일 경우에는 일체의 환불을 청구할 수 없도록 하고 있다. 만일 위 심사대상약관조항이 피청구인의 주장과 같이 단지 계약해제에 따른 원상회복의무만을 규정한 조항이라면 청구인의 귀책사유로 인한 비자발급 거절시에도 알선수수료 중 70%를 환불하는 것이 타당하다 할 것이다. 그리고 피청구인이 약관에서 계약해제의 귀책사유에 따라 환불액을 구분한 점을 감안할 때 제9조(환불규정)은 단지 계약해제에 따른 원상회복의무 뿐만 아니라 손해배상액의 예정도 함께 규정한 것으로 판단된다. 따라서 피청구인의 귀책사유로 인한 계약해제시 청구인의 손해발생 정도를 고려하지 않고 일부 알선료만을 환불하도록 한 제9조 제1항은 계약의 해제ㆍ해지로 인한 사업자의 손해배상의무를 부당하게 경감하는 조항으로서 약관법 제9조 제4호에 해당된다. ]]> 나. 심사결과 : 무효 쌍무계약에 있어 계약체결 후 계약의 목적을 실현하기 불가능한 후발적 불능이 발생한 경우 계약당사자는 상호 원상회복의무를 지며 그 후발적 불능의 귀책사유에 따라 손해배상책임이 발생한다. 피청구인은 제9조 제1항이 단지 원상회복의무만을 규정하고 있을 뿐 청구인의 손해배상 청구권을 배제하고 있지 않다고 주장한다. 하지만 제9조 제2항의 환불규정에 의하면 청구인의 귀책사유로 인한 비자발급 거절일 경우에는 일체의 환불을 청구할 수 없도록 하고 있다. 만일 위 심사대상약관조항이 피청구인의 주장과 같이 단지 계약해제에 따른 원상회복의무만을 규정한 조항이라면 청구인의 귀책사유로 인한 비자발급 거절시에도 알선수수료 중 70%를 환불하는 것이 타당하다 할 것이다. 그리고 피청구인이 약관에서 계약해제의 귀책사유에 따라 환불액을 구분한 점을 감안할 때 제9조(환불규정)은 단지 계약해제에 따른 원상회복의무 뿐만 아니라 손해배상액의 예정도 함께 규정한 것으로 판단된다. 따라서 피청구인의 귀책사유로 인한 계약해제시 청구인의 손해발생 정도를 고려하지 않고 일부 알선료만을 환불하도록 한 제9조 제1항은 계약의 해제ㆍ해지로 인한 사업자의 손해배상의무를 부당하게 경감하는 조항으로서 약관법 제9조 제4호에 해당된다. ]]> 나. 심사결과 : 무효 쌍무계약에 있어 계약체결 후 계약의 목적을 실현하기 불가능한 후발적 불능이 발생한 경우 계약당사자는 상호 원상회복의무를 지며 그 후발적 불능의 귀책사유에 따라 손해배상책임이 발생한다. 피청구인은 제9조 제1항이 단지 원상회복의무만을 규정하고 있을 뿐 청구인의 손해배상 청구권을 배제하고 있지 않다고 주장한다. 하지만 제9조 제2항의 환불규정에 의하면 청구인의 귀책,,미검수,청구인의 귀책사유로 인한 비자발급 거절일 경우에는 일체의 환불을 청구할 수 없도록 하고 있다,보통,제9조 제2항 환불규정의 내용으로 근거 서술에 직접 기술되어 있으나 따옴표 없이 설명 형태로 제시됨,candidates_ftc_불공정약관조항.csv
법제처 OPEN API/ftc,9783,,짱구애견의 분양계약서상 불공정약관조항에 대한 건,https://www.law.go.kr/DRF/lawService.do?OC=test&target=ftc&ID=9783&type=HTML,(문서 전체 — 조항 구분 없음),무효,명시,위험,제7조,책임 면제,"9783 시정권고서 2009약관0675 (2) 심사결과 : 무효 해당 약관조항은 애완견을 매매한 경우 고객에게 구매대금을 일체 환불하지 아니하되, 3일 이내에 폐사한 경우에는 동종 애완견으로 교환만을 해주고, 4일 이후 14일 이내에 폐사한 경우에는 고객이 구매대금의 50퍼센트를 부담하는 것을 조건으로 동종 애완견으로 교환해준다고 규정하고 있다. 매매 목적물의 하자로 인하여 계약의 목적을 달성할 수 없는 경우 매수인은 계약을 해제할 수 있으며(민법 제580조, 제575조), 이 경우 사업자는 고객에게 매매대금을 반환하여야 한다(민법 제548조). 애완견에 자주 발생하는 파보 바이러스나 홍역 등의 잠복기가 최소 2주인 점 등을 고려할 때 애완견이 15일 이내에 폐사한 경우에는 특별한 사정이 없는 한 애완견에 질병이나 그 밖의 하자가 있었던 것으로 볼 수 있다. 즉, 애완견이 15일 이내에 폐사한 경우에는 매매 목적물의 하자로 인하여 계약의 목적을 달성할 수 없는 경우에 해당하여 민법상 고객은 계약을 해제하고 매매대금의 반환을 청구할 수 있다 할 것이다. 이에 소비자분쟁해결기준(공정거래위원회 고시 제2009-1호)에서도 애완동물 구입후 15일 이내에 폐사한 경우 소비자의 중대한 과실이 없는 한 동종의 애완동물로 교환하거나 구입가를 환급하도록 하고 있다. 그럼에도 해당 약관조항은 매매의 목적물에 중대한 하자가 있어 계약의 목적을 달성할 수 없는 경우에도 고객의 해제권을 배제하고, 사업자가 일부의 책임만을 지도록 하여 사업자의 담보책임을 제한하고 있다, 따라서 해당 약관조항은 상당한 이유없이 사업자의 담보책임을 배제 또는 제한하는 조항으로 약관법 제7조 제3호에 해당한다. ]]> (2) 심사결과 : 무효 해당 약관조항은 애완견을 매매한 경우 고객에게 구매대금을 일체 환불하지 아니하되, 3일 이내에 폐사한 경우에는 동종 애완견으로 교환만을 해주고, 4일 이후 14일 이내에 폐사한 경우에는 고객이 구매대금의 50퍼센트를 부담하는 것을 조건으로 동종 애완견으로 교환해준다고 규정하고 있다. 매매 목적물의 하자로 인하여 계약의 목적을 달성할 수 없는 경우 매수인은 계약을 해제할 수 있으며(민법 제580조, 제575조), 이 경우 사업자는 고객에게 매매대금을 반환하여야 한다(민법 제548조). 애완견에 자주 발생하는 파보 바이러스나 홍역 등의 잠복기가 최소 2주인 점 등을 고려할 때 애완견이 15일 이내에 폐사한 경우에는 특별한 사정이 없는 한 애완견에 질병이나 그 밖의 하자가 있었던 것으로 볼 수 있다. 즉, 애완견이 15일 이내에 폐사한 경우에는 매매 목적물의 하자로 인하여 계약의 목적을 달성할 수 없는 경우에 해당하여 민법상 고객은 계약을 해제하고 매매대금의 반환을 청구할 수 있다 할 것이다. 이에 소비자분쟁해결기준(공정거래위원회 고시 제2009-1호)에서도 애완동물 구입후 15일 이내에 폐사한 경우 소비자의 중대한 과실이 없는 한 동종의 애완동물로 교환하거나 구입가를 환급하도록 하고 있다. 그럼에도 해당 약관조항은 매매의 목적물에 중대한 하자가 있",,미검수,"애완견을 매매한 경우 고객에게 구매대금을 일체 환불하지 아니하되, 3일 이내에 폐사한 경우에는 동종 애완견으로 교환만을 해주고, 4일 이후 14일 이내에 폐사한 경우에는 고객이 구매대금의 50퍼센트를 부담하는 것을 조건으로 동종 애완견으로 교환해준다",높음,판단 근거 서술의 첫 문장에서 약관 조항 내용이 그대로 인용되어 있음,candidates_ftc_불공정약관조항.csv
법제처 OPEN API/ftc,1169,,청우기획의 설치약정서 거래약관상 불공정약관조항에 대한 건,https://www.law.go.kr/DRF/lawService.do?OC=test&target=ftc&ID=1169&type=HTML,(문서 전체 — 조항 구분 없음),무효,명시,위험,제9조,일방적 계약 해지|권리행사 제한|보증금 반환 지연,"1169 시정권고서 2012약관1231 나. 심사의견: 무효 본 광고물의 제작ㆍ설치 약정은 계약 당사자 일방이 일의 완성을 약정하고 그 거래상대방이 그 일의 결과에 대하여 보수를 지급할 것을 약정하고 있으므로 민법상의 도급계약에 해당한다고 볼 수 있다. 민법상 도급인이 완성된 목적물의 하자로 인하여 계약의 목적을 달성할 수 없는 때에는 계약을 해제할 수 있으며 이에 대한 손해배상을 청구할 수 있도록 규정하고 있다.(민법 제668조) 그러나 위 약관에는 제품의 설치 장소에 따라 별도의 주문, 제작을 하여야 하는 제품의 특성상 한번 설치 완료된 제품은 반품과 취소가 불가한 것으로 규정하고 있다. 이는 설치 완료된 광고물의 하자로 인하여 계약의 목적을 달성할 수 없을 경우조차도 고객이 계약을 해제할 수 없도록 원천적으로 봉쇄하고 있는 것이며 아울러, 손해가 발생할 경우 이에 대한 손해배상청구권마저도 배제하고 있다고 할 수 있을 것이다. 따라서 당해 약관조항은 법률에 따른 고객의 해제권 또는 해지권을 배제하거나 그 행사를 제한하는 조항이자 상당한 이유없이 사업자의 손해배상 범위를 제한하거나 사업자가 부담하여야 할 위험을 고객에게 떠넘기는 조항으로 약관법 제9조 제1호 및 제7조 제2호에 해당되어 무효이다. ]]> 나. 심사의견: 무효 본 광고물의 제작ㆍ설치 약정은 계약 당사자 일방이 일의 완성을 약정하고 그 거래상대방이 그 일의 결과에 대하여 보수를 지급할 것을 약정하고 있으므로 민법상의 도급계약에 해당한다고 볼 수 있다. 민법상 도급인이 완성된 목적물의 하자로 인하여 계약의 목적을 달성할 수 없는 때에는 계약을 해제할 수 있으며 이에 대한 손해배상을 청구할 수 있도록 규정하고 있다.(민법 제668조) 그러나 위 약관에는 제품의 설치 장소에 따라 별도의 주문, 제작을 하여야 하는 제품의 특성상 한번 설치 완료된 제품은 반품과 취소가 불가한 것으로 규정하고 있다. 이는 설치 완료된 광고물의 하자로 인하여 계약의 목적을 달성할 수 없을 경우조차도 고객이 계약을 해제할 수 없도록 원천적으로 봉쇄하고 있는 것이며 아울러, 손해가 발생할 경우 이에 대한 손해배상청구권마저도 배제하고 있다고 할 수 있을 것이다. 따라서 당해 약관조항은 법률에 따른 고객의 해제권 또는 해지권을 배제하거나 그 행사를 제한하는 조항이자 상당한 이유없이 사업자의 손해배상 범위를 제한하거나 사업자가 부담하여야 할 위험을 고객에게 떠넘기는 조항으로 약관법 제9조 제1호 및 제7조 제2호에 해당되어 무효이다. ]]> 나. 심사의견: 무효 본 광고물의 제작ㆍ설치 약정은 계약 당사자 일방이 일의 완성을 약정하고 그 거래상대방이 그 일의 결과에 대하여 보수를 지급할 것을 약정하고 있으므로 민법상의 도급계약에 해당한다고 볼 수 있다. 민법상 도급인이 완성된 목적물의 하자로 인하여 계약의 목적을 달성할 수 없는 때에는 계약을 해제할 수 있으며 이에 대한 손해배상을 청구할 수 있도록 규정하고 있다.(민법 제668조) 그러나 위 약관에는 제품의 설치 장소에 따라 별도의 주문, 제작을 하여야 하는 ",,미검수,한번 설치 완료된 제품은 반품과 취소가 불가한 것,보통,"인용 표시 없이 약관 내용이 설명되어 있으며, 해당 문구가 근거 서술에 그대로 나타남",candidates_ftc_불공정약관조항.csv
법제처 OPEN API/ftc,1209,,포레스트 휘트니스의 포레스트 휘트니스 이용약관상 불공정약관조항에 대한 건,https://www.law.go.kr/DRF/lawService.do?OC=test&target=ftc&ID=1209&type=HTML,(문서 전체 — 조항 구분 없음),무효,명시,위험,제8조,과도한 위약금,"1209 시정권고서 2009약관3253 (2) 심사결과 : 무효 대중체육시설업에 있어서 고객의 사정에 의한 중도해지시 위약금은 일반적으로 전체 거래대금의 10퍼센트와 고객의 이용일수에 따른 일할계산금액을 제외한 금액이라고 할 것이다. 해당 약관조항은 고객이 기납부한 금액 중 부가세 10퍼센트, 등록비 10퍼센트 및 카드수수료 5퍼센트를 공제하고, 1일을 사용한 경우에도 한달 이용요금을 공제한 뒤 나머지 금액을 환급하도록 하고 있다. 부가가치세나 카드수수료는 모든 거래나 카드거래시 수반되는 것임을 고려할 때 이용자가 지급하는 거래대금의 10퍼센트에 상당하는 위약금에는 이와 같은 사항도 모두 포함되어 있다 할 것이다. 즉, 일반 거래관행상 거래금액의 10퍼센트를 위약금으로 함이 통상적임을 고려할 때 부가세 및 등록금의 명목으로 이용대금의 각 10퍼센트, 총 20퍼센트를 공제하는 것은 과다하다 할 것이다. 또한 이용대금의 공제 관련, 총 이용대금 중 이용기간에 해당하는 금액을 공제하여야 할 것임에도 불구하고 무조건 한달 이용대금을 공제하도록 하고 있어 단기간 이용 후 계약을 해지하는 고객에게 지나치게 불리하다. 아울러 소비자분쟁해결기준 및 체육단련장 표준약관에서는 계약의 중도해지시 총 이용금액에서 이용일수에 해당하는 이용금액 및 총이용금액의 10%를 공제한 후 이용대금을 환급하도록 하고 있다. 따라서 해당 약관조항은 고객에게 부당하게 과중한 손해배상의무를 부담시키는 조항 또는 계약의 해지로 인한 사업자의 원상회복의무를 부당하게 경감하는 조항으로 약관법 제8조 또는 제9조 제4호에 해당한다. ]]> (2) 심사결과 : 무효 대중체육시설업에 있어서 고객의 사정에 의한 중도해지시 위약금은 일반적으로 전체 거래대금의 10퍼센트와 고객의 이용일수에 따른 일할계산금액을 제외한 금액이라고 할 것이다. 해당 약관조항은 고객이 기납부한 금액 중 부가세 10퍼센트, 등록비 10퍼센트 및 카드수수료 5퍼센트를 공제하고, 1일을 사용한 경우에도 한달 이용요금을 공제한 뒤 나머지 금액을 환급하도록 하고 있다. 부가가치세나 카드수수료는 모든 거래나 카드거래시 수반되는 것임을 고려할 때 이용자가 지급하는 거래대금의 10퍼센트에 상당하는 위약금에는 이와 같은 사항도 모두 포함되어 있다 할 것이다. 즉, 일반 거래관행상 거래금액의 10퍼센트를 위약금으로 함이 통상적임을 고려할 때 부가세 및 등록금의 명목으로 이용대금의 각 10퍼센트, 총 20퍼센트를 공제하는 것은 과다하다 할 것이다. 또한 이용대금의 공제 관련, 총 이용대금 중 이용기간에 해당하는 금액을 공제하여야 할 것임에도 불구하고 무조건 한달 이용대금을 공제하도록 하고 있어 단기간 이용 후 계약을 해지하는 고객에게 지나치게 불리하다. 아울러 소비자분쟁해결기준 및 체육단련장 표준약관에서는 계약의 중도해지시 총 이용금액에서 이용일수에 해당하는 이용금액 및 총이용금액의 10%를 공제한 후 이용대금을 환급하도록 하고 있다. 따라서 해당 약관조항은 고객에게 부당하게 과중한 손해배상의무를 부담시키는 조항 또는 계약의 해지로 인",,미검수,"고객이 기납부한 금액 중 부가세 10퍼센트, 등록비 10퍼센트 및 카드수수료 5퍼센트를 공제하고, 1일을 사용한 경우에도 한달 이용요금을 공제한 뒤 나머지 금액을 환급하도록 하고 있다",보통,인용 표시 없이 약관 내용을 설명하는 형태로 서술되어 있음,candidates_ftc_불공정약관조항.csv
법제처 OPEN API/ftc,8629,,프라임전자장부(주)의 모집점개설계약서상 불공정약관조항에 대한 건,https://www.law.go.kr/DRF/lawService.do?OC=test&target=ftc&ID=8629&type=HTML,관리기능 상실 등의 경우 계약해지조항,무효,명시,위험,제9조,일방적 계약 해지|권리행사 제한|보증금 반환 지연,"2. 관리기능 상실 등의 경우 계약해지조항 가. 약관조항 나. 심사결과 : 무효 계약의 해지는 계약당사자에게 중대한 영향을 미치는 것이므로 해지사유는 구체적으로 열거되고 내용도 타당하여야 하며, 그 사유에 해당하는지 여부는 객관적으로 인정되어야 한다. 해당 약관조항은 “관리기능상실 등 관리불가로 판단될 경우”라고 계약해지사유를 추상적으로 규정하고, 나아가 이에 해당하는지를 본사의 판단에 맡겨 결국 본사가 자의적으로 계약을 해지할 수 있도록 하고 있다. 따라서 해당 약관조항은 사업자에게 법률에서 규정하고 있지 아니하는 해지권을 부여하여 고객에게 부당하게 불이익을 줄 우려가 있는 조항으로 약관법 제9조 제2호에 해당된다. ",,미검수,관리기능상실 등 관리불가로 판단될 경우,높음,따옴표 없이 인용되었으나 조항 문구로 명확히 식별됨,candidates_ftc_불공정약관조항.csv
법제처 OPEN API/ftc,9325,,한국신용평가정보(주)의 크레딧뱅크이용약관상 불공정약관조항에 대한 건,https://www.law.go.kr/DRF/lawService.do?OC=test&target=ftc&ID=9325&type=HTML,(문서 전체 — 조항 구분 없음),무효,명시,위험,제8조,과도한 위약금,"9325 시정권고서 2009약관1949 (2) 심사결과 : 무효 피심인은 신용평점서비스, 신용관리서비스, 명의보호서비스를 제공하는 바, 24시간, 30일, 1년, 2년, 3년, 5년 등의 기간 동안 이용하는 다양한 상품을 판매하고 있다. 해당 약관조항은 위와 같은 상품을 구매한 고객이 일단 서비스를 이용하면 지급한 이용금액을 일체 환불하지 아니한다고 규정하고 있다. 그러나 해당 계약의 내용은 일정기간 동안 계속하여 서비스를 이용하기로 하는 것이므로 중도해지시에는 지급한 이용료에서 이용한 기간에 해당하는 이용료 및 적정 위약금을 공제한 나머지 금액을 반환하여야 할 것이다. 또한 회사가 약정한 서비스를 제공하지 아니하는 등 회사의 귀책사유로 인하여 고객이 계약을 해지하는 경우에는 고객이 서비스를 이용하였더라도 나머지 기간에 상당하는 이용료를 지급하여야 할 것이다. 그럼에도 해당 약관조항은 계약기간, 계약해지의 시기 등을 고려하지 아니하고 일률적으로 고객이 서비스를 1회 이용하기만 하면 이용료를 환불하지 아니한다고 규정하고 있다. 따라서 해당 약관조항은 고객에 대하여 부당하게 과중한 손해배상의무를 부담시키는 조항 또는 고객에 대하여 부당하게 불리한 약관조항에 해당하여 약관법 제8조 또는 제6조 제1항, 제2항 제1호에 따라 무효이다. ]]> (2) 심사결과 : 무효 피심인은 신용평점서비스, 신용관리서비스, 명의보호서비스를 제공하는 바, 24시간, 30일, 1년, 2년, 3년, 5년 등의 기간 동안 이용하는 다양한 상품을 판매하고 있다. 해당 약관조항은 위와 같은 상품을 구매한 고객이 일단 서비스를 이용하면 지급한 이용금액을 일체 환불하지 아니한다고 규정하고 있다. 그러나 해당 계약의 내용은 일정기간 동안 계속하여 서비스를 이용하기로 하는 것이므로 중도해지시에는 지급한 이용료에서 이용한 기간에 해당하는 이용료 및 적정 위약금을 공제한 나머지 금액을 반환하여야 할 것이다. 또한 회사가 약정한 서비스를 제공하지 아니하는 등 회사의 귀책사유로 인하여 고객이 계약을 해지하는 경우에는 고객이 서비스를 이용하였더라도 나머지 기간에 상당하는 이용료를 지급하여야 할 것이다. 그럼에도 해당 약관조항은 계약기간, 계약해지의 시기 등을 고려하지 아니하고 일률적으로 고객이 서비스를 1회 이용하기만 하면 이용료를 환불하지 아니한다고 규정하고 있다. 따라서 해당 약관조항은 고객에 대하여 부당하게 과중한 손해배상의무를 부담시키는 조항 또는 고객에 대하여 부당하게 불리한 약관조항에 해당하여 약관법 제8조 또는 제6조 제1항, 제2항 제1호에 따라 무효이다. ]]> (2) 심사결과 : 무효 피심인은 신용평점서비스, 신용관리서비스, 명의보호서비스를 제공하는 바, 24시간, 30일, 1년, 2년, 3년, 5년 등의 기간 동안 이용하는 다양한 상품을 판매하고 있다. 해당 약관조항은 위와 같은 상품을 구매한 고객이 일단 서비스를 이용하면 지급한 이용금액을 일체 환불하지 아니한다고 규정하고 있다. 그러나 해당 계약의 내용은 일정기간 동안 계속하여 서비스를 이용하기로 하는 것이므로 중",,미검수,고객이 일단 서비스를 이용하면 지급한 이용금액을 일체 환불하지 아니한다,보통,따옴표 없이 서술되었으나 약관조항의 핵심 내용으로 보이는 문구를 그대로 옮김,candidates_ftc_불공정약관조항.csv
법제처 OPEN API/ftc,9787,,한국존슨앤드존슨판매(유)의 구매카드 결제시스템 특약상 불공정약관조항에 대한 건,https://www.law.go.kr/DRF/lawService.do?OC=test&target=ftc&ID=9787&type=HTML,(문서 전체 — 조항 구분 없음),무효,명시,위험,제6조,부당한 비용·세금 전가|선택권 제한·구입 강제|과도한 위약금,"9787 시정권고서 2009약관0507 (2) 심사결과 : 무효 잔고의 내역은 당해 계약에 있어 매우 중요한 사항에 해당하는 것으로 당사자간 잔고에 대하여 다툼이 있는 경우 즉, 거래내역이나 액수 등에 대하여 다툼이 있는 경우에는 장부나 기타 자료 등을 통해서 사실을 입증, 정정할 수 있어야 한다. 그럼에도 해당 약관조항은 피심인 또는 제3자의 지배영역에 있는 자료인 전산거래 내역과 카드회사의 미결제잔액만을 인정하고, 그 밖의 객관적인 자료 등을 통한 사실의 확인 및 정정을 배제하고 있다. 따라서 해당 약관조항은 고객에 대하여 부당하게 불리한 약관조항에 해당하여 약관법 제6조 제1항, 제2항 제1호에 따라 무효이다. ]]> (2) 심사결과 : 무효 잔고의 내역은 당해 계약에 있어 매우 중요한 사항에 해당하는 것으로 당사자간 잔고에 대하여 다툼이 있는 경우 즉, 거래내역이나 액수 등에 대하여 다툼이 있는 경우에는 장부나 기타 자료 등을 통해서 사실을 입증, 정정할 수 있어야 한다. 그럼에도 해당 약관조항은 피심인 또는 제3자의 지배영역에 있는 자료인 전산거래 내역과 카드회사의 미결제잔액만을 인정하고, 그 밖의 객관적인 자료 등을 통한 사실의 확인 및 정정을 배제하고 있다. 따라서 해당 약관조항은 고객에 대하여 부당하게 불리한 약관조항에 해당하여 약관법 제6조 제1항, 제2항 제1호에 따라 무효이다. ]]> (2) 심사결과 : 무효 잔고의 내역은 당해 계약에 있어 매우 중요한 사항에 해당하는 것으로 당사자간 잔고에 대하여 다툼이 있는 경우 즉, 거래내역이나 액수 등에 대하여 다툼이 있는 경우에는 장부나 기타 자료 등을 통해서 사실을 입증, 정정할 수 있어야 한다. 그럼에도 해당 약관조항은 피심인 또는 제3자의 지배영역에 있는 자료인 전산거래 내역과 카드회사의 미결제잔액만을 인정하고, 그 밖의 객관적인 자료 등을 통한 사실의 확인 및 정정을 배제하고 있다. 따라서 해당 약관조항은 고객에 대하여 부당하게 불리한 약관조항에 해당하여 약관법 제6조 제1항, 제2항 제1호에 따라 무효이다. ]]> (2) 심사결과 : 무효 잔고의 내역은 당해 계약에 있어 매우 중요한 사항에 해당하는 것으로 당사자간 잔고에 대하여 다툼이 있는 경우 즉, 거래내역이나 액수 등에 대하여 다툼이 있는 경우에는 장부나 기타 자료 등을 통해서 사실을 입증, 정정할 수 있어야 한다. 그럼에도 해당 약관조항은 피심인 또는 제3자의 지배영역에 있는 자료인 전산거래 내역과 카드회사의 미결제잔액만을 인정하고, 그 밖의 객관적인 자료 등을 통한 사실의 확인 및 정정을 배제하고 있다. 따라서 해당 약관조항은 고객에 대하여 부당하게 불리한 약관조항에 해당하여 약관법 제6조 제1항, 제2항 제1호에 따라 무효이다. ]]> (2) 심사결과 : 무효 잔고의 내역은 당해 계약에 있어 매우 중요한 사항에 해당하는 것으로 당사자간 잔고에 대하여 다툼이 있는 경우 즉, 거래내역이나 액수 등에 대하여 다툼이 있는 경우에는 장부나 기타 자료 등을 통해서 사실을 입증, 정정할 수 있어야 한다. 그럼에도 해당 ",,미검수,"피심인 또는 제3자의 지배영역에 있는 자료인 전산거래 내역과 카드회사의 미결제잔액만을 인정하고, 그 밖의 객관적인 자료 등을 통한 사실의 확인 및 정정을 배제하고 있다",보통,따옴표 없이 서술되었으나 조항의 구체적 내용으로 보이는 문구를 그대로 옮김,candidates_ftc_불공정약관조항.csv
법제처 OPEN API/ftc,1211,,한웅레포츠(주)의 회원약관상 불공정약관조항에 대한 건,https://www.law.go.kr/DRF/lawService.do?OC=test&target=ftc&ID=1211&type=HTML,(문서 전체 — 조항 구분 없음),무효,명시,위험,"제8조,제9조",과도한 위약금|일방적 계약 해지|권리행사 제한|보증금 반환 지연,"1211 시정권고서 2010약관1717 (2) 심사결과 : 무효 대중체육시설 이용계약은「방문판매 등에 관한 법률」(이하 '방판법’이라 한다)상 계속적인 계약(계속거래)에 해당하는 것으로 고객은 계약기간 중 언제든지 해지할 수 있으며 소비자의 사정으로 계약이 해지된 경우 계약 해지로 인해 발생하는 손실에 상당하는 적정 위약금을 제외한 나머지 대금을 환급해야 할 것이다.(방판법 제29조, 제30조) 그러나 당해 약관조항은 1개월 수강회원에 대해서는 원칙적으로 탈회가 불가하도록 규정되어 있다. 따라서 위 약관조항은 약관법 제9조 제1호 소정의 법률의 규정에 의한 고객의 해제권 또는 해지권을 배제하거나 그 행사를 제한하는 조항에 해당하여 무효이다. 또한, 여신전문금융업법에 따르면 신용카드가맹점은 신용카드회원에 대하여 현금결제회원에 비해 불리한 대우를 하지 못하도록 하고 있고, 가맹점수수료를 신용카드회원에게 부담시키지 못하도록 규정하고 있으며, 가맹점은 자신의 매출 확대를 위해 고객과의 최초 계약체결 시 자신이 신용카드사에게 가맹점수수료를 부담할 것을 전제로 체육시설 이용료에 대해 신용카드를 통한 결제를 용인하고 있어 설사 고객의 사정으로 인하여 계약이 해지되었다고 하더라도 카드결제회원에 대해 위약금(이용료의 10%)이외에 추가로 가맹점수수료(4%)를 부담하도록 한 당해 약관조항은 여신전문금융업법(법 제19조 제1항 및 제3항)에 위반될 뿐만 아니라 신의칙에도 반한다고 할 것이다. 따라서 당해 약관조항은 약관법 제8조 소정의 고객에 대하여 부당하게 과중한 손해배상의무를 부담시키는 약관조항이자 동 법 제6조 제2항 제1호 소정의 고객에 대하여 부당하게 불리한 약관조항에 해당하여 무효이다. ]]> (2) 심사결과 : 무효 대중체육시설 이용계약은「방문판매 등에 관한 법률」(이하 '방판법’이라 한다)상 계속적인 계약(계속거래)에 해당하는 것으로 고객은 계약기간 중 언제든지 해지할 수 있으며 소비자의 사정으로 계약이 해지된 경우 계약 해지로 인해 발생하는 손실에 상당하는 적정 위약금을 제외한 나머지 대금을 환급해야 할 것이다.(방판법 제29조, 제30조) 그러나 당해 약관조항은 1개월 수강회원에 대해서는 원칙적으로 탈회가 불가하도록 규정되어 있다. 따라서 위 약관조항은 약관법 제9조 제1호 소정의 법률의 규정에 의한 고객의 해제권 또는 해지권을 배제하거나 그 행사를 제한하는 조항에 해당하여 무효이다. 또한, 여신전문금융업법에 따르면 신용카드가맹점은 신용카드회원에 대하여 현금결제회원에 비해 불리한 대우를 하지 못하도록 하고 있고, 가맹점수수료를 신용카드회원에게 부담시키지 못하도록 규정하고 있으며, 가맹점은 자신의 매출 확대를 위해 고객과의 최초 계약체결 시 자신이 신용카드사에게 가맹점수수료를 부담할 것을 전제로 체육시설 이용료에 대해 신용카드를 통한 결제를 용인하고 있어 설사 고객의 사정으로 인하여 계약이 해지되었다고 하더라도 카드결제회원에 대해 위약금(이용료의 10%)이외에 추가로 가맹점수수료(4%)를 부담하도록 한 당해 약관조항은 여신전문금융업법(법 제",,미검수,1개월 수강회원에 대해서는 원칙적으로 탈회가 불가하도록 규정,보통,"인용 표시 없이 조항 내용이 설명된 형태로, 근거 서술에서 그대로 옮김",candidates_ftc_불공정약관조항.csv
법제처 OPEN API/ftc,10225,,헬스매니아 인천계산점의 가입 및 운영회칙상 불공정약관조항에 대한 건,https://www.law.go.kr/DRF/lawService.do?OC=test&target=ftc&ID=10225&type=HTML,(문서 전체 — 조항 구분 없음),무효,명시,위험,제8조,과도한 위약금,"10225 시정권고서 2008약관4108 2. 심사의견 : 무효 ○ 1개월 이상 계속된 기간을 계약기간으로 하여 체결하는 대중체육시설 이용계약은 「방문판매등에 관한 법률(이하 '방판법’이라 함)」상 계속계약에 해당하는 것으로서, 법에 따라 고객은 자신의 의사에 따라 계약기간 중 언제든지 해지할 수 있으며 이 경우 사업자는 계약해지로 인해 발생하는 손실에 상당하는 적정 위약금을 공제한 나머지 대금을 환급해야 할 것임. - 또한 소비자분쟁해결기준(체육시설업 및 레저용역업) 및 체력단련장 표준약관에서는 고객이 자신의 사정에 의해 계약을 해지하고자 할 경우 총 이용대금의 10%에 해당하는 위약금과 고객이 실제 시설을 이용한 기간에 대한 금액만을 위약금으로 규정하고 있으므로 특별한 사정이 없는 한 이에 준하여 위약금을 공제하여야 할 것임. ○ 그러나 피심인의 위 약관조항은 본인사망, 해외이주 등 자신이 인정하는 사유에 해당되는 경우를 제외하고는 고객의 사정에 의한 계약해지시 회비는 1개월을 기준으로 하고, 1회를 이용한 경우에도 1개월 이용으로 간주하며, 위약금으로 총 가입비의 10% 및 부가세를 공제한 금액으로 한다고 규정하고 있음. - 모든 재화 또는 용역의 거래시 부과되는 부가세는 이용료에 포함되어 있음에도 불구하고 피심인은 별도로 부가세를 중복공제하고 있으며, 설령 부가세로 인하여 사업자에게 실손해가 있다 하더라도 이는 해지시 통상적으로 지급하는 위약금(거래대금의 10%정도)에 포함되어 있다고 봄이 타당함. ○ 따라서 피심인의 위 약관조항은 고객에게 과중한 손해배상의무를 부담시키는 조항이자 법령의 규정에 의한 고객의 해지권을 제한하거나 그 행사를 제한하는 조항으로 약관법 제8조 및 제9조 제1호에 해당됨. ]]> 2. 심사의견 : 무효 ○ 1개월 이상 계속된 기간을 계약기간으로 하여 체결하는 대중체육시설 이용계약은 「방문판매등에 관한 법률(이하 '방판법’이라 함)」상 계속계약에 해당하는 것으로서, 법에 따라 고객은 자신의 의사에 따라 계약기간 중 언제든지 해지할 수 있으며 이 경우 사업자는 계약해지로 인해 발생하는 손실에 상당하는 적정 위약금을 공제한 나머지 대금을 환급해야 할 것임. - 또한 소비자분쟁해결기준(체육시설업 및 레저용역업) 및 체력단련장 표준약관에서는 고객이 자신의 사정에 의해 계약을 해지하고자 할 경우 총 이용대금의 10%에 해당하는 위약금과 고객이 실제 시설을 이용한 기간에 대한 금액만을 위약금으로 규정하고 있으므로 특별한 사정이 없는 한 이에 준하여 위약금을 공제하여야 할 것임. ○ 그러나 피심인의 위 약관조항은 본인사망, 해외이주 등 자신이 인정하는 사유에 해당되는 경우를 제외하고는 고객의 사정에 의한 계약해지시 회비는 1개월을 기준으로 하고, 1회를 이용한 경우에도 1개월 이용으로 간주하며, 위약금으로 총 가입비의 10% 및 부가세를 공제한 금액으로 한다고 규정하고 있음. - 모든 재화 또는 용역의 거래시 부과되는 부가세는 이용료에 포함되어 있음에도 불구하고 피심인은 별도로 부가세를 중복공제하고 있으며, 설령 부가세",,미검수,"본인사망, 해외이주 등 자신이 인정하는 사유에 해당되는 경우를 제외하고는 고객의 사정에 의한 계약해지시 회비는 1개월을 기준으로 하고, 1회를 이용한 경우에도 1개월 이용으로 간주하며, 위약금으로 총 가입비의 10% 및 부가세를 공제한 금액으로 한다",보통,따옴표 없이 서술되었으나 약관 조항의 구체적 내용으로 보이는 문구를 그대로 옮김,candidates_ftc_불공정약관조항.csv
법제처 OPEN API/prec,622837,2025나8154,기타(금전),https://www.law.go.kr/DRF/lawService.do?OC=test&target=prec&ID=622837&type=HTML,제8조,(판단 불명확),판단 불명확,,,,"정되는 다음과 같은 사실 및 사정들을 종합적으로 고려하면 원고들이 이 사건 이행청구를 피고에게 접수한 날로부터 50여일이 지나 이루어진 피고의 서류보완 요청이 정당한 것으로 보이지 아니하므로, 피고는 원고들이 이 사건 이행청구를 한 날로부터 1월이 지난 2024. 3. 3.부터 이행지체에 빠졌다고 봄이 상당하다. 위 피고의 주장은 받아들이지 않는다. 가) 이 사건 약관 제8조 제3항은 ""보증채권자가 제1항에서 제2항까지의 서류 중 일부를 누락해 이행을 청구한 경우 공사는 서면으로 기한을 정해 서류보완을 요청할 수 있습니다.""라고 규정하고 있을 뿐, 피고가 언제까지 보완요구를 할 수 있는 것인지에 관한 시간적 한계에 관하여 아무런 규정을 두지 않고 있다. 그런데 이러한 피고의 서류보완 요청이 있게 되면 이 사건 약관 제9조 제1항에 의하여 보증채무의 이행기는 보증채권자가 그 보완을 완료한 때로부터 다시 1월 이후로 늦춰지게 되는 결과가 발생하게 되므로, 누락된 서류에 대한 보완을 요청할 수 있는 시간적 한계를 합리적인 범위 내에서 제한할 필요가 있다. 나) 피고가 서류보완 요청을 할 수 있는 시간적 한계에 관하여 보건대, ① 이 사건 약관은 보험금 지급기한을 이행청구를 접수한 날로부터 1월 이내에 보증채무를 지급하여야 하는 것으로 정하고 있으므로(제8조 제1항), 보증채무의 이행을 청구한 보증채권자로서는 1월 이내에 피고로부터 서류보완 요청이 없다면 바로 보증채무가 이행되리라는 기대권이 생겼다고 할 것인 점, ② 그런데도 이행청구 이후 1월이 지나 위와 같은 기대권이 생긴 이후에도 피고의 서류보완 요청이 허용된다면, 피고가 정당한 사유 없이 보증채무 이행을 지체하고도 뒤늦게 서류보완을 요청하여 그 지체책임에서 손쉽게 벗어날 수 있게 되는바, 이는 형평과 정의에 반하는 점, ③ 임차인들이 적지 않은 보증료를 부담하면서도 피고와 이 사건 보증계약을 체결하는 이유는 그들의 전재산에 가까운 전세보증금을 적어도 1달 이상 돌려받지 못하는 상황(약관에서 정한 보증사고)이 발생하는 경우에 대비하여, 전세보증금의 빠른 반환을 보장받고, 이를 통하여 새로운 주거지에 대한 자유롭고 평화로운 이전을 확보하기 위함이라 할 것인바, 이 사건 보증계약에 따른 보증채무는 지급요건을 충족하는 한 최대한 빠르게 이행되어야 할 필요가 있고, 이는 위 1. 가.에서 본 피고의 설립목적에도 부합하는 점, ④ 이 사건 약관 제20조 제2항은 ""공사는 약관의 뜻이 명백하지 않은 경우에는 보증채권자에게 유리하게 해석합니다.""라고 정하고 있고, 약관의 뜻이 명백하지 아니한 경우에는 고객에게 유리하게 해석하여야 하는 점(약관의 규제에 관한 법률 제5조 제2항)을 두루 참작하면, 이 사건 약관 중 서류보완을 요청할 수 있는 시간적인 한계는 특별한 사정이 없다면 피고가 이행청구를 접수한 날로부터 1월 이내에 한정된다고 해석함이 상당하다. 다) 한편, 피고는 원고(선정당사자)에게, 2024. 3. 21. 카카오톡 메시지로 전세보증금 전액에 대한 이체확인증, 임대인이 발행한 영수증, 전세대출기관의 금융거래확인서 1부의 제출을 요구하였고, 같은 날 구두로 주택의 명도완료 사진 제출을 요구하였고(이 사건 약관에서 서류 보완 요청은 서면으로 하도록 되어 있는 점에 비추어 보면 구두로 요청한 것이 정당한 것인지에 관한 의문도 든다), 원고들은 같은 날 및 같은 달 27. 피고에게 피고가 요청한 서류를 보완하여 제출하였다. 이와 같이 피고가 보완 요청한 서류들이 비록 보증채무 이행을 위해 반드시 필요한 서류라고 하더라도, 보증업무를 취급하는 전문가인 피고 입장에서는 그 누락 여부를 비교적 쉽게 파악할 수 있는 서류들임에도 피고가 2024. 2. 2. 원고들로부터 이 사건 이행청구를 접수하고도, 그로부터 1월이 훨씬 지난 2024. 3. 21.에야 서류보완 요청을 한 것은 정당하다 평가할 수 없고, 달리 피",보증채권자가 제1항에서 제2항까지의 서류 중 일부를 누락해 이행을 청구한 경우 공사는 서면으로 기한을 정해 서류보완을 요청할 수 있습니다.,미검수,,,,candidates_prec_보증금반환.csv
법제처 OPEN API/prec,622837,2025나8154,기타(금전),https://www.law.go.kr/DRF/lawService.do?OC=test&target=prec&ID=622837&type=HTML,(조 번호 미표기),(판단 불명확),판단 불명확,,,,"는 기대권이 생겼다고 할 것인 점, ② 그런데도 이행청구 이후 1월이 지나 위와 같은 기대권이 생긴 이후에도 피고의 서류보완 요청이 허용된다면, 피고가 정당한 사유 없이 보증채무 이행을 지체하고도 뒤늦게 서류보완을 요청하여 그 지체책임에서 손쉽게 벗어날 수 있게 되는바, 이는 형평과 정의에 반하는 점, ③ 임차인들이 적지 않은 보증료를 부담하면서도 피고와 이 사건 보증계약을 체결하는 이유는 그들의 전재산에 가까운 전세보증금을 적어도 1달 이상 돌려받지 못하는 상황(약관에서 정한 보증사고)이 발생하는 경우에 대비하여, 전세보증금의 빠른 반환을 보장받고, 이를 통하여 새로운 주거지에 대한 자유롭고 평화로운 이전을 확보하기 위함이라 할 것인바, 이 사건 보증계약에 따른 보증채무는 지급요건을 충족하는 한 최대한 빠르게 이행되어야 할 필요가 있고, 이는 위 1. 가.에서 본 피고의 설립목적에도 부합하는 점, ④ 이 사건 약관 제20조 제2항은 ""공사는 약관의 뜻이 명백하지 않은 경우에는 보증채권자에게 유리하게 해석합니다.""라고 정하고 있고, 약관의 뜻이 명백하지 아니한 경우에는 고객에게 유리하게 해석하여야 하는 점(약관의 규제에 관한 법률 제5조 제2항)을 두루 참작하면, 이 사건 약관 중 서류보완을 요청할 수 있는 시간적인 한계는 특별한 사정이 없다면 피고가 이행청구를 접수한 날로부터 1월 이내에 한정된다고 해석함이 상당하다. 다) 한편, 피고는 원고(선정당사자)에게, 2024. 3. 21. 카카오톡 메시지로 전세보증금 전액에 대한 이체확인증, 임대인이 발행한 영수증, 전세대출기관의 금융거래확인서 1부의 제출을 요구하였고, 같은 날 구두로 주택의 명도완료 사진 제출을 요구하였고(이 사건 약관에서 서류 보완 요청은 서면으로 하도록 되어 있는 점에 비추어 보면 구두로 요청한 것이 정당한 것인지에 관한 의문도 든다), 원고들은 같은 날 및 같은 달 27. 피고에게 피고가 요청한 서류를 보완하여 제출하였다. 이와 같이 피고가 보완 요청한 서류들이 비록 보증채무 이행을 위해 반드시 필요한 서류라고 하더라도, 보증업무를 취급하는 전문가인 피고 입장에서는 그 누락 여부를 비교적 쉽게 파악할 수 있는 서류들임에도 피고가 2024. 2. 2. 원고들로부터 이 사건 이행청구를 접수하고도, 그로부터 1월이 훨씬 지난 2024. 3. 21.에야 서류보완 요청을 한 것은 정당하다 평가할 수 없고, 달리 피고가 서류보완 요청을 이와 같이 뒤늦게 하여야만 할 다른 사정이 있다고 보이지도 아니하므로, 피고는 이 사건 이행청구를 접수한 날로부터 1월이 경과한 다음 날인 2024. 3. 3. 보증채무의 이행지체에 빠졌다고 봄이 타당하다. 라. 소결론 그렇다면 피고는 원고들에게 보증채무 원금 중 잔금 3,634,548원 및 이에 대하여 일부 변제일 다음 날인 2024. 4. 4.부터 피고가 그 이행의무의 존재 여부나 범위에 관하여 항쟁하는 것이 타당하다고 인정되는 당심판결 선고일인 2025. 12. 17.까지 이 사건 약관에서 정한 연 6%, 그다음 날부터 다 갚는 날까지 소송촉진 등에 관한 특례법이 정한 연 12%의 각 비율로 계산한 지연손해금을 지급할 의무가 있다. 따라서 원고들의 주장은 위 인정 범위 내에서 이유 있다. 3. 결론 그렇다면 원고들의 이 사건 청구는 위 인정 범위 내에서 이유 있어 인용하고 나머지 청구는 이유 없어 기각하여야 한다. 제1심판결은 이와 결론을 일부 달리하여 부당하므로 원고들의 항소를 일부 받아들여 제1심판결을 위와 같이 변경하기로 하여, 주문과 같이 판결한다. 판사 노진영(재판장) 변지영 윤재남 ]]>","그들의 전재산에 가까운 전세보증금을 적어도 1달 이상 돌려받지 못하는 상황(약관에서 정한 보증사고)이 발생하는 경우에 대비하여, 전세보증금의 빠른 반환을 보장받고, 이를 통하여 새로운 주거지에 대한 자유롭고 평화로운 이전을 확보하기 위함이라 할 것인바, 이 사건 보증계약에 따른 보증채무는 지급요건을 충족하는 한 최대한 빠르게 이행되어야 할 필요가 있고, 이는 위 1. 가.에서 본 피고의 설립목적에도 부합하는 점, ④ 이 사건 약관 제20조 제2항은 ""공사는 약관의 뜻이 명백하지 않은 경우에는 보증채권자에게 유리하게 해석합니다.",미검수,,,,candidates_prec_보증금반환.csv
법제처 OPEN API/prec,622353,2025나10686,유익비,https://www.law.go.kr/DRF/lawService.do?OC=test&target=prec&ID=622353&type=HTML,제12조,(판단 불명확),판단 불명확,,,," 있다고 할 것이다. 이 부분에 관한 원고의 주장이 이유 있고, 피고들의 주장은 이유 없다. ① 이 사건 전세권계약은 민법에서 정한 일반적인 전세권설정계약에 따라 체결되었고, 그에 따른 전세권설정등기가 마쳐졌을 뿐이다. ② 이 사건 전세권계약의 체결당사자에 상인연합회도 포함되어 있고, 그 내용 또한 일반적인 전세권설정계약의 권리ㆍ의무관계 그대로일 뿐이다. 이 사건 전세권계약 제12조는, ""이 계약에 정한 이외의 사항이 있거나 또는 이의가 있을 때에는 대한민국 법령, 자치법규 및 일반 임대차 관습에 따른다""고 규정하고 있다. ③ 아래와 같은 이 사건 전세권계약의 진행경과에 비추어 보더라도, 이 사건 전세권계약은 사법상 법률관계를 전제로 하고 있을 뿐 행정작용으로 행해진 것으로 보기 어렵다. ㉮ 망인은 이 사건 전세권계약 체결 당시 그 형식을 근저당권설정계약으로 하기를 원하는 의사를 표시하였으나, 원고 내부 검토 결과 근저당권은 이 사건 전세부분에 대한 경매 시 사용ㆍ수익권을 주장할 수 없다는 등의 이유로 전세계약인 이 사건 전세권계약이 체결되었다. ㉯ 원고는 당초 이 사건 전세부분의 전세금을 32억 원으로 계획하였으나 망인이 2014년 초 이 사건 전세부분에 식자재마트 입점을 논의할 당시 임대차보증금 외에 월 차임 3,500만 원을 받기로 하였던 사정을 들며 전세금만으로는 건물을 임대하지 않겠다는 의견을 표명하였다. 이로 인해 원고와 망인 간에 2016. 3.부터 2016. 12.까지 10여 차례 협의 및 2016. 11. 14.부터 2016. 12. 12.까지 □□감정평가법인 외 1개소의 감정평가를 거쳐 전세금을 45억 원으로 정하여 그중 32억 원은 원고가, 나머지 13억 원은 상인연합회가 각 부담하였다. ㉰ 상인연합회에서 2020. 7.경 망인에게 이 사건 전세권계약의 기간 연장을 요청하였으나 망인이 연장을 거절하였다. ㉱ 원고, 상인연합회와 망인, 전차인들은 전차인들이 매출 신장이 기대되는 정월대보름 기간의 영업기회를 확보하고 매장을 이전할 장소도 마련할 수 있도록 이 사건 전세권계약기간을 2022. 4. 12.까지로 3개월 연장하는데 합의하였고, 원고와 상인연합회는 2022. 3. 31. 이 사건 전세부분에서 퇴거하였으나 전세금 반환에 관하여는 망인의 요청으로 2022. 4. 합의를 거친 끝에 2022. 4. 15. 일부인 30억 원만을 반환하였고 2022. 6. 30. 나머지 15억 원 및 지연이자 7,995,610원을 반환하였다. ④ 피고들은, ""원고의 예산이 아닌 국고보조금으로 공사비용이 지출되었으므로, 유익비 상환청구 대상이 될 수 없다""고도 주장한다. 그러나 전세권자가 전세금 및 공사 비용을 조달하는 방법은 전세권자의 내부적 사정에 불과하다. 원고가 상인연합회와 공동 전세권자가 되어 피고와 사이에 대등한 관계에서 이 사건 전세권계약을 체결한 이상, 피고와의 법률관계는 사법상의 전세권설정계약에 따라 의율됨이 원칙이다. 따라서 이와 다른 전제에 선 피고들의 이 부분 주장은 받아들일 수 없다. 나. 유익비 상환청구권의 묵시적 포기 여부 앞서 인정한 사실 및 갑 제11호증의 기재에 변론 전체의 취지를 더하여 인정할 수 있는 다음과 같은 사정에 비추어 보면, 피고들이 제출한 증거만으로는, 원고가 이 사건 전세권계약상 유익비 상환청구권을 묵시적으로 포기하였다고 인정하기에 부족하고, 달리 이를 인정할 증거가 없다. 피고들의 이 부분 주장은 이유 없다. ① 이 사건 전세권계약은 보조금 준비과정을 거쳐 이 사건 상생협약이 체결된 후 2년여가 지난 시점에서야 체결되었으므로, 망인은 계약 체결 시점 무렵에 원고가 이 사건 전세부분에 복합커뮤니티센터를 조성하고 시설을 현대화하는 사업을 한다는 사실과 이를 위해서 리모델링 공사가 필요하다는 사실을 알고 있었을 것으로 보인다. 이와 같은 맥락에서 이 사건 전세권계약은 제","계약에 정한 이외의 사항이 있거나 또는 이의가 있을 때에는 대한민국 법령, 자치법규 및 일반 임대차 관습에 따른다",미검수,,,,candidates_prec_보증금반환.csv
법제처 OPEN API/prec,622353,2025나10686,유익비,https://www.law.go.kr/DRF/lawService.do?OC=test&target=prec&ID=622353&type=HTML,(조 번호 미표기),(판단 불명확),판단 불명확,,,,"조에서 이 사건 전세부분에 대한 내ㆍ외부 수선ㆍ보수 공사를 허용하면서도, 유익비 상환청구를 명시적으로 배제하는 규정을 두고 있지 않다. ② 임대차 계약에서 원상회복 약정이 있는 경우 유익비 상환청구권을 포기한 것이라고 보는 것이 통상적이므로(대법원 1995. 6. 30. 선고 95다12927 판결), 전세권의 경우에도 마찬가지로 보아야 할 것이다. 그러나 이 사건 전세권계약은 제11조에서 원상회복의무에 관하여, ""전세권자가 그 사용ㆍ수익을 위하여 현상을 변경하여 그 가치가 현저히 감소되었을 경우""에 전세권자는 원상회복을 하여야 한다고 규정하고 있다. 즉, 전세권자의 현상 변경으로 전세목적물의 가치가 현저히 감소되었을 경우에 한하여 원상회복의무가 있을 뿐인데, 피고들이 제출한 증거들만으로는, 위와 같은 원상회복대상이 될 정도로 전세목적물의 가치가 현저히 감소되었다고 인정하기에 부족하다. 나아가 망인으로서는 위와 같이 원상회복의무의 범위를 제한함으로써 이 사건 전세부분의 가치가 증가된 이익을 보유할 수 있었을 것이므로, 위와 같은 규정이 망인 또는 피고들에게 일방적으로 불리하여 합리성을 결여하였다고 볼 수도 없다. ③ 피고들은 ""원고도 내부적으로 이 사건 전세부분을 원상회복하여 반환하는 방안을 검토하였다""거나, ""원고와 같은 지방자치단체가 유익비 반환을 구한 사례가 없다""고 주장한다. 그러나 원고가 원상회복과 유익비 상환청구 중 어느 쪽을 택할지 검토한 사정만으로는, 원고가 유익비상환청구권을 포기하고 원상회복의무를 이행하기로 하였다고 보기 어렵다. 나아가 피고들은, ""2014. 7.경 대구광역시 ◇◇◇ 팀장으로 근무하였던 소외 4가 ‘이 사건 상생협약에 따라 시설 현대화의 이익은 망인에게도 귀속되어야 한다’고 진술하는 등 유익비 상환청구권의 포기를 전제로 망인에게 이 사건 전세권계약의 체결을 유도하였다""는 취지로도 주장한다. 그러나 위와 같은 소외 4의 발언은 이 사건 상생협약에 관한 주관적 의견일 뿐만 아니라, 그 발언내용만으로는 원고가 유익비 상환청구권을 포기하였다고 단정하기도 어렵다. 한편 피고들은, ""민법 제316조 제1항에 의하여 원고에게 원상회복의무가 있다""고도 주장한다. 그러나 원고는 피고들에게 민법 제310조 제1항에 의하여 유익비 상환청구를 하고 있는 것이고, 앞에서 본 바와 같이 원고가 유익비 상환청구권을 포기하였음을 인정할 증거가 없는 이상, 유익비 부분에 관하여 원고에게 원상회복의무가 발생한다고 볼 수 없으므로, 이를 전제로 하는 피고들의 위 주장도 이유 없다. 다. 유익비 상환의 범위 1) 이 사건 전세부분의 객관적 가치 증가 가) 갑 제3 내지 5, 22, 23호증의 각 기재, 제1심법원의 ☆☆감정평가사사무소에 대한 유익비 감정촉탁 결과 및 변론 전체의 취지에 비추어 보면, 원고가 유익비 상환을 구하는 항목 중 ① 건축공사는 가설공사, 조적공사, 미장공사, 타일공사, 석공사, 도장공사, 창호공사, 유리공사, 수장공사(화장실칸막이 등), 금속공사(경량철골천정틀), 철거공사, 기타공사(콘크리트면 마무리 등)를, ② 기계공사는 위생기구 설치공사(화장실 보수), 배기배관공사(덕트, 송풍기), 오ㆍ배수배관공사, 기타건축(기계)공사는 건축(기계) 감리, 기계설비공사(배관 및 덕트 설치 등), 승강기 2층 출입구 공사를, ③ 전기공사는 전기간선설비공사, 전등설비공사, 전열설비공사, 냉난방설비관련공사를, 소방공사는 소방설비공사, 유도등설비공사, 스프링클러헤드 교체공사, 보온재 설치공사, 옥내소화전ㆍ알람밸브 교체공사, 전기 및 소방 감리를 각 그 내용으로 한 것으로서 이 사건 공사 전 이 사건 전세부분의 상태를 볼 때 노후화로 인하여 위 공사들이 필요한 상태였고 위 공사들로 인해 이 사건 전세부분의 객관적 가치가 증가하였다고 보아야 한다. 다만, 원고가 유익비 상환을 구하는 항목 중 기계설비공사",전세권자가 그 사용ㆍ수익을 위하여 현상을 변경하여 그 가치가 현저히 감소되었을 경우,미검수,,,,candidates_prec_보증금반환.csv
법제처 OPEN API/prec,622353,2025나10686,유익비,https://www.law.go.kr/DRF/lawService.do?OC=test&target=prec&ID=622353&type=HTML,(조 번호 미표기),(판단 불명확),판단 불명확,,,," 상환청구 중 어느 쪽을 택할지 검토한 사정만으로는, 원고가 유익비상환청구권을 포기하고 원상회복의무를 이행하기로 하였다고 보기 어렵다. 나아가 피고들은, ""2014. 7.경 대구광역시 ◇◇◇ 팀장으로 근무하였던 소외 4가 ‘이 사건 상생협약에 따라 시설 현대화의 이익은 망인에게도 귀속되어야 한다’고 진술하는 등 유익비 상환청구권의 포기를 전제로 망인에게 이 사건 전세권계약의 체결을 유도하였다""는 취지로도 주장한다. 그러나 위와 같은 소외 4의 발언은 이 사건 상생협약에 관한 주관적 의견일 뿐만 아니라, 그 발언내용만으로는 원고가 유익비 상환청구권을 포기하였다고 단정하기도 어렵다. 한편 피고들은, ""민법 제316조 제1항에 의하여 원고에게 원상회복의무가 있다""고도 주장한다. 그러나 원고는 피고들에게 민법 제310조 제1항에 의하여 유익비 상환청구를 하고 있는 것이고, 앞에서 본 바와 같이 원고가 유익비 상환청구권을 포기하였음을 인정할 증거가 없는 이상, 유익비 부분에 관하여 원고에게 원상회복의무가 발생한다고 볼 수 없으므로, 이를 전제로 하는 피고들의 위 주장도 이유 없다. 다. 유익비 상환의 범위 1) 이 사건 전세부분의 객관적 가치 증가 가) 갑 제3 내지 5, 22, 23호증의 각 기재, 제1심법원의 ☆☆감정평가사사무소에 대한 유익비 감정촉탁 결과 및 변론 전체의 취지에 비추어 보면, 원고가 유익비 상환을 구하는 항목 중 ① 건축공사는 가설공사, 조적공사, 미장공사, 타일공사, 석공사, 도장공사, 창호공사, 유리공사, 수장공사(화장실칸막이 등), 금속공사(경량철골천정틀), 철거공사, 기타공사(콘크리트면 마무리 등)를, ② 기계공사는 위생기구 설치공사(화장실 보수), 배기배관공사(덕트, 송풍기), 오ㆍ배수배관공사, 기타건축(기계)공사는 건축(기계) 감리, 기계설비공사(배관 및 덕트 설치 등), 승강기 2층 출입구 공사를, ③ 전기공사는 전기간선설비공사, 전등설비공사, 전열설비공사, 냉난방설비관련공사를, 소방공사는 소방설비공사, 유도등설비공사, 스프링클러헤드 교체공사, 보온재 설치공사, 옥내소화전ㆍ알람밸브 교체공사, 전기 및 소방 감리를 각 그 내용으로 한 것으로서 이 사건 공사 전 이 사건 전세부분의 상태를 볼 때 노후화로 인하여 위 공사들이 필요한 상태였고 위 공사들로 인해 이 사건 전세부분의 객관적 가치가 증가하였다고 보아야 한다. 다만, 원고가 유익비 상환을 구하는 항목 중 기계설비공사에서 천정형전기온풍기 4대 부분 및 냉난방기 공사로서 삼성전자 제품의 냉난방기 천장형 20대 부분은 이 사건 전세부분과는 독립된 물건을 설치한 것으로서 원고가 이를 수거하여 가면 되는 것이고, 기타공사항목 즉 공사설계 및 석면조사에 소요된 비용은 원고가 이 사건 공사를 위해 용역을 제공받은 비용으로서 해당 용역의 성격에 비추어 이 사건 전세부분 자체의 가치를 객관적으로 증가시키는 것과는 무관하므로, 원고가 제출한 증거만으로는 이를 위하여 지출한 비용이 유익비, 즉 이 사건 전세부분의 객관적 가치를 증가시키기 위하여 투입한 비용이라고 보기에 부족하고, 달리 이를 인정할 증거가 없다. 나) 피고들 주장에 대한 판단 (1) 피고들은, ""이 사건 전세권계약 체결 이전에 소외 3 회사가 이 사건 전세부분의 개량에 필요한 공사를 완료하였으므로, 이 사건 공사로 인하여 이 사건 전세부분의 가치가 객관적으로 증가하지 않았다""는 취지로 주장한다. 을 제3, 4호증의 각 기재에 따르면 망인은 2013. 11. 1. 소외 3 회사와 이 사건 전세부분에 대한 임대차계약을 체결하고 소외 3 회사가 이 사건 전세부분의 시설물 인테리어(SIGN, 전산, LED, CCTV, 냉난방 기타 운영관리 필요한 부분)를 소외 3 회사의 비용으로 하기로 하였던 사실, 소외 3 회사가 2014. 9. 12. 망인에게 ‘2014. 9. 19.까지 이 사건 전세부분의 인테리어 공사를 재개하고 12. 18.까지 마무리하겠다’고 약정하였던 사실이 인정된다. ","취지로도 주장한다. 그러나 위와 같은 소외 4의 발언은 이 사건 상생협약에 관한 주관적 의견일 뿐만 아니라, 그 발언내용만으로는 원고가 유익비 상환청구권을 포기하였다고 단정하기도 어렵다. 한편 피고들은",미검수,,,,candidates_prec_보증금반환.csv
법제처 OPEN API/prec,616695,2019노96,특정범죄가중처벌등에관한법률위반(조세)(피고인2·피고인3·피고인4에대하여일부인정된죄명조세범처벌법위반방조)·특정범죄가중처벌등에관한법률위반(허위세금계산서교부등)·특정경제범죄가중처벌등에관한법률위반(횡령)·업무상횡령·업무상배임·조세범처벌법위반,https://www.law.go.kr/DRF/lawService.do?OC=test&target=prec&ID=616695&type=HTML,(조 번호 미표기),(판단 불명확),판단 불명확,,,,"맹이익을 각 공제하고 점포 지원금 명목의 추가수수료를 더한 금액이 매월 점주에게 귀속되는 위탁판매수수료인데, 위탁판매점을 운영하여 얻은 이익 또는 손실이 점주들에게 실질적으로 귀속되었고, 목표매출액의 25%에 해당하는 금액 외에 개별타이어 판매량에 따라 피고인 7 회사가 얻는 추가적인 이익은 없다고 주장한다. 그러나 피고인 7 회사와 점주들 사이에 작성된 타이어판매용역계약서 및 그 내용에 해당하는 ‘위탁수수료 약정서’에서 정하고 있는 위탁판매수수료 지급기준은 피고인들이 주장하는 위탁판매수수료의 계산방식과는 차이가 있다. ③ 그뿐만 아니라 피고인 7 회사가 작성한 ‘위탁판매수수료’라는 제목의 문건에는 2013. 12. 31. 기준으로 각 점포별로 부가가치세를 포함한 위탁판매수수료를 ""1안:실제 성과급, 2안: 50억 원 안분 + 실제 성과급, 3안: 매출액, 4안: 70억 원 안분 + 실제 성과급""으로 나누어 계산하고 있는 바(증거기록 7권 띠지 112), 이는 위 ②항에서 피고인들이 주장하거나 위탁수수료 약정서에서 정하고 있는 위탁수수료 계산방식과 또 다른 차이가 있어 피고인들이 주장하는 위탁판매수수료의 존재나 그 산정방법을 믿기 어렵다. ④ 특히 위탁판매점 점주들은 피고인들이 주장하는 위탁판매수수료의 존재 또는 계산방식 등을 제대로 알지 못하고, 피고인 7 회사가 위탁판매점 점주들의 도장과 공인인증서를 이용하여 위탁판매수수료 매출세금계산서를 역발행한 것으로 보인다. 위탁판매점 점주들이 아래와 같이 한 진술은 위와 같은 사정을 뒷받침한다. 증거표시주요 내용 증 15권 제2192쪽 이하(순번 208번)■ 공소외 20(점주) 2017. 3. 2.자 검찰 진술조서 (6쪽) 문) 진술인은 피고인 7 회사로부터 수탁수수료를 지급받은 후 ""공소외 20 타이어"" 명의로 세금계산서를 발행했던 사실이 있는가요. / 답) 실제 수탁수수료를 받은 적도 없고, 수수료와 관련하여 세금계산서를 발행한 적도 없습니다. 문) 국세청의 피고인 7 회사 자료를 보면, ""공소외 20 타이어""와 관련하여, 2014년도에 201,935,660원, 2015년도에 240,804,620원 등 442,740,280원의 수탁수수료를 지급하고 세금계산서를 수취한 것으로 되어 있는데 어떤가요. / 답) 국세청 세무조사 이후 2016. 8.경 무렵부터 3~4개월 정도는 사업용 통장에 위 수탁수수료라는 명목으로 송금을 해 주고 있지만, 그 전까지는 위수탁수수료라는 명목으로 입금된 적이 없습니다. 그리고 저는 세금계산서를 발행한 적도 없습니다. 증 17권 제4858쪽 이하(순번 241번)■ 공소외 23(점주) 2017. 4. 11.자 검찰 진술조서 (12쪽) 문) 세금계산서 내역에 이하면, 피고인 7 회사는 진술인 명의 사업자에 2013년에 231,771,181원, 2014년에 167,038,420원 등 398,809,601원의 수탁수수료를 지급한 것으로 확인되는데 어떤가요. / 답) 저는 수탁수수료라는 명목으로 이러한 돈을 받은 적은 없습니다. (13쪽) 문) 피고인 7 회사에서는 수탁수수료를 지급하면서 ‘공소외 23 타이어’ 명의로 세금계산서를 발행하기도 하였는데 누가 발행한 것인가요. / 답) 저는 세금계산서를 발행한 적이 없습니다. 공 4권 제1710쪽 이하■ 공소외 31(점주) 2018. 11. 28.자 원심 증언 녹취서 (17쪽) 문) 본사로부터 수탁점장으로 근무하면서 위탁수수료 받은 사실 있습니까. / 답) 없습니다. 문) 위탁수수료 산정근거가 어떻게 되는지는 본사에서 일방적으로 정해지는 것이었고 입출금 역시 본사에서 하는 것으로서 증인은 산정근거나 입출금내역을 알지 못하지요. / 답) 예. 문) 위탁수수료 어떻게 산정되는지 알아요. / 답) 모릅니다. (18쪽) 문) 위탁수수료 명목으로 금원을 실제 수령한 사실은 없다는 것이지요. / 답) 그렇습니다. 문) 점장으로 근무하는 동안 본사에서 증인에게 위탁수수료를",위탁수수료 약정서’에서 정하고 있는 위탁판매수수료 지급기준은 피고인들이 주장하는 위탁판매수수료의 계산방식과는 차이가 있다. ③ 그뿐만 아니라 피고인 7 회사가 작성한,미검수,,,,candidates_prec_보증금반환.csv
법제처 OPEN API/prec,599849,2019다255416,소유권이전등기,https://www.law.go.kr/DRF/lawService.do?OC=test&target=prec&ID=599849&type=HTML,(조 번호 미표기),(판단 불명확),판단 불명확,,,," 사건의 맥락에서 보면 이 사건 부칙조항 본문은 다음과 같은 의미를 가진다. 즉, 한일합병과 무관하게 작위를 받은 사람의 재산은 구법에 따르면 친일재산이 아니므로 국가에 귀속될 수 없다. 그런데 위원회가 구법하에서 그 재산에 대한 국가귀속결정을 내리는 경우가 있을 수 있다. 한편 신법 시행으로 위 재산은 사후적으로 친일재산의 범주에 포함되게 되었다. 이때 이 사건 부칙조항 본문에 따르면 구법을 잘못 적용하여 내려진 국가귀속결정이라고 하더라도 별도의 절차 없이 신법이 적용되어 내려진 정당한 국가귀속결정으로 의제된다. 그러한 의미에서 이 사건 부칙조항 본문은 구법하의 국가귀속결정에 대한 신법의 ‘적용’을 의제하는 것이기도 하다. 이 사건 부칙조항 단서는 ""확정판결에 따라 이 법의 적용대상이 아닌 것으로 확정된 경우에는 그러하지 아니하다.""라고 규정한다. 이는 친일반민족행위자의 특정한 재산에 대한 국가귀속결정 그 자체 또는 이로 인한 법률관계에 대한 구체적인 쟁송을 전제로 하여 판결이 확정된 경우에는 법적 안정성을 위하여 개정규정을 적용하지 않도록 한 조항이다(대법원 2016. 11. 9. 선고 2014두3228 판결 참조). 여기에서의 ‘확정판결’은 어떤 소송 유형에서 내려진 확정판결인지를 묻지 않는다. 중요한 것은 그 확정판결이 특정한 재산을 구법의 적용대상에서 제외하는 취지의 판결인가이다. 친일재산귀속법은 친일반민족행위자의 재산, 즉 친일재산의 국가귀속에 관한 법률로서 그 법률에서 정한 바에 따른 친일반민족행위자 및 친일재산을 그 적용대상으로 한다. 그런데 특정한 재산이 구법 제2조 제1호에 따른 친일반민족행위자의 재산에 속하지 않는다는 이유로 그 재산에 관한 국가귀속결정을 취소하는 판결이 확정되었다면, 그 확정판결은 그 재산이 구법의 적용대상에서 제외된다는 취지의 판결이나 다름없다. 이러한 확정판결이 존재하는 이상 그 이후 법이 개정되어 친일반민족행위자의 범위가 넓어졌더라도 신법을 소급하여 적용해서는 안 된다는 것이 이 사건 부칙조항 단서의 취지이다. 이 사건 부칙조항 단서의 ""그러하지 아니하다""는 바로 이러한 점을 나타내는 문언으로서 이 사건 부칙조항 본문에 따른 신법 적용의 의제에 대응하는 의미를 가지고 있다. 결론적으로, 이 사건 부칙조항 본문에 따르면 구법하의 국가귀속결정도 신법을 적용하여 이루어진 것으로 의제되나, 이 사건 부칙조항 단서에 따르면 특정한 재산을 구법 적용대상에서 제외한다는 취지의 판결이 이미 확정된 경우에는 신법의 적용 의제도 하지 않겠다는 의미를 담고 있다. 이 사건 부칙조항 단서를 그렇게 해석하는 이상, 특정한 재산의 국가귀속결정을 취소한 확정판결이 있는데도 신법의 적용에 따라 그 재산이 국가에 귀속되었음을 전제로 하는 민사소송은 허용될 수 없다. 2) 이 사건 부칙조항 단서에 관한 입법자의 의도 이 사건 부칙조항 단서의 입법 경위를 살펴보면, 특정 재산에 관한 국가귀속결정을 취소하는 판결이 확정되었다면 그 재산은 신법의 시행에도 불구하고 더 이상 국가에 귀속시키지 않는다는 것이 입법자의 의도로 보인다. 이러한 입법자의 의도는 이 사건 부칙조항 단서를 해석할 때 충분히 고려되어야 한다. 개정 친일재산귀속법은 소외인이 한일합병의 공으로 작위를 받은 것이 아니라는 이유로 구 친일재산귀속법의 적용대상이 아니라고 판단한 이 사건 확정판결에 대응하여 발의되었다. 발의 당시 개정법률안의 제안 이유에서는 이 사건 확정판결을 구체적으로 특정하면서 ""문맥상 해석에 치우친 판결이라 많은 논란의 여지가 있음""이라고 평가하기도 하였다. 이러한 개정법률안의 제안 취지는 특히 소외인이라는 특정인을 염두에 두면서 이 사건 확정판결에서 문제 되었던 ‘한일합병의 공으로’라는 제한을 삭제함으로써 친일반민족행위자 및 친일재산의 범위를 확장하기 위한 것이었다. 그러나 법률안 심사 과정에서 이 사건 확정판결을 통해 국가에 귀속될 수 없음이 종국적으로 선언된 재산을 신법에 의해 다시 국가에 귀속시킬 수 있게 하면 소급입법을 통한 재산권 박탈을 금지한 헌법 제13조 제2항 위반 논란이 발생할 수 있다는 지적이 있었다. 201","본문에 따르면 구법을 잘못 적용하여 내려진 국가귀속결정이라고 하더라도 별도의 절차 없이 신법이 적용되어 내려진 정당한 국가귀속결정으로 의제된다. 그러한 의미에서 이 사건 부칙조항 본문은 구법하의 국가귀속결정에 대한 신법의 ‘적용’을 의제하는 것이기도 하다. 이 사건 부칙조항 단서는 ""확정판결에 따라 이 법의 적용대상이 아닌 것으로 확정된 경우에는 그러하지 아니하다.",미검수,,,,candidates_prec_부당이득금.csv
법제처 OPEN API/prec,599849,2019다255416,소유권이전등기,https://www.law.go.kr/DRF/lawService.do?OC=test&target=prec&ID=599849&type=HTML,(조 번호 미표기),(판단 불명확),판단 불명확,,,,"과를 가져온다. 반대의견의 요지는 다음과 같다. 즉, 친일재산귀속법에서 정한 친일재산은 친일재산귀속법 시행에 따라 그 취득·증여 등 원인행위 시에 소급하여 당연히 국가의 소유로 된다. 친일재산조사위원회의 국가귀속결정이 있다고 하더라도 이는 확인적 결정에 불과하므로 그 결정이 있어야 비로소 국가의 소유로 되는 것이 아니다. 친일재산의 국가귀속 법리에 따라 이 사건 부칙조항을 해석하면 이 사건 부칙조항 단서의 적용대상은 ‘친일재산조사위원회의 국가귀속결정’이다. 친일재산의 소유권은 당연히 국가에 소급적으로 귀속되므로 확정판결로 국가귀속결정이 취소되었더라도 국가가 친일반민족행위자와 그 상속인, 악의의 유증자·수증자를 상대로 친일재산의 소유권 반환 등을 구하는 민사소송을 제기하는 것은 허용된다고 보아야 한다. 그 구체적인 이유를 아래에서 살펴본다. 나. 친일재산의 당연한 국가귀속 1) 친일재산귀속법 제3조 제1항 본문은 ‘친일재산은 그 취득·증여 등 원인행위 시에 이를 국가의 소유로 한다.’고 규정한다. 따라서 친일재산귀속법에서 정한 친일재산은 친일반민족행위자가 친일재산을 취득한 시점에 소급하여 그 소유권이 국가에 귀속되고 그와 동시에 친일반민족행위자와 그 상속인, 악의의 유증자·수증자는 소유권을 상실한다. 친일재산은 친일재산귀속법의 시행에 따라 취득·증여 등 원인행위 시에 소급하여 당연히 국가의 소유로 되는 것이고, 친일재산조사위원회가 국가귀속결정을 하여야 비로소 국가의 소유로 되는 것이 아니다. 친일재산조사위원회의 국가귀속결정은 당해 재산이 친일재산에 해당한다는 사실을 확인하는 이른바 준법률행위적 행정행위의 성격을 가질 뿐이다(대법원 2008. 11. 13. 선고 2008두13491 판결 등 참조). 친일재산조사위원회의 국가귀속결정은 친일재산조사절차의 일환으로서 친일재산귀속법에 따라 국가에 귀속되어야 할 ‘친일재산에 해당한다.’는 사실의 확인행위이다. 제3자가 친일재산을 선의로 취득하거나 정당한 대가를 지급하고 취득함으로써 국가귀속결정을 할 수 없는 경우의 ‘친일재산확인결정’도 국가귀속결정과 본질적으로 같은 행위이다. 2) 친일재산조사위원회의 친일재산에 관한 국가귀속결정이나 친일재산확인결정에 대해서는 그 취소를 구하는 행정소송을 제기할 수 있고, 친일재산조사위원회의 국가귀속결정 이후 친일재산에 관하여 국가 앞으로 소유권이전등기가 마쳐졌다면 이를 다투는 친일반민족행위자 측에서는 소유권이전등기말소를 구하는 민사소송을 제기할 수 있다. 그러나 앞서 본 바와 같이 친일재산은 친일재산귀속법의 시행에 따라 취득·증여 등 원인행위 시에 소급하여 당연히 국가의 소유로 되는 것이고, 친일재산조사위원회가 국가귀속결정을 하여야 비로소 국가의 소유로 되는 것이 아니다. 그러므로 국가는 친일재산조사위원회의 국가귀속결정이나 친일재산확인결정이 없더라도 친일반민족행위자와 그 상속인 또는 악의의 유증자·수증자를 상대로 소유권에 기한 방해배제를 구하거나 부당이득반환을 구하는 민사소송을 제기할 수 있고, 법원은 친일재산조사위원회의 재산조사 및 국가귀속결정 또는 친일재산확인결정의 존부나 효력 유무와는 별도로 친일재산에 해당하는지 여부를 판단할 수 있다. 이때 친일재산조사위원회의 의결서는 친일재산의 국가귀속에 관한 증거자료로서의 의미를 가진다. 이처럼 친일재산조사위원회의 국가귀속결정이나 친일재산확인결정의 위법성을 다투는 행정소송과 친일재산의 소유권 귀속이나 그 소유권 침해 여부를 다투는 민사소송은 소송물이 다른 별개의 소송이므로 서로 기판력이 미치는 관계에 있지 아니하다. 다만 친일재산조사위원회에서 친일재산에 관하여 국가귀속결정이 이루어지면, 소송절차 없이 관리청의 촉탁으로 소유자를 ‘국’으로 하는 등기를 마침으로써 친일재산의 소유관계와 형식적인 등기현황의 불일치를 신속하게 해소할 수 있다. 3) 대상재산의 소유권이 친일재산귀속법의 시행에 따라 당연히 국가에 귀속되는지 여부는 개정 친일재산귀속법 제2조 제1호를 적용하여 판단하여야 하고, 이 사건 부칙조항 본문에 따를 것이 아니다(헌법재판소 2018. 4. 26. 선고 2017헌바88 전원재판부 결정 등 참","친일재산조사위원회의 국가귀속결정’이다. 친일재산의 소유권은 당연히 국가에 소급적으로 귀속되므로 확정판결로 국가귀속결정이 취소되었더라도 국가가 친일반민족행위자와 그 상속인, 악의의 유증자·수증자를 상대로 친일재산의 소유권 반환 등을 구하는 민사소송을 제기하는 것은 허용된다고 보아야 한다. 그 구체적인 이유를 아래에서 살펴본다. 나. 친일재산의 당연한 국가귀속 1) 친일재산귀속법 제3조 제1항 본문은",미검수,,,,candidates_prec_부당이득금.csv
법제처 OPEN API/prec,599849,2019다255416,소유권이전등기,https://www.law.go.kr/DRF/lawService.do?OC=test&target=prec&ID=599849&type=HTML,(조 번호 미표기),(판단 불명확),판단 불명확,,,,"는 행정소송인 경우에는 위헌 여부에 관한 본안 판단을 하였으나(헌법재판소 2018. 4. 26. 선고 2016헌바454 전원재판부 결정 등 참조), 당해 소송이 소유권 귀속 또는 그 침해 여부 등을 다투는 민사소송인 경우에는 재판의 전제성이 없다고 보아 심판청구를 각하하였다(헌법재판소 2013. 7. 25. 선고 2012헌가1 전원재판부 결정 등 참조). 이 사건 부칙조항은 국가귀속결정을 대상으로 한 것일 뿐, 친일재산의 소유권 귀속과는 아무런 관련이 없음을 확인한 것이다. 다. 이 사건 부칙조항의 문언해석에 관하여 1) 이 사건 부칙조항 본문은 ""위원회가 종전의 제2조 제1호에 따라 친일반민족행위자로 결정한 경우에는 제2조 제1호의 개정규정에 따라 결정한 것으로 본다.""라고 규정한다. 이는 ‘친일재산조사위원회가 종전의 친일재산귀속법 제2조 제1호에 따라 친일재산의 국가귀속결정을 한 경우 그러한 결정을 개정 친일재산귀속법 제2조 제1호에 따른 결정으로 간주한다.’는 의미로서 그 대상은 친일재산조사위원회의 국가귀속결정으로 해석된다. 한편 이 사건 부칙조항 단서는 ""확정판결에 따라 이 법의 적용대상이 아닌 것으로 확정된 경우에는 그러하지 아니하다.""라고 규정한다. 일반적으로 본문과 단서로 구성된 조항에서 본문은 원칙을, 단서는 예외를 규정하므로, 단서는 당연히 본문을 전제로 한다(대법원 2016. 6. 9. 선고 2015다78536 판결 참조). 그렇다면 이 사건 부칙조항 단서는 ‘친일재산조사위원회가 종전의 친일재산귀속법 제2조 제1호에 따라서 한 국가귀속결정이 확정판결로 이 법의 적용대상이 아닌 것으로 확정된 경우에는 친일재산조사위원회의 국가귀속결정을 개정 친일재산귀속법 제2조 제1호에 따른 결정으로 보지 않는다.’는 의미로 해석함이 자연스럽다. 이와 같이 이 사건 부칙조항의 본문과 단서는 친일재산조사위원회의 국가귀속결정을 개정 친일재산귀속법 제2조 제1호에 따른 국가귀속결정으로 인정할 것인지에 관한 원칙과 예외를 규정하고 있을 뿐이고, 친일재산이 실체법적으로 국가에 귀속되는지 여부와는 무관한 조항이다. 이를 실체법적으로 친일재산의 국가귀속 여부를 정하는 조항으로 해석하는 것은 이 사건 부칙조항의 문언에 명백히 반한다. 2) 다수의견은 이 사건 부칙조항 단서에 대하여 특정한 재산을 구 친일재산귀속법의 적용대상에서 제외한다는 취지의 판결이 확정된 경우에 개정 친일재산귀속법의 적용에 따라 그 재산이 국가에 귀속되었음을 전제로 하는 민사소송도 허용될 수 없다는 취지로 해석한다. 즉 다수의견은 이 사건 부칙조항 단서에 따라 국가귀속결정 ‘대상재산’의 소유권 귀속에 관하여 개정 친일재산귀속법이 적용되지 않는다는 것이다. 그러나 이는 이 사건 부칙조항 문언의 가능한 해석의 한계를 넘는 논리적 비약일 뿐만 아니라 국가귀속결정에 소유권 귀속의 창설적 효력을 부여하는 결과를 가져온다. 친일재산의 국가귀속은 위원회의 국가귀속결정으로 이루어지는 것이 아니라 입법자가 결단한 친일재산귀속법의 시행으로 이루어지는 것임은 앞서 본 바와 같이 명백하고, 친일재산조사위원회의 국가귀속결정이 있었는지 여부에 관계없이 국가는 민사소송을 통해서 친일재산을 반환받을 수 있다. 그러나 다수의견에 따르면 이 사건 부칙조항 단서를 근거로 확정판결에 따라 종전 국가귀속결정을 개정 친일재산귀속법에 따른 국가귀속결정으로 볼 수 없게 되는 것에서 나아가 친일재산 국가귀속의 소급효에 따른 민사소송까지 제한하게 되므로, 이는 결국 친일재산의 국가귀속이 이루어지려면 친일재산조사위원회의 국가귀속결정이 있어야만 한다는 논리가 내재되어 있다고 볼 수밖에 없다. 이러한 다수의견은 친일재산의 국가귀속이 친일재산귀속법에서 정한 바에 따라 이루어지는 것으로서 민법 제187조에서 규정된 법률 규정에 의한 물권변동임을 명시한 대법원 판례의 법리와도 어긋난다. 개정 친일재산귀속법의 적용 범위에 관한 경과규정에 불과한 이 사건 부칙조항을 친일재산에 관한 국가귀속의 기준이 되는 조항으로 보는 것은 논리적 비약일 뿐 아니라 정당한 해석 방법이 아니다. 3) 이 사건 부","국가귀속결정을 대상으로 한 것일 뿐, 친일재산의 소유권 귀속과는 아무런 관련이 없음을 확인한 것이다. 다. 이 사건 부칙조항의 문언해석에 관하여 1) 이 사건 부칙조항 본문은 ""위원회가 종전의 제2조 제1호에 따라 친일반민족행위자로 결정한 경우에는 제2조 제1호의 개정규정에 따라 결정한 것으로 본다.",미검수,,,,candidates_prec_부당이득금.csv
법제처 OPEN API/prec,599849,2019다255416,소유권이전등기,https://www.law.go.kr/DRF/lawService.do?OC=test&target=prec&ID=599849&type=HTML,(조 번호 미표기),(판단 불명확),판단 불명확,,,,"친일반민족행위자로 결정한 경우에는 제2조 제1호의 개정규정에 따라 결정한 것으로 본다.""라고 규정한다. 이는 ‘친일재산조사위원회가 종전의 친일재산귀속법 제2조 제1호에 따라 친일재산의 국가귀속결정을 한 경우 그러한 결정을 개정 친일재산귀속법 제2조 제1호에 따른 결정으로 간주한다.’는 의미로서 그 대상은 친일재산조사위원회의 국가귀속결정으로 해석된다. 한편 이 사건 부칙조항 단서는 ""확정판결에 따라 이 법의 적용대상이 아닌 것으로 확정된 경우에는 그러하지 아니하다.""라고 규정한다. 일반적으로 본문과 단서로 구성된 조항에서 본문은 원칙을, 단서는 예외를 규정하므로, 단서는 당연히 본문을 전제로 한다(대법원 2016. 6. 9. 선고 2015다78536 판결 참조). 그렇다면 이 사건 부칙조항 단서는 ‘친일재산조사위원회가 종전의 친일재산귀속법 제2조 제1호에 따라서 한 국가귀속결정이 확정판결로 이 법의 적용대상이 아닌 것으로 확정된 경우에는 친일재산조사위원회의 국가귀속결정을 개정 친일재산귀속법 제2조 제1호에 따른 결정으로 보지 않는다.’는 의미로 해석함이 자연스럽다. 이와 같이 이 사건 부칙조항의 본문과 단서는 친일재산조사위원회의 국가귀속결정을 개정 친일재산귀속법 제2조 제1호에 따른 국가귀속결정으로 인정할 것인지에 관한 원칙과 예외를 규정하고 있을 뿐이고, 친일재산이 실체법적으로 국가에 귀속되는지 여부와는 무관한 조항이다. 이를 실체법적으로 친일재산의 국가귀속 여부를 정하는 조항으로 해석하는 것은 이 사건 부칙조항의 문언에 명백히 반한다. 2) 다수의견은 이 사건 부칙조항 단서에 대하여 특정한 재산을 구 친일재산귀속법의 적용대상에서 제외한다는 취지의 판결이 확정된 경우에 개정 친일재산귀속법의 적용에 따라 그 재산이 국가에 귀속되었음을 전제로 하는 민사소송도 허용될 수 없다는 취지로 해석한다. 즉 다수의견은 이 사건 부칙조항 단서에 따라 국가귀속결정 ‘대상재산’의 소유권 귀속에 관하여 개정 친일재산귀속법이 적용되지 않는다는 것이다. 그러나 이는 이 사건 부칙조항 문언의 가능한 해석의 한계를 넘는 논리적 비약일 뿐만 아니라 국가귀속결정에 소유권 귀속의 창설적 효력을 부여하는 결과를 가져온다. 친일재산의 국가귀속은 위원회의 국가귀속결정으로 이루어지는 것이 아니라 입법자가 결단한 친일재산귀속법의 시행으로 이루어지는 것임은 앞서 본 바와 같이 명백하고, 친일재산조사위원회의 국가귀속결정이 있었는지 여부에 관계없이 국가는 민사소송을 통해서 친일재산을 반환받을 수 있다. 그러나 다수의견에 따르면 이 사건 부칙조항 단서를 근거로 확정판결에 따라 종전 국가귀속결정을 개정 친일재산귀속법에 따른 국가귀속결정으로 볼 수 없게 되는 것에서 나아가 친일재산 국가귀속의 소급효에 따른 민사소송까지 제한하게 되므로, 이는 결국 친일재산의 국가귀속이 이루어지려면 친일재산조사위원회의 국가귀속결정이 있어야만 한다는 논리가 내재되어 있다고 볼 수밖에 없다. 이러한 다수의견은 친일재산의 국가귀속이 친일재산귀속법에서 정한 바에 따라 이루어지는 것으로서 민법 제187조에서 규정된 법률 규정에 의한 물권변동임을 명시한 대법원 판례의 법리와도 어긋난다. 개정 친일재산귀속법의 적용 범위에 관한 경과규정에 불과한 이 사건 부칙조항을 친일재산에 관한 국가귀속의 기준이 되는 조항으로 보는 것은 논리적 비약일 뿐 아니라 정당한 해석 방법이 아니다. 3) 이 사건 부칙조항 본문은 ‘친일재산조사위원회의 국가귀속결정’에 대한 구 친일재산귀속법과 개정 친일재산귀속법의 적용 범위에 관한 기준을 정하는 경과규정이고, 이 사건 부칙조항 단서는 그 예외규정이다. 이 사건 부칙조항의 본문과 단서는 구 친일재산귀속법을 적용하여 한 친일재산조사위원회의 국가귀속결정이 개정 친일재산귀속법에 따른 국가귀속결정에 해당하는지 여부로 적용 범위가 한정된다. 그런데 다수","단서는 ""확정판결에 따라 이 법의 적용대상이 아닌 것으로 확정된 경우에는 그러하지 아니하다.",미검수,,,,candidates_prec_부당이득금.csv
법제처 OPEN API/prec,599849,2019다255416,소유권이전등기,https://www.law.go.kr/DRF/lawService.do?OC=test&target=prec&ID=599849&type=HTML,(조 번호 미표기),(판단 불명확),판단 불명확,,,,"귀속이 친일재산귀속법에서 정한 바에 따라 이루어지는 것으로서 민법 제187조에서 규정된 법률 규정에 의한 물권변동임을 명시한 대법원 판례의 법리와도 어긋난다. 개정 친일재산귀속법의 적용 범위에 관한 경과규정에 불과한 이 사건 부칙조항을 친일재산에 관한 국가귀속의 기준이 되는 조항으로 보는 것은 논리적 비약일 뿐 아니라 정당한 해석 방법이 아니다. 3) 이 사건 부칙조항 본문은 ‘친일재산조사위원회의 국가귀속결정’에 대한 구 친일재산귀속법과 개정 친일재산귀속법의 적용 범위에 관한 기준을 정하는 경과규정이고, 이 사건 부칙조항 단서는 그 예외규정이다. 이 사건 부칙조항의 본문과 단서는 구 친일재산귀속법을 적용하여 한 친일재산조사위원회의 국가귀속결정이 개정 친일재산귀속법에 따른 국가귀속결정에 해당하는지 여부로 적용 범위가 한정된다. 그런데 다수의견은 이 사건 부칙조항 단서가 ‘친일재산조사위원회의 국가귀속결정’에 대한 개정 친일재산귀속법 적용 여부에 관한 규정이 아니라 친일재산에 대한 개정 친일재산귀속법의 적용을 배제하는 규정이라고 하면서 친일재산의 소유권 귀속을 기초로 한 소유권이전등기청구, 부당이득반환청구 등의 민사소송까지 허용될 수 없다고 해석한다. 이처럼 이 사건 부칙조항 단서가 친일재산의 국가귀속 여부까지 규정하고 있다고 해석하는 것은 꼬리가 몸통을 흔드는 격으로서 경과규정에 불과한 이 사건 부칙조항의 문언과 체계에 어긋남이 분명하다. 나아가 이 사건 부칙조항 단서가 개정 친일재산귀속법에 따른 소유권 귀속의 범위를 축소할 근거가 될 수는 없다. 이 사건 부칙조항 단서는 구 친일재산귀속법 제2조 제1호에 따른 국가귀속결정이 확정판결로 취소된 경우에 이를 개정 친일재산귀속법 제2조 제1호를 적용한 적법한 결정으로 되살리거나 개정 친일재산귀속법을 기준으로 그 위법성을 새로 판단할 수 없다는 원칙을 확인한 것에 그치는 것이다. 만약 확정판결로 취소된 국가귀속결정에 대해서까지 개정 친일재산귀속법을 적용하여 적법한 결정으로 본다면, 이는 확정판결에 반할 수 있으므로 이 사건 부칙조항 단서는 확정판결의 기판력에 저촉되거나 확정판결의 내용 자체를 뒤집는 입법을 제한하겠다는 취지로 보아야 하고, 실체법적으로 국가에 대한 친일재산의 소유권 귀속은 이 사건 부칙조항과 무관하게 개정 친일재산귀속법의 소급적용에 따르는 것이 문언에 충실한 해석이다. 따라서 이 사건 부칙조항 단서가 개정 친일재산귀속법에 따라 국가에 귀속된 친일재산에 관하여 그 소유권 반환 등을 구하는 민사소송에까지 개정 친일재산귀속법의 적용을 배제하는 법적 근거가 된다고 볼 수 없다. 라. 이 사건 부칙조항에 대한 입법자의 진정한 의도가 과연 무엇인가 1) 친일재산귀속법은 2005. 12. 29. 일제의 식민통치에 협력하고 우리 민족을 탄압한 반민족행위자가 그 당시 친일반민족행위로 축재한 재산을 국가에 귀속시킴으로써 정의를 구현하고 민족의 정기를 바로 세우며 일제에 저항한 3·1운동의 헌법이념을 구현함을 목적으로 제정되었다(친일재산귀속법 제1조). 그런데 소외인이 일제로부터 받은 후작 작위가 ‘한일합병의 공으로’ 받은 것이라고 보기 어렵다는 이유로 국가귀속결정을 취소하는 이 사건 확정판결이 2010. 11. 2. 확정된 이후 친일재산귀속법의 개정법률안이 2011. 2. 28. 발의되었다. 개정법률안은 ‘이 사건 확정판결에 대하여 문맥상 해석에 치우친 판결이라 많은 논란의 여지가 있었고, 논란이 되고 있는 작위와 관련한 사항을 준거 법률인 반민족규명법이 아니라 원법인 친일재산귀속법에서 분명히 규정하고, 친일재산조사위원회가 이미 해체된 상태이므로 개정규정에 관한 조사를 법무부장관이 수행하게 한다.’는 취지의 내용을 제안 이유로 삼고 있었다. 이에 따른 개정법률안의 내용은 다음과 같다. ‘재산이 국가에 귀속되는 대상인 친일반민족행위자’의 정의 중 반민족규명법 제2조 제7호 ‘한일합병의 공으로 작위를 받거나 이를 계승한 행위’에 귀속 규정된 부분을 삭제하고, 독립된 조항으로 ‘친일반민족행위진상규명위원회가 결정한 친일반민족행위자 중 일제로부터 작위를 받거나 이를 계승한 자’를 신설","친일재산조사위원회의 국가귀속결정’에 대한 구 친일재산귀속법과 개정 친일재산귀속법의 적용 범위에 관한 기준을 정하는 경과규정이고, 이 사건 부칙조항 단서는 그 예외규정이다. 이 사건 부칙조항의 본문과 단서는 구 친일재산귀속법을 적용하여 한 친일재산조사위원회의 국가귀속결정이 개정 친일재산귀속법에 따른 국가귀속결정에 해당하는지 여부로 적용 범위가 한정된다. 그런데 다수의견은 이 사건 부칙조항 단서가",미검수,,,,candidates_prec_부당이득금.csv
법제처 OPEN API/prec,599849,2019다255416,소유권이전등기,https://www.law.go.kr/DRF/lawService.do?OC=test&target=prec&ID=599849&type=HTML,(조 번호 미표기),(판단 불명확),판단 불명확,,,,"귀속시킴으로써 정의를 구현하고 민족의 정기를 바로 세우며 일제에 저항한 3·1운동의 헌법이념을 구현하고자 하는 친일재산귀속법의 입법 취지와 입법 목적에 부합한다고 할 것인가. 부칙조항을 포함한 법률의 해석은 법 문언 그 자체에서 출발하여야 한다. 입법자의 의도가 무엇인지 불분명한 상황에서 입법자의 의도를 추론하여 논리적 비약을 시도하여서는 아니 된다. 이 사건 부칙조항 단서의 문언에 따를 때 그 적용대상이 ‘친일재산조사위원회의 국가귀속결정’으로 한정하여 해석되는 이상, 법원은 법 문언에 맞는 해석을 하여야 하고, 다수의견처럼 입법자의 의도가 개정 친일재산귀속법에 따른 국가의 실체법적인 소유권 행사까지 배제하는 취지라고 막연히 추단할 것이 아니다. 마. 이 사건 부칙조항의 해석과 헌법적 정당성에 관하여 1) 친일재산귀속법이 목적으로 하는 헌법적 가치는 명확하다. 일제의 잔재를 청산하고 대한민국의 정통성을 확보하여 국가적 기틀을 공고히 하는 것은 임시정부의 대한민국 건국강령, 제헌 헌법 부칙 제101조 및 현행 헌법 전문의 내용과 입법 정신에 발현된 헌법제정권자의 강력한 의지라고 할 수 있다. 친일재산귀속법의 제정은 이러한 헌법제정권자의 강력한 의지를 구체화한 것으로 헌법에 내재된 기본이념에 부합한다. 대법원과 헌법재판소도 수차례에 걸쳐 ‘친일재산은 취득·증여 등 원인행위 시에 국가의 소유로 한다.’고 규정한 친일재산귀속법 제3조 제1항 등이 진정소급입법에 해당하나 헌법 제11조 제1항에서 정한 평등권, 헌법 제13조 제2항에서 정한 소급입법금지 원칙, 헌법 제37조 제2항에서 정한 과잉금지 원칙, 헌법 제23조에서 정한 재산권보장 원칙 등에 반하여 위헌이라고 볼 수 없음을 반복적으로 확인하였다(대법원 2011. 5. 13. 선고 2009다26831 등 판결, 대법원 2012. 2. 23. 선고 2010두17557 판결, 헌법재판소 2011. 3. 31. 선고 2008헌바141 등 전원재판부 결정 등 참조). 나아가 대법원과 헌법재판소는 재산이 국가에 귀속되는 친일반민족행위자 요건에서 ‘한일합병의 공으로’ 부분을 삭제한 개정 친일재산귀속법 제2조 제1호 (나)목과 구 친일재산귀속법 제2조 제1호에 따른 국가귀속결정을 개정 친일재산귀속법 제2조 제1호에 따라 이루어진 것으로 보도록 한 이 사건 부칙조항 본문에 대하여도 다시 한번 소급입법금지 원칙, 신뢰보호 원칙, 과잉금지 원칙, 적법절차 원칙 등에 반하여 위헌이라고 볼 수 없다고 판단하였다(대법원 2016. 11. 9. 선고 2014두3228 판결, 대법원 2016. 12. 27. 선고 2015다13997 판결, 헌법재판소 2013. 7. 25. 선고 2012헌가1 전원재판부 결정, 헌법재판소 2018. 4. 26. 선고 2016헌바454 전원재판부 결정 등 참조). 2) 이처럼 친일재산귀속법이 구현하려는 헌법적 가치를 고려하면, 이 사건 부칙조항 단서를 ‘친일재산조사위원회의 국가귀속결정’으로 한정하여 해석함으로써 친일재산에 관하여 종전 국가귀속결정을 취소하는 확정판결이 있더라도 개정 친일재산귀속법의 시행으로 국가가 당연히 소유권을 취득하고 이에 대한 민사상 권리행사를 할 수 있다고 보는 것이 헌법합치적 해석에 보다 부합한다. 오히려 헌법합치적 해석이라는 이름 아래 이 사건 부칙조항 단서에 대한 피상적인 이해를 근거로 그 문언이 갖는 일반적인 의미를 뛰어넘는 논리적 비약을 하거나 개정 친일재산귀속법의 적용 범위를 의도적으로 축소 해석하는 것을 경계하여야 한다. 3) 다수의견은 이 사건 부칙조항 단서를 구 친일재산귀속법의 적용대상이 아닌 것으로 확정판결이 내려진 재산에 대하여는 개정 친일재산귀속법이 적용되지 않는다는 의미로 해석하여야 헌법에 합치한다고 본다. 이 사건 확정판결이 행정행위로서의 국가귀속결정을 취소하는 판결에 불과하고 이 사건 부칙조항 단서가 친일재산의 소유권 귀속 여부를 판단하는 기준이 될 수는 없으므로 국가가 여전히 민사소송으로 친일재산을 환수할 수 있다는 해석은 이 사건 부칙조항 단서가 추구하는 헌법상 소급입법금지 원칙 및 확정판결 존중 등 법적 안정성","으로 한정하여 해석되는 이상, 법원은 법 문언에 맞는 해석을 하여야 하고, 다수의견처럼 입법자의 의도가 개정 친일재산귀속법에 따른 국가의 실체법적인 소유권 행사까지 배제하는 취지라고 막연히 추단할 것이 아니다. 마. 이 사건 부칙조항의 해석과 헌법적 정당성에 관하여 1) 친일재산귀속법이 목적으로 하는 헌법적 가치는 명확하다. 일제의 잔재를 청산하고 대한민국의 정통성을 확보하여 국가적 기틀을 공고히 하는 것은 임시정부의 대한민국 건국강령, 제헌 헌법 부칙 제101조 및 현행 헌법 전문의 내용과 입법 정신에 발현된 헌법제정권자의 강력한 의지라고 할 수 있다. 친일재산귀속법의 제정은 이러한 헌법제정권자의 강력한 의지를 구체화한 것으로 헌법에 내재된 기본이념에 부합한다. 대법원과 헌법재판소도 수차례에 걸쳐",미검수,,,,candidates_prec_부당이득금.csv
법제처 OPEN API/prec,599849,2019다255416,소유권이전등기,https://www.law.go.kr/DRF/lawService.do?OC=test&target=prec&ID=599849&type=HTML,(조 번호 미표기),(판단 불명확),판단 불명확,,,," 좋겠다.’는 메시지가 함축되어 있다고 해석하는 방법이다. 보통은 두 번째 방법으로 해석할 것이다. 법 해석도 마찬가지다. 문언 그 자체를 있는 그대로 읽는 것만으로 해석이 완료되는 경우도 있다. 하지만 그 문언이 함축하거나 전제하는 바도 함께 고려해야 비로소 최선의 해석이 되는 경우도 있다. 이 사건 부칙조항의 해석이 그러해야 한다. 2) 반대의견은 이 사건 부칙조항은 그 문언에 비추어 ‘국가귀속결정 의제’에 관한 조항, 그 이상도 이하도 아니라고 한다. 다수의견도 이 사건 부칙조항이 1차적으로는 ‘국가귀속결정 의제’에 관한 조항이라는 점에 동의한다. 하지만 이 사건 부칙조항의 의미는 여기에 그치지 않는다. 이 사건 부칙조항은 ‘국가귀속결정 의제’에 관한 문언을 매개체로 삼아 2차적으로 ‘개정규정의 적용 여부와 범위’에 관한 내용도 함축하거나 전제하고 있다. 입법자가 왜 국가귀속결정 의제에 관한 문언을 통하여 위와 같은 두 가지 의미를 한꺼번에 전달하고자 하였는지를 추론하려면 문언 작성자인 입법자의 관점으로 되돌아가 입법적 발화의 맥락을 살펴볼 필요가 있다. 3) 이 사건 부칙조항의 입법자는 ① 실체적으로는, 개정규정의 적용을 통하여 이 사건 토지와 같은 유형의 재산이 친일재산으로 편입되고, ② 절차적으로는, 친일재산 국가귀속에는 원칙적으로 국가귀속결정이 수반되어야 한다고 관념하였던 것으로 보인다. 이러한 관념에 따르면, 문언상 개정규정의 적용 여부만을 규정한다면 ①에 관한 규율은 제공되지만 ②에 관한 규율에는 공백이 생기게 된다. 반면 개정규정에 따른 특정 재산의 국가귀속결정 또는 그 의제는 그 재산에 개정규정이 적용된다는 점을 당연히 전제하므로, 문언상 국가귀속결정 또는 그 의제에 관하여 규정함으로써 ②에 관한 명시적 규율뿐만 아니라 ①에 관한 묵시적 규율도 함께 제공할 수 있다. 이 사건 부칙조항의 입법자도 국가귀속결정 의제 여부에 관한 규율을 통해 여기에 논리적으로 결부된 개정규정 적용 문제도 한꺼번에 함축적으로 규율하고자 했다고 볼 여지가 충분하다. 그렇게 보는 것이 입법 경과에 비추어 자연스럽고, 이 사건 부칙조항 문언에 대한 합리적 설명을 가능하게 해 준다. 4) 친일재산의 국가귀속을 위해서는 원칙적으로 국가귀속결정절차를 밟아야 한다는 입법자의 관념이 친일재산의 국가귀속이 법률에 의한 물권변동이라는 판례와 양립할 수 없는 것도 아니다. 실체법상 물권변동의 원인이 무엇인가의 문제와 그 물권변동에 앞서 어떠한 절차를 거쳐야 하는가의 문제는 구별될 수 있다. 친일재산의 국가귀속이 실체법에 기하여 발생하므로 국가귀속결정은 확인적 의미를 가질 뿐이라고 하더라도, 위와 같은 물권변동(이는 보상 없는 수용의 실질을 가진다)을 절차적 측면에서 정당화하기 위해 국가귀속결정절차라는 확인적 절차를 거친 후에 해당 재산이 실체법에 의해 국가에 소급적으로 귀속된다고 관념하는 것도 가능하다. 이에 따르면 국가귀속결정절차를 밟지 않은 채 처음부터 민사소송으로 친일재산을 국가에 귀속시키는 방법은 친일재산귀속법이 본래 예정한 방법이 아니다. 그 이론적 당부에 대해서는 여러 입장이 있을 수 있으나, 이 사건 부칙조항 문언의 맥락과 배경을 탐구하는 국면에서 중요한 것은 입법자가 어떠한 관념에 입각하여 문언을 작성하였는가이지 그 관념의 이론적 완결성이 아니다. 한편 아래와 같은 사정에 비추어 보면 입법자는 실제로 위와 같은 관념에 기하여 이 사건 부칙조항 문언을 만들었을 가능성이 크다. 5) 친일재산귀속법은 국가귀속결정을 위한 친일재산조사위원회의 구성과 운영, 국가귀속결정을 위한 조사 및 이에 대한 불복절차 등 대부분 국가귀속결정에 관련된 조항들로 구성되어 있다. 또한 국가귀속결정절차를 주재하는 친일재산조사위원회는 대통령 소속의 독립된 행정기관으로서 위원장(장관급) 1명, 상임위원(차관급) 2명을 비롯하여 직무상 독립과","국가귀속결정 의제’에 관한 조항, 그 이상도 이하도 아니라고 한다. 다수의견도 이 사건 부칙조항이 1차적으로는",미검수,,,,candidates_prec_부당이득금.csv
법제처 OPEN API/prec,599849,2019다255416,소유권이전등기,https://www.law.go.kr/DRF/lawService.do?OC=test&target=prec&ID=599849&type=HTML,(조 번호 미표기),(판단 불명확),판단 불명확,,,," 없이 추론한 나머지 헌법의 진정한 가치를 외면하고 있다. 이하 이 부분에 관한 두 가지 쟁점을 중심으로 반대의견을 보충하고자 한다. 가. ‘친일재산 소유권 귀속’의 법리와 ‘확정판결’의 의미 이 사건 토지는 개정 친일재산귀속법에서 정한 친일재산이므로 개정 친일재산귀속법의 시행에 따라 그 취득·증여 등 원인행위 시에 소급하여 국가의 소유로 귀속된다. 이 사건 부칙조항 본문과 단서는 친일재산조사위원회의 ‘국가귀속결정’에 관한 경과조치를 정하는 규정에 불과할 뿐, 개정 친일재산귀속법의 적용대상이나 적용 범위에 대해 규정하거나 친일재산의 소유권 귀속 여부를 결정하는 규정으로 해석할 수 없다. 그럼에도 다수의견은 친일재산의 소유권 귀속에 관한 문제와 이 사건 부칙조항 단서에서 정한 ‘확정판결’의 의미를 혼동하고 있다. 먼저 이 사건 부칙조항 본문에 따라 친일재산조사위원회가 구 친일재산귀속법 제2조 제1호에 따라 행한 국가귀속결정은 개정 친일재산귀속법 제2조 제1호에 따라 이루어진 것으로 의제되므로, 구법에 따른 국가귀속결정의 적법 여부를 판단하는 기준이 개정 친일재산귀속법 제2조 제1호로 변경되는 결과를 가져오게 된다. 그런데 이 사건 부칙조항 단서에 따르면 확정판결에 따라 이 법의 적용대상이 아닌 것으로 확정된 경우에는 ‘그러하지 아니’하므로, 구법에 따른 국가귀속결정의 적법 여부는 여전히 구 친일재산귀속법 제2조 제1호에 따라 판단하게 된다. 이 사건 부칙조항의 본문과 단서 어디에도 구 친일재산귀속법 제2조 제1호에 따른 국가귀속결정에 대한 확정판결이 있는 경우 친일재산의 소유권 귀속 여부의 판단에 개정 친일재산귀속법 제2조 제1호를 적용하지 않는다는 의미로 해석할 수 있는 문언은 찾기 어렵다. 다수의견은 이 사건 부칙조항 단서의 입법 경위 등에 비추어 특정 재산에 관한 국가귀속결정을 취소하는 판결이 확정되었다면 그 대상재산은 개정 친일재산귀속법의 시행에도 불구하고 더 이상 국가에 귀속시키지 않는다는 것이 입법자의 의도라고 단정하고 있다. 그러나 다수의견이 들고 있는 사정이 이 사건 부칙조항 단서에 다수의견이 전제하는 입법자의 의도가 함축되어 있다고 해석할 충분한 근거가 된다고 볼 수는 없다. 오히려 2011. 4. 19. 법안심사제1소위원회에서 진행된 친일재산귀속법 개정법률안에 대한 법안심사 과정에서는 ‘종전 국가귀속결정을 취소한 확정판결’과의 저촉 또는 충돌 문제만을 염려하였을 뿐, 그 대상재산에 대하여 개정규정을 적용할 수 있는지가 논의되지 않았다. 이 사건 부칙조항 초안을 마련한 법제사법위원회 전문위원의 검토보고서에도 국가귀속결정을 취소한 대상재산에 대하여 개정규정을 적용하여 민사소송을 통한 국가귀속이 가능한지 여부에 대한 검토는 전혀 보이지 않는다. 입법 자료의 어느 대목에서도 확정판결로 취소된 국가귀속결정의 ‘대상재산’에 대하여 개정 친일재산귀속법에 따른 국가귀속 규정을 적용하지 않겠다는 입법자의 의사는 확인되지 아니한다. 대법원과 헌법재판소는 친일재산이 친일재산귀속법의 시행에 따라 그 취득·증여 등 원인행위 시에 소급하여 당연히 국가의 소유로 되는 것이고, 친일재산조사위원회가 국가귀속결정 등을 하여야만 비로소 국가의 소유로 되는 것이 아니라고 여러 차례 판단하여 왔다(대법원 2008. 11. 13. 선고 2008두13491 판결, 대법원 2016. 11. 9. 선고 2014두3228 판결 및 헌법재판소 2018. 4. 26. 선고 2016헌바454 전원재판부 결정 등 참조). 그런데 다수의견과 같이 구 친일재산귀속법에 따른 국가귀속결정을 취소하는 확정판결이 있는 경우 그 대상재산에는 개정 친일재산귀속법이 적용되지 않는다고 해석한다면 친일재산의 국가귀속을 위해서는 국가귀속결정이 있어야만 한다는 결론에 이르게 되어 위 확립된 판례의 취지에 명백히 어긋나게 된다. 다수의견이 들고 있는 대법원 2016. 11. 9. 선고 2014두3228 판결은 ‘특정한 재산’에 대한 국가귀속결정을 취소하는 판결이 확정되었더라도 ‘다른 재산’에 관한 국가귀속결정에 관하여는 이 사건 부","국가귀속결정’에 관한 경과조치를 정하는 규정에 불과할 뿐, 개정 친일재산귀속법의 적용대상이나 적용 범위에 대해 규정하거나 친일재산의 소유권 귀속 여부를 결정하는 규정으로 해석할 수 없다. 그럼에도 다수의견은 친일재산의 소유권 귀속에 관한 문제와 이 사건 부칙조항 단서에서 정한",미검수,,,,candidates_prec_부당이득금.csv
법제처 OPEN API/prec,618569,2024가합22393,부당이득금·손해배상등,https://www.law.go.kr/DRF/lawService.do?OC=test&target=prec&ID=618569&type=HTML,제23조,,판례 인용,,,,"어 이 사건 이용약관 제23조 중 이 사건과 관련된 주요규정에 관하여 살피건대, 아래와 같은 사실 내지 사정을 고려하면, 위 규정들이 신의성실의 원칙에 반하여 공정을 잃은 약관에 해당한다고 볼 수는 없다. (1) 이 사건 이용약관 제23조 제2항 (l)은 ""기타 원고의 단독 재량으로 계정, 플랫폼 또는 약관의 해지 또는 정지가 필요하다고 판단하는 경우""로 해석되므로, 문언에 의하면 가상자산 거래소인 원고에게 별다른 제한 없이 거래소 이용자들의 이용을 제한할 수 있는 무분별한 재량을 부과하는 것으로서, 일응 약관법 제6조 제2항 제1호에 위반되는 것으로 해석될 여지가 있다. 그러나 위 조항은 원고가 이용자들에게 이용제한을 가할 수 있는 구체적인 사유를 규정하고 있는 이 사건 이용약관 제23조 제2항 각 ","기타 원고의 단독 재량으로 계정, 플랫폼 또는 약관의 해지 또는 정지가 필요하다고 판단하는 경우",미검수,,,,candidates_prec_불공정약관.csv
법제처 OPEN API/prec,618569,2024가합22393,부당이득금·손해배상등,https://www.law.go.kr/DRF/lawService.do?OC=test&target=prec&ID=618569&type=HTML,제23조,,판례 인용,,,,"고가 판단할 때, 제23조 제2항 각 호 사유에 해당하지 않으나 이에 준하는 사유라고 봄이 상당한 경우를 의미한다고 해석함이 상당하며, 위와 같이 해석하는 경우 이용자에게 부당하게 불리하다고 볼 수 없다. (2) 이 사건 이용약관 제23조 제2항 (c)는 ""원고는 이용자가 보유한 가상자산이 범죄 수익 또는 위법하게 소유하였다는 점을 알거나 의심하는 경우""로 해석되고, 제23조 제2항 (f)는 ""원고가 독단적으로 판단하기에 이용자의 행위가 이용자, 플랫폼, 플랫폼의 다른 이용자에게 법적 책임을 유발할 수 있는 때""로 해석된다. 위 조항들은 위 규정에서 정한 사유의 발생 여부에 관한 판단 주체를 원고로 정하여 이용자들에게 다소 불이익한 측면이 있다. 그러나 ① 24시간 온라인 디지털 시장에서 국제적으로 거래",원고는 이용자가 보유한 가상자산이 범죄 수익 또는 위법하게 소유하였다는 점을 알거나 의심하는 경우,미검수,,,,candidates_prec_불공정약관.csv
법제처 OPEN API/prec,605033,2024다215375,손해배상(기)등·손해배상(기)[해외 파생상품시장거래에서 투자중개업자의 장중 반대매매를 정한 약관 조항의 효력과 적용 범위 및 투자중개업자의 선관주의의무 위반 여부 등이 문제된 사건],https://www.law.go.kr/DRF/lawService.do?OC=test&target=prec&ID=605033&type=HTML,제14조,,판례 인용,,,,"사건 약관’이라 한다)에 의한 계좌설정계약을 체결하고 이 사건 계좌를 개설하였다. 원고는 피고 △△△자산운용에 「해외 파생상품 거래 위험고지서 및 거래설명서」(이하 ‘이 사건 설명서’라 한다)를 교부하였다. 다. 이 사건 약관 제14조 제1항은 고객의 귀책사유나 원고에게 책임이 없는 불가피한 사유가 있는 경우 외에는 고객이 위탁증거금의 추가예탁요구를 통보받고도 지정된 기한 내에 이행하지 아니한 경우에 미결제약정의 반대매매를 하도록 정하였다. 같은 조 제2항은 ""회사(원고)는 제1항에도 불구하고 장중에 시세의 급격한 변동 등으로 인하여 고객의 평가위탁총액이 위탁증거금의 20%보다 낮은 경우에는 위탁증거금의 추가 예탁을 요구하지 아니하고 필요한 수량만큼 미결제약정을 반대매매하고 예탁한 대용증권을 처분할 수 있다.""라고 정하고 있다(이하 이 사건 약관 제14조 제2항을 ‘이 사건 약관 조항’이라 한다). 라. 피고 △△△자산운용은 고유재산 및 이 사건 펀드의 투자신탁재산을 주로 오사카 증권거래소의 장내 파생상품인 ‘Nikkei 225 Index’(이하 ‘니케이 지수’라 한다)의 풋옵션(이하 ‘니케이 풋옵션’이라 한다)에 투자하였다. 니케이 지수는 2020. 2. ","은 고객의 귀책사유나 원고에게 책임이 없는 불가피한 사유가 있는 경우 외에는 고객이 위탁증거금의 추가예탁요구를 통보받고도 지정된 기한 내에 이행하지 아니한 경우에 미결제약정의 반대매매를 하도록 정하였다. 같은 조 제2항은 ""회사(원고)는 제1항에도 불구하고 장중에 시세의 급격한 변동 등으로 인하여 고객의 평가위탁총액이 위탁증거금의 20%보다 낮은 경우에는 위탁증거금의 추가 예탁을 요구하지 아니하고 필요한 수량만큼 미결제약정을 반대매매하고 예탁한 대용증권을 처분할 수 있다.""",미검수,,,,candidates_prec_불공정약관.csv
법제처 OPEN API/prec,605033,2024다215375,손해배상(기)등·손해배상(기)[해외 파생상품시장거래에서 투자중개업자의 장중 반대매매를 정한 약관 조항의 효력과 적용 범위 및 투자중개업자의 선관주의의무 위반 여부 등이 문제된 사건],https://www.law.go.kr/DRF/lawService.do?OC=test&target=prec&ID=605033&type=HTML,제12조,,판례 인용,,,,"(해외)선물’ 추가증거금이라는 용어를 사용하였지만, 그 예탁은 파생상품 중 ‘협의의 선물’ 거래에 한정되는 것이 아니라 ‘옵션’을 포함한 해외 파생상품 전반을 대상으로 한 거래를 하기 위해 이행되어야 하는 것이다. 이 사건 약관 제12조는 투자자가 일정 시한까지 결제대금을 납입할 의무를 부담하도록 정하였는데, 그 약관의 별첨 제3항에서도 ‘(해외)선물’ 결제대금 납입시한이라고 정하였지만, 이 역시 파생상품 중 ‘협의의 선물’ 거래뿐 아니라 ‘옵션’을 포함한 파생상품 전반에 관한 거래에서 결제대금을 납입할 의무를 부담한다는 의미이다. 만약 이 사건 약관에서 사용한 ‘(해외)선물’이라는 용어가 파생상품 중 ‘협의의 선물’만 가리키는 것으로 해석한다면, 파생상품 중 ‘협의의 선물’뿐 아니라 ‘옵션’을 포함하여 파생상품 전반에 관한 매매의 위탁","는 투자자가 일정 시한까지 결제대금을 납입할 의무를 부담하도록 정하였는데, 그 약관의 별첨 제3항에서도 ‘(해외)선물’ 결제대금 납입시한이",미검수,,,,candidates_prec_불공정약관.csv
법제처 OPEN API/prec,612931,2023가합50498,채무부존재확인·수수료반환,https://www.law.go.kr/DRF/lawService.do?OC=test&target=prec&ID=612931&type=HTML,제10조,,판례 인용,,,,"당하므로 그에 관한 설명의무가 인정되지 아니하고, 설령 설명의무가 인정된다고 하더라도 그와 같은 설명의무가 이행되었다고 봄이 타당하다. 따라서 원고들의 이 부분 주장은 이유 없다. ① 원고들과 피고 사이에 체결된 위촉계약서 제10조 제1항에는 ""FC는 본 계약의 체결 시 영업규정을 포함한 회사의 제반 규정, 정책 등을 충분히 숙지하고, 또한 동 규정 및 정책들이 본 계약의 일부가 되어 이를 준수해야 할 책임이 FC에게 있음을 인정한다""라고 정하고 있는데, 통상적으로 피고와 같이 보험계약 모집 업무를 목적으로 하는 회사들이 FC와 체결하는 위촉계약에는 비록 세부적인 내용에 다소 차이가 있기는 하지만 모집한 보험계약이 중도에 해지되는 경우 수수료를 환수하는 내용이 포함된 경우가 일반적이어서 원고들로서는 위와 같이 위촉계약서에 기재된 ‘영업규정을 포함한 회사의 제반 규정’에도 마찬가지로 그와 같은 내용","에는 ""FC는 본 계약의 체결 시 영업규정을 포함한 회사의 제반 규정, 정책 등을 충분히 숙지하고, 또한 동 규정 및 정책들이 본 계약의 일부가 되어 이를 준수해야 할 책임이 FC에게 있음을 인정한다""",미검수,,,,candidates_prec_불공정약관.csv
법제처 OPEN API/prec,612931,2023가합50498,채무부존재확인·수수료반환,https://www.law.go.kr/DRF/lawService.do?OC=test&target=prec&ID=612931&type=HTML,제5조,,판례 인용,,,,"해당한다고 주장하나, 이 사건 위촉계약서 및 피고의 영업제규정을 살펴보더라도 그와 같이 수수료를 ‘유지 수수료’와 ‘모집 수수료’로 구분하여 볼 만한 근거를 찾을 수 없고, 그밖에 이를 인정할 증거가 없다. ③ 이 사건 위촉계약 제5조에서 ‘회사는 FC에게 위촉업무 수행의 대가로 회사에서 정한 규정에 의거 소정의 수수료를 지급한다’라고 정하고 있고, 제4조에서 ‘①회사와 제휴된 보험회사의 상품판매 중개, ②기타 회사가 위탁한 업무’를 위촉업무로 정하고 있다. 위 각 조항을 포함한 이 사건 위촉계약 및 영업제규정의 내용과 보험설계사들이 실제로 수행하는 업무의 내용에 비추어 보면 보험설계사들의 주된 업무는 보험상품 판매 중개 업무로 보이고, 피고도 그로 인하여 각 보험회사로부터 수수료를 지급받아 ",에서 ‘회사는 FC에게 위촉업무 수행의 대가로 회사에서 정한 규정에 의거 소정의 수수료를 지급한다’,미검수,,,,candidates_prec_불공정약관.csv
법제처 OPEN API/prec,223803,2018다248855,손해배상(기)·위약벌,https://www.law.go.kr/DRF/lawService.do?OC=test&target=prec&ID=223803&type=HTML,제10조,,판례 인용,,,," 피고에게 운영주체 및 운영기간 등에 관한 계약 내용의 변경을 요청하였고, 피고가 이를 거절하자 공사 진행을 방해하였다. 피고는 원고의 공사 방해 등 귀책사유를 이유로 이 사건 계약을 해지한다고 통지하였다. 다. 이 사건 계약 제10조는 ""본 계약상의 의무를 이행하지 아니한 회사가 계약 해지를 당한 경우에는 손해액을 손해배상금으로 상대방 회사에 현금으로만 지급하여야 한다.""라고 정하고, 제11조는 ""손해배상금과는 별도로 의무사항에 대하여 불이행 시 별도의 1,000,000,000원을 의무 불이행한 쪽에서 지불하여야 한다.""라고 정하고 있다(이하 ‘이 사건 위약금 약정’이라 한다). 라. 원심은 피고의 계약 해지는 적법하고, 이 사건 위약금 약정은 위약벌에 해당한다고 판단한 다음 이에 대한 원고의 감액 주장을 받아들이지 않았다. 2.","는 ""본 계약상의 의무를 이행하지 아니한 회사가 계약 해지를 당한 경우에는 손해액을 손해배상금으로 상대방 회사에 현금으로만 지급하여야 한다.""",미검수,,,,candidates_prec_불공정약관.csv
법제처 OPEN API/prec,614385,2023다239756,채무부존재확인,https://www.law.go.kr/DRF/lawService.do?OC=test&target=prec&ID=614385&type=HTML,(조 번호 미표기),(판단 불명확),판단 불명확,,,,"소재 토지 등을 개발하는 (사업명 생략)에 관한 협약(이하 ‘이 사건 사업협약’이라고 한다)을 체결하였다. 원고는 이 사건 사업협약에 따라 한국철도공사에 대해 부담하는 협약이행보증금 납부의무를 이행하기 위하여 2007. 12. 21.경 피고와 사이에 보험계약자 원고, 피보험자 한국철도공사, 보험가입금액 51,696,000,000원인 이행보증보험계약(이하 ‘이 사건 보증보험계약’이라고 한다)을 체결하고, 피고로부터 발급받은 이행보증보험증권을 한국철도공사에 제출하였다. 이 사건 보증보험계약은 ‘원고가 본인의 채무 또는 의무를 이행하지 아니함으로써 피고가 보험금을 지급한 때에는 원고는 지급보험금을 곧 변상하고, 지연될 경우에는 지급보험금에 대하여 보험금 지급일 다음 날부터의 지연손해금을 가산하여 변상한다.’라고 정하고 있다. 나. 원고의 신청에 따라 2013. 4. 8. 서울중앙지방법원 2013회합47호로 원고에 대한 회생절차개시결정이 내려졌다(이하 ‘이 사건 회생절차’라고 하고, 회생절차 개시와 종결 전후를 불문하고 모두 ‘원고’라고만 한다). 다. 한국철도공사는 2013. 4. 29.경 원고 등 컨소시엄 구성원들의 채무불이행을 이유로 이 사건 사업협약을 해제한 후 피고에게 이 사건 보증보험계약에서 정한 보험금의 지급을 요청하였다. 라. 피고는 2013. 5. 10. 이 사건 회생절차에서 원고에 대한 미확정 구상채권 73,067,825,506원을 회생채권으로 신고하였는데, 원고의 관리인은 그중 21,371,825,506원을 시인하고, 이 사건 보증보험계약에 의한 51,696,000,000원의 미확정 구상채권(이하 ‘이 사건 회생채권’이라고 한다)에 대하여 이의를 제기하였다. 이에 따라 피고는 2013. 6. 14. 원고의 관리인을 상대로 서울중앙지방법원 2013회확1220호로 이 사건 회생채권이 존재한다는 확인을 구하는 회생채권조사확정재판을 신청하였다. 마. 원고의 회생계획(이하 ‘이 사건 회생계획’이라고 한다)은 2013. 6. 28. 인가되었다. 그에 따르면 원고의 관리인이 시인하였으나 회생절차개시결정 당시에 아직 피고가 보증금을 지급하지 않아 발생하지 않은 피고의 21,371,825,506원의 채권은 ‘미확정 구상채권’으로서 ""원금과 개시 전 이자는, 보증기관이 채무자를 위하여 채무를 대위변제하고 구상채무가 확정될 경우 보증기관이 대위변제 사실과 관련된 증빙서류를 채무자에게 제출한 날로부터 당초 약정서상 명시된 지급기일에 변제하고, 개시 후 이자는 전액을 면제""하는 것으로(제3장 제3절 제3조), 원고의 관리인이 이의를 제기한 이 사건 회생채권은 ‘미확정 회생채권’으로서 ""미확정 채권이 회생담보권 또는 회생채권으로 확정될 경우, 그 권리의 성질 및 내용에 비추어 가장 유사한 회생담보권 또는 회생채권의 권리변경 및 변제방법에 따라 변제""하는 것으로(제3장 제4절 제2조) 각 규정하고, 총칙 부분에서는 ""본 회생계획안에 따른 채무의 변제를 변제기일에 이행하지 못할 경우에는 미변제 금액에 대하여 변제기일 다음 날부터 실제 변제기일까지 연 10%의 이자율을 변제한다.""라고 정하고 있다(제3장 제1절 제7조, 이하 ‘이 사건 지연손해금 조항’이라고 한다). 바. 피고는 2013. 7. 31.경 한국철도공사에 이 사건 보증보험계약에 따른 보험금 51,696,000,000원을 지급하고 이를 원고에게 통지하였다. 사. 원피고 사이의 회생채권조사확정재판에서 2013. 12. 9. 이 사건 사업협약이 적법하게 해제되었음을 인정하기 어렵다는 이유로 ‘피고의 원고에 대한 이 사건 회생채권이 존재하지 아니함을 확인한다.’라는 결정이 내려졌다. 이에 대하여 피고가 회생채권조사확정재판에 대한 이의의 소(이하 ‘이 사건 이의소송’이라고 한다)를 제기하였다. 이 사건 이의소송의 제1심에서 이 사건 사업협약이 적법하","라고 한다)을 체결하고, 피고로부터 발급받은 이행보증보험증권을 한국철도공사에 제출하였다. 이 사건 보증보험계약은",미검수,,,,candidates_prec_손해배상예정.csv
법제처 OPEN API/prec,618189,2023다206091,부담금반환청구의소·정산금,https://www.law.go.kr/DRF/lawService.do?OC=test&target=prec&ID=618189&type=HTML,(조 번호 미표기),(판단 불명확),판단 불명확,,,," 기록에 따르면 다음과 같은 사실을 알 수 있다. 가. 피고(반소원고, 이하 ‘피고’라 한다)는 울산 남구 (이하 생략) 일원을 사업시행구역으로 하여 주택건설사업을 시행하기 위해 설립된 지역주택조합이다. 나. 소외인과 원고(반소피고, 이하 ‘원고’라 한다) 1은 2014년 말경과 2015년 초경 사이에 피고의 전신인 (가칭)○○지역주택조합 추진위원회와 이 사건 조합가입계약을 체결하였고, 원고 2는 소외인으로부터 조합원 지위를 양수하였다. 다. 이 사건 조합가입계약에서는 원고들이 각자 총분담금 2억 1,156만 원을 납입하고 업무용역비 1,000만 원을 별도로 지급해야 하는 것으로 되어 있다. 이에 따라 원고들은 피고에게 각 분담금 합계 51,756,000원을 납입하였고, 각 1,000만 원을 업무용역비로 지급하였다. 라. 이 사건 조합가입계약 제3조는 ""조합원 자격 부적격(상실), 조합원 탈퇴(해지, 해제, 조합사업추진불가) 등의 사유로 조합원 납입금액을 환불 시 계약금은 경비 정산 후 환불되며, 업무용역비는 환불되지 않습니다.""라고 정하였다. 피고 조합 규약 제12조 제4항은 ""탈퇴, 조합원 자격의 상실, 제명 등으로 조합원의 지위를 상실한 자에 대하여는 조합원이 납입한 제 납입금에서 추진비로 납부한 금액을 공제한 잔액을 환급청구일로부터 30일 이내에 지급하되, 총회의 의결로 공제할 공동부담금 및 환급시기를 따로 정할 수 있다.""라고 규정하고 있다. 마. 피고는 2019. 4. 28. 개최된 정기총회에서 ‘탈퇴, 조합원 자격의 상실, 제명 등으로 조합원의 지위를 상실한 자에 대하여는 조합원이 납입한 제 납입금(분담금 + 업무용역비) 중 전체 분담금의 20%와 업무용역비 100%를 제외한 잔액을 반환한다.’는 내용으로 이 사건 의결을 하였다. 바. 이후 원고 1의 최종 분담금은 3억 5,000만 원(업무용역비 포함)으로, 원고 2의 최종 분담금은 3억 4,100만 원(업무용역비 포함)으로 확정되었다. 사. 피고 조합 규약 제8조 제1호는 ‘주택조합설립인가 신청일부터 당해 조합주택의 입주가능일까지 주택을 소유하지 아니하거나 주거전용면적 85㎡ 이하의 주택 1채를 소유한 세대주일 것’을 조합원 자격으로 정하였는데, 원고 1은 이 사건 조합가입계약 체결 당시에, 원고 2는 소외인으로부터 조합원 지위를 양수할 당시에 각 세대주 지위를 갖추고 있었으나 이 사건 의결 이후에 원고 1은 2019. 6. 10., 원고 2는 2019. 6. 3. 각 세대주 지위를 상실하였다. 2. 판단 가. 원심은 판시와 같은 이유로 다음과 같이 판단하였다. 1) 피고 조합 규약 제12조 제4항에 따라 이 사건 의결에서 공제금을 정한 것은, 조합원의 지위 상실로 인하여 실제 피고에게 손해가 발생하였는지 여부 및 손해액 확정에 관한 분쟁을 예방함과 동시에 조합원들에게 심리적 부담을 주어 조합원 자격을 유지할 의무를 이행하도록 강제하는 효과도 있으므로 손해배상액의 예정에 해당한다. 2) 이 사건 의결과 같은 합동행위로 손해배상액을 예정한 경우에도 손해배상예정액을 감액할 수 있는 민법 제398조 제2항이 적용되고, 기록에 나타난 여러 사정 등에 비추어 볼 때 이 사건 의결에서 전체 분담금의 20%를 공제금으로 정한 것은 부당히 과다하므로 이를 전체 분담금의 10%로 감액함이 타당하다. 나. 원심판결의 이유를 관련 법리와 기록에 비추어 살펴보면, 원심이 설시한 손해배상예정액 감액사유에 다소 부적절한 부분이 있기는 하나 원심의 결론은 수긍할 수 있고, 거기에 상고이유 주장과 같이 논리와 경험의 법칙을 위반하여 자유심증주의의 한계를 벗어나거나 손해배상액 예정의 성립, 비법인사단 총회 결의의 해석, 민법 제398조 제2항의 적용 범위 및 감액 요건 등에 관한 법리를 오해하여 판결에 영향을 미친 잘못이 없다. 3. 결론 상고를 모두 기각하고 상고비용은 패소자가 부담하도록 하여, 관여 대법관의 일치된 의견으로 주문과 같이 판결한다. 대법관 이숙연(재판장) 이흥구 오석준(주심) 노경필 ]]>","조합원 지위를 양수하였다. 다. 이 사건 조합가입계약에서는 원고들이 각자 총분담금 2억 1,156만 원을 납입하고 업무용역비 1,000만 원을 별도로 지급해야 하는 것으로 되어 있다. 이에 따라 원고들은 피고에게 각 분담금 합계 51,756,000원을 납입하였고, 각 1,000만 원을 업무용역비로 지급하였다. 라. 이 사건 조합가입계약 제3조는 ""조합원 자격 부적격(상실), 조합원 탈퇴(해지, 해제, 조합사업추진불가) 등의 사유로 조합원 납입금액을 환불 시 계약금은 경비 정산 후 환불되며, 업무용역비는 환불되지 않습니다.",미검수,,,,candidates_prec_손해배상예정.csv
법제처 OPEN API/prec,619493,2023나20705,업무대행자 지위 확인 등,https://www.law.go.kr/DRF/lawService.do?OC=test&target=prec&ID=619493&type=HTML,(조 번호 미표기),(판단 불명확),판단 불명확,,,,"부담하였다가 피고가 정식으로 설립된 후 피고로부터 위 비용을 정산받기로 한다는 의미이고, 피고도 위 조항을 같은 의미로 이해했기에 조합원총회 의결을 거쳐서 원고에게 원고가 부담했던 조합사무실 운영비용 197,027,480원을 지급한 것이며, 위 197,027,480원 외의 조합사무실 운영비용은 원고가 피고로부터 지급받은 사실이 없다’고 주장하면서 다툰다. 이 사건 업무대행계약의 계약조건 제4조 제2항은 ‘조합사무실 운영비용(인건비 포함)은 조합 설립 전까지 업무대행사에서 부담한다’고만 정하고 있을 뿐, 추후에 그 비용을 조합 자금에서 정산한다거나 원고에게 반환한다는 등의 단서가 붙어있지 않은 반면에, 대행정산비용 289,000,000원에 관하여는 같은 조 제7항 및 제9항에서 ""원고가 피고(추진위원회)에게 대여하기로 하고"", ""원고의 대여금은 피고 조합원들의 조합운영비에서 정산하기로 한다""라고 규정하여 추후 반환되어야 하는 ‘대여금’임을 명시하고 있는 점, 원고도 2023. 4. 25. 자 준비서면에서는 ‘사업을 위한 일체의 비용은 피고 조합이 부담해야 하는 것이지만, 이 사건 업무대행계약 당시 추진위원회의 강력한 요구를 원고가 수용하여 제4조 제2항을 정하게 되었다. 그런데 그 이후 원고가 당초 예상했던 것보다 장기간 동안 많은 자금을 투입하면서 예정된 범위를 넘는 업무를 수행하여야 했고, 그러한 원고의 노력으로 2년 반 만에 피고가 조합설립 인가를 받을 수 있게 되자, 이러한 노력에 대한 보상으로 피고 조합이 원고가 지출한 조합사무실 운영비용 197,027,480원을 보전해 준 것이다.’라는 취지로 주장한 바 있는 점 등을 고려하면, 이 사건 업무대행계약 당시에는 원고와 추진위원회가 조합 설립 전까지의 추진위원회 사무실 운영비용을 원고가 최종적으로 부담하기로 약정했던 것으로 보이긴 한다. 그러나 피고 조합이 설립된 이후에 개최된 2017. 9. 16. 자 피고 정기총회에서 ‘2014. 12.경부터 2017. 8. 20.까지 원고로부터 받은 추진위원회 사업비 및 지출경비, 차입금을 상환’할 목적으로 제안된 ‘사업비 지출경비 승인’ 안건이 가결된 점(위 안건 결의에서 승인된 2017. 8. 20.까지의 사업비 및 경비, 차입금은 ㉮ 토지 매수대금과 건축설계대금을 비롯한 각종 선급금 합계 1,160,869,200원, ㉯ 원고로부터의 차입금 109,000,000원, ㉰ 사무용품 등 기타비용, 업무추진비 등 지출내역 합계 197,027,480원이었다), 그 후 2019. 5. 24. 개최된 피고 이사회에서는 원고에 대한 차입금채무 원금 1,269,869,200원(위 총회에서 승인받은 ㉮ 1,160,869,200원과 ㉯ 109,000,000원을 합한 금액이다) 및 이에 대한 이자 332,725,376원을 상환하기로 하는 결의가 이루어진 점, 피고는 2019. 10. 1. ▽▽▽신탁에게 원고에 대한 피고의 차입금 1,467,003,000원 및 이자 332,725,376원을 합한 1,799,728,376원의 자금집행을 요청하여, 2019. 10. 4. 원고에게 위 1,799,728,376원이 지급되었는데, 그중 차입금 원금 1,467,003,000원은 위 1,269,869,200원에다가 2017. 9. 16. 자 총회에서 승인된 지출경비 197,027,480원(㉰)을 더한 금액으로 보이는 점을 종합해 보면, 피고는 조합원총회의 결의를 거쳐 원고와의 사이에 조합설립 전의 사무실 운영비용으로 원고가 지출한 197,027,480원을 반환해 주기로 합의한 후 원고에게 위 비용을 반환하였다고 보아야 하므로, 이를 ‘용역업무 이행에 필요한 비용을 부담하지 않는 경우’ 내지 ‘조합사무실 운영비를 3개월 이상 연체하는 경우’ 등의 약정해지사유에 해당한다고 보기는 어렵다. 한편 피고는 ‘피고 설립 인가일까지의 조합사무실 운영비용으로 384,720,618원이 발생했고 위 금액이 원고에 대한 단기차입금채무로 계상되어 2019. 10. 4. 변제되었으며, 위 384,720,618원의 차입금 계상에 대해서는 피고의 이사회나 총회 결의가 없었다’고 ","계약조건 제4조 제2항은 ‘조합사무실 운영비용(인건비 포함)은 조합 설립 전까지 업무대행사에서 부담한다’고만 정하고 있을 뿐, 추후에 그 비용을 조합 자금에서 정산한다거나 원고에게 반환한다는 등의 단서가 붙어있지 않은 반면에, 대행정산비용 289,000,000원에 관하여는 같은 조 제7항 및 제9항에서 ""원고가 피고(추진위원회)에게 대여하기로 하고"", ""원고의 대여금은 피고 조합원들의 조합운영비에서 정산하기로 한다",미검수,,,,candidates_prec_손해배상예정.csv
법제처 OPEN API/prec,619493,2023나20705,업무대행자 지위 확인 등,https://www.law.go.kr/DRF/lawService.do?OC=test&target=prec&ID=619493&type=HTML,제3조,(판단 불명확),판단 불명확,,,,"한 증거들만으로는 ‘쌍방이 인정할 수 있는 부득이한 사유가 있을 경우’ 내지 ‘원고가 용역업무를 보고 없이 3개월 이상 진행하지 않은 경우’ 등 이 사건 약정해지사유에 해당한다고 보기 어려울 뿐만 아니라, 원고가 이 사건 업무대행계약상의 채무를 불이행하였다거나 소외 3과 소외 4가 원고의 직무집행에 관하여 불법행위를 저질렀다고 인정하기에 부족하다. (1) 이 사건 업무대행계약 제3조 제1항 제1호 (17)목은 ‘분양대행 관련 수수료는 원고가 지급받는 대행수수료 범위에서 제외한다’고 규정하고 있으므로, 이 사건 업무대행계약상의 대행업무 범위에 분양대행 용역은 포함되지 아니함이 명백하고, 원고에게 피고를 위해 분양대행업체를 선정해 주거나 피고의 분양대행계약 체결을 대행 또는 주선할 의무를 부과하는 조항도 없다. 그렇다면 피고가 소외 1 회사와 2017. 12. 7. 자 및 2019. 5. 24. 자 각 분양대행계약을 체결함에 있어서 조합원총회 결의를 거치지 않았더라도, 원고가 피고의 대표자 등 임원들과 통모하여 피고의 의사결정을 사실상 지배하는 지위에 있었다고 볼 만한 뚜렷한 증거가 없는 이 사건에서, 위 각 분양대행계약의 체결 자체가 원고의 이 사건 업무대행계약상의 의무 불이행(선관주의의무 위반) 내지 불법행위를 구성한다고 단정하기는 어렵다. (2) 소외 3이 원고의 부회장으로서 이 사건 업무대행계약의 실무를 일부 담당함과 아울러 소외 1 회사의 과반주주로서 원고와 소외 1 회사의 의사결정에 동시에 영향을 미칠 수 있는 지위에 있었다고 하더라도, 원고와 소외 1 회사는 별개의 법인격을 가지는 독립된 권리·의무의 주체이므로, 소외 1 회사가 위 각 분양대행계약에 따른 용역업무를 이행하지 않은 것에 대해 원고가 책임을 부담해야 한다고 볼 수 없다. 또한 소외 3이나 소외 4가 당시 피고 조합의 임원들과 통모하여 이 부분 자금 집행에 관한 피고의 의사결정을 사실상 지배하였다고 볼 만한 자료가 없는 이상, 피고가 위 분양대행계약에 따른 용역대금을 소외 1 회사에게 지급한 것과 관련하여 원고에게 이 사건 업무대행계약에 기한 채무불이행 책임이 있다고 보기도 어렵다. (3) 피고는 ‘위법하게 작성된 2020. 9. 7. 자 정산합의서에 따라 소외 1 회사가 피고로부터 770,000,000원을 우선 지급받은 것’에 관하여 소외 9, 소외 3, 소외 4를 특정경제범죄가중처벌등에관한법률위반(배임) 등 혐의로 고소하였는데, 2021. 12. 15. 안양동안경찰서는 ‘당시 소외 1 회사가 2015. 4. 20. 자, 2017. 12. 7. 자 각 분양대행계약에 기한 용역대금을 지급받기 위해 피고 소유 부동산을 가압류한 상태였고, 피고 조합의 운영비 조달이 시급한 상황이어서 부득이하게 위 2020. 9. 7. 자 정산합의서를 작성한 것으로, 범죄 혐의를 인정하기 어렵다’는 이유로 불송치결정을 하였고, 피고가 이에 대하여 이의신청을 하였으나, 이 법원 변론종결일까지도 위 혐의사실에 대하여 공소제기가 이루어지지 않은 것으로 보인다. 또한 피고는 앞에서 본 소외 1 회사와 소외 9, 소외 3, 소외 4를 상대로 제기한 소송에서 ‘2020. 9. 7. 자 정산합의서에 따라 770,000,000원을 지급받은 행위가 횡령 내지 배임의 불법행위에 해당한다’고 주장하면서 같은 금액의 손해배상청구도 하였는데, 이 부분 청구에 대해서는 ‘피고와 소외 1 회사 사이에 2015. 4. 20. 자, 2017. 12. 7. 자 각 분양대행계약이 체결된 사실이 있고, 소외 1 회사는 2020. 1.경부터 피고에게 분양대행 용역대금의 지급을 요청하였으며, 피고의 2020. 3. 5. 자 이사회에서도 이러한 점이 언급되었다’는 등의 이유로 횡령 내지 배임의 불법행위 성립을 부정하는 판결이 확정되었다. 위와 같은 관련 민·형사사건에서의 판결문",분양대행 관련 수수료는 원고가 지급받는 대행수수료 범위에서 제외한다,미검수,,,,candidates_prec_손해배상예정.csv
법제처 OPEN API/prec,619493,2023나20705,업무대행자 지위 확인 등,https://www.law.go.kr/DRF/lawService.do?OC=test&target=prec&ID=619493&type=HTML,(조 번호 미표기),(판단 불명확),판단 불명확,,,,"류징구업무 용역계약에 따른 용역대금을 지급한 것과 관련하여 이 사건 업무대행계약 제13조 제1항 가.호에서 정한 해지사유 또는 그 밖의 약정해지사유가 존재한다고 보기 어렵고, 위 용역대금 지급과 관련하여 원고가 이 사건 업무대행계약상의 채무를 불이행하였다거나 소외 3과 소외 4가 원고의 직무집행에 관하여 불법행위를 저질렀다고 인정하기에도 부족하다. (1) 이 사건 업무대행계약의 계약조건 제12조 제2항 및 제3항은 ‘원고는 효율적인 업무수행의 필요에 의하여 업무의 일부를 제3자에게 의뢰하여 수행하게 하거나 원고와 공동으로 업무를 수행하게 할 수 있다. 이 경우 피고와 협의하여 피고의 승인 하에 시행하여야 한다.’고 규정하여, 피고의 승인 하에 원고의 업무 일부를 제3자에게 위탁할 수 있도록 하고 있다. 이에 따르면 원고가 이 사건 업무대행계약에 따라 수행하여야 하는 업무의 일부를 소외 1 회사 등 다른 업체에게 위탁하는 것이 금지된다고 볼 수 없고, 이 경우 다른 업체에 업무 일부를 위탁함에 따라 소요되는 비용을 반드시 원고가 부담하여야 한다는 규정도 없다. 오히려 이 사건 업무대행계약의 계약조건 제3조 제1항 제1호 17목은 ‘대여금 기타 피고와 원고가 인정하는 업무비용은 대행수수료 범위에서 제외한다’고 규정하고 있으므로, 다른 업체에게 지급되는 외주 업무비용이라도 원·피고가 협의하여 피고의 부담으로 하는 것이 가능한데, 피고의 2018. 7. 17. 자 및 2019. 6. 5. 자 각 이사회 회의록에 의하면 2018. 7. 18. 자, 2019. 5. 21. 자 각 서류징구업무 용역계약에 대하여는 ‘시공사인 소외 13 회사 등의 요청이나 독촉에 따라 빠른 서류 징구 등을 독려하기 위하여 소외 1 회사와 별도 용역계약을 체결하기로 한다’는 취지의 피고 이사회 의결이 있었던 것으로 보인다. (2) 그리고 소외 1 회사와 피고 사이의 위 각 서류징구업무 용역계약이 피고 조합원들에게 부담이 될 계약이어서 조합원총회의 의결을 거쳤어야 함에도 피고가 이를 거치지 않았다고 하더라도, 그로 인해 위 각 용역계약이 무효로 됨에 따른 불이익은 피고를 비롯한 계약당사자들이 스스로 부담해야 하는 것이고, 원고가 피고와 소외 1 회사 사이의 위 각 용역계약에 관하여 피고 총회의 승인결의까지 받아주기로 약정하였다는 등의 사정이 없는 한, 위 각 서류징구 업무가 본래 이 사건 업무대행계약상의 원고 업무범위에 속해 있었다거나 소외 1 회사가 원고의 경영진과 특수관계에 있는 법인이라는 이유만으로 위 각 용역계약이 절차적 요건을 충족하지 못해 무효로 된 것에 관한 책임이 원고에게 귀속된다고 볼 수 없다. 또한 소외 3이나 소외 4가 당시 피고의 대표자 소외 9 등과 결탁하여 피고의 의사결정을 사실상 지배하는 지위에 있었다고 볼 만한 증거도 부족하므로, 피고의 위 각 용역계약의 체결 및 이행 행위에 관하여 소외 3이나 소외 4가 불법행위 책임을 부담한다고 보기도 어렵다. (3) 피고가 근거로 들고 있는 소외 3, 소외 4와 소외 2 사이의 대화내용 녹취서의 내용을 살펴보아도 소외 3이나 소외 4가 피고의 자금을 유출·횡령하기 위해 소외 1 회사와 불필요한 이중계약을 체결하도록 하였음을 뒷받침할 만한 내용은 없는 점, 위에서 보았듯이 이 사건 업무대행계약 당시부터 원·피고는 필요한 경우 원고의 업무 중 일부를 별도로 위탁할 수 있도록 예정하고 있었고, 피고 이사회에서도 이들 서류징구업무에 대한 별도 용역계약의 필요성에 대해 검토와 논의를 한 뒤 계약을 승인한 것으로 보이는 점 등을 고려하면, 단순히 원고의 업무범위에 속하는 서류징구 업무를 소외 3이 과반주주인 소외 1 회사에 별도로 위탁하였다는 사실만으로 이를 횡령 등의 불법행위라고 볼 수도 없다. 6) 해지사유 15에 관한 판단 가) 먼저 소외 3, 소외 4가 소외 8 회사로부터 9,000만 원의 리베이트를 수령하였다는 부분에 관하여 본다. (1) 앞서 든 증거들 및 갑 제60, 65호증, 을 제8",원고는 효율적인 업무수행의 필요에 의하여 업무의 일부를 제3자에게 의뢰하여 수행하게 하거나 원고와 공동으로 업무를 수행하게 할 수 있다. 이 경우 피고와 협의하여 피고의 승인 하에 시행하여야 한다,미검수,,,,candidates_prec_손해배상예정.csv
법제처 OPEN API/prec,619493,2023나20705,업무대행자 지위 확인 등,https://www.law.go.kr/DRF/lawService.do?OC=test&target=prec&ID=619493&type=HTML,(조 번호 미표기),(판단 불명확),판단 불명확,,,,"규정하여, 피고의 승인 하에 원고의 업무 일부를 제3자에게 위탁할 수 있도록 하고 있다. 이에 따르면 원고가 이 사건 업무대행계약에 따라 수행하여야 하는 업무의 일부를 소외 1 회사 등 다른 업체에게 위탁하는 것이 금지된다고 볼 수 없고, 이 경우 다른 업체에 업무 일부를 위탁함에 따라 소요되는 비용을 반드시 원고가 부담하여야 한다는 규정도 없다. 오히려 이 사건 업무대행계약의 계약조건 제3조 제1항 제1호 17목은 ‘대여금 기타 피고와 원고가 인정하는 업무비용은 대행수수료 범위에서 제외한다’고 규정하고 있으므로, 다른 업체에게 지급되는 외주 업무비용이라도 원·피고가 협의하여 피고의 부담으로 하는 것이 가능한데, 피고의 2018. 7. 17. 자 및 2019. 6. 5. 자 각 이사회 회의록에 의하면 2018. 7. 18. 자, 2019. 5. 21. 자 각 서류징구업무 용역계약에 대하여는 ‘시공사인 소외 13 회사 등의 요청이나 독촉에 따라 빠른 서류 징구 등을 독려하기 위하여 소외 1 회사와 별도 용역계약을 체결하기로 한다’는 취지의 피고 이사회 의결이 있었던 것으로 보인다. (2) 그리고 소외 1 회사와 피고 사이의 위 각 서류징구업무 용역계약이 피고 조합원들에게 부담이 될 계약이어서 조합원총회의 의결을 거쳤어야 함에도 피고가 이를 거치지 않았다고 하더라도, 그로 인해 위 각 용역계약이 무효로 됨에 따른 불이익은 피고를 비롯한 계약당사자들이 스스로 부담해야 하는 것이고, 원고가 피고와 소외 1 회사 사이의 위 각 용역계약에 관하여 피고 총회의 승인결의까지 받아주기로 약정하였다는 등의 사정이 없는 한, 위 각 서류징구 업무가 본래 이 사건 업무대행계약상의 원고 업무범위에 속해 있었다거나 소외 1 회사가 원고의 경영진과 특수관계에 있는 법인이라는 이유만으로 위 각 용역계약이 절차적 요건을 충족하지 못해 무효로 된 것에 관한 책임이 원고에게 귀속된다고 볼 수 없다. 또한 소외 3이나 소외 4가 당시 피고의 대표자 소외 9 등과 결탁하여 피고의 의사결정을 사실상 지배하는 지위에 있었다고 볼 만한 증거도 부족하므로, 피고의 위 각 용역계약의 체결 및 이행 행위에 관하여 소외 3이나 소외 4가 불법행위 책임을 부담한다고 보기도 어렵다. (3) 피고가 근거로 들고 있는 소외 3, 소외 4와 소외 2 사이의 대화내용 녹취서의 내용을 살펴보아도 소외 3이나 소외 4가 피고의 자금을 유출·횡령하기 위해 소외 1 회사와 불필요한 이중계약을 체결하도록 하였음을 뒷받침할 만한 내용은 없는 점, 위에서 보았듯이 이 사건 업무대행계약 당시부터 원·피고는 필요한 경우 원고의 업무 중 일부를 별도로 위탁할 수 있도록 예정하고 있었고, 피고 이사회에서도 이들 서류징구업무에 대한 별도 용역계약의 필요성에 대해 검토와 논의를 한 뒤 계약을 승인한 것으로 보이는 점 등을 고려하면, 단순히 원고의 업무범위에 속하는 서류징구 업무를 소외 3이 과반주주인 소외 1 회사에 별도로 위탁하였다는 사실만으로 이를 횡령 등의 불법행위라고 볼 수도 없다. 6) 해지사유 15에 관한 판단 가) 먼저 소외 3, 소외 4가 소외 8 회사로부터 9,000만 원의 리베이트를 수령하였다는 부분에 관하여 본다. (1) 앞서 든 증거들 및 갑 제60, 65호증, 을 제88, 91 내지 95, 106 내지 108, 160호증의 각 기재, 을 제153호증의 영상에 변론 전체의 취지를 종합하여 인정되는 다음 사실들에 비추어 보면, 피고와 소외 8 회사 사이의 홍보관 건립공사 도급계약 체결 과정에서 원고의 본부장인 소외 4가소외 2를 통해 위 도급계약의 계약금액을 1억 원 가량 부풀려 체결하도록 한 다음 2019. 3. 14. 소외 8 회사의 하수급인으로부터 9,000만 원을 돌려받은 사실을 추인할 수 있고, 이에 반하는 갑 제60호증의 기재 등 원고가 제출한 증거들만",대여금 기타 피고와 원고가 인정하는 업무비용은 대행수수료 범위에서 제외한다,미검수,,,,candidates_prec_손해배상예정.csv
법제처 OPEN API/prec,619493,2023나20705,업무대행자 지위 확인 등,https://www.law.go.kr/DRF/lawService.do?OC=test&target=prec&ID=619493&type=HTML,(조 번호 미표기),(판단 불명확),판단 불명확,,,," 나서 소외 17이 돈을 제게 줬기 때문에 저는 당연히 영업활동비라고 생각하였습니다. 그런데 제가 소개시켜서 성과와 실적이 없고, 소외 17은 회사가 어렵다고 하니까 제가 소외 17에게 받은 돈을 돌려주겠다고 말하고 나서 받은 금액만큼 현금이나 계좌로 이체하여 반환해줬습니다.""라고 진술한 점, ② 피고와 소외 6 회사 사이에 2017. 8. 16. 작성된 광고홍보대행계약서(을 제39호증)는 제4조 제1항에서 ‘소외 6 회사는 본 계약과 관련된 일체의 비용에 대해 피고의 사전승인을 받아야 한다’라고 규정하고, 제5조 제1항에서 ‘광고 예산은 총액 1,796,700,000원(부가가치세 별도)을 최고 한도로 하며, 추가 광고비 발생 시 피고와 소외 6 회사가 협의하여 결정한다’라고, 같은 조 제3항에서 ‘소외 6 회사는 광고비 및 제작비를 계약금을 제외하고 매월 단위로 광고비용을 집계하여 세금계산서를 첨부하여 피고에게 청구한다’라고 각 규정되어 있는 점 등을 고려하면, 소외 6 회사가 임의로 광고 물량을 부풀리는 등으로 과다한 광고비용 내지 기성금을 청구하거나 지급받기는 어려운 구조인 것으로 보이며, ③ 피고는 소외 2와 소외 18 내지 소외 17 사이의 대화 녹취록(을 제102 내지 104호증) 외에는 소외 3이 소외 6 회사로부터 돈을 직접 지급받았다거나 소외 4가 소외 6 회사로부터 돈을 지급받게 된 경위가 피고 주장과 같다고 볼 만한 객관적인 자료를 제출하지 못하고 있는 점 등에 비추어 보면, 피고가 제출한 증거들 및 주장하는 사정들만으로는 소외 3이나 소외 4가 소외 6 회사로 하여금 과다한 용역대금을 수령하게 한 뒤 위 업체로부터 리베이트를 수령하였음을 인정하기에 부족하고, 달리 이를 인정할 증거가 없다. 따라서 피고의 이 부분 주장은 받아들이지 않는다. 다) 소외 3, 소외 4가소외 7 회사로부터 5,000,000원의 리베이트를 수령하였다는 부분에 관하여 본다. 피고의 조합원 소외 12 등이 2020. 7. 17. 소외 3, 소외 4, 소외 2를 ‘소외 6 회사, 소외 7 회사, 소외 8 회사 등으로부터 합계 3억 5,700만 원 상당의 리베이트를 수령하였다’는 업무상배임 혐의로 고소하였고, 안양동안경찰서는 2024. 8. 25. 소외 4와 소외 2에 대해 기소의견으로 송치한 사실은 앞서 본 바와 같고, 을 제105호증의 기재 및 변론 전체의 취지에 의하면, 소외 4가 2018. 4. 26. 소외 2에게 ""그 인테리어 돈 받는 거 나한테 달라고""라고 말하였고, 이에 소외 2가 ""아, 500만 원?""이라고 묻자 소외 4는 ""어. 현금으로 받아.""라고 답한 사실은 인정된다. 그러나 갑 제62호증, 을 제44호증의 각 기재에 변론 전체의 취지를 더하여 알 수 있는 다음과 같은 사실 또는 사정들, 즉 ① 피고는 2018. 4. 11. 자 이사회에서 ""1. 홍보관 내장공사 업체는 소외 7 회사, 공사금액 5,000만 원(VAT 별도)으로 결정한다.""는 기타 안건을 상정하였고, 위 이사회에 참석하였던 임원 5명 모두가 위 안건에 찬성한 사실, ② 피고와 소외 7 회사는 홍보관 내장공사에 관하여 공사대금 5,500만 원(부가가치세 500만 원 포함)으로 하는 도급계약을 체결한 사실, ③ 소외 4가 소외 2에게 위와 같이 현금으로 받으라고 지시한 500만 원이 어떤 금전을 지칭하는 것인지, 어떠한 경위로 지급받는 돈인지 여부가 위 녹취록(을 제105호증)의 전후 사정을 고려하더라도 불분명한 점 등에 비추어 보면, 피고가 제출한 증거들 및 주장하는 사정들만으로는 소외 3이나 소외 4가소외 7 회사로부터 5,000,000원 상당의 리베이트를 수령하였다고 인정하기에 부족하고, 달리 이를 인정할 증거가 없다. 따라서 피고의 이 부분 주장도 받아들이지 않는다. 7) 해지사유 18에 관한 판단 위 기초사실에 의하여 알 수 있거나, ",(을 제39호증)는 제4조 제1항에서 ‘소외 6 회사는 본 계약과 관련된 일체의 비용에 대해 피고의 사전승인을 받아야 한다,미검수,,,,candidates_prec_손해배상예정.csv
법제처 OPEN API/prec,619493,2023나20705,업무대행자 지위 확인 등,https://www.law.go.kr/DRF/lawService.do?OC=test&target=prec&ID=619493&type=HTML,(조 번호 미표기),(판단 불명확),판단 불명확,,,,"20671 판결 참조). 앞서 든 증거들 및 갑 제10, 35, 42, 43호증, 을 제66호증의 3의 각 기재에 변론 전체의 취지를 더하여 알 수 있는 다음과 같은 사실 또는 사정들, 즉 ① 비록 이 사건 업무대행계약의 처분문서라고 할 수 있는 2017. 8. 9. 자 계약서나 그 이전에 작성된 2014. 12. 2. 자 및 2016. 8. 2. 자 각 시행대행계약서에는 ‘업무대행수수료는 세대 당 1,500만 원으로 한다’고만 기재되어 있고 ‘부가가치세를 별도로 지급한다’는 취지의 문구가 기재되어 있지는 않으나, 피고와 조합원들 사이의 각 조합원가입계약서는 제5조 제3항에서 ‘조합업무추진비는 추후 조합에서 별도의 정산절차를 거치지 않고 조합업무대행사(원고)의 수입으로 회계처리한다’고 규정하고 있고, 일부 조합원가입계약서 상 업무추진비에는 ‘부가가치세 별도’임이 명시되어 있는 사실, ② 이 사건 업무대행계약 기간 동안 피고는 원고의 동의를 받아 ▽▽▽신탁에게 아래 표 기재 각 금액에 대한 자금집행을 요청하였고, 위 각 자금집행 요청서에 첨부된 원고 작성의 업무대행수수료 청구 공문 및 전자세금계산서에는 각 해당 공급가액과 해당 부가가치세액이 모두 기재되어 있는 사실, ③ 위 자금집행 요청에 따라 ▽▽▽신탁이 2017. 9.경부터 2020. 2.경까지 원고에게 합계 5,313,000,000원의 업무대행수수료를 지급한 사실, ④ 피고는 이 사건 소가 제기되기 전까지는 원고가 위와 같이 부가가치세를 포함하여 청구하고 지급받은 것에 대하여 이의를 제기한 적이 없었던 것으로 보이는 점, ⑤ 피고는 2022. 12. 11. 자 및 2023. 11. 25. 자 각 정기총회에서 ‘업무대행비’ 항목 공급가액에 대하여 부가가치세를 별도로 지급하는 것으로 기재된 사업수지표를 첨부하여 사업비예산(안) 변경 승인 안건을 상정하여, 그 승인 결의를 받은 사실 등에 비추어 보면, 원·피고 사이에 업무대행수수료에 대한 부가가치세를 별도로 지급하기로 하는 묵시적인 약정이 있었다고 봄이 타당하다. 순번일자청구금액부가가치세합계12017. 9. 20.1,000,000,000원100,000,000원1,100,000,000원22017. 12. 28.450,000,000원45,000,000원495,000,000원32018. 1. 24.200,000,000원20,000,000원220,000,000원42018. 4. 11.300,000,000원30,000,000원330,000,000원52018. 6. 23.300,000,000원30,000,000원330,000,000원62018. 7. 23.100,000,000원10,000,000원110,000,000원72018. 8. 23.100,000,000원10,000,000원110,000,000원82018. 11. 16.80,000,000원8,000,000원88,000,000원92018. 12. 13.400,000,000원40,000,000원440,000,000원102019. 1. 7.800,000,000원80,000,000원880,000,000원112019. 2. 21.300,000,000원30,000,000원330,000,000원122019. 7. 8.600,000,000원60,000,000원660,000,000원132020. 2. 11.200,000,000원20,000,000원220,000,000원합계4,830,000,000원483,000,000원5,313,000,000원 3) 따라서 특별한 사정이 없는 한, 피고는 원고에게 이 사건 업무대행계약에서 정한 총 업무대행수수료 7,788,000,000원(= 472세대 × 세대당 15,000,000원 × 부가가치세 포함 110%)의 80%에 해당하는 6,230,400,000원(= 7,","업무대행수수료는 세대 당 1,500만 원으로 한다",미검수,,,,candidates_prec_손해배상예정.csv
법제처 OPEN API/prec,619493,2023나20705,업무대행자 지위 확인 등,https://www.law.go.kr/DRF/lawService.do?OC=test&target=prec&ID=619493&type=HTML,(조 번호 미표기),(판단 불명확),판단 불명확,,,,"① 비록 이 사건 업무대행계약의 처분문서라고 할 수 있는 2017. 8. 9. 자 계약서나 그 이전에 작성된 2014. 12. 2. 자 및 2016. 8. 2. 자 각 시행대행계약서에는 ‘업무대행수수료는 세대 당 1,500만 원으로 한다’고만 기재되어 있고 ‘부가가치세를 별도로 지급한다’는 취지의 문구가 기재되어 있지는 않으나, 피고와 조합원들 사이의 각 조합원가입계약서는 제5조 제3항에서 ‘조합업무추진비는 추후 조합에서 별도의 정산절차를 거치지 않고 조합업무대행사(원고)의 수입으로 회계처리한다’고 규정하고 있고, 일부 조합원가입계약서 상 업무추진비에는 ‘부가가치세 별도’임이 명시되어 있는 사실, ② 이 사건 업무대행계약 기간 동안 피고는 원고의 동의를 받아 ▽▽▽신탁에게 아래 표 기재 각 금액에 대한 자금집행을 요청하였고, 위 각 자금집행 요청서에 첨부된 원고 작성의 업무대행수수료 청구 공문 및 전자세금계산서에는 각 해당 공급가액과 해당 부가가치세액이 모두 기재되어 있는 사실, ③ 위 자금집행 요청에 따라 ▽▽▽신탁이 2017. 9.경부터 2020. 2.경까지 원고에게 합계 5,313,000,000원의 업무대행수수료를 지급한 사실, ④ 피고는 이 사건 소가 제기되기 전까지는 원고가 위와 같이 부가가치세를 포함하여 청구하고 지급받은 것에 대하여 이의를 제기한 적이 없었던 것으로 보이는 점, ⑤ 피고는 2022. 12. 11. 자 및 2023. 11. 25. 자 각 정기총회에서 ‘업무대행비’ 항목 공급가액에 대하여 부가가치세를 별도로 지급하는 것으로 기재된 사업수지표를 첨부하여 사업비예산(안) 변경 승인 안건을 상정하여, 그 승인 결의를 받은 사실 등에 비추어 보면, 원·피고 사이에 업무대행수수료에 대한 부가가치세를 별도로 지급하기로 하는 묵시적인 약정이 있었다고 봄이 타당하다. 순번일자청구금액부가가치세합계12017. 9. 20.1,000,000,000원100,000,000원1,100,000,000원22017. 12. 28.450,000,000원45,000,000원495,000,000원32018. 1. 24.200,000,000원20,000,000원220,000,000원42018. 4. 11.300,000,000원30,000,000원330,000,000원52018. 6. 23.300,000,000원30,000,000원330,000,000원62018. 7. 23.100,000,000원10,000,000원110,000,000원72018. 8. 23.100,000,000원10,000,000원110,000,000원82018. 11. 16.80,000,000원8,000,000원88,000,000원92018. 12. 13.400,000,000원40,000,000원440,000,000원102019. 1. 7.800,000,000원80,000,000원880,000,000원112019. 2. 21.300,000,000원30,000,000원330,000,000원122019. 7. 8.600,000,000원60,000,000원660,000,000원132020. 2. 11.200,000,000원20,000,000원220,000,000원합계4,830,000,000원483,000,000원5,313,000,000원 3) 따라서 특별한 사정이 없는 한, 피고는 원고에게 이 사건 업무대행계약에서 정한 총 업무대행수수료 7,788,000,000원(= 472세대 × 세대당 15,000,000원 × 부가가치세 포함 110%)의 80%에 해당하는 6,230,400,000원(= 7,788,000,000원 × 80%) 중 원고가 이미 피고로부터 지급받았음을 자인하는 5,313,000,000원을 뺀 나머지 917,400,000원(= 6,230,400,000원 － 5,313,000,000원) 및 이에 대하여 이 사건 사업에 관한 사업계획승인이 있",조합업무추진비는 추후 조합에서 별도의 정산절차를 거치지 않고 조합업무대행사(원고)의 수입으로 회계처리한다,미검수,,,,candidates_prec_손해배상예정.csv
법제처 OPEN API/prec,612857,2023다226170,손해배상(기),https://www.law.go.kr/DRF/lawService.do?OC=test&target=prec&ID=612857&type=HTML,(조 번호 미표기),(판단 불명확),판단 불명확,,,," 측은 이 사건 회사 명의로 머니투데이에 이 사건 기사 중 일부를 삭제해 달라는 내용의 공문을 보내는 한편 기자에게 이 사건 기사에 대한 수정 검토를 요청하였다. 그 후 머니투데이는 위 공문에 기재된 내용대로 이 사건 기사를 수정하였다. 4) ◇◇◇는 2015. 7. 2. 이 사건 회사에 ‘이 사건 화장품 레시피권이 ◇◇◇에 귀속된다.’는 취지가 포함된 변경계약서 초안을 보내는 한편, ‘이 사건 PEF 투자 유치와 관련된 언론보도 중 사실과 다른 내용을 정정하고, ◇◇◇에 대한 사과광고를 게재하며, 이 사건 회사의 지분 전부 또는 일부를 이 사건 PEF 등이 취득하는 경우 ◇◇◇의 화장품 OEM 제조에 차질이 발생할 수 있으므로 관련 대책을 강구하고 조치할 것’ 등을 요구하는 공문을 발송하였다. 마. 이 사건 PEF의 존속기간 만료 등 1) 이 사건 PEF 정관 제4조 제1항은 그 존속기간에 관하여 설립등기일부터 5년으로 정하고 있고, 이 사건 PEF의 법인등기부에는 설립등기일인 2015. 6. 19.부터 5년이 되는 날인 2020. 6. 19. 자로 해산등기가 마쳐져 있다. 2) 이 사건 SPC는 사채권자들에게 2021. 1. 6. 이 사건 SPC가 발행한 사모사채의 만기를 2022. 1. 30.로 1년 연장하고, 그동안 발생한 경과이자 2,443,712,326원의 지급을 유예해줄 것을 요청하였고, 2022. 1. 14. 위 사모사채의 만기를 2023. 1. 30.로 1년 추가 연장하고, 그 무렵까지 발생한 경과이자 4,391,212,326원의 지급을 다시 유예해줄 것을 요청하였다. 2. 피고들의 주의의무 위반에 대하여 가. 원심의 판단 원심은 판시와 같은 이유로, 피고들은 이 사건 주식매매계약에 따른 거래가 종결된 2015. 7. 30. 이전에 투자대상인 이 사건 회사에 관한 중대한 투자위험이 존재할 수 있다는 정황을 발견하였으므로, 원고를 비롯한 투자자들에게 이를 고지하고 합리적으로 조사할 의무가 있었음에도 그러하지 아니함으로써 거래종결 전 주의의무를 위반하였다고 판단하였다. 나. 대법원의 판단 1) 미리 투자대상과 투자방법 및 투자회수구조 등을 결정한 다음 그 투자를 위하여 구 자본시장법에 따른 사모투자전문회사를 설립하고 무한책임사원 겸 업무집행사원이 되어 투자자들에게 유한책임사원으로서 출자하여 투자에 참여하도록 권유하는 자(이하 ‘사모투자전문회사의 설립ㆍ운용자’라고 한다)는 투자자들이 사모투자전문회사에 대한 투자에 참여하는 데 대하여 직접적인 이해관계가 있을 뿐만 아니라 사모투자전문회사를 통한 투자에 관하여 제1차적으로 정보를 생산하고 이를 제공하는 지위에 있다. 이러한 사모투자전문회사의 설립ㆍ운용자는 해당 사모투자전문회사의 투자대상과 투자방법 및 투자회수구조 등의 중요한 사항에 대하여 정확한 정보를 생산하여 이를 사모투자전문회사의 유한책임사원으로서 투자에 참여하려는 투자자들에게 제공할 의무가 있고, 사모투자전문회사의 설립ㆍ운용자가 이러한 의무를 위반하여 투자자들의 투자판단에 영향을 주고 그로 말미암아 투자자들에게 손해가 발생하였다면 그 주의의무를 위반함으로 인한 불법행위책임을 진다[구 간접투자자산 운용업법(2007. 8. 3. 법률 제8635호 자본시장법 부칙 제2조로 폐지)에 관한 대법원 2016. 10. 27. 선고 2015다216796 판결 등 참조]. 사모투자전문회사의 설립ㆍ운용자의 위와 같은 지위는 투자자들이 투자에 참여하여 사모투자전문회사의 유한책임사원이 되었다는 사정만으로 달라진다고 보기 어렵다. 사모투자전문회사의 유한책임사원은 투자대상기업의 선정, 투자대상기업의 지분증권을 매매하는 경우의 가격ㆍ시가ㆍ방법의 결정 등에 관한 업무집행사원의 업무에 관여할 수 없다[구 자본시장법 제269조 제4항, 구 「자본시장과 금융투자업에 관한 법률 시행령」(2015. 6. 30. 대통령령 제26374호로 개정되기 전의 것) 제291조 제2항, 제295조 제3항]. 따라서 투자자들이 유한책임사원이 된 후에도 사모투자전문회사의 설립ㆍ운용자는 유","사건 PEF 투자 유치와 관련된 언론보도 중 사실과 다른 내용을 정정하고, ◇◇◇에 대한 사과광고를 게재하며, 이 사건 회사의 지분 전부 또는 일부를 이 사건 PEF 등이 취득하는 경우 ◇◇◇의 화장품 OEM 제조에 차질이 발생할 수 있으므로 관련 대책을 강구하고 조치할 것",미검수,,,,candidates_prec_손해배상예정.csv
법제처 OPEN API/prec,609463,2021두59908,경정거부처분취소,https://www.law.go.kr/DRF/lawService.do?OC=test&target=prec&ID=609463&type=HTML,(조 번호 미표기),(판단 불명확),판단 불명확,,,,"는 안 되고, 법률행위가 이루어진 동기와 경위, 그 법률행위로 달성하려는 목적과 진정한 의사, 거래의 관행 등까지 모두 종합하여 합리적으로 해석하여야 한다. 반대의견은 위와 같은 법리를 기초로 이 사건 사용료가 ‘미국 특허권의 미국 내 실시에 대한 대가’라는 점을 충분히 논증하였고, 이는 이 사건 계약서의 기재를 감안하더라도 다르지 않다. 다수 보충의견은 이 사건 계약서에 라이선스의 지역적 범위가 ‘전 세계’로 명시된 점이나 허용되는 행위 유형이 판매뿐만 아니라 제조, 수입, 수출 등까지 광범위하게 정해진 점을 근거로 제시한다. 그러면서 이 사건 사용료가 전적으로 미국 내 사용만을 위한 것은 아니라거나, 오로지 ‘미국’이라는 특정한 지역에서의 ‘판매’에 대한 대가로만 사용료를 책정하여 지급한 것이 아니라고 한다. 하지만 이 사건 계약서의 다른 부분을 보면, 원고와 소외 회사가 진정으로 라이선스의 대상으로 삼고자 했던 것은 미국 내에서 효력을 가지는 ‘미국 특허권’이고 그 특허권에 의한 보호와 동떨어진 채 존재하는 ‘발명’이 아님을 충분히 알 수 있다. 이 사건 계약 제2조에는 ""원고가 ‘라이선스 대상 특허’ 관련 본 계약에 포함된 라이선스 및 면책에 대한 대가로 사용료를 지급한다(In consideration of the licenses and releases contained in this agreement relating to the ‘licensed patents’, 원고 shall pay to 소외 회사 …).""라고 규정하고 있는데, 전문에서는 그 ‘라이선스 대상 특허’(licensed patents)가 별지에 명시된 특허와 그 관련 특허임을 명시하고 있고, 별지에는 미국 특허등록번호 40개가 열거되어 있다. 다수 보충의견이 인용한 처분문서의 문언을 중시하여야 한다는 법리에 따르면 이 사건 계약에서의 라이선스 대상은 위 해당 문언과 같이 미국 등록 특허권 그 자체로 보아야 한다. 언뜻 이에 배치되는 듯한 위 라이선스의 지역적 범위에 관한 기재(예컨대 ‘worldwide’)는 단지 원고가 미국 특허권인 이 사건 특허권을 사용함에 있어서 지역적 제약을 따로 설정하지 아니하였음을 주의적·확인적으로 언급한 것일 뿐이다. 이는 가령 원고가 우리나라에서 제품을 제조한 후 이를 미국에서 수입·판매하는 것에 대해 따로 문제 삼지 않겠다는 취지일 따름이다. 이를 특허권 속지주의 관점에서 보면 ‘우리나라에서 제품을 제조하는 것’ 자체는 원래부터 금지되지도 않지만, 해당 제조행위에 대해 미국 특허권자가 법적으로 문제를 제기하지 않겠다는 점을 재차 확인하는 취지에서 들어간 문구 정도로 이해하는 것이 자연스럽다. 이러한 문구가 포함되었다고 해서, 이 사건 사용료의 체결 경위나 라이선스 대상에 관하여 훨씬 중요한 명시적 기재가 존재함에도, 이 사건 사용료 전체를 미국 특허권의 효력이 미치지 않는 국내에서 이루어진 발명의 사실상 사용에 대한 대가로 파악하는 것은 본말이 전도된 것이다. 라. 판매지(미국) 원천의 배제 문제에 관하여 다수의견은 ‘특허권 등록 국가에서의 법률상 사용(실시)’을 ‘특허의 사용’이라는 용어의 포섭 범위에서 완전히 제외하여, 마치 특허의 사용장소가 오로지 우리나라이고 우리나라만이 원천지국으로서의 과세권을 행사할 수 있는 것처럼 보고 있다. 이러한 다수의견은 별다른 근거도 없이 특허가 제조 단계에서만 사용될 수 있다는 전제에 서 있다. 그러나 특허는 오로지 제조 단계에서만 사용될 수 있는 것이 아니라 제품의 판매나 대여, 수입 등 단계에서도 사용될 수 있다고 보는 것이 일반적인 상식에 부합한다. 구 법인세법 제93조 제8호 단서 후문도 ‘특허권이 국내에서 제조·판매 등에 사용된 경우’라고 하여 특허가 판매 단계에서도 사용될 수 있음을 당연한 전제로 삼고 있다. 그렇다면 다수의견에 대하여 다음과 같은 의문이 제기된다. 판매 장소인 미국은 왜 특허의 사용장소에서 전면 배제되어야 하는가? 다수의견처럼 ‘특허기술’이 국","전 세계’로 명시된 점이나 허용되는 행위 유형이 판매뿐만 아니라 제조, 수입, 수출 등까지 광범위하게 정해진 점을 근거로 제시한다. 그러면서 이 사건 사용료가 전적으로 미국 내 사용만을 위한 것은 아니라거나, 오로지",미검수,,,,candidates_prec_손해배상예정.csv
법제처 OPEN API/prec,609463,2021두59908,경정거부처분취소,https://www.law.go.kr/DRF/lawService.do?OC=test&target=prec&ID=609463&type=HTML,(조 번호 미표기),(판단 불명확),판단 불명확,,,," 라이선스의 지역적 범위가 ‘전 세계’로 명시된 점이나 허용되는 행위 유형이 판매뿐만 아니라 제조, 수입, 수출 등까지 광범위하게 정해진 점을 근거로 제시한다. 그러면서 이 사건 사용료가 전적으로 미국 내 사용만을 위한 것은 아니라거나, 오로지 ‘미국’이라는 특정한 지역에서의 ‘판매’에 대한 대가로만 사용료를 책정하여 지급한 것이 아니라고 한다. 하지만 이 사건 계약서의 다른 부분을 보면, 원고와 소외 회사가 진정으로 라이선스의 대상으로 삼고자 했던 것은 미국 내에서 효력을 가지는 ‘미국 특허권’이고 그 특허권에 의한 보호와 동떨어진 채 존재하는 ‘발명’이 아님을 충분히 알 수 있다. 이 사건 계약 제2조에는 ""원고가 ‘라이선스 대상 특허’ 관련 본 계약에 포함된 라이선스 및 면책에 대한 대가로 사용료를 지급한다(In consideration of the licenses and releases contained in this agreement relating to the ‘licensed patents’, 원고 shall pay to 소외 회사 …).""라고 규정하고 있는데, 전문에서는 그 ‘라이선스 대상 특허’(licensed patents)가 별지에 명시된 특허와 그 관련 특허임을 명시하고 있고, 별지에는 미국 특허등록번호 40개가 열거되어 있다. 다수 보충의견이 인용한 처분문서의 문언을 중시하여야 한다는 법리에 따르면 이 사건 계약에서의 라이선스 대상은 위 해당 문언과 같이 미국 등록 특허권 그 자체로 보아야 한다. 언뜻 이에 배치되는 듯한 위 라이선스의 지역적 범위에 관한 기재(예컨대 ‘worldwide’)는 단지 원고가 미국 특허권인 이 사건 특허권을 사용함에 있어서 지역적 제약을 따로 설정하지 아니하였음을 주의적·확인적으로 언급한 것일 뿐이다. 이는 가령 원고가 우리나라에서 제품을 제조한 후 이를 미국에서 수입·판매하는 것에 대해 따로 문제 삼지 않겠다는 취지일 따름이다. 이를 특허권 속지주의 관점에서 보면 ‘우리나라에서 제품을 제조하는 것’ 자체는 원래부터 금지되지도 않지만, 해당 제조행위에 대해 미국 특허권자가 법적으로 문제를 제기하지 않겠다는 점을 재차 확인하는 취지에서 들어간 문구 정도로 이해하는 것이 자연스럽다. 이러한 문구가 포함되었다고 해서, 이 사건 사용료의 체결 경위나 라이선스 대상에 관하여 훨씬 중요한 명시적 기재가 존재함에도, 이 사건 사용료 전체를 미국 특허권의 효력이 미치지 않는 국내에서 이루어진 발명의 사실상 사용에 대한 대가로 파악하는 것은 본말이 전도된 것이다. 라. 판매지(미국) 원천의 배제 문제에 관하여 다수의견은 ‘특허권 등록 국가에서의 법률상 사용(실시)’을 ‘특허의 사용’이라는 용어의 포섭 범위에서 완전히 제외하여, 마치 특허의 사용장소가 오로지 우리나라이고 우리나라만이 원천지국으로서의 과세권을 행사할 수 있는 것처럼 보고 있다. 이러한 다수의견은 별다른 근거도 없이 특허가 제조 단계에서만 사용될 수 있다는 전제에 서 있다. 그러나 특허는 오로지 제조 단계에서만 사용될 수 있는 것이 아니라 제품의 판매나 대여, 수입 등 단계에서도 사용될 수 있다고 보는 것이 일반적인 상식에 부합한다. 구 법인세법 제93조 제8호 단서 후문도 ‘특허권이 국내에서 제조·판매 등에 사용된 경우’라고 하여 특허가 판매 단계에서도 사용될 수 있음을 당연한 전제로 삼고 있다. 그렇다면 다수의견에 대하여 다음과 같은 의문이 제기된다. 판매 장소인 미국은 왜 특허의 사용장소에서 전면 배제되어야 하는가? 다수의견처럼 ‘특허기술’이 국내 제조 국면에서 사용된 것으로 보더라도, 그 제품이 다시 미국으로 수입·판매되는 국면에서는 ‘특허’(권리)가 사용되지 않는 것처럼 보아야 하는 이유는 대체 무엇인가? 만일 미국에서의 ‘사용’을 배제할 수 없다면, 소득 원천지로서 제조지(우리나라)와 판매지(미국)가 경합하는 상황이라 할 수 있을 것인데, 다수의견이 내세우는 것처럼 이 사건 사용료의 원천이 오롯이 우리나라에 있다고 보아야 하는 근거는 무엇인가? 다수의견이 해석의 근거로 삼고 있는 구 법인세법 제93조 제8호","대상으로 삼고자 했던 것은 미국 내에서 효력을 가지는 ‘미국 특허권’이고 그 특허권에 의한 보호와 동떨어진 채 존재하는 ‘발명’이 아님을 충분히 알 수 있다. 이 사건 계약 제2조에는 ""원고가 ‘라이선스 대상 특허’ 관련 본 계약에 포함된 라이선스 및 면책에 대한 대가로 사용료를 지급한다(In consideration of the licenses and releases contained in this agreement relating to the ‘licensed patents’, 원고 shall pay to 소외 회사 …).",미검수,,,,candidates_prec_손해배상예정.csv
법제처 OPEN API/prec,607231,2025다209893,분양대금반환청구의소·매매대금[상가의 수분양자인 원고들이 동시이행항변권을 포기한 것인지 문제된 사건],https://www.law.go.kr/DRF/lawService.do?OC=test&target=prec&ID=607231&type=HTML,제4조,(판단 불명확),판단 불명확,,,," ‘원고’라 한다)들과 피고(반소원고, 이하 ‘피고’라 한다)는 2020. 3. 1. 원고들이 피고에게서 이 사건 상가를 분양대금 1,269,657,720원(부가가치세 포함)에 분양받는 내용의 이 사건 분양계약을 체결하였다. 이후 원고들은 피고에 계약금 53,500,000원, 중도금 160,500,000원 합계 214,000,000원을 지급하였다. 나. 이 사건 분양계약 제4조 제1항, 제2항은 ‘원고들이 잔금 납부를 지연하여 잔금 지급일이 경과하였을 때에는 그 경과일수에 대하여 연 12%의 연체료를 가산하여 납부하여야 한다. 피고의 귀책사유로 소유권이전이 지연되는 경우에는 원고들이 기납부한 금액에 대하여 위 연체요율에 따라 원고들에게 지체상금을 지급하거나 잔여금액에서 공제한다.’고 정하고 있다. 한편 제1조 제1항에서 정한 잔금 지급일은 ‘준공 후 20일 이내’인데, 원고들과 피고는 제14조 제11항에서 ""잔금은 임대차계약 완료 시 입금한다.""라는 특약을 두었다. 다. 피고는 2020. 11. 13. 이 사건 상가 건물에 대하여 사용승인을 받고, 2020. 11. 23. 소유권보존등기를 마쳤다. 라. 피고는 2020. 12. 11. 이 사건 상가에 관하여 함양농업협동조합에 채권최고액을 10억 원으로 한 근저당권설정등기를 마쳐주었고(이하 ‘이 사건 근저당권’이라 한다), 2022. 5. 18. 소외인과 사이에 이 사건 상가를 보증금 50,000,000원, 월 차임 3,800,000원으로 정하여 임대하는 내용의 임대차계약(이하 ‘이 사건 임대차계약’이라 한다)을 체결하였다. 소외인은 2022. 6. 3.까지 피고에 임대차보증금 전액을 지급한 후 이 사건 상가에서 음식점을 운영하고 있다. 마. 원고들은 2022. 6. 27. 피고에 ‘피고가 이 사건 임대차계약을 무단으로 체결하고 이 사건 상가를 소외인에게 인도하였으므로 이 사건 분양계약을 해제한다. 또한 피고는 건축물분양법을 위반하여 이 사건 상가를 분양하였다.’는 내용의 통지를 하였고, 2022. 8. 2. 위 통지와 같은 주장을 하며 원상회복을 구하는 이 사건 본소를 제기하였다(본소장 부본은 2022. 8. 11. 피고에 송달됨). 바. 피고는 2022. 8. 4. 원고들에게 잔금 및 연체료를 2022. 8. 12.까지 지급하라고 요구하면서 소유권이전등기에 필요한 서류 일체를 법무사 사무실에 준비해두었다는 내용의 통지를 하였다. 사. 원고들은 피고와 그 대표이사 등을 건축물분양법 위반 혐의로 고발하였으나, 2023. 1. 19. 각하 처분이 내려졌다. 2. 본소 청구에 관하여 원심은 판시와 같은 이유로, 피고가 원고들의 동의 또는 승낙 없이 이 사건 근저당권을 설정하였다고 볼 만한 증거가 없으므로 피고의 이 사건 상가에 관한 소유권이전등기의무가 이행불능이라고 할 수 없다고 보아, 원고들의 분양대금 반환청구를 받아들이지 않았다. 원심판결 이유를 관련 법리와 기록에 비추어 살펴보면, 위와 같은 원심의 판단은 정당하고, 거기에 상고이유 주장과 같이 논리와 경험의 법칙을 위반하여 자유심증주의의 한계를 벗어나거나 증거능력, 증명책임 분배에 관한 법리를 오해한 잘못이 없다. 3. 반소 청구에 관하여 가. 원심의 판단 원심은 판시와 같은 이유로, 이 사건 분양계약 제4조 제1항, 제2항의 연체료와 지체상금 약정은 쌍무계약상의 동시이행에 관한 권리를 쌍방이 포기하기로 하는 특약에 해당하므로 원고들은 미지급 잔금과 이에 대하여 이 사건 임대차계약이 완료된 다음 날인 2022. 6. 4.부터 다 갚는 날까지 연 12%의 비율로 계산한 연체료를 가산하여 지급하여야 한다고 판단하였다. 나. 대법원의 판단 1) 부동산 매매계약에서 특별한 사정이 없는 한 매수인의 잔대금 지급의무와 매도인의 소유권이전등기서류 교부의무는 동시이행관계에 있다. 동시이행항변권의 포기는 명시적 의사표시뿐만 아니라 묵시적 의사표시로 이루어지는 것도 가능하지만, 묵시적 의사표시의 해석을 통한 동시이행항변권 포기의 인정은 엄격하고 신중하게 이루어져야 한다(",원고들이 잔금 납부를 지연하여 잔금 지급일이 경과하였을 때에는 그 경과일수에 대하여 연 12%의 연체료를 가산하여 납부하여야 한다. 피고의 귀책사유로 소유권이전이 지연되는 경우에는 원고들이 기납부한 금액에 대하여 위 연체요율에 따라 원고들에게 지체상금을 지급하거나 잔여금액에서 공제한다,미검수,,,,candidates_prec_손해배상예정.csv
법제처 OPEN API/prec,606173,2024다317332,건물인도·손해배상(기)[부속물 매매대금 채권을 수동채권으로 한 임대인의 상계 의사표시 이전 임차인의 목적물 점유가 불법점유인지 문제된 사건],https://www.law.go.kr/DRF/lawService.do?OC=test&target=prec&ID=606173&type=HTML,제2조,(판단 불명확),판단 불명확,,,,"을 갱신하여 오다가, 2018. 4. 25.경 임대차 기간을 2018. 4. 30.부터 2020. 4. 29.까지, 차임을 2018. 4. 30.부터 2019. 4. 29.까지는 월 72,555,940원, 2019. 4. 30.부터 2020. 4. 29.까지는 월 74,732,610원으로 각 정하여 임대하는 내용의 이 사건 임대차계약을 체결하였다. 2) 이 사건 임대차계약 제2조 제2항은 ‘임대인 또는 임차인이 계약 갱신을 원하지 않는 경우 임대차 기간 만료 1개월 전까지 상대방에 대하여 그 의사를 통보하기로 한다.’고 정하고 있는데, 원고가 임대차 기간 만료일인 2020. 4. 29.로부터 1개월 전인 2020. 3. 26. 피고에게 계약 갱신 거절의 의사를 표시함으로써 이 사건 임대차계약은 2020. 4. 29. 종료되었다. 3) 이 사건 임대차계약 제17조, 제19조 제1항은 ‘임차인이 임대차계약 만료일까지 목적물을 반환하지 않는 경우 임대인에게 임대차계약 만료일 다음 날부터 목적물 반환일까지의 기간에 대해 임대료의 1.3배에 상당하는 금액 등을 납부해야 한다.’고 정하고 있다. 4) 피고가 이 사건 건물 부분 사용의 편익을 위하여 설치한 조명시설, 소방설비에 대하여 부속물매수청구권을 행사한다는 의사가 표시된 이 사건 2023. 5. 19. 자 준비서면이 2023. 5. 26. 원고에게 송달되었다. 5) 한편 원고가 피고의 불법점유로 인한 손해배상채권을 자동채권으로 하여 피고의 부속물 매매대금 채권과 대등액에서 상계한다는 의사가 표시된 이 사건 2023. 6. 30. 자 준비서면이 같은 날 피고에게 송달되었다. 다. 원심은 위와 같은 사실관계를 기초로 하여 다음과 같이 판단하였다. 피고가 이 사건 2023. 5. 19. 자 준비서면의 송달로 부속물매수청구권 행사 의사를 표시함으로써 부속물에 관한 매매계약이 성립하였다고 하더라도 이미 발생한 원고의 월 차임 1.3배 상당의 손해배상 예정액 채권을 소멸하게 하는 것은 아니고, 원고가 손해배상 예정액 채권과 피고의 부속물 매매대금 채권을 대등액에서 상계하여 부속물 매매대금 채권이 소멸함으로써 동시이행항변권의 이행지체 저지효 역시 소멸하였다. 따라서 피고는 원고로부터 원상회복 의무 이행을 유예받은 기한을 넘긴 후인 2020. 11. 1.부터 이 사건 건물 부분을 불법점유하고 있는 것이므로, 그때부터 이 사건 건물 부분을 반환할 때까지의 기간 전부에 관하여 이 사건 임대차계약 제19조 제1항에서 정한 대로 월 차임의 1.3배에 해당하는 월 97,152,393원(= 74,732,610원 × 1.3)의 비율로 계산한 돈을 손해배상 예정액으로 원고에게 지급할 의무가 있다. 라. 그러나 앞서 본 법리에 비추어 보면, 원심의 판단 중 피고가 2023. 5. 26.부터 2023. 6. 30.까지 이 사건 건물 부분을 점유한 것을 불법점유로 보아 피고에게 이 사건 임대차계약 제19조 제1항에 따른 손해배상 예정액의 지급을 명한 부분은 다음과 같은 이유에서 수긍하기 어렵다. 1) 피고가 이 사건 2023. 5. 19. 자 준비서면의 송달로 조명시설, 소방설비에 대한 부속물매수청구권을 행사하여 원고와 피고 사이에 이에 관한 매매계약이 성립되었고, 원고는 피고에 대하여 부속물 매매대금 지급의무를 부담하게 되었다. 2) 원고가 부속물 매매대금 지급의무를 이행하거나 적법하게 이행의 제공을 하는 등으로 동시이행항변권을 상실시키지 않는다면, 피고가 적법한 부속물매수청구권 행사 후에 이 사건 건물 부분을 계속 점유하는 것을 불법점유라고 할 수 없다. 그런데 이 사건에서 원고가 상계의 의사표시에 앞서 부속물 매매대금 지급의무를 이행하였거나 적법하게 이행의 제공을 하였음을 알 수 있는 자료가 없다. 3) 피고의 부속물매수청구권 행사 후에 원고가 그에 따른 피고의 부속물 매매대금 채권을 피고의 ",임대인 또는 임차인이 계약 갱신을 원하지 않는 경우 임대차 기간 만료 1개월 전까지 상대방에 대하여 그 의사를 통보하기로 한다,미검수,,,,candidates_prec_손해배상예정.csv
법제처 OPEN API/prec,606173,2024다317332,건물인도·손해배상(기)[부속물 매매대금 채권을 수동채권으로 한 임대인의 상계 의사표시 이전 임차인의 목적물 점유가 불법점유인지 문제된 사건],https://www.law.go.kr/DRF/lawService.do?OC=test&target=prec&ID=606173&type=HTML,제17조,(판단 불명확),판단 불명확,,,,"은 ‘임대인 또는 임차인이 계약 갱신을 원하지 않는 경우 임대차 기간 만료 1개월 전까지 상대방에 대하여 그 의사를 통보하기로 한다.’고 정하고 있는데, 원고가 임대차 기간 만료일인 2020. 4. 29.로부터 1개월 전인 2020. 3. 26. 피고에게 계약 갱신 거절의 의사를 표시함으로써 이 사건 임대차계약은 2020. 4. 29. 종료되었다. 3) 이 사건 임대차계약 제17조, 제19조 제1항은 ‘임차인이 임대차계약 만료일까지 목적물을 반환하지 않는 경우 임대인에게 임대차계약 만료일 다음 날부터 목적물 반환일까지의 기간에 대해 임대료의 1.3배에 상당하는 금액 등을 납부해야 한다.’고 정하고 있다. 4) 피고가 이 사건 건물 부분 사용의 편익을 위하여 설치한 조명시설, 소방설비에 대하여 부속물매수청구권을 행사한다는 의사가 표시된 이 사건 2023. 5. 19. 자 준비서면이 2023. 5. 26. 원고에게 송달되었다. 5) 한편 원고가 피고의 불법점유로 인한 손해배상채권을 자동채권으로 하여 피고의 부속물 매매대금 채권과 대등액에서 상계한다는 의사가 표시된 이 사건 2023. 6. 30. 자 준비서면이 같은 날 피고에게 송달되었다. 다. 원심은 위와 같은 사실관계를 기초로 하여 다음과 같이 판단하였다. 피고가 이 사건 2023. 5. 19. 자 준비서면의 송달로 부속물매수청구권 행사 의사를 표시함으로써 부속물에 관한 매매계약이 성립하였다고 하더라도 이미 발생한 원고의 월 차임 1.3배 상당의 손해배상 예정액 채권을 소멸하게 하는 것은 아니고, 원고가 손해배상 예정액 채권과 피고의 부속물 매매대금 채권을 대등액에서 상계하여 부속물 매매대금 채권이 소멸함으로써 동시이행항변권의 이행지체 저지효 역시 소멸하였다. 따라서 피고는 원고로부터 원상회복 의무 이행을 유예받은 기한을 넘긴 후인 2020. 11. 1.부터 이 사건 건물 부분을 불법점유하고 있는 것이므로, 그때부터 이 사건 건물 부분을 반환할 때까지의 기간 전부에 관하여 이 사건 임대차계약 제19조 제1항에서 정한 대로 월 차임의 1.3배에 해당하는 월 97,152,393원(= 74,732,610원 × 1.3)의 비율로 계산한 돈을 손해배상 예정액으로 원고에게 지급할 의무가 있다. 라. 그러나 앞서 본 법리에 비추어 보면, 원심의 판단 중 피고가 2023. 5. 26.부터 2023. 6. 30.까지 이 사건 건물 부분을 점유한 것을 불법점유로 보아 피고에게 이 사건 임대차계약 제19조 제1항에 따른 손해배상 예정액의 지급을 명한 부분은 다음과 같은 이유에서 수긍하기 어렵다. 1) 피고가 이 사건 2023. 5. 19. 자 준비서면의 송달로 조명시설, 소방설비에 대한 부속물매수청구권을 행사하여 원고와 피고 사이에 이에 관한 매매계약이 성립되었고, 원고는 피고에 대하여 부속물 매매대금 지급의무를 부담하게 되었다. 2) 원고가 부속물 매매대금 지급의무를 이행하거나 적법하게 이행의 제공을 하는 등으로 동시이행항변권을 상실시키지 않는다면, 피고가 적법한 부속물매수청구권 행사 후에 이 사건 건물 부분을 계속 점유하는 것을 불법점유라고 할 수 없다. 그런데 이 사건에서 원고가 상계의 의사표시에 앞서 부속물 매매대금 지급의무를 이행하였거나 적법하게 이행의 제공을 하였음을 알 수 있는 자료가 없다. 3) 피고의 부속물매수청구권 행사 후에 원고가 그에 따른 피고의 부속물 매매대금 채권을 피고의 이 사건 건물 부분 불법점유로 인한 원고의 손해배상채권과 상계하는 의사를 표시함에 따라 그 부속물 매매대금 채권이 소멸된다고 하더라도, 양 채권을 정산하는 기준시기가 상계적상이 있었던 때인 부속물 매매대금 채권 발생 시점으로 소급하는 것일 뿐, 상계의 의사표시 이전까지 존재하였던 원고의 부속물 매매대금 지급의무와 피고의 이 사건 건물 부분 인도의무 사이의 동시이행관계가 상계적상이 있었던 시기로 소급하여 소멸되고 이로 인하여 피고의 위 인도의무가 그때부터 이행",임차인이 임대차계약 만료일까지 목적물을 반환하지 않는 경우 임대인에게 임대차계약 만료일 다음 날부터 목적물 반환일까지의 기간에 대해 임대료의 1.3배에 상당하는 금액 등을 납부해야 한다,미검수,,,,candidates_prec_손해배상예정.csv
법제처 OPEN API/prec,606973,2023가합96954,해고무효확인,https://www.law.go.kr/DRF/lawService.do?OC=test&target=prec&ID=606973&type=HTML,(조 번호 미표기),(판단 불명확),판단 불명확,,,,"재 및 변론 전체의 취지에 의하여 인정되는 다음과 같은 사실 및 사정을 위 법리에 비추어 보면 원고를 피고의 근로자라고 보기 어려우므로, 원고의 주장은 이유 없다. 가) 피고 소속 쇼핑호스트의 종류 피고에는 ① 출퇴근 시간과 소정 근로시간이 정해져 있고 피고 취업규칙 등 피고 내부규정의 적용을 받는 전문계약직 쇼핑호스트와 ② ‘프리랜서 쇼핑호스트 업무 위촉계약서’를 작성하여 이 사건 위촉계약과 같은 내용의 계약을 체결하고 쇼핑호스트 업무를 수행하는 프리랜서 쇼핑호스트(원고가 여기에 포함된다)가 있다. 이하에서는 프리랜서 쇼핑호스트를 기준으로 판단한다(이하 ‘쇼핑호스트’ 기재는 ‘프리랜서 쇼핑호스트’를 의미하고, 특정이 필요한 경우에만 전문계약직 또는 프리랜서 쇼핑호스트를 특정한다). 나) 구체적인 업무 수행이 피고의 지시대로 이루어지는지 여부 (1) 쇼핑호스트는 방송 3~5일 전에 담당 PD·MD, 협력업체 관계자 등과 함께 회의에 참석하여 판매할 상품의 특징에 관한 설명을 듣고, 상품의 특징과 방송에서의 표현 등을 함께 논의한 후 이를 기초로 하여 개인의 설명 방식이나 요령에 따라 방송을 진행하면서 상품을 설명하고 시연하게 된다. (2) 이처럼 쇼핑호스트의 주요한 업무인 방송 업무가 피고가 주도한 위 회의에서 정한 기본적인 방향과 기획 의도에 따르는 제약이 있기는 하나, ① 이 사건 위촉계약서 제2조 제1항 제1호는 「본 계약에 따라 원고는 다음 각호에 규정된 업무를 성실히 수행하여야 한다. 사전미팅 참석: 상품 내용 및 방송 판매 기획 숙지」를 정하고 있으므로, 원고가 방송을 위하여 피고가 진행하는 회의에 참석하는 것은 계약에서 정한 사항을 이행하는 것으로 볼 수 있는 점, ② 다른 방송과 달리 피고는 쇼핑호스트에게 방송 대본을 주지 않는 점, ③ 쇼핑호스트의 방송 업무 자체는 쇼핑호스트가 개인적인 역량을 발휘하여 자율적으로 수행하는 것으로서 정형화된 업무 수행 방법이 있을 수 없는 점 등에 비추어 보면, 피고가 쇼핑호스트의 업무 수행에 대하여 구체적이고 직접적인 지휘·감독을 한다고 할 수 없다. (3) ① 피고가 행사를 개최하는 경우 전문계약직 쇼핑호스트에게 행사 사회 등 지원업무를 지시하지만, 필요한 경우 프리랜서 쇼핑호스트들에게 행사진행을 요청하였고, ② 쇼핑호스트가 방송통신심의위원회 소위원회 방청교육에 참석하거나 ③ 신입 쇼핑호스트들의 조장이나 멘토 등 업무를 수행하기도 하였으나, 쇼핑호스트로서는 이를 거절하는 등 자유롭게 위 각 업무의 수행 여부를 선택할 수 있었고, 위 각 업무를 수행하는 경우 그에 대한 수수료가 지급되었다. 또한 위 각 업무는 이 사건 위촉계약서 제2조 제1항 제3호의「기타 피고가 업무와 관련하여 별도로 요청하는 사항」에 해당한다고 보아야 하므로, 원고가 이 사건 위촉계약에 따라 위 각 업무를 수행한 것이 피고의 근로자로서 피고의 구속력 있는 지시에 따른 것이라고 볼 수도 없다. 다) 원고의 근무형태(근무시간, 근무장소 등) 및 피고의 근태관리 (1) 쇼핑호스트에 대해서는 고정된 출퇴근시간이나 월 소정근로시간 등이 정해져 있지 않았고, 쇼핑호스트의 출퇴근시간을 관리·감독하는 전산시스템이나 그 내역을 기재하여 제출하게 하는 업무절차도 없었다. 따라서 쇼핑호스트는 홈쇼핑 방송 준비 및 촬영, 방송 후 리뷰, 정리 등을 위해 필요한 ‘방송업무시간(방송녹화 시작 2시간 전~방송종료 후 1시간)’의 준수만 요구되었다. 피고는 여성 쇼핑호스트에게 ‘녹화(생방송) 2시간 전’까지, 남성 쇼핑호스트에게 ‘녹화(생방송) 1시간 30분 전까지’ 분장실로 도착할 것을 요청하였으나, 쇼핑호스트의 주된 업무인 방송 출연은 독자적으로 수행할 수 있는 것이 아니고 피고가 주관하는 방송과 함께 이루어지는 것이라는 특성을 고려하면, 위와 같은 방송 전후 일정한 시간 동안 업무가 강제되는 것은 이 사건 위촉계약에 따른 업무 수행의 일환으로 보아야 하므로,",작성하여 이 사건 위촉계약과 같은 내용의 계약을 체결하고 쇼핑호스트 업무를 수행하는 프리랜서 쇼핑호스트(원고가 여기에 포함된다)가 있다. 이하에서는 프리랜서 쇼핑호스트를 기준으로 판단한다(이하,미검수,,,,candidates_prec_손해배상예정.csv
법제처 OPEN API/prec,606973,2023가합96954,해고무효확인,https://www.law.go.kr/DRF/lawService.do?OC=test&target=prec&ID=606973&type=HTML,제2조,(판단 불명확),판단 불명확,,,,"의에 참석하여 판매할 상품의 특징에 관한 설명을 듣고, 상품의 특징과 방송에서의 표현 등을 함께 논의한 후 이를 기초로 하여 개인의 설명 방식이나 요령에 따라 방송을 진행하면서 상품을 설명하고 시연하게 된다. (2) 이처럼 쇼핑호스트의 주요한 업무인 방송 업무가 피고가 주도한 위 회의에서 정한 기본적인 방향과 기획 의도에 따르는 제약이 있기는 하나, ① 이 사건 위촉계약서 제2조 제1항 제1호는 「본 계약에 따라 원고는 다음 각호에 규정된 업무를 성실히 수행하여야 한다. 사전미팅 참석: 상품 내용 및 방송 판매 기획 숙지」를 정하고 있으므로, 원고가 방송을 위하여 피고가 진행하는 회의에 참석하는 것은 계약에서 정한 사항을 이행하는 것으로 볼 수 있는 점, ② 다른 방송과 달리 피고는 쇼핑호스트에게 방송 대본을 주지 않는 점, ③ 쇼핑호스트의 방송 업무 자체는 쇼핑호스트가 개인적인 역량을 발휘하여 자율적으로 수행하는 것으로서 정형화된 업무 수행 방법이 있을 수 없는 점 등에 비추어 보면, 피고가 쇼핑호스트의 업무 수행에 대하여 구체적이고 직접적인 지휘·감독을 한다고 할 수 없다. (3) ① 피고가 행사를 개최하는 경우 전문계약직 쇼핑호스트에게 행사 사회 등 지원업무를 지시하지만, 필요한 경우 프리랜서 쇼핑호스트들에게 행사진행을 요청하였고, ② 쇼핑호스트가 방송통신심의위원회 소위원회 방청교육에 참석하거나 ③ 신입 쇼핑호스트들의 조장이나 멘토 등 업무를 수행하기도 하였으나, 쇼핑호스트로서는 이를 거절하는 등 자유롭게 위 각 업무의 수행 여부를 선택할 수 있었고, 위 각 업무를 수행하는 경우 그에 대한 수수료가 지급되었다. 또한 위 각 업무는 이 사건 위촉계약서 제2조 제1항 제3호의「기타 피고가 업무와 관련하여 별도로 요청하는 사항」에 해당한다고 보아야 하므로, 원고가 이 사건 위촉계약에 따라 위 각 업무를 수행한 것이 피고의 근로자로서 피고의 구속력 있는 지시에 따른 것이라고 볼 수도 없다. 다) 원고의 근무형태(근무시간, 근무장소 등) 및 피고의 근태관리 (1) 쇼핑호스트에 대해서는 고정된 출퇴근시간이나 월 소정근로시간 등이 정해져 있지 않았고, 쇼핑호스트의 출퇴근시간을 관리·감독하는 전산시스템이나 그 내역을 기재하여 제출하게 하는 업무절차도 없었다. 따라서 쇼핑호스트는 홈쇼핑 방송 준비 및 촬영, 방송 후 리뷰, 정리 등을 위해 필요한 ‘방송업무시간(방송녹화 시작 2시간 전~방송종료 후 1시간)’의 준수만 요구되었다. 피고는 여성 쇼핑호스트에게 ‘녹화(생방송) 2시간 전’까지, 남성 쇼핑호스트에게 ‘녹화(생방송) 1시간 30분 전까지’ 분장실로 도착할 것을 요청하였으나, 쇼핑호스트의 주된 업무인 방송 출연은 독자적으로 수행할 수 있는 것이 아니고 피고가 주관하는 방송과 함께 이루어지는 것이라는 특성을 고려하면, 위와 같은 방송 전후 일정한 시간 동안 업무가 강제되는 것은 이 사건 위촉계약에 따른 업무 수행의 일환으로 보아야 하므로, 위 사정만으로 원고에 대한 근무시간 지정이나 근태관리가 이루어진 것이라고 할 수 없다. (2) 같은 취지에서, 방송 예정이던 쇼핑호스트가 개인적인 사정으로 방송진행이 불가능해지자 피고가 원고에게 대신 방송을 진행해 달라는 부탁을 한 것이나, 피고가 원고가 참여하는 회의 일정을 잡았던 것, 피고가 태풍 등 돌발 상황으로 인해 쇼핑호스트가 방송 시간에 스튜디오에 도착하지 못하는 비상상황에 대비하여 ‘비상긴급 담당 쇼핑호스트’를 예비적으로 지정해 둔 것(실제로 ‘비상긴급 담당 쇼핑호스트’가 활용된 사례는 없다) 등은 모두 방송 업무의 특성에 따른 통상적인 업무협조요청 범위 내의 것이라고 보아야 한다(공동의 목적을 가지고 업무를 수행하는 계약관계에서 다소의 구속력이 있는 업무요청사항이 존재한다는 사정만으로 그 계약관계를 바로 근로계약관계로 볼 수는 없다). (3) 쇼핑호스트에게는 연차 유급휴가 제도",본 계약에 따라 원고는 다음 각호에 규정된 업무를 성실히 수행하여야 한다. 사전미팅 참석: 상품 내용 및 방송 판매 기획 숙지,미검수,,,,candidates_prec_손해배상예정.csv
법제처 OPEN API/prec,606973,2023가합96954,해고무효확인,https://www.law.go.kr/DRF/lawService.do?OC=test&target=prec&ID=606973&type=HTML,제2조,(판단 불명확),판단 불명확,,,,"면 피고의 시스템에 2주 전에 미리 등록을 하여야 하나, 이는 피고가 방송편성 계획을 수립하고 각 방송에 쇼핑호스트를 배정하기 위하여 개인일정 사용에 최소한의 제한을 둔 것에 불과하다. 피고가 일부 쇼핑호스트에게 개인일정 조정 요청을 한 사실이 인정되나, 이러한 요청은 오히려 쇼핑호스트들이 자유롭게 개인일정을 사용할 수 있었기 때문에 나타난 결과로 보인다[이 사건 위촉계약서 제2조 제2항은 「2. 피고와 원고는 상호 협의에 따라 원고의 구체적인 업무 수행 일자 또는 방송 프로그램 출연일자를 정한다(일정 변경 포함).」라고 규정하고 있으므로, 원고가 개인일정을 사용하는 것이나 피고가 원고에게 개인일정 조정을 요청하는 것 모두 이 사건 위촉계약에서 정한 업무 수행 일자 조율의 과정이라고 볼 수 있다]. 또한 쇼핑호스트로서는 개인일정을 사용하려는 경우 위와 같이 피고의 시스템에 개인일정을 등록하는 것 외에 피고로부터 허가를 받는 등의 절차가 없었으므로, 쇼핑호스트는 자유롭게 개인일정을 사용할 수 있었다고 보아야 한다(반면 피고의 다른 근로자들은 피고의 인사시스템에 연차사용 품의서를 제출하여 휴가를 사용하였다). (4) 또한 피고가 홈쇼핑 방송 일정을 정하여 쇼핑호스트에게 알려주면 쇼핑호스트가 방송에 출연하는 방식으로 업무 일정이 정해지기는 하였으나, 방송 일정 편성과 판매 상품 결정 및 상품에 맞는 쇼핑호스트를 배정하는 것은 홈쇼핑 방송 제작사인 피고가 당연히 해야 할 업무였고, 쇼핑호스트 배정 과정에서 쇼핑호스트들의 일정이 겹치거나 공백이 발생하지 않도록 쇼핑호스트들 사이의 일정을 조율하는 것도 당연히 부수되는 업무였다고 보아야 한다. 이 과정에서 쇼핑호스트는 자신에게 배정된 방송 일정 수락 여부를 결정할 수 있었으므로, 방송 배정에 따른 방송 진행이 강제되었다고 보기도 어렵다(배정받은 방송 출연에 관한 무제한적인 선택권을 보장받지 못하였다는 이유만으로 피고의 출연 지시에 쇼핑호스트들이 구속되는 관계였다고 인정할 수는 없다). (5) 홈쇼핑 방송 촬영을 위해서는 방송설비가 갖추어진 장소에서 많은 사람이 함께 작업을 해야 하는 것이므로, 피고가 홈쇼핑 방송을 위해서 조성한 방송 장소에서 촬영을 하도록 한 것을 들어 ‘쇼핑호스트에게 근무장소를 지정한 것’이라고 보기는 어렵다. 피고는 쇼핑호스트들이 방송 준비를 할 수 있도록 공용 사무공간이나 라운지, 수면실 등을 제공하기도 하였으나 이는 업무상 편의를 위하여 제공하는 것에 불과하고, 쇼핑호스트로서는 방송이나 방송 준비, 회의 외에는 시간과 장소의 제약 없이 업무를 수행할 수 있었으므로, 근무시간과 장소의 지정이 있었다고 볼 수 없다. 라) 근로조건에 관한 사항 (1) 쇼핑호스트는 취업규칙의 적용도 받지 않았고, 이 사건 위촉계약에는 근로시간, 연차 유급휴가 등 근로기준법 제17조에 따라 근로조건으로 명시되어야 하는 사항이 충분해 정해져 있지 않았다. (2) 쇼핑호스트는 피고 근로자들을 대상으로 한 법정의무교육을 받지 않았고, 근로자들에게 제공되는 주택자금·학자금·의료비·휴가비 등의 복리후생 혜택이나 심야교통비 등을 받지 아니하였다. 피고는 쇼핑호스트에게 사원증(ID카드)을 발급해 주기는 하였으나, 쇼핑호스트 외에도 게스트, 성우, 모델이나 협력업체 직원에게도 복지를 제공하고 출입과 구내식당 이용을 위한 ID카드를 발급해 주었으므로, 원고가 위와 같은 혜택을 받은 것만으로는 원고가 피고의 근로자라고 인정하기에 부족하다. (3) 쇼핑호스트에 대하여는 근로소득세가 아닌 사업소득세를 원천징수하였고, 4대 보험(고용보험·산재보험·국민연금·건강보험)의 가입대상자도 아니었다. (4) 쇼핑호스트 업무규정, 방송운영 업무규정, 체험용 샘플 사용 프로세스 등은 쇼핑호스트가 위임계약의 성질을 가지는 이 사건 위촉계약에 따라 업무를 수행하면서 지켜야 할 사항에 불과하고, 위 가이드 등이 업무를 처리함에",2. 피고와 원고는 상호 협의에 따라 원고의 구체적인 업무 수행 일자 또는 방송 프로그램 출연일자를 정한다(일정 변경 포함).,미검수,,,,candidates_prec_손해배상예정.csv
법제처 OPEN API/prec,618569,2024가합22393,부당이득금·손해배상등,https://www.law.go.kr/DRF/lawService.do?OC=test&target=prec&ID=618569&type=HTML,제8조,(판단 불명확),판단 불명확,,,,"유하는 것에 지나지 않는다. 나) 따라서 피고 2가 주장하는 원고의 이 사건 회수행위의 실질은 피고 2가 소유하는 가상자산을 원고가 임의로 취득한 것이 아니라, 원고가 이 사건 일반회원계정을 관리하는 가상자산 거래소의 지위에서 이 사건 일반회원계정에 피고 2가 원고에게 반환청구권을 갖는다고 잘못 표기된 부분의 오류를 수정한 것에 지나지 않는다. 더욱이 이 사건 이용약관 제8조 제10항 (a)에 의하면, 원고는 ‘거래가 체결, 결제 또는 통신 시스템의 오작동으로 발생한 경우’ 원고는 당사자의 동의가 없더라도 거래를 취소하거나 무효화할 수 있는데, ① ‘거래’를 ‘가상자산 거래소 이용자 사이의 거래’로 제한하여 해석할 합리적 이유가 없으므로 위 ‘거래’에는 이 사건 제휴프로그램에 따른 수수료 지급과 같이 ‘가상자산 거래소와 이용자 사이의 거래’도 포함된다고 봄이 상당하고, ② 위와 같이 가상자산 거래소의 실질적인 운영행태에 비추어 볼 때, ‘거래를 취소하거나 무효화하는 것’은 ‘실제 가상자산을 회수하는 것’이 아니라 ‘가상자산의 거래에 관한 장부상 기록을 수정하는 것’을 의미하므로, 피고 2가 주장하는 이 사건 회수행위는 이 사건 이용약관 제8조 제10항 (a)에 따른 정당한 조치로 위법하다고 볼 수 없다. 다. 소결론 피고 2의 각 반소청구는 이유 없으므로 이를 모두 받아들이지 않는다. 6. 결론 그렇다면 원고의 피고 2에 대한 본소청구는 이유 있어 이를 인용하고, 피고 1에 대한 본소청구는 이유 없어 이를 기각하며, 피고 2의 각 반소청구는 모두 이유 없어 이를 모두 기각하기로 하여 주문과 같이 판결한다. 판사 장용범(재판장) 김진아 김민순 ]]>","거래가 체결, 결제 또는 통신 시스템의 오작동으로 발생한 경우",미검수,,,,candidates_prec_약관조항무효.csv
법제처 OPEN API/prec,609337,2024나65751,분담금반환청구등,https://www.law.go.kr/DRF/lawService.do?OC=test&target=prec&ID=609337&type=HTML,(조 번호 미표기),(판단 불명확),판단 불명확,,,,"터 3년이 경과한 2024.경에 이르러서 시공사를 소외 3 회사로 변경한 점, ⑤ 원고가 작성한 위 조합원가입 희망 동호수 신청서에는 ‘피고의 상기 목적물에 대한 조합원 가입신청을 함에 있어 향후 인, 허가 과정에서 다소 변경될 수 있음을 인지하며, 이를 명확히 하고자 다음과 같이 희망 동호수를 신청합니다.’라는 내용이 함께 기재되어 있는 점, ⑥ 원고는 이 사건 조합원가입계약체결 당시인 2021. 6. 12. 피고에게 ‘이 사건 사업으로 신축될 아파트를 향후 주택사업계획 승인 이후 건축개요가 변경이 없을 경우 희망 동호수를 배정받으며, 변경시 동호수 배정은 사업주체의 방식에 따르기로 하여 조합원가입계약을 체결하였으며, 향후 사업추진 및 인, 허가 진행 결과에 따라 변경이 있을 수 있음을 충분히 인지하고 확인합니다.’라는 내용의 확약서를 제출하였고, 또한 피고에게 제출한 조합원가입 체크리스트의 5항에는 ‘계약시 신청한 희망 동호수는 인허가 과정에서 동호수 증감 등으로 인해 변경될 수 있으며 사업계획 승인 후 확정된다는 것에 대한 설명을 들으셨습니까?’라고 기재되어 있고 원고는 이에 대하여 ‘예’란에 체크 표시를 한 점 등에 비추어 보면, 원고가 제출한 증거만으로는 피고가 시공사 선정 및 동호수 지정과 관련하여 구체적 사실을 신의성실의 의무에 비추어 비난받을 정도의 방법으로 허위로 고지하여 기망행위를 하였다고 인정하기에 부족하고, 달리 이를 인정할 증거가 없으므로, 원고의 이 부분 주장 역시 이유 없다. 3) 이 사건 무상제공 약정 관련 사기 주장에 대한 판단 갑 5호증의 기재에 의하면, 피고는 분양홍보자료에서 조합원 가입시 선착순으로 20,000,000원 상당의 가전제품을 제공한다고 광고한 사실을 인정할 수 있고, 이 사건 확약서에도 ‘선착순’으로 가전제품을 무상으로 제공한다고 기재되어 있는 사실, 이 사건 확약서상 무상제공되는 품목은 가전제품(광파오븐, 3구 인덕션, 식기세척기, 시스템 에어컨, 스타일러, 워시타워, 김치냉장고)과 안방에 설치되는 붙박이장 가구였으나, 피고의 2024. 9. 7.자 정기총회에서 무상제공 품목이 안방과 거실의 시스템 에어컨으로 축소되는 내용의 가전제품 무상제공 변경 승인의 건이 가결된 사실 등은 앞서 본 바와 같다. 그런데 앞서 든 증거와 갑 14, 16호증, 을 23, 24호증의 각 기재 및 음성에 변론 전체의 취지를 종합하여 인정되는 다음과 같은 사정들 즉, ① 원고는 2021. 2. 22. 주식회사 □□□(이하 ‘소외 2 회사’라고 한다)와 사이에 소외 2 회사가 사업계획 및 인, 허가, 각종 용역 및 계약 업무지원, 사업부지 확보 등 피고의 업무를 대행하도록 하는 계약을 체결하였고, 이후 피고와 소외 2 회사는 2021. 3. 10. 주식회사 ☆☆☆디엔씨(이하 ‘소외 4 회사’라고 한다)가 피고 조합원을 모집하는 업무를 대행하도록 하는 계약(이하 ‘이 사건 업무대행계약’이라고 한다)을 체결한 점, ② 이 사건 업무대행계약서 제6조는 영업활동시 비용분담을 규정하고 있는데, 제6조 제1항 제6호에서는 피고와 업무대행사인 소외 2 회사가 부담할 비용으로 주택홍보관 오픈시 이벤트 및 홍보 판촉물, 방문/계약고객용 사은품, 경품 비용 등을 규정하고 있고, 같은 조 제2항 제4호에서는 조합원 모집대행사인 소외 4 회사가 부담할 비용으로 조합원 모집 촉진을 위한 업무수행에 필요한 비용 등을 규정하고 있는 점, ③ 이 사건 확약서에 따라 가전제품 및 가구를 제공하는데 필요한 비용은 이 사건 업무대행계약서 제6조 제1항 제6호 소정의 주택관 홍보관 오픈시의 판촉물, 사은품이나 경품의 비용이 아니라 같은 조 제2항 제4호 소정의 조합원 모집 촉진을 위한 업무수행에 필요한 비용에 해당하는 것으로 보이는 점, ④ 따라서 비록 대외적으로 피고가 원고에게 무상으로 가전제품 및 가구를 제공하도록 정하긴 하였으나, 대내적으로 그 비용은 소외 4 회사가 부담하기로 정한 것으로 보이는 점, ⑤ 일부 조합원들은 조합원가입계약체결 당시 소외 2 회사로부터 무상으로 가전제품을 제공받는다고 설명을 들은 것으로 보이","사건 사업으로 신축될 아파트를 향후 주택사업계획 승인 이후 건축개요가 변경이 없을 경우 희망 동호수를 배정받으며, 변경시 동호수 배정은 사업주체의 방식에 따르기로 하여 조합원가입계약을 체결하였으며, 향후 사업추진 및 인, 허가 진행 결과에 따라 변경이 있을 수 있음을 충분히 인지하고 확인합니다",미검수,,,,candidates_prec_약관조항무효.csv
법제처 OPEN API/prec,605033,2024다215375,손해배상(기)등·손해배상(기)[해외 파생상품시장거래에서 투자중개업자의 장중 반대매매를 정한 약관 조항의 효력과 적용 범위 및 투자중개업자의 선관주의의무 위반 여부 등이 문제된 사건],https://www.law.go.kr/DRF/lawService.do?OC=test&target=prec&ID=605033&type=HTML,(조 번호 미표기),(판단 불명확),판단 불명확,,,,"3.까지 순차로 투자신탁 형식의 전문투자형 사모집합투자기구인 이 사건 펀드를 설정하고, 그 투자신탁재산을 「자본시장과 금융투자업에 관한 법률」(이하 ‘자본시장법’이라 한다)에 따른 신탁업자인 나머지 피고들에게 신탁하여 운용하였다. 나. 피고들은 자본시장법상 투자중개업자인 원고 명의로 해외 파생상품 거래를 하기 위해 원고와「해외 파생상품 시장거래 총괄계좌 설정약관」(이하 ‘이 사건 약관’이라 한다)에 의한 계좌설정계약을 체결하고 이 사건 계좌를 개설하였다. 원고는 피고 △△△자산운용에 「해외 파생상품 거래 위험고지서 및 거래설명서」(이하 ‘이 사건 설명서’라 한다)를 교부하였다. 다. 이 사건 약관 제14조 제1항은 고객의 귀책사유나 원고에게 책임이 없는 불가피한 사유가 있는 경우 외에는 고객이 위탁증거금의 추가예탁요구를 통보받고도 지정된 기한 내에 이행하지 아니한 경우에 미결제약정의 반대매매를 하도록 정하였다. 같은 조 제2항은 ""회사(원고)는 제1항에도 불구하고 장중에 시세의 급격한 변동 등으로 인하여 고객의 평가위탁총액이 위탁증거금의 20%보다 낮은 경우에는 위탁증거금의 추가 예탁을 요구하지 아니하고 필요한 수량만큼 미결제약정을 반대매매하고 예탁한 대용증권을 처분할 수 있다.""라고 정하고 있다(이하 이 사건 약관 제14조 제2항을 ‘이 사건 약관 조항’이라 한다). 라. 피고 △△△자산운용은 고유재산 및 이 사건 펀드의 투자신탁재산을 주로 오사카 증권거래소의 장내 파생상품인 ‘Nikkei 225 Index’(이하 ‘니케이 지수’라 한다)의 풋옵션(이하 ‘니케이 풋옵션’이라 한다)에 투자하였다. 니케이 지수는 2020. 2. 하순부터 하락세를 보이다 2020. 2. 28. 약 3.67% 하락하였고, 다수의 풋옵션 매도 포지션을 취하던 이 사건 계좌의 자산평가액도 급격히 하락하였다. 마. 결국 원고는 이 사건 계좌에 관한 평가위탁총액이 위탁증거금의 20%에 미달하게 되었다는 이유로 이 사건 약관 조항에 근거하여 2020. 2. 29. 00:00경부터 같은 날 05:30경까지 피고들에게 위탁증거금의 추가예탁요구를 하지 아니하고 이 사건 계좌의 니케이 풋옵션 등을 반대매매로 청산하였다(이하 ‘이 사건 반대매매’라 한다). 바. 원고의 본소청구 중 미수금 청구는 피고들에 대해 이 사건 약관 제14조 제3항에 따라 원고가 이 사건 반대매매 과정에서 대신하여 납부한 결제대금과 미납수수료에 이자를 더한 금액의 지급을 구하는 것이다(원고는 원심판결의 본소 중 손해배상청구 부분에 대하여 상고하지 않았다). 사. 피고들은 이 사건 반대매매 실행이 위법하다며 위 본소청구를 다투는 한편, 위법한 이 사건 반대매매로 인해 이 사건 계좌에 보유하고 있었던 예탁금 상당액의 손해를 입게 되었다고 주장하며 반소청구로서 원고를 상대로 자본시장법 제64조 제1항 또는 민법 제750조의 불법행위책임 및 채무불이행책임에 기한 손해배상을 구하고 있다. 2. 원심의 판단 원심은 다음과 같은 이유로 이 사건 약관 조항에 기한 이 사건 반대매매를 위법하다고 보았다. 가. 이 사건 약관 조항에 의한 반대매매는 자본시장법이 원칙적으로 금지하는 일임매매에 해당하고, 자본시장법 제71조 제6호 단서, 제7조 제4항 및 그 위임에 따른 자본시장과 금융투자업에 관한 법률 시행령(이하 ‘자본시장법 시행령’이라 한다) 제7조 제3항 제3호 등에 의해 예외적으로 허용되는 일임매매가 아니다. 따라서 이 사건 약관 조항은 자본시장법 규정을 위반한 것으로 무효이고, 이 사건 반대매매는 법률적 근거 없이 실행된 것이다. 나. 이 사건 설명서의 내용과 반대매매의 취지 등을 고려하면 유럽형 옵션인 니케이 풋옵션에 이 사건 약관 조항을 적용할 수 없다. 다. 이 사건 약관 조항에 의한 반대매매 실행의 요건인 ‘평가위탁총액이 위탁증거금의 20%보다 낮은 경우’에서 ‘평가위탁총액’은 옵션의",사건 약관’이라 한다)에 의한 계좌설정계약을 체결하고 이 사건 계좌를 개설하였다. 원고는 피고 △△△자산운용에 「해외 파생상품 거래 위험고지서 및 거래설명서,미검수,,,,candidates_prec_약관조항무효.csv
법제처 OPEN API/prec,605033,2024다215375,손해배상(기)등·손해배상(기)[해외 파생상품시장거래에서 투자중개업자의 장중 반대매매를 정한 약관 조항의 효력과 적용 범위 및 투자중개업자의 선관주의의무 위반 여부 등이 문제된 사건],https://www.law.go.kr/DRF/lawService.do?OC=test&target=prec&ID=605033&type=HTML,제14조,(판단 불명확),판단 불명확,,,," 피고들은 자본시장법상 투자중개업자인 원고 명의로 해외 파생상품 거래를 하기 위해 원고와「해외 파생상품 시장거래 총괄계좌 설정약관」(이하 ‘이 사건 약관’이라 한다)에 의한 계좌설정계약을 체결하고 이 사건 계좌를 개설하였다. 원고는 피고 △△△자산운용에 「해외 파생상품 거래 위험고지서 및 거래설명서」(이하 ‘이 사건 설명서’라 한다)를 교부하였다. 다. 이 사건 약관 제14조 제1항은 고객의 귀책사유나 원고에게 책임이 없는 불가피한 사유가 있는 경우 외에는 고객이 위탁증거금의 추가예탁요구를 통보받고도 지정된 기한 내에 이행하지 아니한 경우에 미결제약정의 반대매매를 하도록 정하였다. 같은 조 제2항은 ""회사(원고)는 제1항에도 불구하고 장중에 시세의 급격한 변동 등으로 인하여 고객의 평가위탁총액이 위탁증거금의 20%보다 낮은 경우에는 위탁증거금의 추가 예탁을 요구하지 아니하고 필요한 수량만큼 미결제약정을 반대매매하고 예탁한 대용증권을 처분할 수 있다.""라고 정하고 있다(이하 이 사건 약관 제14조 제2항을 ‘이 사건 약관 조항’이라 한다). 라. 피고 △△△자산운용은 고유재산 및 이 사건 펀드의 투자신탁재산을 주로 오사카 증권거래소의 장내 파생상품인 ‘Nikkei 225 Index’(이하 ‘니케이 지수’라 한다)의 풋옵션(이하 ‘니케이 풋옵션’이라 한다)에 투자하였다. 니케이 지수는 2020. 2. 하순부터 하락세를 보이다 2020. 2. 28. 약 3.67% 하락하였고, 다수의 풋옵션 매도 포지션을 취하던 이 사건 계좌의 자산평가액도 급격히 하락하였다. 마. 결국 원고는 이 사건 계좌에 관한 평가위탁총액이 위탁증거금의 20%에 미달하게 되었다는 이유로 이 사건 약관 조항에 근거하여 2020. 2. 29. 00:00경부터 같은 날 05:30경까지 피고들에게 위탁증거금의 추가예탁요구를 하지 아니하고 이 사건 계좌의 니케이 풋옵션 등을 반대매매로 청산하였다(이하 ‘이 사건 반대매매’라 한다). 바. 원고의 본소청구 중 미수금 청구는 피고들에 대해 이 사건 약관 제14조 제3항에 따라 원고가 이 사건 반대매매 과정에서 대신하여 납부한 결제대금과 미납수수료에 이자를 더한 금액의 지급을 구하는 것이다(원고는 원심판결의 본소 중 손해배상청구 부분에 대하여 상고하지 않았다). 사. 피고들은 이 사건 반대매매 실행이 위법하다며 위 본소청구를 다투는 한편, 위법한 이 사건 반대매매로 인해 이 사건 계좌에 보유하고 있었던 예탁금 상당액의 손해를 입게 되었다고 주장하며 반소청구로서 원고를 상대로 자본시장법 제64조 제1항 또는 민법 제750조의 불법행위책임 및 채무불이행책임에 기한 손해배상을 구하고 있다. 2. 원심의 판단 원심은 다음과 같은 이유로 이 사건 약관 조항에 기한 이 사건 반대매매를 위법하다고 보았다. 가. 이 사건 약관 조항에 의한 반대매매는 자본시장법이 원칙적으로 금지하는 일임매매에 해당하고, 자본시장법 제71조 제6호 단서, 제7조 제4항 및 그 위임에 따른 자본시장과 금융투자업에 관한 법률 시행령(이하 ‘자본시장법 시행령’이라 한다) 제7조 제3항 제3호 등에 의해 예외적으로 허용되는 일임매매가 아니다. 따라서 이 사건 약관 조항은 자본시장법 규정을 위반한 것으로 무효이고, 이 사건 반대매매는 법률적 근거 없이 실행된 것이다. 나. 이 사건 설명서의 내용과 반대매매의 취지 등을 고려하면 유럽형 옵션인 니케이 풋옵션에 이 사건 약관 조항을 적용할 수 없다. 다. 이 사건 약관 조항에 의한 반대매매 실행의 요건인 ‘평가위탁총액이 위탁증거금의 20%보다 낮은 경우’에서 ‘평가위탁총액’은 옵션의 실시간 가격 변동을 반영하지 않고 산정해야 하고, 이에 따르면 이 사건 반대매매는 해당 요건을 갖추지 못한 상태에서 실행된 것이다. 라. 원고는 이 사건 약관 조항에 의한 반대매매를 실행하는 과정에서 선량한 관리자의 주의의무 내지 충실의무를 부담하는데, 이 사건 반대매매를 실시할 때 그 주의의무 등을 다하지 않았다. 3. 대법원의 판단 그러나 위와 같은 원심의 판단은 다음과 같은 이유로 수긍할 수 없다. 가. 이 사건 약관 조항의 ","고객의 귀책사유나 원고에게 책임이 없는 불가피한 사유가 있는 경우 외에는 고객이 위탁증거금의 추가예탁요구를 통보받고도 지정된 기한 내에 이행하지 아니한 경우에 미결제약정의 반대매매를 하도록 정하였다. 같은 조 제2항은 ""회사(원고)는 제1항에도 불구하고 장중에 시세의 급격한 변동 등으로 인하여 고객의 평가위탁총액이 위탁증거금의 20%보다 낮은 경우에는 위탁증거금의 추가 예탁을 요구하지 아니하고 필요한 수량만큼 미결제약정을 반대매매하고 예탁한 대용증권을 처분할 수 있다.",미검수,,,,candidates_prec_약관조항무효.csv
법제처 OPEN API/prec,605033,2024다215375,손해배상(기)등·손해배상(기)[해외 파생상품시장거래에서 투자중개업자의 장중 반대매매를 정한 약관 조항의 효력과 적용 범위 및 투자중개업자의 선관주의의무 위반 여부 등이 문제된 사건],https://www.law.go.kr/DRF/lawService.do?OC=test&target=prec&ID=605033&type=HTML,제14조,(판단 불명확),판단 불명확,,,,"하지 아니한 경우에 미결제약정의 반대매매를 하도록 정하였다. 같은 조 제2항은 ""회사(원고)는 제1항에도 불구하고 장중에 시세의 급격한 변동 등으로 인하여 고객의 평가위탁총액이 위탁증거금의 20%보다 낮은 경우에는 위탁증거금의 추가 예탁을 요구하지 아니하고 필요한 수량만큼 미결제약정을 반대매매하고 예탁한 대용증권을 처분할 수 있다.""라고 정하고 있다(이하 이 사건 약관 제14조 제2항을 ‘이 사건 약관 조항’이라 한다). 라. 피고 △△△자산운용은 고유재산 및 이 사건 펀드의 투자신탁재산을 주로 오사카 증권거래소의 장내 파생상품인 ‘Nikkei 225 Index’(이하 ‘니케이 지수’라 한다)의 풋옵션(이하 ‘니케이 풋옵션’이라 한다)에 투자하였다. 니케이 지수는 2020. 2. 하순부터 하락세를 보이다 2020. 2. 28. 약 3.67% 하락하였고, 다수의 풋옵션 매도 포지션을 취하던 이 사건 계좌의 자산평가액도 급격히 하락하였다. 마. 결국 원고는 이 사건 계좌에 관한 평가위탁총액이 위탁증거금의 20%에 미달하게 되었다는 이유로 이 사건 약관 조항에 근거하여 2020. 2. 29. 00:00경부터 같은 날 05:30경까지 피고들에게 위탁증거금의 추가예탁요구를 하지 아니하고 이 사건 계좌의 니케이 풋옵션 등을 반대매매로 청산하였다(이하 ‘이 사건 반대매매’라 한다). 바. 원고의 본소청구 중 미수금 청구는 피고들에 대해 이 사건 약관 제14조 제3항에 따라 원고가 이 사건 반대매매 과정에서 대신하여 납부한 결제대금과 미납수수료에 이자를 더한 금액의 지급을 구하는 것이다(원고는 원심판결의 본소 중 손해배상청구 부분에 대하여 상고하지 않았다). 사. 피고들은 이 사건 반대매매 실행이 위법하다며 위 본소청구를 다투는 한편, 위법한 이 사건 반대매매로 인해 이 사건 계좌에 보유하고 있었던 예탁금 상당액의 손해를 입게 되었다고 주장하며 반소청구로서 원고를 상대로 자본시장법 제64조 제1항 또는 민법 제750조의 불법행위책임 및 채무불이행책임에 기한 손해배상을 구하고 있다. 2. 원심의 판단 원심은 다음과 같은 이유로 이 사건 약관 조항에 기한 이 사건 반대매매를 위법하다고 보았다. 가. 이 사건 약관 조항에 의한 반대매매는 자본시장법이 원칙적으로 금지하는 일임매매에 해당하고, 자본시장법 제71조 제6호 단서, 제7조 제4항 및 그 위임에 따른 자본시장과 금융투자업에 관한 법률 시행령(이하 ‘자본시장법 시행령’이라 한다) 제7조 제3항 제3호 등에 의해 예외적으로 허용되는 일임매매가 아니다. 따라서 이 사건 약관 조항은 자본시장법 규정을 위반한 것으로 무효이고, 이 사건 반대매매는 법률적 근거 없이 실행된 것이다. 나. 이 사건 설명서의 내용과 반대매매의 취지 등을 고려하면 유럽형 옵션인 니케이 풋옵션에 이 사건 약관 조항을 적용할 수 없다. 다. 이 사건 약관 조항에 의한 반대매매 실행의 요건인 ‘평가위탁총액이 위탁증거금의 20%보다 낮은 경우’에서 ‘평가위탁총액’은 옵션의 실시간 가격 변동을 반영하지 않고 산정해야 하고, 이에 따르면 이 사건 반대매매는 해당 요건을 갖추지 못한 상태에서 실행된 것이다. 라. 원고는 이 사건 약관 조항에 의한 반대매매를 실행하는 과정에서 선량한 관리자의 주의의무 내지 충실의무를 부담하는데, 이 사건 반대매매를 실시할 때 그 주의의무 등을 다하지 않았다. 3. 대법원의 판단 그러나 위와 같은 원심의 판단은 다음과 같은 이유로 수긍할 수 없다. 가. 이 사건 약관 조항의 무효 여부 1) 자본시장법 제71조 제6호는 투자중개업자가 투자자로부터 금융투자상품에 대한 투자판단의 전부 또는 일부를 일임받아 투자자별로 구분하여 금융투자상품을 취득·처분, 그 밖의 방법으로 운용하는 행위(이하 ‘일임매매 행위’라 한다)를 원칙적으로 금지하면서, 다만 투자일임업으로 행하는 경우, 자본시장법 제7조 제4항",사건 약관 조항’이라 한다). 라. 피고 △△△자산운용은 고유재산 및 이 사건 펀드의 투자신탁재산을 주로 오사카 증권거래소의 장내 파생상품인,미검수,,,,candidates_prec_약관조항무효.csv
법제처 OPEN API/prec,605033,2024다215375,손해배상(기)등·손해배상(기)[해외 파생상품시장거래에서 투자중개업자의 장중 반대매매를 정한 약관 조항의 효력과 적용 범위 및 투자중개업자의 선관주의의무 위반 여부 등이 문제된 사건],https://www.law.go.kr/DRF/lawService.do?OC=test&target=prec&ID=605033&type=HTML,(조 번호 미표기),(판단 불명확),판단 불명확,,,," 시행령’이라 한다) 제7조 제3항 제3호 등에 의해 예외적으로 허용되는 일임매매가 아니다. 따라서 이 사건 약관 조항은 자본시장법 규정을 위반한 것으로 무효이고, 이 사건 반대매매는 법률적 근거 없이 실행된 것이다. 나. 이 사건 설명서의 내용과 반대매매의 취지 등을 고려하면 유럽형 옵션인 니케이 풋옵션에 이 사건 약관 조항을 적용할 수 없다. 다. 이 사건 약관 조항에 의한 반대매매 실행의 요건인 ‘평가위탁총액이 위탁증거금의 20%보다 낮은 경우’에서 ‘평가위탁총액’은 옵션의 실시간 가격 변동을 반영하지 않고 산정해야 하고, 이에 따르면 이 사건 반대매매는 해당 요건을 갖추지 못한 상태에서 실행된 것이다. 라. 원고는 이 사건 약관 조항에 의한 반대매매를 실행하는 과정에서 선량한 관리자의 주의의무 내지 충실의무를 부담하는데, 이 사건 반대매매를 실시할 때 그 주의의무 등을 다하지 않았다. 3. 대법원의 판단 그러나 위와 같은 원심의 판단은 다음과 같은 이유로 수긍할 수 없다. 가. 이 사건 약관 조항의 무효 여부 1) 자본시장법 제71조 제6호는 투자중개업자가 투자자로부터 금융투자상품에 대한 투자판단의 전부 또는 일부를 일임받아 투자자별로 구분하여 금융투자상품을 취득·처분, 그 밖의 방법으로 운용하는 행위(이하 ‘일임매매 행위’라 한다)를 원칙적으로 금지하면서, 다만 투자일임업으로 행하는 경우, 자본시장법 제7조 제4항 및 그 위임에 따른 자본시장법 시행령 제7조 제3항 제3호에 의하여 투자자가 금융투자상품의 매매, 그 밖의 거래에 따른 결제나 증거금의 추가 예탁 또는 자본시장법 제72조에 따른 신용공여와 관련한 담보비율 유지의무나 상환의무를 이행하지 아니한 경우에 투자중개업자가 투자자로부터 따로 대가 없이 약관 등에 따라 금융투자상품의 매도권한(파생상품인 경우에는 이미 매도한 파생상품의 매수권한을 포함한다)을 일임받아 그 금융투자상품을 취득·처분, 그 밖의 방법으로 운용하는 행위 등을 예외적으로 허용한다. 투자자가 파생상품 거래를 하기 위해 투자중개업자와 체결한 계좌설정계약의 약관 등에서 장중 시세의 급격한 변동으로 투자자의 파생상품 등 보유자산 가액이 일정 증거금 수준에 미달한 경우 투자중개업자로 하여금 투자자의 파생상품 등에 관한 반대거래(이하 ‘장중 반대매매’라 한다)를 통해 청산할 수 있게 정하였다면, 그와 같은 거래행위는 파생상품 등의 취득·처분에 관한 수량, 가격 및 시기 등에 관한 투자판단을 투자자로부터 일임받아 그에 관한 취득·처분 등의 행위를 하는 것으로서 자본시장법 제71조 제6호에서 규정하는 일임매매 행위에 해당한다고 보는 것이 입법자의 의도나 법문언에 충실한 해석이다. 그런데 위와 같은 약관 등에 의하여 자신이 보유한 파생상품 등에 관한 반대거래가 이루어지는 것을 원하지 않는 투자자는 파생상품 등 보유자산 가액이 일정 증거금 수준에 미달하지 않도록 관리해야 하고 장중에 시세가 급격히 변동하여 일정 증거금 수준에 미달하게 된 경우에는 투자중개업자로부터 추가예탁요구를 받지 않더라도 부족분을 만회할 수 있도록 지체 없이 추가 예탁을 하는 등의 조치를 취해야 한다. 이러한 투자중개업자의 ‘장중 반대매매’ 행위는 투자자가 파생상품 등 거래에 따른 증거금의 추가 예탁을 해야 함에도 이를 하지 않은 경우에 투자자로부터 파생상품 등의 매도와 매수권한을 일임받아 그 파생상품 등을 거래한 것이므로, 자본시장법 제7조 제4항 및 그 위임에 따른 자본시장법 시행령 제7조 제3항 제3호가 예외적으로 허용하는 일임매매에 해당한다고 볼 수 있다. 2) 앞서 본 사실관계를 위와 같은 법리에 비추어 살펴본다. 이 사건 약관 조항은 ""장중에 시세의 급격한 변동 등으로 인하여 고객의 평가위탁총액이 위탁증거금의 20%보다 낮은 경우에는 위탁증거금의 추",평가위탁총액이 위탁증거금의 20%보다 낮은 경우,미검수,,,,candidates_prec_약관조항무효.csv
법제처 OPEN API/prec,605033,2024다215375,손해배상(기)등·손해배상(기)[해외 파생상품시장거래에서 투자중개업자의 장중 반대매매를 정한 약관 조항의 효력과 적용 범위 및 투자중개업자의 선관주의의무 위반 여부 등이 문제된 사건],https://www.law.go.kr/DRF/lawService.do?OC=test&target=prec&ID=605033&type=HTML,(조 번호 미표기),(판단 불명확),판단 불명확,,,,"유한 약정을 각각 매도 또는 매수거래로 소멸시키지 않고 계속 보유하고 있는 약정’을 의미한다(이 사건 약관 제2조 제4호). 이 사건 약관은 해외 파생상품 전반을 대상으로 하고 그 적용대상에 유럽형 옵션을 배제하지 않았다. 다) 원고가 해외 파생상품 거래의 위험 등을 설명하고 일반적인 정보를 제공하는 등의 목적으로 피고 측에게 교부한 이 사건 설명서 중 이 사건 약관 조항에 의한 장중 반대매매에 대해 설명한 부분에서는 ""해외선물은 가격변동성이 높고 위탁증거금이 낮아 장중에 미수발생 가능성이 있다.""라고 하면서 이 사건 약관 조항에 의한 장중 반대매매가 실행될 수 있음을 안내하고 있다. 그런데 아래와 같은 사정에 비추어 보면, 위와 같은 설명 부분에 ‘(해외)선물’이라고만 기재되어 있더라도 유럽형 옵션인 니케이 풋옵션을 비롯한 ‘(해외)옵션’을 장중 반대매매의 대상에서 배제하는 의미로 해석할 수 없다. (1) ‘선물’이라는 용어는 ‘옵션’과 구별하여 기초자산이나 기초자산의 가격·이자율·지표·단위 또는 이를 기초로 하는 지수 등에 의하여 산출된 금전 등을 장래의 특정 시점에 인도할 것을 약정하는 계약인 선도를 표준화하여 거래소에서 거래되는 파생상품(협의의 선물)을 칭할 때 사용되지만, 경우에 따라 협의의 선물과 옵션을 포괄하는 파생상품을 가리킬 때 사용되기도 한다. 예를 들어 구 선물거래법(2007. 8. 3. 법률 제8635호 자본시장과 금융투자업에 관한 법률 부칙 제2조로 폐지) 제3조 제1호는 ‘협의의 선물’과 ‘옵션’거래를 통틀어서 ‘선물’거래로 정의하였고, 「금융위원회의 설치 등에 관한 법률」 제19조에 따라 금융위원회에 설치된 증권‘선물’위원회는 파생상품 중 ‘협의의 선물’에 한정하는 것이 아니라 ‘옵션’을 포함하여 파생상품 전반에 대한 불공정거래에 관한 조사 등의 업무를 수행한다. (2) 이 사건 약관에서도 ‘(해외)옵션’을 포함하는 해외 파생상품을 통틀어 칭할 때 ‘(해외)선물’이라는 용어를 사용한 것으로 볼 수 있다. 이 사건 약관 제9조는 고객이 신규주문을 위탁할 때에 사전에 위탁증거금을 예탁하도록 하고, 제10조는 평가예탁총액이 원고가 설정한 유지증거금 수준보다 낮은 경우 일정한 시한 이전에 위탁증거금을 추가 예탁하도록 정하였다. 이와 같은 위탁증거금 신규 내지 추가 예탁과 관련하여 위 약관의 별첨 제1항과 제2항에서는 ‘(해외)선물’ 위탁증거금, ‘(해외)선물’ 추가증거금이라는 용어를 사용하였지만, 그 예탁은 파생상품 중 ‘협의의 선물’ 거래에 한정되는 것이 아니라 ‘옵션’을 포함한 해외 파생상품 전반을 대상으로 한 거래를 하기 위해 이행되어야 하는 것이다. 이 사건 약관 제12조는 투자자가 일정 시한까지 결제대금을 납입할 의무를 부담하도록 정하였는데, 그 약관의 별첨 제3항에서도 ‘(해외)선물’ 결제대금 납입시한이라고 정하였지만, 이 역시 파생상품 중 ‘협의의 선물’ 거래뿐 아니라 ‘옵션’을 포함한 파생상품 전반에 관한 거래에서 결제대금을 납입할 의무를 부담한다는 의미이다. 만약 이 사건 약관에서 사용한 ‘(해외)선물’이라는 용어가 파생상품 중 ‘협의의 선물’만 가리키는 것으로 해석한다면, 파생상품 중 ‘협의의 선물’뿐 아니라 ‘옵션’을 포함하여 파생상품 전반에 관한 매매의 위탁과 관련하여 투자자의 결제이행을 보증하기 위한 목적을 가지는 위탁증거금의 예탁과 관련한 조항은 ‘옵션’거래에 적용할 수 없게 되는데, 이는 파생상품을 거래하는 평균적인 투자자가 이해하고 있는 내용과 상반되고, 약관의 전체적인 논리적 맥락 속에서 갖는 의미에도 부합하지 않는다. (3) 파생상품 중 ‘협의의 선물’ 거래에 대하여 매 거래일마다 보유하고 있는 미결제약정 및 당일에 체결된 모든 거래를 선물정산가격으로 평가하여 수수하는 이른바 ‘일일정산’이 이루어진다 하더라도, 이는 장 종료 후 일정 시점(이",해외선물은 가격변동성이 높고 위탁증거금이 낮아 장중에 미수발생 가능성이 있다,미검수,,,,candidates_prec_약관조항무효.csv
법제처 OPEN API/prec,605033,2024다215375,손해배상(기)등·손해배상(기)[해외 파생상품시장거래에서 투자중개업자의 장중 반대매매를 정한 약관 조항의 효력과 적용 범위 및 투자중개업자의 선관주의의무 위반 여부 등이 문제된 사건],https://www.law.go.kr/DRF/lawService.do?OC=test&target=prec&ID=605033&type=HTML,제12조,(판단 불명확),판단 불명확,,,,"예탁하도록 정하였다. 이와 같은 위탁증거금 신규 내지 추가 예탁과 관련하여 위 약관의 별첨 제1항과 제2항에서는 ‘(해외)선물’ 위탁증거금, ‘(해외)선물’ 추가증거금이라는 용어를 사용하였지만, 그 예탁은 파생상품 중 ‘협의의 선물’ 거래에 한정되는 것이 아니라 ‘옵션’을 포함한 해외 파생상품 전반을 대상으로 한 거래를 하기 위해 이행되어야 하는 것이다. 이 사건 약관 제12조는 투자자가 일정 시한까지 결제대금을 납입할 의무를 부담하도록 정하였는데, 그 약관의 별첨 제3항에서도 ‘(해외)선물’ 결제대금 납입시한이라고 정하였지만, 이 역시 파생상품 중 ‘협의의 선물’ 거래뿐 아니라 ‘옵션’을 포함한 파생상품 전반에 관한 거래에서 결제대금을 납입할 의무를 부담한다는 의미이다. 만약 이 사건 약관에서 사용한 ‘(해외)선물’이라는 용어가 파생상품 중 ‘협의의 선물’만 가리키는 것으로 해석한다면, 파생상품 중 ‘협의의 선물’뿐 아니라 ‘옵션’을 포함하여 파생상품 전반에 관한 매매의 위탁과 관련하여 투자자의 결제이행을 보증하기 위한 목적을 가지는 위탁증거금의 예탁과 관련한 조항은 ‘옵션’거래에 적용할 수 없게 되는데, 이는 파생상품을 거래하는 평균적인 투자자가 이해하고 있는 내용과 상반되고, 약관의 전체적인 논리적 맥락 속에서 갖는 의미에도 부합하지 않는다. (3) 파생상품 중 ‘협의의 선물’ 거래에 대하여 매 거래일마다 보유하고 있는 미결제약정 및 당일에 체결된 모든 거래를 선물정산가격으로 평가하여 수수하는 이른바 ‘일일정산’이 이루어진다 하더라도, 이는 장 종료 후 일정 시점(이 사건의 경우 08~09시)에 정산을 하는 것이다. 따라서 해외시장에서 거래되는 ‘협의의 선물’의 경우에도 장중에 급격한 가격 변동으로 결제불이행 위험이 현실화되어 미수가 발생하는 것은 아니고 장 종료 후 일일정산을 거친 다음에 비로소 미수가 발생할 수 있을 뿐이다. 더욱이 만기 전에도 언제든지 권리를 행사할 수 있는 미국형 옵션의 경우에는 장중에 옵션 매수자의 권리 행사로 인하여 결제불이행 위험이 빠르게 현실화되고 미수가 발생할 가능성이 있으므로, ‘협의의 선물’과 마찬가지로 장중 반대매매에 관한 약관을 둘 필요성이 크다. (4) 결국 이 사건 설명서의 내용 중 장중 반대매매의 이유를 설명하는 ""해외선물은 장중에 미수발생 가능성이 있다.""라는 부분은 ‘협의의 선물’에 대한 거래에 한정하여 장중 반대매매가 실행될 수 있음을 안내하기 위한 것이 아니라, 장중에 급격한 가격 변동으로 결제불이행 위험이 현실화되거나 크게 증가할 수 있는 ‘(해외)선물’ 및 ‘(해외)옵션’ 거래 모두를 대상으로 원고가 위험의 현실화에 대비하기 위하여 장중 반대매매를 실행할 수 있다는 취지로 볼 수 있다. 3) 따라서 유럽형 옵션인 니케이 풋옵션 역시 이 사건 약관 조항에 기한 장중 반대매매의 대상이 된다. 다. 이 사건 약관 조항에 의한 장중 반대매매 실행 요건 충족 여부 1) 원심판결 이유를 관련 법리와 기록에 비추어 살펴본다. 가) 이 사건 약관 조항은 ""장중에 시세의 급격한 변동 등으로 인하여 고객의 ‘평가위탁총액’이 위탁증거금의 20%보다 낮은 경우""에 원고가 투자자에게 위탁증거금의 추가 예탁을 요구하지 않은 채로 반대매매를 실행할 수 있도록 하였다. 이는 ‘장중에’ 시세가 급격하게 변동하여 결제불이행 위험이 커졌을 때 그 위험이 현실화되거나 더 큰 손실이 발생하는 것을 막기 위한 조치로 원고에게 신속하게 반대매매를 실행할 권한을 부여한 것이다. 나) 이 사건 약관에는 ‘평가위탁총액’의 의미와 산정 방법을 명시하는 규정을 두지 않았다. 그런데 이 사건 설명서는 장중 반대매매 실행 요건의 충족 여부를 판단하는 기준으로 ‘평가위탁총액’이 아니라 ‘평가예탁총액’ 또는 ‘예탁자산평가액’이라는 용어를 혼용하면서 이 사건 계좌의 예탁금을 ‘예탁자산평가액’으로 실시간 관리한다고","투자자가 일정 시한까지 결제대금을 납입할 의무를 부담하도록 정하였는데, 그 약관의 별첨 제3항에서도 ‘(해외)선물’ 결제대금 납입시한이",미검수,,,,candidates_prec_약관조항무효.csv
법제처 OPEN API/prec,605033,2024다215375,손해배상(기)등·손해배상(기)[해외 파생상품시장거래에서 투자중개업자의 장중 반대매매를 정한 약관 조항의 효력과 적용 범위 및 투자중개업자의 선관주의의무 위반 여부 등이 문제된 사건],https://www.law.go.kr/DRF/lawService.do?OC=test&target=prec&ID=605033&type=HTML,제2조,(판단 불명확),판단 불명확,,,,". 그런데 이 사건 설명서는 장중 반대매매 실행 요건의 충족 여부를 판단하는 기준으로 ‘평가위탁총액’이 아니라 ‘평가예탁총액’ 또는 ‘예탁자산평가액’이라는 용어를 혼용하면서 이 사건 계좌의 예탁금을 ‘예탁자산평가액’으로 실시간 관리한다고 설명하고 고객의 예탁자산을 실시간으로 모니터링하여 손실액이 과다할 경우에 반대매매로 처분할 수 있다고 안내한다. 그리고 이 사건 약관 제2조 제5호는 ‘평가예탁총액’을 고객의 계좌에 남아 있는 현금, 대용증권의 평가금액 및 미결제약정의 평가금액을 합한 금액을 말한다고 규정한다. 이와 같은 이 사건 약관 조항의 취지와 이 사건 설명서의 내용 등을 종합하여 보면, 이 사건 약관 조항의 ‘평가위탁총액’은 ‘평가예탁총액’과 동일하게 투자자의 계좌에 남아 있는 현금, 대용증권의 평가금액과 미결제약정의 평가금액을 합산한 금액을 의미하고, 그중 미결제약정의 평가금액은 피고들이 보유한 파생상품의 시세 변동을 실시간으로 반영하는 방식으로 산정해야 한다. 다) 이처럼 원고가 이 사건 반대매매를 실행하였을 무렵에 피고들이 투자한 니케이 풋옵션 등의 실시간 시세 변동을 반영하여 평가위탁총액을 산정하면 그 금액이 위탁증거금의 20% 미만으로 하락한 상황이었을 가능성이 높아 보인다. 2) 따라서 이 사건 반대매매 당시 이 사건 약관 조항에 의한 장중 반대매매 실행 요건이 충족되었다고 볼 여지가 크다. 라. 원고가 이 사건 반대매매를 실행하는 과정에서 선량한 관리자의 주의의무 등을 위반하였는지 여부 1) 투자중개업자는 자본시장법 제37조 제1항에 의하여 신의성실의 원칙에 따라 공정하게 투자중개업을 영위할 의무를 부담하고, 그 의무를 위반하거나 업무를 소홀히 하여 투자자에게 손해를 발생시킨 경우에는 자본시장법 제64조 제1항에 따라 손해를 배상할 책임이 있다. 투자중개업자가 투자자의 파생상품 거래와 관련한 증거금이 부족할 경우에 투자자의 파생상품 등을 청산할 권한을 일임받아 이를 실행하는 경우에도 선량한 관리자로서의 주의를 다하여 투자자의 손실을 최소한도에 그치도록 해야 하는 의무를 부담한다(대법원 2003. 1. 10. 선고 2000다50312 판결 등 참조). 이 경우 투자중개업자가 선관주의의무를 위반하였는지 여부는 파생상품의 급격한 평가가치 하락의 원인과 가격 전망, 증거금 부족액과 이를 만회하기 위해 실행한 처분 규모, 반대매매 실행 당시 시장 상황과 주문 방식, 급격한 가격 변동과 반대매매 실행 가능성에 대한 투자자의 인식 여부 등 여러 사정을 참작하여 전문가인 투자중개업자가 합리적인 판단을 하였다고 볼 수 있는지를 기준으로 판단하여야 한다. 다만 투자중개업자가 전문가라 하더라도 불확실성과 변동성이 큰 파생상품의 가격을 정확하게 예측하는 것은 사실상 불가능하므로, 반대매매 대상이 된 파생상품의 가격이 하락 또는 상승하는 경향이 뚜렷하여 투자자의 손실을 최소화할 수 있는 거래 기회가 있음을 확실하게 예상할 수 있었다는 등의 특별한 사정이 없는 한 사후적으로 실제 반대매매 결과보다 더 나은 조건으로 반대매매를 할 기회가 있었다는 등의 사정만으로는 선관주의의무를 위반하였다고 할 수 없다. 2) 원심판결 이유를 위와 같은 법리와 기록에 비추어 살펴본다. 가) 피고들은 고유재산 내지 이 사건 펀드의 투자신탁재산을 주로 니케이 지수의 풋옵션에 투자하면서, 행사가격이 기초자산의 지수보다 낮은 풋옵션을 매도하여 수취한 옵션 프리미엄으로 수익을 올리고 매도한 풋옵션의 행사가격보다 높은 행사가격의 풋옵션을 매수하여 위험을 헤지(hedge)하는 방식의 투자 전략을 취하였다. 그에 따라 피고들은 니케이 지수가 일정 범위 내에 있을 때에는 안정적인 수익을 얻게 되지만, 니케이 지수가 예상 외로 급락하는 경우에는 매우 큰 손실을 입을 수 있었다. 그런데 니케이 지수는 2020. 2. 하순부터 하락세를 보이다가 이 사건 반대매매 실행 직전인 2020. 2. 28. 급락하였고, 피고들이 투자한 니케이 풋옵션의 평가가치도 크게","평가예탁총액’을 고객의 계좌에 남아 있는 현금, 대용증권의 평가금액 및 미결제약정의 평가금액을 합한 금액을 말한다고 규정한다. 이와 같은 이 사건 약관 조항의 취지와 이 사건 설명서의 내용 등을 종합하여 보면, 이 사건 약관 조항의",미검수,,,,candidates_prec_약관조항무효.csv
법제처 OPEN API/prec,612931,2023가합50498,채무부존재확인·수수료반환,https://www.law.go.kr/DRF/lawService.do?OC=test&target=prec&ID=612931&type=HTML,(조 번호 미표기),(판단 불명확),판단 불명확,,,,"른바 ‘모집 수수료’와 ‘유지 수수료’를 구분하여 정하고 있지 않다. 피고는, 보험계약 체결일 익월에 지급하는 수수료는 보험설계사가 보험계약자를 모집한 대가로 지급하는 수수료, 즉 ‘모집 수수료’에 해당하고, 7개월째부터 19개월째까지 지급하는 수수료는 그 보험계약을 유지하는 업무에 대한 대가로 지급하는 수수료, 즉 ‘유지 수수료’에 해당한다고 주장하나, 이 사건 위촉계약서 및 피고의 영업제규정을 살펴보더라도 그와 같이 수수료를 ‘유지 수수료’와 ‘모집 수수료’로 구분하여 볼 만한 근거를 찾을 수 없고, 그밖에 이를 인정할 증거가 없다. ③ 이 사건 위촉계약 제5조에서 ‘회사는 FC에게 위촉업무 수행의 대가로 회사에서 정한 규정에 의거 소정의 수수료를 지급한다’라고 정하고 있고, 제4조에서 ‘①회사와 제휴된 보험회사의 상품판매 중개, ②기타 회사가 위탁한 업무’를 위촉업무로 정하고 있다. 위 각 조항을 포함한 이 사건 위촉계약 및 영업제규정의 내용과 보험설계사들이 실제로 수행하는 업무의 내용에 비추어 보면 보험설계사들의 주된 업무는 보험상품 판매 중개 업무로 보이고, 피고도 그로 인하여 각 보험회사로부터 수수료를 지급받아 수익을 얻게 되며 피고는 그 중 피고의 수익금과 운영비용 등을 제외한 나머지 금액으로 보험설계사들에게 수수료를 지급하는 것이므로 피고가 원고들에게 지급하였거나 지급하기로 약정한 수수료는 원고들의 보험상품 판매 중개 업무에 대한 대가라고 해석하는 것이 자연스럽고, 위와 같은 업무의 비중 및 피고의 수익에 기여하는 비중에 비추어 볼 때 전체 수수료 400~480% 중 보험계약 체결일 익월에 지급받는 200~280%만이 보험설계사가 보험계약자를 모집한 대가에 해당하고, 7개월째부터 19개월째까지 지급하는 나머지 200%가 그와 같이 체결한 보험계약을 유지하는 업무에 대한 대가에 해당한다는 피고의 주장과 같이 해석하는 것이 오히려 부자연스럽다. ④ 이 법원의 각 보험회사에 대한 금융거래정보제출명령결과에 비추어 보면, 보험회사는 피고에게 피고 소속 보험설계사들이 판매한 보험상품과 관련하여 매월 수수되는 보험료에 비례하여 일정 비율의 수수료를 지급해 온 것으로 보이고, 보험계약자가 일시에 상품 대가를 지급하는 것이 아니라 매월 보험료를 납입함에 따라 수익이 보험계약 유지 기간 중 분할하여 발생하고 해지 등으로 보험계약이 중도에 해지되는 경우에는 그와 같이 분할하여 발생하던 수익 역시 중단되어 당초 계약 체결 당시 예상되었던 수익의 일부를 얻지 못하게 되는 보험상품의 특성상 그 판매 중개 수수료도 보험 계약이 일정기간 유지될 것을 전제로 분납하여 지급하기로 정한 것으로 보인다. 그와 같은 보험상품 판매 중개 업무의 특수성을 고려하여 원고들과 피고 사이에서도 원고들에게 보험 모집 수수료를 일시에 지급하는 방식이 아니라, 보험계약이 유지되는 것을 전제로 20개월에 걸쳐 분납하여 지급하기로 약정하였다고 봄이 상당하고, 위 ‘유지수수료’라는 명칭도 수수료 지급 대상 보험계약이 중도에 해지되지 아니하고 일정기간 ‘유지’됨을 전제로 하는 수수료로 해석하는 것이 위와 같은 수수료 지급의 구조나 문언에 비추어 자연스럽다. ⑤ 한편, 피고는 이 사건 위촉계약이 해지되었으므로 원고들에게 더 이상 수수료를 지급할 근거가 없다고 주장한다. 그러나 피고의 사업 구조는 피고가 보험회사로부터 지급받는 판매 중개 수수료에서 영업비용 및 수익금 등을 공제한 후에 나머지 금액에서 일정 수수료를 원고들에게 지급하는 구조이고, 피고가 원고들에게 지급하는 수수료도 기본적으로 피고가 보험회사로부터 지급받는 수수료와 연동된다고 보는 것이 타당하다. 그런데 원고들이 모집한 보험 계약이 유지되는 한 원고들이 피고와의 위촉계약을 해지한다고 하더라도 피고가 각 보험회사로부터 얻는 중개 수수료 수익에는 변함이 없으므로, 그렇다면 피고의 수수료 수익에 관한 원고들의 기여는 원고들과 피고 사이에 위촉계약이 해촉되는지 여부와 상관없이 유지되는 것으로 보인다. 이와 같은 사정에 비추어 보더라도 이 사건 위촉계약 및 영업제규","및 피고의 영업제규정을 살펴보더라도 그와 같이 수수료를 ‘유지 수수료’와 ‘모집 수수료’로 구분하여 볼 만한 근거를 찾을 수 없고, 그밖에 이를 인정할 증거가 없다. ③ 이 사건 위촉계약 제5조에서 ‘회사는 FC에게 위촉업무 수행의 대가로 회사에서 정한 규정에 의거 소정의 수수료를 지급한다",미검수,,,,candidates_prec_약관조항무효.csv
법제처 OPEN API/prec,605565,2023나2008554,손해배상(기)등·손해배상(기),https://www.law.go.kr/DRF/lawService.do?OC=test&target=prec&ID=605565&type=HTML,(조 번호 미표기),(판단 불명확),판단 불명확,,,,"계좌(계좌번호 5 생략)를 개설하여 주었다(이하 이 사건 펀드에 대하여 설정된 계좌를 포함하여 ‘이 사건 계좌’라 한다). 피고 △△△자산운용은 자기의 고유재산으로 해외 장내파생상품을 거래하기 위하여 위 계좌를 개설하였다. 3) 원고는 이 사건 계좌를 개설하면서 피고 △△△자산운용으로부터 직접 또는 이 사건 펀드의 이름으로 해외 파생상품시장거래 총괄계좌 설정약관(갑 제1호증, 이하 ‘이 사건 약관’이라 한다)에 대한 동의를 받았고, 원고가 피고 △△△자산운용에 파생상품 거래에 따르는 위험에 관한 설명을 하고 거래설명서 또는 안내서(을 제11호증, 이하 ‘이 사건 설명서’라 한다)를 교부하였음을 확인받았다. 가) 이 사건 약관은 해외 장내파생상품 거래의 위탁에 관하여 규율하는 약관으로서 그 주요 내용은 아래와 같다. 제2조(용어정의)이 약관에서 사용하는 용어의 정의는 다음 각 호와 같다.4. ""미결제약정""이란 새로운 매수 또는 매도로 보유한 약정을 각각 매도 또는 매수거래로 소멸시키지 않고 계속 보유하고 있는 약정을 말한다.5. ""평가예탁총액""이란 고객의 계좌에 남아 있는 현금, 대용증권의 평가금액 및 미결제약정의 평가금액을 합한 금액을 말한다.제9조(위탁증거금의 예탁)고객은 신규주문을 위탁하는 경우에는 미리 위탁증거금을 예탁하여야 한다. 이 경우 위탁증거금은 〈별첨〉에서 정하는 금액으로 하며 위탁증거금 중 반드시 현금으로 예탁하도록 회사가 요구하는 금액은 현금으로 예탁한다.제10조(위탁증거금의 추가예탁)고객은 평가예탁총액이 회사가 사전에 안내한 유지증거금 수준보다 낮은 경우에는 〈별첨〉에서 정하는 시한 이전에 필요한 증거금 수준 이상의 위탁증거금을 추가로 예탁한다.제11조(위탁증거금 반환)회사는 고객이 예탁한 현금 및 대용증권의 합계액에서 평가손실을 차감한 금액이 증거금 필요액을 초과하는 경우 이를 반환할 수 있다.제14조(위탁증거금 또는 결제대금의 미납 시 처리)① 회사는 다음 각 호의 어느 하나에 해당하는 경우에는 고객에 대한 최고 또는 사전승인 없이 고객의 미결제약정을 반대매매하고 예탁한 대용증권을 처분하여 미납된 위탁증거금 또는 결제대금에 충당한다. 1. 고객이 회사로부터 위탁증거금의 추가예탁 또는 결제대금의 납입 요구를 통보받고도 지정된 기한 내에 이를 이행하지 아니한 경우 2. 회사가 고객의 귀책사유 또는 회사에게 책임이 없는 불가피한 사유로 인하여 위탁증거금의 추가예탁 또는 결제대금의 납입 시한 이전에 고객에게 추가예탁 또는 납입 요구를 하지 못한 경우② 회사는 제1항에도 불구하고 장중에 시세의 급격한 변동 등으로 인하여 고객의 평가위탁총액이 위탁증거금의 20%보다 낮은 경우에는 고객에 대하여 위탁증거금의 추가예탁을 요구하지 아니하고 필요한 수량만큼 고객의 미결제약정을 반대매매하고 예탁한 대용증권을 처분할 수 있다.③ 제1항 또는 제2항에 따른 업무처리에도 불구하고 고객의 위탁증거금 또는 결제대금에 대하여 부족분이 발생하여 회사가 대신 내거나 고객이 회사에 납부하여야 할 수수료를 납부하지 아니한 경우 고객은 회사가 대신 낸 원금 또는 미납수수료에 9.9%의 이자를 합한 금액을 회사에 납부하여야 한다.제27조(관계법규등 준수)고객과 회사는 「자본시장과 금융투자업에 관한 법률」, 같은 법 시행령 및 시행규칙, 금융투자업규정 및 같은 규정 시행세칙, 한국금융투자협회 업무규정 등과 해외파생상품거래와 관련한 해당국가의 법령 또는 해외파생상품거래소, 청산기관, 해외파생상품시장회원, 해외파생상품중개인의 규정 등(이하 ""관계법규등""이라 한다)을 준수한다.〈별첨〉1. 제9조의 ""〈별첨〉에서 정하는"" 금액은 다음과 같다.*해외선물 위탁증거금은 CME,주3) SGX,주4) EUREX,주5) HKEX주6) 등 해외거래소에 정하는 위탁증거금 및 유지증거금을 따르며, 해외거래소의 사정에 따라 수시로 변동될 수 있음.*당사의 경우 홈페이지(웹사이트 주소 생략) 내 위탁증거금","사건 약관’이라 한다)에 대한 동의를 받았고, 원고가 피고 △△△자산운용에 파생상품 거래에 따르는 위험에 관한 설명을 하고 거래설명서 또는 안내서(을 제11호증, 이하",미검수,,,,candidates_prec_약관조항무효.csv
법제처 OPEN API/prec,605565,2023나2008554,손해배상(기)등·손해배상(기),https://www.law.go.kr/DRF/lawService.do?OC=test&target=prec&ID=605565&type=HTML,제14조,(판단 불명확),판단 불명확,,,,"예탁을 이행하지 아니한 경우’, 같은 법 시행령 제7조 제3항 제5호, 금융투자업규정 제2-32조 제2항 제1호 가목은 ‘투자자가 위탁증거금 또는 결제대금의 추가예탁요구를 통보받고 시한 내에 추가예탁의무를 이행하지 아니한 경우’에 약관에 의하여 권한을 위임받았음을 전제로 반대매매를 실시할 수 있다는 취지로 규정하여 위 각 조항이 마진콜을 전제로 하지 않는 이 사건 약관 제14조 제2항을 정당화한다고 할 수 없다. 한편 금융투자업규정 제2-32조 제2항 제1호 나목은 ‘투자자의 귀책사유 또는 금융투자업자에게 책임이 없는 불가피한 사유로 추가예탁시한 이전에 투자자에게 위탁증거금 또는 결제대금의 추가예탁요구를 하지 못한 경우’라고 규정하고 있기는 하다. 그러나 위 규정은 추가예탁시한의 존재를 전제로 하고 있을 뿐만 아니라 이 사건 약관 제14조 제1항 제2호에서 이미 이와 동일한 내용을 규정하고 있다. 또한 마진콜 없이 반대매매를 할 수 있는 요건으로 이 사건 약관 제14조 제2항이 정한 ‘장중에 시세의 급격한 변동 등으로 인하여 고객의 평가위탁총액이 위탁증거금의 20%보다 낮은 경우’가 투자자의 귀책사유 또는 금융투자업자에게 책임이 없는 불가피한 사유로 마진콜을 할 수 없는 경우에 해당한다고 보기도 어렵다. 따라서 위 규정 역시 이 사건 약관 제14조 제2항을 정당화한다고 할 수 없다. 다) 자본시장법은 투자중개업자의 일임매매를 전면적으로 금지하되 예외적인 경우에 한하여 허용하는 방식으로 이를 규율하고 있으며, 투자자 보호 및 건전한 거래질서 도모라는 위 자본시장법 관계 법령의 입법 목적을 고려하여 볼 때 이 사건 약관 제14조 제2항은 자본시장법에 위반하여 그 효력을 인정할 수 없다. 2) 이 사건 약관 제14조 제2항이 유럽형 옵션에 대하여 적용되지 않는지 여부 설령 이 사건 약관 제14조 제2항이 무효가 아니라고 하더라도, 기초사실, 앞서 든 증거들, 을 제50, 60호증의 각 기재 및 변론 전체의 취지에 의하여 인정할 수 있는 아래와 같은 사실 내지 사정 등을 종합하면, 이 사건 약관 제14조 제2항은 유럽형 옵션인 니케이 풋옵션에 대하여 적용될 수 없다고 봄이 타당하므로, 이 사건 반대매매는 적법한 법률적 근거 없이 실행된 것으로서 위법하다[이 사건 약관 제14조 제2항이 유럽형 옵션인 니케이 풋옵션에 대하여 적용될 수 없다고 판단한 이상, 이 사건 약관 제14조 제2항이 약관법에 위반된다는 피고(반소원고)들의 주장은 살피지 않기로 한다]. ① 이 사건 약관 제14조 제2항의 적용 범위와 관련된 논점들에 대한 증인 소외 1, 소외 2의 견해를 정리하면 아래와 같다. 논점증인 소외 1증인 소외 2일일정산의 의미- 매 거래일마다 보유하고 있는 미결제약정 및 당일에 체결된 모든 거래를 정산가격으로 평가하여 거래소를 통하여 현금 등을 수수하는 행위를 의미- 통상 옵션에 한해서만 실시되며, 선물의 경우 실시되지 않음- 선물, 미국형 옵션의 경우 실시되지만, 유럽형 옵션의 경우 실시되지 않음유럽형 옵션의 만기 전 미수 발생 가능성- 마진콜이 있었음에도 예탁금을 추가로 납부하지 않은 경우에 미수가 발생할 수 있음- 만기 전에 옵션 가격 변동에 의한 미수가 발생할 수 있으며, 이 사건의 경우가 그에 해당하는 실례임- 만기 전에 옵션 가격 변동에 의한 미수 발생 가능성은 없음투자중개업자가 파생상품의 유형에 따라 취급을 달리하여야 하는지 여부- 파생상품마다 손익 구조, 위험성이 다르므로 취급을 달리하여야 함- 정산 시스템이 파생상품의 유형에 따라 달리 적용되기 때문에 취급을 달리하여야 함이 사건 설명서에 기재된 ‘선물’의 의미- 옵션을 포함하는 광의의 의미로 사용됨- 옵션이 아닌, 선물 자체만을 의미함 ② 피고 △△△자산운용이 원고와 이 사건 약관에 따른 이 사건 위탁계약을 체결할 때 원고로부터 이 사건 설명서를 교부받았고, 이 사건 설명서의 표지에는 ""본 위험고지서 및 거래설명서는 『자본시장법과 금융투자에 관한 법률』 및 금융투자업규정에 따라,",정당화한다고 할 수 없다. 한편 금융투자업규정 제2-32조 제2항 제1호 나목은 ‘투자자의 귀책사유 또는 금융투자업자에게 책임이 없는 불가피한 사유로 추가예탁시한 이전에 투자자에게 위탁증거금 또는 결제대금의 추가예탁요구를 하지 못한 경우,미검수,,,,candidates_prec_약관조항무효.csv
법제처 OPEN API/prec,605565,2023나2008554,손해배상(기)등·손해배상(기),https://www.law.go.kr/DRF/lawService.do?OC=test&target=prec&ID=605565&type=HTML,제14조,(판단 불명확),판단 불명확,,,,"자업자에게 책임이 없는 불가피한 사유로 추가예탁시한 이전에 투자자에게 위탁증거금 또는 결제대금의 추가예탁요구를 하지 못한 경우’라고 규정하고 있기는 하다. 그러나 위 규정은 추가예탁시한의 존재를 전제로 하고 있을 뿐만 아니라 이 사건 약관 제14조 제1항 제2호에서 이미 이와 동일한 내용을 규정하고 있다. 또한 마진콜 없이 반대매매를 할 수 있는 요건으로 이 사건 약관 제14조 제2항이 정한 ‘장중에 시세의 급격한 변동 등으로 인하여 고객의 평가위탁총액이 위탁증거금의 20%보다 낮은 경우’가 투자자의 귀책사유 또는 금융투자업자에게 책임이 없는 불가피한 사유로 마진콜을 할 수 없는 경우에 해당한다고 보기도 어렵다. 따라서 위 규정 역시 이 사건 약관 제14조 제2항을 정당화한다고 할 수 없다. 다) 자본시장법은 투자중개업자의 일임매매를 전면적으로 금지하되 예외적인 경우에 한하여 허용하는 방식으로 이를 규율하고 있으며, 투자자 보호 및 건전한 거래질서 도모라는 위 자본시장법 관계 법령의 입법 목적을 고려하여 볼 때 이 사건 약관 제14조 제2항은 자본시장법에 위반하여 그 효력을 인정할 수 없다. 2) 이 사건 약관 제14조 제2항이 유럽형 옵션에 대하여 적용되지 않는지 여부 설령 이 사건 약관 제14조 제2항이 무효가 아니라고 하더라도, 기초사실, 앞서 든 증거들, 을 제50, 60호증의 각 기재 및 변론 전체의 취지에 의하여 인정할 수 있는 아래와 같은 사실 내지 사정 등을 종합하면, 이 사건 약관 제14조 제2항은 유럽형 옵션인 니케이 풋옵션에 대하여 적용될 수 없다고 봄이 타당하므로, 이 사건 반대매매는 적법한 법률적 근거 없이 실행된 것으로서 위법하다[이 사건 약관 제14조 제2항이 유럽형 옵션인 니케이 풋옵션에 대하여 적용될 수 없다고 판단한 이상, 이 사건 약관 제14조 제2항이 약관법에 위반된다는 피고(반소원고)들의 주장은 살피지 않기로 한다]. ① 이 사건 약관 제14조 제2항의 적용 범위와 관련된 논점들에 대한 증인 소외 1, 소외 2의 견해를 정리하면 아래와 같다. 논점증인 소외 1증인 소외 2일일정산의 의미- 매 거래일마다 보유하고 있는 미결제약정 및 당일에 체결된 모든 거래를 정산가격으로 평가하여 거래소를 통하여 현금 등을 수수하는 행위를 의미- 통상 옵션에 한해서만 실시되며, 선물의 경우 실시되지 않음- 선물, 미국형 옵션의 경우 실시되지만, 유럽형 옵션의 경우 실시되지 않음유럽형 옵션의 만기 전 미수 발생 가능성- 마진콜이 있었음에도 예탁금을 추가로 납부하지 않은 경우에 미수가 발생할 수 있음- 만기 전에 옵션 가격 변동에 의한 미수가 발생할 수 있으며, 이 사건의 경우가 그에 해당하는 실례임- 만기 전에 옵션 가격 변동에 의한 미수 발생 가능성은 없음투자중개업자가 파생상품의 유형에 따라 취급을 달리하여야 하는지 여부- 파생상품마다 손익 구조, 위험성이 다르므로 취급을 달리하여야 함- 정산 시스템이 파생상품의 유형에 따라 달리 적용되기 때문에 취급을 달리하여야 함이 사건 설명서에 기재된 ‘선물’의 의미- 옵션을 포함하는 광의의 의미로 사용됨- 옵션이 아닌, 선물 자체만을 의미함 ② 피고 △△△자산운용이 원고와 이 사건 약관에 따른 이 사건 위탁계약을 체결할 때 원고로부터 이 사건 설명서를 교부받았고, 이 사건 설명서의 표지에는 ""본 위험고지서 및 거래설명서는 『자본시장법과 금융투자에 관한 법률』 및 금융투자업규정에 따라, 귀하가 해외파생상품거래를 시작하기 전에 해외파생상품거래의 위험 등을 설명하기 위하여 금융투자회사가 의무적으로 교부하는 것입니다.""라고, 이 사건 설명서의 목적에 관하여 ""해외파생상품거래를 하려는 고객에게 해외파생상품거래에 대한 일반적인 정보를 제공하고 아울러 고객이 거래를 시작하기 전에 더 많은 정보를 숙지하고 금융투자회사의 파생상품 투자상담사에게 심",장중에 시세의 급격한 변동 등으로 인하여 고객의 평가위탁총액이 위탁증거금의 20%보다 낮은 경우,미검수,,,,candidates_prec_약관조항무효.csv
법제처 OPEN API/prec,605565,2023나2008554,손해배상(기)등·손해배상(기),https://www.law.go.kr/DRF/lawService.do?OC=test&target=prec&ID=605565&type=HTML,제14조,(판단 불명확),판단 불명확,,,," 적용된다고 하더라도, 기초사실, 앞서 든 증거들, 갑 제20, 21호증, 을 제32, 33호증의 각 기재 및 변론 전체의 취지를 종합하여 인정할 수 있는 아래의 사실 내지 사정 등을 고려하여 보면, 원고는 이 사건 약관 제14조 제2항의 요건이 갖추어지지 않았음에도 이 사건 반대매매를 실시한 것으로 봄이 타당한바, 이 사건 반대매매는 위법하다. (1) 이 사건 약관 제14조 제2항의 요건인 ""장중에 시세의 급격한 변동 등"", ""고객의 평가위탁총액이 위탁증거금의 20%보다 낮은 경우""에 관하여 본다. ① 먼저 ""장중에 시세의 급격한 변동 등""의 의미에 관하여 본다. 옵션의 야간시장 중에는 니케이 지수가 고정되어 있어 지수의 변동이 있을 수 없으므로, 위 문구 중 ‘장중’이 옵션의 정규시장 및 야간시장을 의미한다면, ‘시세의 급격한 변동’은 자연스럽게 니케이 풋옵션 가격의 급격한 변동을 의미하는 것으로 귀결된다. 그렇다면 위 ‘장중’이 옵션의 정규시장 및 야간시장을 의미하는지, 기초자산인 니케이 지수가 집계되는 도쿄 증권거래소 주식시장의 개장시간을 의미하는지 문제된다. 이 사건 약관에서 규율하는 거래는 해외 파생상품의 기초 자산이 아닌 해외 파생상품 자체이며, 오사카 증권거래소는 정규시장뿐만 아니라 야간시장에서도 니케이 풋옵션을 거래할 수 있도록 하고 있다. 또한 이 사건 설명서에 ""특히 야간시간에는 해외선물계좌에 원화 입출금이 불가능하므로 장중 반대매매가 발생하지 않도록 유의하여 주시기 바랍니다.""고 기재하여, 야간시장에도 장중 반대매매가 실행될 수 있음을 원고와 해외 장내파생상품 거래 위탁에 관한 계약을 체결한 투자자들에게 알리고 있다. 뿐만 아니라 이 사건 약관 제14조 제2항은 옵션 가격의 변동에 따른 위탁증거금 또는 결제대금 미납 사태를 미연에 예방하기 위한 목적으로 장중 반대매매를 규정한 것인데, 위 문구를 니케이 지수가 집계되는 도쿄 증권거래소의 주식시장 개장 시간에 니케이 지수가 급격하게 변동하는 경우로 해석한다면, 야간시장에도 옵션 가격이 충분히 등락할 수 있음에도 이에 대응하여 장중 반대매매를 실행할 수 없게 되어 이 사건 약관 제14조 제2항의 취지에 부합하지도 않게 된다. 그렇다면 위 ‘장중’은 옵션의 정규시장 및 야간시장을 의미한다고 할 것이므로, ""장중에 시세의 급격한 변동""은 오사카 증권거래소의 옵션 정규시장 및 야간시장에서 니케이 풋옵션의 가격이 급격하게 변동하는 경우로 해석하여야 한다. ② 다음 ""고객의 평가위탁총액이 위탁증거금의 20%보다 낮은 경우""의 의미에 관하여 본다. 이 사건 설명서는 이 사건 약관 제14조 제2항에서 정한 장중 반대매매에 관한 설명을 부가하면서, 위험도 산정에 관하여 ‘(1- 평가예탁총액/위탁증거금) × 100%’ 또는 ‘(1- 예탁자산평가액/위탁증거금) × 100%’라고 기재하여 위 문구 중 ‘평가위탁총액’이 아닌 ‘평가예탁총액’이라는 단어를 사용하고 있다. 원고는 위험도의 도달 수준에 따라 SMS을 발송하여 위험도를 안내하고 있고, 위험도의 산정 방식 및 위험도가 평가위탁총액이 위탁증거금의 20%보다 낮은지 여부를 측정하는 지표로서 기능하고 있으며, 이 사건 설명서가 앞서 본 바와 같이 이 사건 약관을 구체화하는 기능을 수행하고 있음을 종합하여 보면, 위 문구의 ‘평가위탁총액’은 이 사건 설명서에 기재된 ‘평가예탁총액’ 또는 ‘예탁자산의 평가액’을 의미하는 것으로 이해함이 타당하다. 그런데 원고의 주장에 의하여도 평가예탁총액은 예수금에서 수수료를 공제하고 옵션 매매대금을 더한 값으로 계산되는바, 옵션의 실시간 가격 변동에 따른 평가손실을 반영하지 않으므로 평가위탁총액 또한 이와 같이 이해하는 것이 타당하다. 또한 오사카 증권거래소의 증거금 산정례에 의하더라도, 옵션의 실시간 가격 변동에 따른 평가손익이 평가예탁총액의 산정에 ","장중에 시세의 급격한 변동 등"", ""고객의 평가위탁총액이 위탁증거금의 20%보다 낮은 경우",미검수,,,,candidates_prec_약관조항무효.csv
법제처 OPEN API/prec,605565,2023나2008554,손해배상(기)등·손해배상(기),https://www.law.go.kr/DRF/lawService.do?OC=test&target=prec&ID=605565&type=HTML,제14조,(판단 불명확),판단 불명확,,,,"은 옵션 가격의 변동에 따른 위탁증거금 또는 결제대금 미납 사태를 미연에 예방하기 위한 목적으로 장중 반대매매를 규정한 것인데, 위 문구를 니케이 지수가 집계되는 도쿄 증권거래소의 주식시장 개장 시간에 니케이 지수가 급격하게 변동하는 경우로 해석한다면, 야간시장에도 옵션 가격이 충분히 등락할 수 있음에도 이에 대응하여 장중 반대매매를 실행할 수 없게 되어 이 사건 약관 제14조 제2항의 취지에 부합하지도 않게 된다. 그렇다면 위 ‘장중’은 옵션의 정규시장 및 야간시장을 의미한다고 할 것이므로, ""장중에 시세의 급격한 변동""은 오사카 증권거래소의 옵션 정규시장 및 야간시장에서 니케이 풋옵션의 가격이 급격하게 변동하는 경우로 해석하여야 한다. ② 다음 ""고객의 평가위탁총액이 위탁증거금의 20%보다 낮은 경우""의 의미에 관하여 본다. 이 사건 설명서는 이 사건 약관 제14조 제2항에서 정한 장중 반대매매에 관한 설명을 부가하면서, 위험도 산정에 관하여 ‘(1- 평가예탁총액/위탁증거금) × 100%’ 또는 ‘(1- 예탁자산평가액/위탁증거금) × 100%’라고 기재하여 위 문구 중 ‘평가위탁총액’이 아닌 ‘평가예탁총액’이라는 단어를 사용하고 있다. 원고는 위험도의 도달 수준에 따라 SMS을 발송하여 위험도를 안내하고 있고, 위험도의 산정 방식 및 위험도가 평가위탁총액이 위탁증거금의 20%보다 낮은지 여부를 측정하는 지표로서 기능하고 있으며, 이 사건 설명서가 앞서 본 바와 같이 이 사건 약관을 구체화하는 기능을 수행하고 있음을 종합하여 보면, 위 문구의 ‘평가위탁총액’은 이 사건 설명서에 기재된 ‘평가예탁총액’ 또는 ‘예탁자산의 평가액’을 의미하는 것으로 이해함이 타당하다. 그런데 원고의 주장에 의하여도 평가예탁총액은 예수금에서 수수료를 공제하고 옵션 매매대금을 더한 값으로 계산되는바, 옵션의 실시간 가격 변동에 따른 평가손실을 반영하지 않으므로 평가위탁총액 또한 이와 같이 이해하는 것이 타당하다. 또한 오사카 증권거래소의 증거금 산정례에 의하더라도, 옵션의 실시간 가격 변동에 따른 평가손익이 평가예탁총액의 산정에 반영되지 않는다. 오사카 증권거래소는, 위탁증거금을 SPAN 증거금액에 옵션가격증거금을 더함으로써 산정하며, 평가예탁총액(오사카 증권거래소는 이를 ‘수입증거금’이라고 부르고 있다)을 ‘대용증권액 + 납입현금 ± 선물거래의 계산상 손익액 ± 선물거래의 미결제손익액 ± 미결제옵션거래대금’으로 산정한다. 옵션가격증거금액은 매도포지션의 처분금액(옵션 매수대금)에서 매수포지션의 처분금액(옵션 매도대금)을 차감하는 방식으로 구하므로, 옵션 가격의 실시간 변동이 위탁증거금의 산정에 반영된다고 볼 수 있다. 그런데 니케이 풋옵션에 대한 평가예탁총액은 사실상 ‘대용증권액 + 납입현금 ± 미결제옵션거래대금’으로 산정되는데, 미결제옵션거래대금은 계약 시점의 옵션 매매대금을 의미하는 것으로 해당 시점에 이미 확정되는 것이므로 옵션 가격의 실시간 변동에 따른 평가손익이 반영될 여지가 없다. 옵션 가격의 실시간 변동에 따른 평가손익이 이미 위탁증거금의 산정에 반영됨에도 이에 더하여 평가위탁총액의 산정에도 위와 같은 평가손익이 반영된다고 한다면, 장중 반대매매의 실행 여부를 판단함에 있어 평가손익이 미치는 영향이 과장될 수밖에 없다. 따라서 이 사건의 경우와 같이 풋옵션의 가격이 급작스레 상승하여 급격한 평가손실을 보게 되는 경우에는 장중 반대매매의 요건 충족이 더욱 쉬워지게 되어 고객인 투자자의 입장에서 더욱 불리할 수밖에 없다. 그렇다면 ""장중에 시세의 급격한 변동""은 옵션의 실시간 가격 변동을 반영하지 않는 평가예탁총액 또는 예탁자산의 평가액이 위탁증거금의 20%보다 낮은 경우로 해석하여야 한다. (2) 이 사건 반대매매가 실행되기 전날인 2020. 2. 28. 니케이 풋옵션의 행사가격별 가격의 추이를 보면 아래 표10.과 같은바, 정규시장부터 풋옵션의 가격이 급격하게 상승하고 있음을 확인할 수 있고 이러한 상승 추세는 야간시장에도 꺾이지 않았는바, ""장중에 시세의 급격한 변동""이 이 사건 반대매매를 실행할 무렵에 있었음을 인정할 수","면 위 ‘장중’은 옵션의 정규시장 및 야간시장을 의미한다고 할 것이므로, ""장중에 시세의 급격한 변동""은 오사카 증권거래소의 옵션 정규시장 및 야간시장에서 니케이 풋옵션의 가격이 급격하게 변동하는 경우로 해석하여야 한다. ② 다음 ""고객의 평가위탁총액이 위탁증거금의 20%보다 낮은 경우""의 의미에 관하여 본다. 이 사건 설명서는 이 사건 약관 제14조 제2항에서 정한 장중 반대매매에 관한 설명을 부가하면서, 위험도 산정에 관하여 ‘(1- 평가예탁총액/위탁증거금) × 100%’ 또는 ‘(1- 예탁자산평가액/위탁증거금) × 100%",미검수,,,,candidates_prec_약관조항무효.csv
법제처 OPEN API/prec,240575,2022다298109,보험금,https://www.law.go.kr/DRF/lawService.do?OC=test&target=prec&ID=240575&type=HTML,(조 번호 미표기),(판단 불명확),판단 불명확,,,,"기준 등을 토대로 판단할 수는 없다고 봄이 타당하다. 가) 이 사건 자동차보험계약의 보험약관에 의하면, 원고와 피고는 피보험자의 후유장해의 상실수익액 계산을 위한 노동능력상실률은 원칙적으로 ‘실질적으로 부상 치료·진단을 실시한 의사 또는 해당 과목 전문의가 진단·판정한 맥브라이드식 장해평가방법’에 따르기로 약정하였음이 문언상 명백하다. 나) 또한 위 보험약관에서 ‘그 판정과 관련하여 다툼이 있을 경우 보험금 청구권자와 보험회사가 협의하여 정한 제3의 전문의료기관의 전문의에게 판정을 의뢰할 수 있다.’는 내용이 추가되어 있긴 하나, 이는 일방 당사자로부터 의뢰를 받은 의사 등의 진단·판정 결과에 대하여 상대방이 그 결과를 온전히 신뢰하지 못할 수도 있다는 측면 등을 고려하여, 그와 같은 다툼이 있는 경우에는 당사자들이 협의하여 다시 정한 제3의 전문의 등에게 재차 진단·판정을 의뢰할 수 있다는 취지로 해석된다. 다) 따라서 위 보험약관의 해석상 당사자 사이에 다툼이 있다는 사정만으로 노동능력상실률에 대하여 진단·판정을 담당하는 의료기관을 변경할 수 있는 외에, 나아가 그 판단 기준인 맥브라이드식 장해평가방법까지 변경하여 다른 방법 등으로 이를 진단·평가할 수 있다는 것으로 해석되지 않고, 이는 평균적인 보험계약자의 이해가능성 등에 비추어 보더라도 달리 보기 어렵다. 라) 특히 노동능력상실률은 단순한 의학적 신체기능장애율이 아니라 피해자의 연령, 교육 정도, 종전 직업의 성질과 직업경력 및 기능숙련 정도, 신체기능장애 정도, 유사직종이나 타직종에의 전업가능성과 그 확률, 기타 사회적, 경제적 조건을 모두 참작하여 경험칙에 따라 정한 수익상실률로서 법관의 자의가 배제된 합리적이고 객관성이 있어야 하는데(대법원 1990. 4. 13. 선고 89다카982 판결, 대법원 2019. 5. 30. 선고 2015다8902 판결 등 참조), ‘맥브라이드식 장해평가방법’은 이를 평가하기 위하여 널리 통용되고 있는 장해평가방법 중 하나이다. 이러한 측면에서 보더라도 당사자들이 그 노동능력상실률 판단 기준을 맥브라이드식 장해평가방법으로 약정한 것이 어느 당사자 일방에게 현저하게 불리하다거나 불합리하여 이를 배제해야 한다고 보기도 어렵다. 마) 원심으로서는 만일 원고에 대한 신체감정촉탁 결과를 그대로 신뢰하기 어려웠다면, 다른 의료기관 등에 재차 신체감정촉탁 등을 하는 등 맥브라이드식 장해평가방법에 따른 증거자료 등을 토대로 원고의 노동능력상실률을 정할 수 있음은 별론으로 하고, 이와 달리 이 사건 자동차보험계약이 아닌 다른 보험계약에서 정한 장해분류표 등을 기준으로 원고의 노동능력상실률을 임의로 정하는 것은 당사자들이 약정한 보험계약 약관의 해석 범위를 벗어날 뿐만 아니라, 앞서 본 보험약관의 해석 원칙에도 부합하지 않는 것으로 보인다. 나. 기지급 치료비 중 기왕증 기여도 해당 금액의 공제 주장에 관하여 1) 상해보험은 일반적으로 보험사고 이외에 피보험자의 질병 기타 기왕증이 공동 원인이 되어 상해에 영향을 미친 경우에도 사고로 인한 상해와 그 결과인 사망이나 후유장해 사이에 인과관계가 인정되면 보험계약 체결 시 약정한 대로 보험금을 지급할 의무가 발생한다. 다만 보험약관에 계약체결 전에 이미 존재한 신체 장해, 질병의 영향에 따라 상해가 중하게 된 때에는 그 영향이 없었을 때에 상당하는 금액을 결정하여 지급하기로 하는 내용이 있는 경우에는 지급될 보험금액을 산정함에 있어서 그 약관 조항에 따라 피보험자의 체질 또는 소인 등이 보험사고의 발생 또는 확대에 기여하였다는 사유를 들어 보험금을 감액할 수 있으므로(대법원 2002. 10. 11. 선고 2002다564 판결, 대법원 2007. 10. 11. 선고 2006다42610 판결 등 참조). 피보험자에게 이미 존재하던 신체 장해, 질병의 영향에 따라 상해가 ",그 판정과 관련하여 다툼이 있을 경우 보험금 청구권자와 보험회사가 협의하여 정한 제3의 전문의료기관의 전문의에게 판정을 의뢰할 수 있다,미검수,,,,candidates_prec_약관조항무효.csv
법제처 OPEN API/prec,235569,2020다248384,계약금반환·기타(금전),https://www.law.go.kr/DRF/lawService.do?OC=test&target=prec&ID=235569&type=HTML,(조 번호 미표기),(판단 불명확),판단 불명확,,,,"분양사업의 시행사 겸 위탁자인 피고(반소원고) 주식회사 광영산업개발, 주식회사 엠앤씨 및 분양사업자인 피고(반소원고) 신한자산신탁 주식회사[이하 ‘피고(반소원고)’를 ‘피고’라 하고, 회사 명칭에서 ‘주식회사’를 모두 생략한다]와 이 사건 건물 중 B동의 5개 호실을 분양받는 내용의 계약(이하 ‘이 사건 각 공급계약’이라 한다)을 체결하고, 각 호실별로 ‘공급계약서’(이하 ‘이 사건 각 공급계약서’라 한다)와 ‘공급계약서 계약 해제조항 변경동의 각서’(이하 ‘이 사건 각 변경동의 각서’라 한다) 등을 작성한 후 피고 신한자산신탁의 계좌로 15,000,000원(1차 계약금 3,000,000원 × 5개 호실)을 입금하였다. 나. 그런데 원고는 이 사건 각 계약 체결 당시 인감을 소지하지 않아 서명 또는 무인을 하는 방식으로 이 사건 각 공급계약서와 변경동의 각서 등을 작성하였고, 피고들에게 2018. 3. 31.까지 인감과 인감증명서를 지참하여 위와 같이 작성한 문서를 보완하기로 약속하였으나, 약속한 기한까지 이를 이행하지 않았다. 다. 원고는 2018. 4. 2. 피고들의 담당 직원과 통화하면서 이 사건 각 공급계약에 관한 문서 사본을 내줄 것을 요구하였는데, 담당 직원은 위와 같은 약속이 이행되지 않았음을 이유로 그 요구를 거절하였다. 라. 한편 원고가 이 사건 각 공급계약에 따른 계약금 잔금을 지급하지 않자, 피고들과 대우건설은 2018. 4. 20.과 2018. 5. 14. 원고에게 계약금 잔금 및 연체료 등을 납부하라는 취지의 최고장을 발송하였고, 최고장은 그 무렵 원고에게 모두 도달하였다. 마. 피고들과 대우건설은 2018. 5. 25. 원고에게 ‘이 사건 각 공급계약을 해제하고 원고가 납부한 돈은 피고들에게 귀속되며 위약금으로 각 호실별로 계약금 잔금에 해당하는 금원을 지급하라.’는 취지의 내용증명 우편을 발송하였고, 그 내용증명 우편은 2018. 5. 28. 원고에게 도달하였다. 2. 원심은 판시와 같은 이유로 다음과 같이 판단하였다. 피고들은 이 사건 각 공급계약이 체결되고 5일 후 이 사건 각 공급계약에 관한 문서 사본을 내달라는 원고의 요구를 거절함으로써 「약관의 규제에 관한 법률」(이하 ‘약관법’이라 한다) 제3조 제2항 본문에 따른 약관 사본 교부의무를 위반하였으므로 약관법 제3조 제4항에 따라 이를 계약의 내용으로 주장할 수 없다. 이 사건 각 공급계약서와 이 사건 각 변경동의 각서는 이 사건 각 공급계약에 따른 매매대금의 지급시기, 매도인과 매수인의 의무사항 등을 정하고 있는바, 이는 계약의 필수적이고 중요한 내용에 해당하고 이를 제외한 나머지 부분만으로는 계약의 목적 달성이 불가능하므로 약관법 제16조에 따라 이 사건 각 공급계약은 전부 무효로 된다. 3. 그러나 원심의 판단은 다음과 같은 이유로 수긍하기 어렵다. 가. 약관법 제3조 제2항 본문은 “사업자는 계약을 체결할 때에는 고객에게 약관의 내용을 계약의 종류에 따라 일반적으로 예상되는 방법으로 분명하게 밝히고, 고객이 요구할 경우 그 약관의 사본을 고객에게 내주어 고객이 약관의 내용을 알 수 있게 하여야 한다.”라고 규정하고, 같은 조 제4항은 “사업자가 제2항 및 제3항을 위반하여 계약을 체결한 경우에는 해당 약관을 계약의 내용으로 주장할 수 없다.”라고 규정하고 있다. 약관법 제3조 제2항, 제4항이 사업자에 대하여 약관의 명시의무와 약관 사본 교부의무를 부과하고 이를 위반하여 계약을 체결한 경우에는 그 약관을 계약의 내용으로 주장할 수 없도록 한 것은, 고객으로 하여금 각 당사자를 구속하게 될 내용을 미리 알고 약관에 의한 계약을 체결하도록 함으로써 예측하지 못한 불이익을 받게 되는 것을 방지하여 고객을 보호하려는 데 입",(이하 ‘이 사건 각 공급계약서’라 한다)와,미검수,,,,candidates_prec_약관조항무효.csv
법제처 OPEN API/prec,618551,2020가합581802,위약금등청구,https://www.law.go.kr/DRF/lawService.do?OC=test&target=prec&ID=618551&type=HTML,(조 번호 미표기),(판단 불명확),판단 불명확,,,," 14일이 되는 날을 기준으로 원고의 피고에 대한 이 사건 청구채권과 대등액에서 상계한다. 한편 피고는 이 사건 공급계약의 해제일 이후에도 원고를 대신하여 중도금 대출이자를 대납해주었으므로, 각 대납일을 기준으로 그 대납금 상당의 구상금 채권을 자동채권으로 하여 민법 제492조에 따라 원고의 이 사건 청구채권과 상계한다. 라) 피고의 원고에 대한 책임은 이 사건 공급계약 특약사항 제1조 제2항의 책임한정특약(이하 ‘이 사건 책임한정특약’이라 한다)에 따라 신탁재산 및 신탁계약의 업무범위 내로 한정되므로, ‘신탁재산의 한도 내에서 신탁계약에서 정한 자금집행순서에 따라’, ‘신탁사무처리비용을 공제하고 남은 잔여 신탁재산의 한도 내에서’ 또는 ‘신탁재산의 한도 내에서’ 이행할 책임이 있다는 취지가 주문에 명시되어야 한다. 3. 판단 가. 약정해제권의 발생 여부 1) 이 사건 약정해제권 조항은 매도인의 귀책사유로 입주예정일로부터 3개월을 초과하여 입주가 지연된 경우 매수인이 이 사건 각 공급계약을 해제할 수 있다고 정하고 있는 사실, 피고는 입주예정일인 2019. 12.로부터 3개월이 지난 2020. 3. 말경까지 이 사건 오피스텔을 준공하지 못하여 원고를 입주시키지 못한 사실은 앞서 본 바와 같으므로, 특별한 사정이 없는 한 원고에게 이 사건 약정해제권 조항에 근거한 해제권이 발생하였다. 2) 이에 대하여 피고는 입주일이 지정되어 통보되지 않았으므로 입주가 지연되었다고 볼 수 없다고 주장한다. 그러나 이 사건 공급계약의 문언상 입주예정일이 ‘2019. 12.’임은 명백하고, 피고가 지정하여 통보하여야 하는 것은 ‘입주일’이지 ‘입주예정일’이 아니므로, 피고가 2019. 12.로부터 3개월이 지난 2020. 3. 말경까지 이 사건 오피스텔을 준공하지 못한 이상 입주가 지연되었다고 볼 수 있다. 3) 피고는 위 입주 지연이 전적으로 소외 2 회사의 귀책사유이고 피고에게는 귀책사유가 없다고 주장한다. 그러나 이 사건 각 공급계약상 매도인인 피고는 매수인인 원고에 대한 관계에서 매매목적물인 이 사건 오피스텔을 직접 신축하거나, 제3자로 하여금 신축하게 하는 등의 방법으로 이행기까지 인도할 의무가 있는 것이고, 피고가 소외 2 회사로 하여금 이 사건 오피스텔을 신축하게 한 이상 소외 2 회사의 공사 중단 등으로 인한 이 사건 오피스텔의 준공 및 입주 지연은 매도인인 피고 측 귀책사유에 해당한다. 4) 피고는 이 사건 신탁계약은 신탁원부에 포함되어 등기부에 공시됨으로써 제3자에 대하여도 그 내용으로 대항할 수 있는데, 피고는 이 사건 신탁계약에서 정한 신탁사업 준공기한 내에 이 사건 오피스텔을 준공하였으므로 원고의 입주 지연에 대한 귀책사유가 없다고도 주장한다. 이 사건 신탁계약 특약 제27조 제3항에서 피고의 신탁사업 준공기한을 대출약정상 최초 인출일로부터 28개월 내로 정하고 있는 사실은 앞서 본 바와 같다. 그러나 위 신탁사업 준공기한은 이 사건 신탁계약의 당사자들, 즉 사업자금을 대여해준 1, 2순위 우선수익자 등과의 관계에서 수탁자인 피고가 어느 시점부터 준공 지연으로 인한 손해배상책임을 부담하는지를 정하기 위한 기준으로서 마련된 것으로 보일 뿐이다. 이에 더하여 이 사건 공급계약은 입주예정일을 2019. 12.경으로 명시하고 있고, 이 사건 약정해제권 조항에서는 입주예정일로부터 3개월을 초과하여 입주가 지연된 경우 수분양자가 공급계약을 해제할 수 있다고 정하고 있는 점을 고려할 때, 2020. 3. 말경까지 이 사건 오피스텔이 준공되지 않아 입주가 이루어지지 않은 이상, 이 사건 신탁계약의 제3자에 대한 대항력 유무와 관계없이 피고는 이 사건 각 공급계약의 매도인으로서 입주 지연에 관한 귀책사유가 있다고 봄이 상당하다. 나. 해제권 행사의 적법 여부 1) 일반적으로 동시이행의 관계에 있는 쌍무계약",사건 책임한정특약’이라 한다)에 따라 신탁재산 및 신탁계약의 업무범위 내로 한정되므로,미검수,,,,candidates_prec_약관조항무효.csv
법제처 OPEN API/prec,618551,2020가합581802,위약금등청구,https://www.law.go.kr/DRF/lawService.do?OC=test&target=prec&ID=618551&type=HTML,(조 번호 미표기),(판단 불명확),판단 불명확,,,," 신탁사무처리비용에 해당하고 아직 그 변제가 완료되지 않았다고 하더라도, 원고의 분양대금반환 및 위약금 채권은 이 사건 공급계약 해제통지가 피고에게 도달함과 동시에 그 이행기가 도래하였다고 봄이 상당하고, 이와 달리 피고의 신탁사무처리비용이 모두 변제되고 나서야 비로소 그 이행기가 도래한다고 볼 수는 없다. 따라서 피고의 이 부분 주장은 이유 없다. ① 이 사건 신탁계약 특약 제9조 제3항은 ‘집행순위에 따른 자금집행은 지급시기가 도래한 당해 채무 또는 비용에 대하여 적용하는 것으로 하되(선순위의 자금이 전액 집행되어야 비로소 후순위 자금을 집행할 수 있음을 의미하는 것은 아니다), 후순위 항목의 지급시기가 먼저 도래하고 당해 후순위 항목을 변제 또는 지급하는 경우 나중에 지급기일이 도래하는 선순위 자금집행항목의 집행이 어려울 것으로 예측되는 경우 수탁자는 당해 후순위 자금집행을 보류할 수 있다.’고 정하고 있다. 이는 그 문언의 취지 자체로 자금집행 순서에 있어 후순위 항목인 채권의 이행기가 선순위 항목인 채권보다 먼저 도래할 수 있음을 전제로 하고 있다. ② 한편 이 사건 신탁계약 특약 제9조 제2항, 제9조의4에서 신탁사무처리비용, 분양대금반환 채권, 공사대금, 대출금 등의 자금집행순위를 정하고 있다고 하더라도 이는 신탁계약의 당사자들 사이에서 신탁자금을 집행하는 순서를 상호 약정하는 의미를 가질 뿐이고, 그 자금집행순위가 특정 순위의 위 각 해당 채권에 기한 강제집행에 따르는 신탁재산의 유무나 범위에 영향을 미칠 여지가 있음은 별론으로 하더라도, 특별한 사정이 없는 한 이 사건 신탁계약의 당사자도 아닌 원고의 분양계약 해제에 따른 분양대금반환 및 위약금 채권의 성립과 그 이행기 자체에 영향을 미칠 수 없다. ③ 신탁법 제48조 제1항에는 ‘수탁자는 신탁재산에 대한 민사집행절차 또는 「국세징수법」에 따른 공매절차에서 수익자나 그 밖의 채권자보다 우선하여 신탁의 목적에 따라 신탁재산의 보존, 개량을 위하여 지출한 필요비 또는 유익비의 우선변제를 받을 권리가 있다’고 규정하고 있다. 그러나 위 규정은 그 문언 자체로 다른 신탁채권자가 신청한 민사집행절차나 공매절차에서 수탁자가 자신이 지출한 비용 중 필요비와 유익비를 일반채권에 우선하여 변제받을 수 있다는 것을 의미할 뿐 다른 채권자에 대한 관계에서 우선적으로 직접 지급을 구할 수 있는 권한을 부여한 것으로 볼 수는 없다. 오히려 이 사건 오피스텔 분양은 건축물의 분양에 관한 법률(이하 ‘건축물분양법’이라 한다) 적용 대상인 사실은 당사자 사이에 다툼이 없는데, 위 건축물분양법 시행령 제3조 제1항 제3호에는 ‘법 제4조 제1항 제1호에 따른 신탁계약에는 신탁을 정산할 때에 분양받은 자가 납부한 분양대금을 다른 채권 및 수익자의 권리보다 우선하여 정산하여야 한다는 사항이 포함되어야 한다.’고 규정되어 있다. 또한 건축물분양법 및 건축물분양법 시행령의 각 규정에 따라 체결된 이 사건 신탁계약은 특약 제1조 제2항에서 ‘신탁계약에서 목적으로 하는 신탁사업의 원만하고 안정적인 수행 및 수분양의 보호’를 이 사건 신탁계약 기본계약 및 특약의 목적으로 정하고, 특약 제25조에서 ‘신탁계약의 당사자들은 본 신탁사업에 대하여 건축물분양법이 적용되는 경우, 신탁계약의 다른 조항에도 불구하고 건축물분양법에 정하여진, 신탁을 정산하는 때에 수분양자가 납부한 분양대금을 다른 채권 및 수익자의 권리보다 우선하여 정산한다는 내용을 우선하여 적용하는 것으로 합의한다.’고 정하고 있다. 위와 같이 건축물분양법은 피분양자들을 보호하는 것을 주된 목적으로 제정되었고, 이를 위하여 신탁계약 등에 피분양자가 납부한 분양대금을 다른 채권 및 수익자의 권리보다 우선하여 정산할 것을 규정하도록 하고 있는 점 등에 비추어 보면, 이 사건 신탁계약의 수탁자이자 이 사건 각 공급계약상의 분양자인 피고가 이 사건 신탁계약상의 다른 채권의 존재나 신탁사업 계좌의 자금 고갈 등을 이유로 원고의 분양대금 반환을 거부하는 것을 허용될 수 없다고 할 것이다. ④ 원고가 피고의 귀책사유를 원인으로 이 사건 공급계약을 적","집행순위에 따른 자금집행은 지급시기가 도래한 당해 채무 또는 비용에 대하여 적용하는 것으로 하되(선순위의 자금이 전액 집행되어야 비로소 후순위 자금을 집행할 수 있음을 의미하는 것은 아니다), 후순위 항목의 지급시기가 먼저 도래하고 당해 후순위 항목을 변제 또는 지급하는 경우 나중에 지급기일이 도래하는 선순위 자금집행항목의 집행이 어려울 것으로 예측되는 경우 수탁자는 당해 후순위 자금집행을 보류할 수 있다",미검수,,,,candidates_prec_약관조항무효.csv
법제처 OPEN API/prec,618551,2020가합581802,위약금등청구,https://www.law.go.kr/DRF/lawService.do?OC=test&target=prec&ID=618551&type=HTML,(조 번호 미표기),(판단 불명확),판단 불명확,,,,"계약에는 신탁을 정산할 때에 분양받은 자가 납부한 분양대금을 다른 채권 및 수익자의 권리보다 우선하여 정산하여야 한다는 사항이 포함되어야 한다.’고 규정되어 있다. 또한 건축물분양법 및 건축물분양법 시행령의 각 규정에 따라 체결된 이 사건 신탁계약은 특약 제1조 제2항에서 ‘신탁계약에서 목적으로 하는 신탁사업의 원만하고 안정적인 수행 및 수분양의 보호’를 이 사건 신탁계약 기본계약 및 특약의 목적으로 정하고, 특약 제25조에서 ‘신탁계약의 당사자들은 본 신탁사업에 대하여 건축물분양법이 적용되는 경우, 신탁계약의 다른 조항에도 불구하고 건축물분양법에 정하여진, 신탁을 정산하는 때에 수분양자가 납부한 분양대금을 다른 채권 및 수익자의 권리보다 우선하여 정산한다는 내용을 우선하여 적용하는 것으로 합의한다.’고 정하고 있다. 위와 같이 건축물분양법은 피분양자들을 보호하는 것을 주된 목적으로 제정되었고, 이를 위하여 신탁계약 등에 피분양자가 납부한 분양대금을 다른 채권 및 수익자의 권리보다 우선하여 정산할 것을 규정하도록 하고 있는 점 등에 비추어 보면, 이 사건 신탁계약의 수탁자이자 이 사건 각 공급계약상의 분양자인 피고가 이 사건 신탁계약상의 다른 채권의 존재나 신탁사업 계좌의 자금 고갈 등을 이유로 원고의 분양대금 반환을 거부하는 것을 허용될 수 없다고 할 것이다. ④ 원고가 피고의 귀책사유를 원인으로 이 사건 공급계약을 적법하게 해제함으로써 분양대금반환 및 위약금 채권이 각 발생하였고, 원고는 피고에게 계약해제를 통지하면서 동시에 분양대금의 반환 및 위약금의 지급을 청구하였다. 이 사건 공급계약의 해제에 따른 분양대금반환 및 위약금 채권은 기한의 정함이 없는 채권에 해당하므로, 이 사건 공급계약의 해제 통지가 피고에게 도달함과 동시에 원고의 분양대금반환 및 위약금 채권의 이행기가 도래하였다고 봄이 상당하다. 나) 한편 피고는 이 사건 신탁계약서가 신탁원부에 포함되어 신탁 등기로 공시되었고 이 사건 공급계약에서도 수분양자들에게 신탁원부를 확인할 의무를 부과하였으므로(특약사항 제1조 제2항), 이 사건 신탁계약 특약의 자금집행순위 규정으로 제3자인 원고에게 대항할 수 있다는 취지로도 주장한다. 그러나 앞서 보았듯이 신탁원부에 기재된 신탁조항은 그 효력을 계약당사자인 신탁자와 수탁자 사이에서 발생시킬 의사로 체결되는 것이므로, 이 사건 신탁계약 특약 제9조, 제9조의4 등의 규정이 신탁계약의 당사자가 아닌 제3자가 수탁자에 대하여 보유하는 채권의 이행기에 직접 적용된다고 보기 어렵다. 더욱이 신탁법 제4조 제1항은 ‘등기 또는 등록할 수 있는 재산권에 관하여는 신탁의 등기 또는 등록을 함으로써 그 재산이 신탁재산에 속한 것임을 제3자에게 대항할 수 있다.’라고 규정하고 있는데, 이는 등기 또는 등록할 수 있는 재산권에 관하여 신탁의 등기를 하면 ‘그 재산이 신탁재산에 속한 것’임을 제3자에게 대항할 수 있다는 의미이므로, 등기된 신탁원부에 기재된 신탁계약 특약의 내용이 모두 제3자에게 대항력을 갖게 된다고 볼 수도 없다. 따라서 이 사건 신탁계약이 신탁 등기로 공시되어 제3자에게 대항력을 갖는지 여부는 원고의 분양대금반환 및 위약금 채권의 이행기 도래와는 무관한 사정이고, 피고의 이 부분 주장은 이유 없다. 3) 지급 보류권 관련 주장 피고는 설령 원고의 분양대금반환 및 위약금 채권의 이행기가 도래하였다고 하더라도, 이 사건 신탁사업 계좌의 자금이 고갈되는 등 선순위인 신탁사무처리비용의 집행이 어려울 것으로 예측되므로, 피고는 후순위인 원고에 대한 분양대금 및 위약금의 지급을 보류할 권리가 있다고 주장한다. 이 사건 신탁계약 특약 제9조 제3항은 후순위 항목의 지급시기가 먼저 도래하여 자금을 집행할 경우 지급시기가 나중에 도래할 선순위 항목의 집행이 어려울 것으로 예측된다면 그 후순위 항목의 자금집행을 보류할 수 있다는 취지로 규정하고, 피고가 공사대금 및 제세공과금 명목으로 투입한 자금 중 회수되지 않은 금액이 31,343,942,333원인 사실은 앞서 본 바와 같다. 그러나 위 신탁계약의 약정이","신탁계약의 당사자들은 본 신탁사업에 대하여 건축물분양법이 적용되는 경우, 신탁계약의 다른 조항에도 불구하고 건축물분양법에 정하여진, 신탁을 정산하는 때에 수분양자가 납부한 분양대금을 다른 채권 및 수익자의 권리보다 우선하여 정산한다는 내용을 우선하여 적용하는 것으로 합의한다",미검수,,,,candidates_prec_약관조항무효.csv
법제처 OPEN API/prec,618551,2020가합581802,위약금등청구,https://www.law.go.kr/DRF/lawService.do?OC=test&target=prec&ID=618551&type=HTML,(조 번호 미표기),(판단 불명확),판단 불명확,,,,"의 정함이 없는 채권에 해당하므로, 이 사건 공급계약의 해제 통지가 피고에게 도달함과 동시에 원고의 분양대금반환 및 위약금 채권의 이행기가 도래하였다고 봄이 상당하다. 나) 한편 피고는 이 사건 신탁계약서가 신탁원부에 포함되어 신탁 등기로 공시되었고 이 사건 공급계약에서도 수분양자들에게 신탁원부를 확인할 의무를 부과하였으므로(특약사항 제1조 제2항), 이 사건 신탁계약 특약의 자금집행순위 규정으로 제3자인 원고에게 대항할 수 있다는 취지로도 주장한다. 그러나 앞서 보았듯이 신탁원부에 기재된 신탁조항은 그 효력을 계약당사자인 신탁자와 수탁자 사이에서 발생시킬 의사로 체결되는 것이므로, 이 사건 신탁계약 특약 제9조, 제9조의4 등의 규정이 신탁계약의 당사자가 아닌 제3자가 수탁자에 대하여 보유하는 채권의 이행기에 직접 적용된다고 보기 어렵다. 더욱이 신탁법 제4조 제1항은 ‘등기 또는 등록할 수 있는 재산권에 관하여는 신탁의 등기 또는 등록을 함으로써 그 재산이 신탁재산에 속한 것임을 제3자에게 대항할 수 있다.’라고 규정하고 있는데, 이는 등기 또는 등록할 수 있는 재산권에 관하여 신탁의 등기를 하면 ‘그 재산이 신탁재산에 속한 것’임을 제3자에게 대항할 수 있다는 의미이므로, 등기된 신탁원부에 기재된 신탁계약 특약의 내용이 모두 제3자에게 대항력을 갖게 된다고 볼 수도 없다. 따라서 이 사건 신탁계약이 신탁 등기로 공시되어 제3자에게 대항력을 갖는지 여부는 원고의 분양대금반환 및 위약금 채권의 이행기 도래와는 무관한 사정이고, 피고의 이 부분 주장은 이유 없다. 3) 지급 보류권 관련 주장 피고는 설령 원고의 분양대금반환 및 위약금 채권의 이행기가 도래하였다고 하더라도, 이 사건 신탁사업 계좌의 자금이 고갈되는 등 선순위인 신탁사무처리비용의 집행이 어려울 것으로 예측되므로, 피고는 후순위인 원고에 대한 분양대금 및 위약금의 지급을 보류할 권리가 있다고 주장한다. 이 사건 신탁계약 특약 제9조 제3항은 후순위 항목의 지급시기가 먼저 도래하여 자금을 집행할 경우 지급시기가 나중에 도래할 선순위 항목의 집행이 어려울 것으로 예측된다면 그 후순위 항목의 자금집행을 보류할 수 있다는 취지로 규정하고, 피고가 공사대금 및 제세공과금 명목으로 투입한 자금 중 회수되지 않은 금액이 31,343,942,333원인 사실은 앞서 본 바와 같다. 그러나 위 신탁계약의 약정이 원고에게 적용된다고 볼 수 없음은 앞서 본 논거와 같고, 설령 이와 달리 보더라도 을 제16호증의 기재 및 변론 전체의 취지에 의하여 인정할 수 있는 다음의 사정들, 즉 ① 이 사건 신탁사업 재무상태표에 의하면 2021. 6. 30. 기준 유동자산의 규모가 96,941,490,257원에 이르고, 그 중 당좌자산으로서 분양미수금이 28,652,914,043원(분양계약은 체결되었으나 아직 지급되지 않은 분양대금 액수를 의미하는 것으로 보인다), 재고자산으로서 완성건물의 가액이 59,199,102,152원(아직 분양되지 않고 남아 있는 이 사건 오피스텔 각 세대의 가액으로 보인다)으로 계상되어 있는 점, ② 피고는 위와 같이 313억 원 가량을 투입하여 이 사건 오피스텔을 완공하고 분양사업을 시행함으로써 위 분양미수금 및 완성건물을 자산으로 보유하게 되었고, 향후 분양미수금이 회수되고 추가로 분양이 이루어져 그 분양대금을 지급받게 되면 피고로서는 자신이 투입한 위 비용을 최우선 순위로 회수할 가능성이 충분히 존재하는 것으로 보이는 점, ③ 달리 이 사건 변론종결일 현재 피고가 원고에게 분양대금 및 위약금을 지급할 경우 추후 피고의 선순위 신탁사무처리비용의 집행이 어려울 것으로 예측된다고 인정할 증거가 부족한 점 등을 종합하면, 피고에게 원고에 대한 분양대금 및 위약금 지급을 보류할 권리가 있다고 인정하기 어렵고, 달리 이를 인정할 증거가 없다. 따라서 피고의 이 부분 주장은 이유 없다. 4) 위약금 감액 관련 주장 이 사건 공급계약 제4조 제2항은 위약금 약정으로서 특별한 사정이 없는 한 손해배상액의 예정으로 볼 수 있고, 손해배상의 예정액이 부당히 과다한 경우 법원은","규정으로 제3자인 원고에게 대항할 수 있다는 취지로도 주장한다. 그러나 앞서 보았듯이 신탁원부에 기재된 신탁조항은 그 효력을 계약당사자인 신탁자와 수탁자 사이에서 발생시킬 의사로 체결되는 것이므로, 이 사건 신탁계약 특약 제9조, 제9조의4 등의 규정이 신탁계약의 당사자가 아닌 제3자가 수탁자에 대하여 보유하는 채권의 이행기에 직접 적용된다고 보기 어렵다. 더욱이 신탁법 제4조 제1항은 ‘등기 또는 등록할 수 있는 재산권에 관하여는 신탁의 등기 또는 등록을 함으로써 그 재산이 신탁재산에 속한 것임을 제3자에게 대항할 수 있다.",미검수,,,,candidates_prec_약관조항무효.csv
법제처 OPEN API/prec,618165,2023다280945,위약금등청구[수분양자가 시행사 및 분양자의 지위를 승계한 신탁회사를 상대로 공급계약의 해제를 주장하며 계약금 반환 등을 구하는 사건],https://www.law.go.kr/DRF/lawService.do?OC=test&target=prec&ID=618165&type=HTML,(조 번호 미표기),(판단 불명확),판단 불명확,,,,"다. 다. 이 사건 공급계약 제3조 제3항 제1호는 ""매수인은 매도인의 귀책사유로 인해 입주예정일로부터 3월을 초과하여 입주가 지연된 경우 공급계약을 해제할 수 있다.""라고, 제4조 제2항은 ""제3조 제3항에 해당하는 사유로 공급계약이 해제된 때에는 매도인은 매수인에게 총공급금액의 10%를 위약금으로 지급한다.""라고 각각 규정하고 있다. 라. 한편 이 사건 공급계약의 특약사항 제1조 제2항은 ""매도인은 매수인에게 공급계약상의 책임을 부담하는 경우에도 신탁재산 및 신탁계약의 업무범위 내에서만 책임을 부담하며, 매수인은 등기부로 공시되는 신탁원부의 내용을 확인하여야 한다.""라고, 같은 조 제3항은 ""수탁자가 선량한 관리자의 주의로써 신탁부동산을 관리한 경우 분양(매매)목적물의 하자 및 분양계약에 관한 법적 책임은 위탁자 및 시공사에게 있음을 인지하고 동의한다.""라고 각각 규정하고 있다. 마. 원고는 2020. 4.경 피고에게 입주예정일인 ‘2019. 12.’로부터 3개월 이상 입주가 지연되었음을 이유로 이 사건 공급계약 제3조 제3항 제1호에 따라 이 사건 공급계약을 해제하고 계약금의 반환 및 위약금의 지급을 구하는 내용의 통지를 하였다. 2. 피고가 이 사건 공급계약의 해제로 인한 위약금 지급의무를 부담하는지 여부에 관한 판단(제1 상고이유) 가. 판결서의 이유에는 주문이 정당하다는 것을 인정할 수 있을 정도로 당사자의 주장, 그 밖의 공격ㆍ방어방법에 관한 판단을 표시하면 되고 당사자의 모든 주장이나 공격ㆍ방어방법에 관하여 판단할 필요가 없다(민사소송법 제208조). 따라서 법원의 판결에 당사자가 주장한 사항에 대한 구체적ㆍ직접적인 판단이 표시되어 있지 않더라도 판결 이유의 전반적인 취지에 비추어 그 주장을 인용하거나 배척하였음을 알 수 있는 정도라면 판단누락이라고 할 수 없다. 설령 실제로 판단을 하지 않은 부분이 있더라도 그 주장이 배척될 것이 분명한 때에는 판결 결과에 영향이 없어 판단누락의 잘못을 이유로 파기할 필요가 없다(대법원 2013. 10. 31. 선고 2011다98426 판결, 대법원 2017. 12. 5. 선고 2017다9657 판결 등 참조). 나. 원심은 판시와 같은 이유로 다음과 같이 판단하였다. 피고는 입주예정일인 2019. 12.로부터 3개월이 지난 2020. 3. 말경까지 이 사건 오피스텔을 준공하지 못하였고 이러한 준공 지연 및 그로 인한 입주 지연은 피고의 귀책사유에 해당하므로, 원고에게 이 사건 공급계약 제3조 제3항 제1호에서 정한 약정해제권이 발생하였다. 이 사건 공급계약은 원고의 해제 통지에 따라 2020. 5. 28. 해제되었다. 따라서 피고는 원고에게 이 사건 공급계약 제4조 제2항에 따라 위약금을 지급할 의무가 있다. 원심판결 이유를 관련 법리와 기록에 비추어 살펴보면, 원심의 위와 같은 판단은 수긍할 수 있다. 다. 원심은, 피고가 선량한 관리자의 주의로써 신탁부동산을 관리하였으므로 이 사건 공급계약의 특약사항 제1조 제3항에 따라 이 사건 공급계약에 관한 법적 책임을 부담하지 않는다는 피고의 주장에 관해서는 명시적으로 판단하지 않았다. 그러나 원심판결 이유의 전반적인 취지를 살펴보면, 원심의 판단에는 피고의 위 주장을 배척하는 취지가 포함되어 있다고 볼 수 있으므로 이를 판단누락으로 볼 수는 없다. 따라서 원심판결에 상고이유 주장과 같이 피고의 위 주장에 대한 판단을 누락하거나 필요한 심리를 다하지 아니하는 등으로 판결에 영향을 미친 잘못이 없다. 3. 피고의 책임이 신탁재산의 범위 내로 제한되는지 여부에 관한 판단(제2, 3 상고이유) 가. 「약관의 규제에 관한 법률」(이하 ‘약관법’이라 한다) 제3조 제3항 전문은 ""사업자는 약관에 정하여져 있는 중요한 내용을 고객이 이해할 수 있도록 설명하여야 한다.""라고 정하여 사업자에게 약관의 중요한 내용에 대하여 구체적이고 상세한 설명의무를 부과하고 있고, 같","매도인은 매수인에게 공급계약상의 책임을 부담하는 경우에도 신탁재산 및 신탁계약의 업무범위 내에서만 책임을 부담하며, 매수인은 등기부로 공시되는 신탁원부의 내용을 확인하여야 한다",미검수,,,,candidates_prec_위약금.csv
법제처 OPEN API/prec,607549,2024나12050,분양대금반환청구의소·매매대금,https://www.law.go.kr/DRF/lawService.do?OC=test&target=prec&ID=607549&type=HTML,제4조,(판단 불명확),판단 불명확,,,,"1. 선고 2010다26769 판결 참조). 다) 통상의 부동산 매매계약에서 매도인의 소유권이전등기의무와 매수인의 잔금지급의무가 특별한 사정이 없는 한 동시이행관계에 있다고 하더라도, 이 사건 분양계약상 원고들과 피고의 각 의무의 관계는 이 사건 분양계약 체결 시 작성된 처분문서인 이 사건 분양계약서의 문언과 그 해석을 통해 판단하여야 한다. 그런데 이 사건 분양계약 제4조 제1항은 ‘원고들이 잔금 납부를 지연하여 제1조 제1항에서 정한 약정일이 경과하였을 때에는 그 경과일수에 대하여 연 12%의 연체료를 가산하여 납부하여야 한다’고 규정하고 있고, 제1조 제1항에 기재된 잔금 지급일은 ‘준공 후 20일 이내’이나, 원고들과 피고들이 제14조 제11항으로 ‘잔금은 임대차 계약 완료 시 입금한다’는 특약을 두었음은 앞서 본 바와 같은바, 이 사건 분양계약 제4조 제1항과 제14조 제11항은 그 문언상 원고들은 잔금을 이 사건 상가에 관한 임대차계약 완료일까지 지급하여야 하고 그다음 날부터 미지급 잔금에 대하여 연 12%의 비율로 계산한 연체료를 가산하여 지급할 의무가 있다는 의미로 해석된다. 또한 갑 제1호증의 기재에 의하면, 이 사건 분양계약 제4조 제2항이 ‘피고의 귀책사유로 소유권이전이 지연되는 경우에는 원고들이 기납부한 금액에 대하여 제4조 제1항에 의한 연체요율에 의거 원고들에게 지체상금을 지급하거나 잔여금액에서 공제한다’고 규정하여, 피고가 소유권이전을 지체한 때에도 곧바로 지체일수에 대하여 원고들의 잔금 미지급에 대한 연체요율과 동일한 요율에 따른 지체상금을 지급하도록 하였음이 인정된다. 나아가 이 사건 분양계약 제4조 제1, 2항의 기재 내용을 부인할 만한 분명하고도 수긍할 수 있는 반증도 없으므로, 이 사건 분양계약 제4조 제1, 2항의 연체료와 지체상금 약정은 쌍무계약상의 동시이행에 관한 권리를 쌍방이 포기하기로 하는 특약으로 봄이 타당하다(대법원 1999. 3. 12. 선고 97다37852, 37869 판결 취지 참조). 따라서 원고들은 미지급 잔금에 대하여 이 사건 임대차계약이 완료된 다음 날인 2022. 6. 4.부터 다 갚는 날까지 연 12%의 비율로 계산한 연체료를 가산하여 지급할 의무가 있다(피고는 이 사건 임대차계약 체결일 다음 날인 2022. 5. 19.부터 연체료의 지급을 구하나, 이 사건 분양계약 제14조 제11항은 잔금 지급일을 임대차계약 ‘완료 시’로 규정하고 있는바, 그 문언상 이 사건 임대차계약의 이행이 완료된 때를 의미하고, 앞서 인정한 사실과 을 제16호증의 1의 기재에 의하여 인정되는 다음과 같은 사정 즉, 피고의 사내이사 소외 3도 이 사건 임대차계약을 체결한 즉시 그 사실을 원고들에게 알리지 않았고, 2022. 5. 28. 원고(반소피고) 1과 전화통화하면서 ‘임대차보증금 전액을 지급받지 않아서 알리지 않았고, 임대차보증금을 전부 지급받으면 연락하려고 했다’는 취지로 말한 점까지 더하여 보면, 원고들의 잔금지급의무는 이 사건 임대차계약의 임차인 소외 1이 피고에게 임대차보증금 5,000만 원의 지급을 완료한 2022. 6. 3. 그 이행기가 도래한다고 봄이 타당하므로, 2022. 5. 19.부터 2022. 6. 3.까지의 연체료 지급 청구 부분은 이유 없다). 다. 원고들의 동시이행항변에 관한 판단 원고들은, 피고로부터 이 사건 상가에 관한 소유권이전등기절차를 이행받음과 동시에 잔금을 지급하겠다고 항변한다. 그러나 위 나의 3)항에서 본 바와 같이 원고들과 피고는 이 사건 분양계약 제4조 제1, 2항으로 원고의 잔금지급의무와 피고의 소유권이전의무를 동시이행할 권리를 쌍방이 포기하기로 하는 특약을 하였는바, 원고들의 동시이행항변은 이유 없다. 라. 소결론 원고들은 피고에게 잔금 각 527,828,860원과 이에 대하여 2022. 6. 4.부터 다 갚는 날까지 연 12%의 비",원고들이 잔금 납부를 지연하여 제1조 제1항에서 정한 약정일이 경과하였을 때에는 그 경과일수에 대하여 연 12%의 연체료를 가산하여 납부하여야 한다,미검수,,,,candidates_prec_위약금.csv
법제처 OPEN API/prec,607549,2024나12050,분양대금반환청구의소·매매대금,https://www.law.go.kr/DRF/lawService.do?OC=test&target=prec&ID=607549&type=HTML,제4조,(판단 불명확),판단 불명확,,,,"료 시 입금한다’는 특약을 두었음은 앞서 본 바와 같은바, 이 사건 분양계약 제4조 제1항과 제14조 제11항은 그 문언상 원고들은 잔금을 이 사건 상가에 관한 임대차계약 완료일까지 지급하여야 하고 그다음 날부터 미지급 잔금에 대하여 연 12%의 비율로 계산한 연체료를 가산하여 지급할 의무가 있다는 의미로 해석된다. 또한 갑 제1호증의 기재에 의하면, 이 사건 분양계약 제4조 제2항이 ‘피고의 귀책사유로 소유권이전이 지연되는 경우에는 원고들이 기납부한 금액에 대하여 제4조 제1항에 의한 연체요율에 의거 원고들에게 지체상금을 지급하거나 잔여금액에서 공제한다’고 규정하여, 피고가 소유권이전을 지체한 때에도 곧바로 지체일수에 대하여 원고들의 잔금 미지급에 대한 연체요율과 동일한 요율에 따른 지체상금을 지급하도록 하였음이 인정된다. 나아가 이 사건 분양계약 제4조 제1, 2항의 기재 내용을 부인할 만한 분명하고도 수긍할 수 있는 반증도 없으므로, 이 사건 분양계약 제4조 제1, 2항의 연체료와 지체상금 약정은 쌍무계약상의 동시이행에 관한 권리를 쌍방이 포기하기로 하는 특약으로 봄이 타당하다(대법원 1999. 3. 12. 선고 97다37852, 37869 판결 취지 참조). 따라서 원고들은 미지급 잔금에 대하여 이 사건 임대차계약이 완료된 다음 날인 2022. 6. 4.부터 다 갚는 날까지 연 12%의 비율로 계산한 연체료를 가산하여 지급할 의무가 있다(피고는 이 사건 임대차계약 체결일 다음 날인 2022. 5. 19.부터 연체료의 지급을 구하나, 이 사건 분양계약 제14조 제11항은 잔금 지급일을 임대차계약 ‘완료 시’로 규정하고 있는바, 그 문언상 이 사건 임대차계약의 이행이 완료된 때를 의미하고, 앞서 인정한 사실과 을 제16호증의 1의 기재에 의하여 인정되는 다음과 같은 사정 즉, 피고의 사내이사 소외 3도 이 사건 임대차계약을 체결한 즉시 그 사실을 원고들에게 알리지 않았고, 2022. 5. 28. 원고(반소피고) 1과 전화통화하면서 ‘임대차보증금 전액을 지급받지 않아서 알리지 않았고, 임대차보증금을 전부 지급받으면 연락하려고 했다’는 취지로 말한 점까지 더하여 보면, 원고들의 잔금지급의무는 이 사건 임대차계약의 임차인 소외 1이 피고에게 임대차보증금 5,000만 원의 지급을 완료한 2022. 6. 3. 그 이행기가 도래한다고 봄이 타당하므로, 2022. 5. 19.부터 2022. 6. 3.까지의 연체료 지급 청구 부분은 이유 없다). 다. 원고들의 동시이행항변에 관한 판단 원고들은, 피고로부터 이 사건 상가에 관한 소유권이전등기절차를 이행받음과 동시에 잔금을 지급하겠다고 항변한다. 그러나 위 나의 3)항에서 본 바와 같이 원고들과 피고는 이 사건 분양계약 제4조 제1, 2항으로 원고의 잔금지급의무와 피고의 소유권이전의무를 동시이행할 권리를 쌍방이 포기하기로 하는 특약을 하였는바, 원고들의 동시이행항변은 이유 없다. 라. 소결론 원고들은 피고에게 잔금 각 527,828,860원과 이에 대하여 2022. 6. 4.부터 다 갚는 날까지 연 12%의 비율로 계산한 연체료를 지급할 의무가 있다. 4. 결론 피고의 반소청구는 위 인정범위 내에서 이유 있어 인용하고, 원고들의 본소청구와 피고의 나머지 반소청구는 이유 없어 모두 기각하여야 하는바, 제1심판결을 주문과 같이 변경한다. 판사 조광국(재판장) 이수연 조미화 ]]>",피고의 귀책사유로 소유권이전이 지연되는 경우에는 원고들이 기납부한 금액에 대하여 제4조 제1항에 의한 연체요율에 의거 원고들에게 지체상금을 지급하거나 잔여금액에서 공제한다,미검수,,,,candidates_prec_위약금.csv
법제처 OPEN API/prec,241887,2023다280358,"기술료등[전용실시(사용)권, 독점적 통상실시권 침해에 관한 손해배상액 산정의 당부 등이 문제된 사건]",https://www.law.go.kr/DRF/lawService.do?OC=test&target=prec&ID=241887&type=HTML,(조 번호 미표기),(판단 불명확),판단 불명확,,,,"하고, 사실인정이 사실심의 재량에 속한다고 하더라도 그 한도를 벗어나서는 안 된다(대법원 2015. 12. 23. 선고 2015다220573 판결 등 참조). 2) 원심판결의 이유를 위와 같은 법리와 기록에 비추어 살펴본다. 가) 원고와 피고는 2005. 6. 6.경 체결된 계약의 계약기간을 10년에서 3년으로 단축하기 위하여 2008. 6. 16. 이 사건 계약을 새롭게 체결하였다. 이 사건 계약 제18조 제1항에서는 ‘이 사건 계약기간 중 산수 블록 관련 지식재산권이 소멸되더라도 피고가 원고에게 기술료의 감액을 청구하거나 이 사건 계약을 해지할 수 없다.’고 정하여 피고가 이 사건 계약 내용의 변경이나 이 사건 계약 해지를 쉽게 하지 못하도록 하고 있다. 따라서 피고로서는 이 사건 계약의 갱신 여부를 신중하게 결정할 필요가 있었을 것으로 보인다. 또한 이 사건 계약 제18조 제1항에서 ‘피고가 이 사건 계약이 만료되기 3개월 전까지 문서로 갱신의 의사를 통지할 경우에만 원고와 피고가 합의한 조건으로 이 사건 계약이 연장될 수 있다.’고 명시적으로 정하고 있는데도 피고가 단순히 2011. 6. 15. 이후에 두 차례에 걸쳐 원고에게 ‘기술료 산출서’를 송부하고 해당 금액을 지급하였다는 사정만을 근거로 피고가 이 사건 계약 갱신의 의사를 표시하였다고 단정하기는 어렵다. 나) 원심에서 제출되어 적법한 증거조사절차를 거친 을 제18호증의 기재에 의하면, 첨부 서식에 따라 기술료를 통보·지급해 달라는 원고의 피고에 대한 요청과 함께, 그 첨부 서식인 ‘기술료 산출서’의 ‘공제금액’란을 이루는 세 항목에는 ‘부가가치세’ 항목뿐만 아니라 ‘운반비’ 항목 및 ‘계’ 항목이 병렬적으로 부동문자로 기재되어 있음을 알 수 있다. 사정이 이러하다면, 원고 스스로도 이 사건 계약상 기술료 산출의 근거가 되는 순매출액은 부가가치세와 운반비의 합계액을 매출금액에서 공제한 금액으로 정하고 있다고 봄이 타당하다. 3) 그런데도 원심은 판시와 같은 이유만으로 이 사건 계약이 묵시적으로 갱신되었고, 이 사건 계약에 따른 기술료 산정의 근거가 되는 ‘순매출액’은 ‘총매출액’에서 ‘부가가치세’만을 공제한 금액이라고 판단하였다. 이러한 원심의 판단에는 필요한 심리를 다하지 않은 채 논리와 경험의 법칙을 위반하여 자유심증주의의 한계를 벗어나거나 계약 및 의사표시 해석에 관한 법리를 오해하여 판결에 영향을 미친 잘못이 있다. 3. 이 사건 계약 종료 후 468 상표권 전용사용권의 침해에 관하여 원심은 판시와 같은 이유로 다음과 같이 판단하였다. 피고는 조달청장이 운영하는 국가종합전자시스템인 나라장터 종합쇼핑몰에 게시한 피고의 콘크리트 옹벽블록 제품 광고에 ""산수뷰"", ""산수뱅크"", ""산수스텝"" 표장들(이하 ‘피고 사용 표장들’이라 한다)을 표시하였다. 피고 사용 표장들의 요부인 ""산수""와 468 상표권의 표장인 """"는 비록 그 외관은 다르지만 호칭과 관념이 동일하다. 피고 사용 표장들은 468 상표권의 표장과 유사한 상표에 해당하므로 피고의 위와 같은 피고 사용 표장들 사용행위는 원고의 468 상표권 전용사용권을 침해하는 행위에 해당한다. 원심판결의 이유를 관련 법리와 기록에 비추어 살펴보면, 원심의 판단에 상고이유 주장과 같이 상표의 유사 여부에 관한 법리를 오해하거나 필요한 심리를 다하지 아니하는 등으로 판결에 영향을 미친 잘못이 없다. 4. 이 사건 계약 종료 후 독점적 통상실시권 침해로 인한 손해배상청구에 관하여 가. 원심의 판단 원심은 판시와 같은 이유로 원고가 산수 블록 제품에 관하여 독점적 통상실시권을 가지고 있고 이 사건 계약 해지 이후 피고가 산수 블록 제품을 무단으로 제조·판매한 행위는 원고의 독점적 통상실시권을 침해한 것이므로 이에 대한 손해를 배상하여야 한다고 판단하였다. 나. 대법원의 판단 위와 같은 원심의 판단은 그대로 받아들이기 어렵다. 1) 특허권자",사건 계약기간 중 산수 블록 관련 지식재산권이 소멸되더라도 피고가 원고에게 기술료의 감액을 청구하거나 이 사건 계약을 해지할 수 없다,미검수,,,,candidates_prec_위약금.csv
법제처 OPEN API/prec,241887,2023다280358,"기술료등[전용실시(사용)권, 독점적 통상실시권 침해에 관한 손해배상액 산정의 당부 등이 문제된 사건]",https://www.law.go.kr/DRF/lawService.do?OC=test&target=prec&ID=241887&type=HTML,제18조,(판단 불명확),판단 불명확,,,,"조 제1항에서는 ‘이 사건 계약기간 중 산수 블록 관련 지식재산권이 소멸되더라도 피고가 원고에게 기술료의 감액을 청구하거나 이 사건 계약을 해지할 수 없다.’고 정하여 피고가 이 사건 계약 내용의 변경이나 이 사건 계약 해지를 쉽게 하지 못하도록 하고 있다. 따라서 피고로서는 이 사건 계약의 갱신 여부를 신중하게 결정할 필요가 있었을 것으로 보인다. 또한 이 사건 계약 제18조 제1항에서 ‘피고가 이 사건 계약이 만료되기 3개월 전까지 문서로 갱신의 의사를 통지할 경우에만 원고와 피고가 합의한 조건으로 이 사건 계약이 연장될 수 있다.’고 명시적으로 정하고 있는데도 피고가 단순히 2011. 6. 15. 이후에 두 차례에 걸쳐 원고에게 ‘기술료 산출서’를 송부하고 해당 금액을 지급하였다는 사정만을 근거로 피고가 이 사건 계약 갱신의 의사를 표시하였다고 단정하기는 어렵다. 나) 원심에서 제출되어 적법한 증거조사절차를 거친 을 제18호증의 기재에 의하면, 첨부 서식에 따라 기술료를 통보·지급해 달라는 원고의 피고에 대한 요청과 함께, 그 첨부 서식인 ‘기술료 산출서’의 ‘공제금액’란을 이루는 세 항목에는 ‘부가가치세’ 항목뿐만 아니라 ‘운반비’ 항목 및 ‘계’ 항목이 병렬적으로 부동문자로 기재되어 있음을 알 수 있다. 사정이 이러하다면, 원고 스스로도 이 사건 계약상 기술료 산출의 근거가 되는 순매출액은 부가가치세와 운반비의 합계액을 매출금액에서 공제한 금액으로 정하고 있다고 봄이 타당하다. 3) 그런데도 원심은 판시와 같은 이유만으로 이 사건 계약이 묵시적으로 갱신되었고, 이 사건 계약에 따른 기술료 산정의 근거가 되는 ‘순매출액’은 ‘총매출액’에서 ‘부가가치세’만을 공제한 금액이라고 판단하였다. 이러한 원심의 판단에는 필요한 심리를 다하지 않은 채 논리와 경험의 법칙을 위반하여 자유심증주의의 한계를 벗어나거나 계약 및 의사표시 해석에 관한 법리를 오해하여 판결에 영향을 미친 잘못이 있다. 3. 이 사건 계약 종료 후 468 상표권 전용사용권의 침해에 관하여 원심은 판시와 같은 이유로 다음과 같이 판단하였다. 피고는 조달청장이 운영하는 국가종합전자시스템인 나라장터 종합쇼핑몰에 게시한 피고의 콘크리트 옹벽블록 제품 광고에 ""산수뷰"", ""산수뱅크"", ""산수스텝"" 표장들(이하 ‘피고 사용 표장들’이라 한다)을 표시하였다. 피고 사용 표장들의 요부인 ""산수""와 468 상표권의 표장인 """"는 비록 그 외관은 다르지만 호칭과 관념이 동일하다. 피고 사용 표장들은 468 상표권의 표장과 유사한 상표에 해당하므로 피고의 위와 같은 피고 사용 표장들 사용행위는 원고의 468 상표권 전용사용권을 침해하는 행위에 해당한다. 원심판결의 이유를 관련 법리와 기록에 비추어 살펴보면, 원심의 판단에 상고이유 주장과 같이 상표의 유사 여부에 관한 법리를 오해하거나 필요한 심리를 다하지 아니하는 등으로 판결에 영향을 미친 잘못이 없다. 4. 이 사건 계약 종료 후 독점적 통상실시권 침해로 인한 손해배상청구에 관하여 가. 원심의 판단 원심은 판시와 같은 이유로 원고가 산수 블록 제품에 관하여 독점적 통상실시권을 가지고 있고 이 사건 계약 해지 이후 피고가 산수 블록 제품을 무단으로 제조·판매한 행위는 원고의 독점적 통상실시권을 침해한 것이므로 이에 대한 손해를 배상하여야 한다고 판단하였다. 나. 대법원의 판단 위와 같은 원심의 판단은 그대로 받아들이기 어렵다. 1) 특허권자는 그 특허권에 대하여 타인에게 통상실시권을 허락할 수 있다. 이때 특허권자가 실시권자에 대하여 그 실시권자 외의 제3자에게 통상실시권을 허락하지 않을 부작위 의무를 부담하는 경우 그 실시권자는 독점적 통상실시권을 가진다고 볼 수 있다(대법원 2020. 11. 26. 선고 2018다221676 판결 등 참조). 이러한 법리는 실용신안권, 디자인권, 상표권 등에 대하여도 동일하게 적용",피고가 이 사건 계약이 만료되기 3개월 전까지 문서로 갱신의 의사를 통지할 경우에만 원고와 피고가 합의한 조건으로 이 사건 계약이 연장될 수 있다,미검수,,,,candidates_prec_위약금.csv
법제처 OPEN API/prec,420972,2024누30535,이 사건 분양전환권 부여 계약이 매매계약에 해당하는지 여부,https://www.law.go.kr/DRF/lawService.do?OC=test&target=prec&ID=420972&type=HTML,(조 번호 미표기),(판단 불명확),판단 불명확,,,," 이전 시기 등이 대부분 특정되어 있었다고 하더라도,이는 매매계약이 아닌 매매예약에도 포함될 수 있는 요소들에 불과하여 원고들 주장처럼 이 사건 계약이 매매예약이 아닌 매매계약에 해당한다고 단정할 만한 근거가 되지 못한다. 다)앞서 판단한 것처럼 이 사건 계약은 원고들에게 분양전환권을 부여하고 있어 원고들은 매매계약 체결 여부에 관한 선택권을 가지며(이는 이 사건 계약 특약 제8조 제2항에서‘원고들이 이 사건 각 부동산을 분양전환하지 아니할 경우,분양전환 신청기간 종료일 이후1개월 이내에A사에게 이를 인도하여야 한다’는 취지로 정하고 있는 점에 비추어 명백하다),이 사건 계약에 따라 재산권 이전과 매매대금 지급에 관한 의무가 확정적으로 발생한다고 판단하기는 어렵다.따라서 원고들 주장처럼 이 사건 계약에서‘분양전환하기로 합의한다’(특약 제8조 제1항), ‘원고들은A사에게 분양전환금 등을 납부하고 분양전환하여야 한다’(특약 제8조 제10항), ‘원고들이 분양전환금을 납입하지 아니할 경우A사는 이 계약을 해지할 수 있다’(특약 제8조 제3항)는 취지의 조항을 두고 있다거나,원고들이 분양전환을 하지 아니할 경우를 계약해제 사유로 삼아 그에 위약금을 결부시켜 두었다고 하더라도(특약 제6조 제1항 제5호,제7조 제1항 본문),이는 원고들이 추후 분양전환계약을 체결할 의무가 있다는 의미일 수 있을 뿐 그것만으로 당연히 원고들이 이 사건 계약에 따라 이 사건 각 부동산 매수인(수분양자)지위를 가지게 된다는 의미는 아니다.이 사건 계약에서‘분양전환기간 이후에 발생하는 제세공과금은 원고들의 분양전환 여부에 상관없이 원고들이 부담한다’(특약 제8조 제13항)는 취지의 조항을 두고 있다는 것을 비롯한 원고들 주장 사정들만으로는 이 사건 계약에 따라 재산권 이전과 매매대금 지급에 관한 의무가 확정적으로 발생한다고 단정하기 어렵다. 라)이 사건에서 이 사건 계약의 실질은 확정적인 매매이나(원고들에게 바로 매도하는 확정적인 분양계약을 체결하였으나),불가피하게 외관만 임대차 형식을 취하였고,이러한 외관은 조세법을 적용할 때는 배제될 수 있다고 볼 수 있는 추가 증거나 근거가 없다. 2)종전 지방세법에 따른 취득세율 적용에 대한 원고들의 신뢰가 보호되어야 하는지에 관하여 이 사건 경과규정에서는‘2020. 7. 10.이전에 주택에 대한 매매계약(공동주택 분양계약 포함)을 체결한 경우에는 그 계약을 체결한 당사자의 해당 주택 취득에 대하여 종전 지방세법 규정을 적용한다’는 취지로 정하고 있고,이 사건 계약은 이 사건 경과규정에서 정한2020. 7. 10.이전인2015. 12. 14.부터2016. 1. 20.까지 기간에 체결되었다는 사실은 앞서 인정한 것과 같다. 그러나 앞서 판단한 것처럼 임대차계약에 해당하는 이 사건 계약은 원고들에게 분양전환권을 부여하고 있어 원고들은 매매계약 체결 여부에 관한 선택권을 가지고,이 사건 계약에 따라 재산권 이전과 매매대금 지급에 관한 의무가 확정적으로 발생한다고 판단하기 어려우며,원고들이 분양전환권을 행사하여 이 사건 변경계약을 체결한2021. 8. 18.부터2021. 9. 16.까지 당시에는 이미 개정 지방세법이 시행되고 있었던 이상,이 사건 각 부동산이 임직원용 아파트로서 그 취득에는 부동산 투기 목적이 개입할 가능성이 희박하다거나,정부가 최근 다주택자 취득세 중과를 다시 완화한다는 정책 변경을 발표하기도 하였다는 등 원고들 주장 사정들만으로는 종전 지방세법에 따른 취득세율 적용에 대한 원고들의 기대가 그 자체로 보호할 만한 신뢰라고 인정하기는 어렵다.이와 다른 전제에 선 이 부분 원고들 주장 또한 받아들이지 아니한다. 4.결론 원고들의 청구는 이유 없어 이를 기각하여야 하고,제1심 판결은 이와 결론이 같아 정당하다.원고들의 항소는 이유 없어 이를 기각하기로 하여 주문과 같이 판결한다. ]]>","원고들이 이 사건 각 부동산을 분양전환하지 아니할 경우,분양전환 신청기간 종료일 이후1개월 이내에A사에게 이를 인도하여야 한다",미검수,,,,candidates_prec_위약금.csv
법제처 OPEN API/prec,420972,2024누30535,이 사건 분양전환권 부여 계약이 매매계약에 해당하는지 여부,https://www.law.go.kr/DRF/lawService.do?OC=test&target=prec&ID=420972&type=HTML,(조 번호 미표기),(판단 불명확),판단 불명확,,,,"택권을 가지며(이는 이 사건 계약 특약 제8조 제2항에서‘원고들이 이 사건 각 부동산을 분양전환하지 아니할 경우,분양전환 신청기간 종료일 이후1개월 이내에A사에게 이를 인도하여야 한다’는 취지로 정하고 있는 점에 비추어 명백하다),이 사건 계약에 따라 재산권 이전과 매매대금 지급에 관한 의무가 확정적으로 발생한다고 판단하기는 어렵다.따라서 원고들 주장처럼 이 사건 계약에서‘분양전환하기로 합의한다’(특약 제8조 제1항), ‘원고들은A사에게 분양전환금 등을 납부하고 분양전환하여야 한다’(특약 제8조 제10항), ‘원고들이 분양전환금을 납입하지 아니할 경우A사는 이 계약을 해지할 수 있다’(특약 제8조 제3항)는 취지의 조항을 두고 있다거나,원고들이 분양전환을 하지 아니할 경우를 계약해제 사유로 삼아 그에 위약금을 결부시켜 두었다고 하더라도(특약 제6조 제1항 제5호,제7조 제1항 본문),이는 원고들이 추후 분양전환계약을 체결할 의무가 있다는 의미일 수 있을 뿐 그것만으로 당연히 원고들이 이 사건 계약에 따라 이 사건 각 부동산 매수인(수분양자)지위를 가지게 된다는 의미는 아니다.이 사건 계약에서‘분양전환기간 이후에 발생하는 제세공과금은 원고들의 분양전환 여부에 상관없이 원고들이 부담한다’(특약 제8조 제13항)는 취지의 조항을 두고 있다는 것을 비롯한 원고들 주장 사정들만으로는 이 사건 계약에 따라 재산권 이전과 매매대금 지급에 관한 의무가 확정적으로 발생한다고 단정하기 어렵다. 라)이 사건에서 이 사건 계약의 실질은 확정적인 매매이나(원고들에게 바로 매도하는 확정적인 분양계약을 체결하였으나),불가피하게 외관만 임대차 형식을 취하였고,이러한 외관은 조세법을 적용할 때는 배제될 수 있다고 볼 수 있는 추가 증거나 근거가 없다. 2)종전 지방세법에 따른 취득세율 적용에 대한 원고들의 신뢰가 보호되어야 하는지에 관하여 이 사건 경과규정에서는‘2020. 7. 10.이전에 주택에 대한 매매계약(공동주택 분양계약 포함)을 체결한 경우에는 그 계약을 체결한 당사자의 해당 주택 취득에 대하여 종전 지방세법 규정을 적용한다’는 취지로 정하고 있고,이 사건 계약은 이 사건 경과규정에서 정한2020. 7. 10.이전인2015. 12. 14.부터2016. 1. 20.까지 기간에 체결되었다는 사실은 앞서 인정한 것과 같다. 그러나 앞서 판단한 것처럼 임대차계약에 해당하는 이 사건 계약은 원고들에게 분양전환권을 부여하고 있어 원고들은 매매계약 체결 여부에 관한 선택권을 가지고,이 사건 계약에 따라 재산권 이전과 매매대금 지급에 관한 의무가 확정적으로 발생한다고 판단하기 어려우며,원고들이 분양전환권을 행사하여 이 사건 변경계약을 체결한2021. 8. 18.부터2021. 9. 16.까지 당시에는 이미 개정 지방세법이 시행되고 있었던 이상,이 사건 각 부동산이 임직원용 아파트로서 그 취득에는 부동산 투기 목적이 개입할 가능성이 희박하다거나,정부가 최근 다주택자 취득세 중과를 다시 완화한다는 정책 변경을 발표하기도 하였다는 등 원고들 주장 사정들만으로는 종전 지방세법에 따른 취득세율 적용에 대한 원고들의 기대가 그 자체로 보호할 만한 신뢰라고 인정하기는 어렵다.이와 다른 전제에 선 이 부분 원고들 주장 또한 받아들이지 아니한다. 4.결론 원고들의 청구는 이유 없어 이를 기각하여야 하고,제1심 판결은 이와 결론이 같아 정당하다.원고들의 항소는 이유 없어 이를 기각하기로 하여 주문과 같이 판결한다. ]]>",분양전환하기로 합의한다’(특약 제8조 제1항),미검수,,,,candidates_prec_위약금.csv
법제처 OPEN API/prec,420972,2024누30535,이 사건 분양전환권 부여 계약이 매매계약에 해당하는지 여부,https://www.law.go.kr/DRF/lawService.do?OC=test&target=prec&ID=420972&type=HTML,(조 번호 미표기),(판단 불명확),판단 불명확,,,,"고 있다거나,원고들이 분양전환을 하지 아니할 경우를 계약해제 사유로 삼아 그에 위약금을 결부시켜 두었다고 하더라도(특약 제6조 제1항 제5호,제7조 제1항 본문),이는 원고들이 추후 분양전환계약을 체결할 의무가 있다는 의미일 수 있을 뿐 그것만으로 당연히 원고들이 이 사건 계약에 따라 이 사건 각 부동산 매수인(수분양자)지위를 가지게 된다는 의미는 아니다.이 사건 계약에서‘분양전환기간 이후에 발생하는 제세공과금은 원고들의 분양전환 여부에 상관없이 원고들이 부담한다’(특약 제8조 제13항)는 취지의 조항을 두고 있다는 것을 비롯한 원고들 주장 사정들만으로는 이 사건 계약에 따라 재산권 이전과 매매대금 지급에 관한 의무가 확정적으로 발생한다고 단정하기 어렵다. 라)이 사건에서 이 사건 계약의 실질은 확정적인 매매이나(원고들에게 바로 매도하는 확정적인 분양계약을 체결하였으나),불가피하게 외관만 임대차 형식을 취하였고,이러한 외관은 조세법을 적용할 때는 배제될 수 있다고 볼 수 있는 추가 증거나 근거가 없다. 2)종전 지방세법에 따른 취득세율 적용에 대한 원고들의 신뢰가 보호되어야 하는지에 관하여 이 사건 경과규정에서는‘2020. 7. 10.이전에 주택에 대한 매매계약(공동주택 분양계약 포함)을 체결한 경우에는 그 계약을 체결한 당사자의 해당 주택 취득에 대하여 종전 지방세법 규정을 적용한다’는 취지로 정하고 있고,이 사건 계약은 이 사건 경과규정에서 정한2020. 7. 10.이전인2015. 12. 14.부터2016. 1. 20.까지 기간에 체결되었다는 사실은 앞서 인정한 것과 같다. 그러나 앞서 판단한 것처럼 임대차계약에 해당하는 이 사건 계약은 원고들에게 분양전환권을 부여하고 있어 원고들은 매매계약 체결 여부에 관한 선택권을 가지고,이 사건 계약에 따라 재산권 이전과 매매대금 지급에 관한 의무가 확정적으로 발생한다고 판단하기 어려우며,원고들이 분양전환권을 행사하여 이 사건 변경계약을 체결한2021. 8. 18.부터2021. 9. 16.까지 당시에는 이미 개정 지방세법이 시행되고 있었던 이상,이 사건 각 부동산이 임직원용 아파트로서 그 취득에는 부동산 투기 목적이 개입할 가능성이 희박하다거나,정부가 최근 다주택자 취득세 중과를 다시 완화한다는 정책 변경을 발표하기도 하였다는 등 원고들 주장 사정들만으로는 종전 지방세법에 따른 취득세율 적용에 대한 원고들의 기대가 그 자체로 보호할 만한 신뢰라고 인정하기는 어렵다.이와 다른 전제에 선 이 부분 원고들 주장 또한 받아들이지 아니한다. 4.결론 원고들의 청구는 이유 없어 이를 기각하여야 하고,제1심 판결은 이와 결론이 같아 정당하다.원고들의 항소는 이유 없어 이를 기각하기로 하여 주문과 같이 판결한다. ]]>",분양전환기간 이후에 발생하는 제세공과금은 원고들의 분양전환 여부에 상관없이 원고들이 부담한다,미검수,,,,candidates_prec_위약금.csv
법제처 OPEN API/prec,241625,2024다224645,용역비·용역비[당사자가 전혀 의식하지 못하거나 예상하지 못하였던 법률적 관점에 대한 법원의 석명 또는 지적의무 위반 여부가 문제된 사건],https://www.law.go.kr/DRF/lawService.do?OC=test&target=prec&ID=241625&type=HTML,제11조,(판단 불명확),판단 불명확,,,,"도, 이하 같다) 중 2억 원을 분담하되 그중 70%를 계약체결 후 7일 이내에, 나머지 30%를 2021. 2. 28.까지 각 원고에게 지급하고, 원고 등은 나머지 개발 인건비 1억 8,000만 원을 분담하여 이 사건 시스템 개발을 완료하되 1차 개발은 2021. 2. 28.까지, 최종 개발은 계약체결 후 6개월 내에 완료하도록 되어 있다. 5) 한편 이 사건 계약 제11조는 ‘계약의 해지/해제’라는 제목 아래 제1항 제1호 내지 제7호에서 이 사건 계약을 상대방에 대한 서면 통지로써 종료할 수 있는 사유를 열거하고 있는데, 그중 제1호는 ""본 계약을 이행할 능력이 없다고 판단되는 경우""라고 규정한다. 또한 같은 조 제2항 제1호 내지 제4호에서는 이 사건 계약이 종료될 경우 계약당사자가 이행해야 할 의무를 정하고 있는데, 그중 제3호는 ""종료일에 지불해야 하는 미지급금 및 미지급금 일체를 즉시 지불해야 한다. 단, 원고 등의 귀책으로 본 계약이 해제(지)될 경우, 피고가 기지급한 개발인건비(1.4억 원)는 피고에게 즉시 반환한다.""라고 규정한다. 6) 피고는 이 사건 계약 체결 무렵 원고에게 개발 인건비 1억 4,000만 원을 지급하였는데, 원고는 2021. 2. 10.경 피고에게 ""피고가 이 사건 계약을 이행할 능력이 없으므로, 이 사건 계약 제11조 제1항 제1호 또는 민법 제390조에 따라 위 계약을 해지한다.""라는 취지의 통지서를 내용증명우편으로 보냈다. 7) 원고는 이 사건 본소를 통하여, 이 사건 계약은 원고의 위와 같은 계약해지 의사표시에 의해 적법하게 해제 또는 해지되었고, 이 사건 계약 제11조 제2항 제3호 본문은 피고의 귀책사유로 이 사건 계약이 종료된 경우에 관한 원상회복특약 또는 위약벌(예비적으로 위약금) 조항에 해당한다고 주장하면서, 피고를 상대로 위 조항에 따른 원상회복, 위약벌 또는 위약금으로서 당초 분담하기로 한 개발 인건비 2억 원 중 미지급금 6,000만 원의 지급을 구하였다. 8) 이에 대하여 피고는, 이 사건 계약은 원고와 피고의 합의에 의하여 해지되었고, 이 사건 계약 제11조 제2항 제3호 본문은 피고의 귀책사유로 이 사건 계약이 종료된 경우에 관한 원상회복특약, 위약벌 또는 위약금 조항이 아니라 단지 계약 종료일 기준으로 상대방에 대하여 지급의무가 있는 미지급금을 즉시 지급하라는 취지의 조항에 불과한데, 이 사건 계약은 원고가 주장하는 미지급 개발 인건비 6,000만 원의 지급의무가 발생하기 전에 이미 합의해지로 종료되었으므로 원고의 본소청구는 받아들일 수 없다고 주장하면서, 이 사건 반소로써 원고를 상대로 이 사건 계약의 합의해지에 따른 원상회복으로 기지급 개발 인건비 1억 4,000만 원의 반환을 구하였다. 나. 원심은, 이 사건 계약은 동업계약이므로 그 법적 성격은 조합계약에 해당하고, 이 사건 계약 제11조 제1항은 조합원이 다른 조합원을 상대로 조합의 해산청구를 할 수 있는 사유를 열거한 조항이라고 봄이 타당한데, 피고는 이 사건 계약을 이행할 능력을 갖추지 못하였으므로, 이 사건 계약에 기한 조합은 위 계약 제11조 제1항 제1호를 사유로 한 원고의 해산청구에 의해 해산되었다고 판단하였다. 나아가 원심은, 이 사건 계약 제11조 제2항은 위 계약에 기한 동업관계가 같은 조 제1항에 의해 해산된 경우 정산의 내용 및 방식에 관한 조항이고, 그중 제3호 본문에서 말하는 ‘미지급금’은 원고가 이 사건 시스템의 1차 개발을 완료한 경우에 지급의무가 발생한다고 해석되는데, 원고가 위 1차 개발을 완료하지 않은 상태에서 동업관계가 해산된 이상 피고는 미지급 출자금 6,000만 원을 지급할 의무를 부담한다고 볼 수 없다고 판단하여 원고의 본소청구를 배척하였다. 또한 원심은, 동업계약과 같은 조합계약에서는 조합의 해산청구를 하거나 조합으로부터 탈퇴를 하거나 다른 조합원을 제명할 수 있을 뿐이지 일반계약에서처럼 조합계약을 해제 또는 해지하고 상대방에게 그로","계약의 해지/해제’라는 제목 아래 제1항 제1호 내지 제7호에서 이 사건 계약을 상대방에 대한 서면 통지로써 종료할 수 있는 사유를 열거하고 있는데, 그중 제1호는 ""본 계약을 이행할 능력이 없다고 판단되는 경우",미검수,,,,candidates_prec_위약금.csv
법제처 OPEN API/prec,241625,2024다224645,용역비·용역비[당사자가 전혀 의식하지 못하거나 예상하지 못하였던 법률적 관점에 대한 법원의 석명 또는 지적의무 위반 여부가 문제된 사건],https://www.law.go.kr/DRF/lawService.do?OC=test&target=prec&ID=241625&type=HTML,(조 번호 미표기),(판단 불명확),판단 불명확,,,,"결 후 6개월 내에 완료하도록 되어 있다. 5) 한편 이 사건 계약 제11조는 ‘계약의 해지/해제’라는 제목 아래 제1항 제1호 내지 제7호에서 이 사건 계약을 상대방에 대한 서면 통지로써 종료할 수 있는 사유를 열거하고 있는데, 그중 제1호는 ""본 계약을 이행할 능력이 없다고 판단되는 경우""라고 규정한다. 또한 같은 조 제2항 제1호 내지 제4호에서는 이 사건 계약이 종료될 경우 계약당사자가 이행해야 할 의무를 정하고 있는데, 그중 제3호는 ""종료일에 지불해야 하는 미지급금 및 미지급금 일체를 즉시 지불해야 한다. 단, 원고 등의 귀책으로 본 계약이 해제(지)될 경우, 피고가 기지급한 개발인건비(1.4억 원)는 피고에게 즉시 반환한다.""라고 규정한다. 6) 피고는 이 사건 계약 체결 무렵 원고에게 개발 인건비 1억 4,000만 원을 지급하였는데, 원고는 2021. 2. 10.경 피고에게 ""피고가 이 사건 계약을 이행할 능력이 없으므로, 이 사건 계약 제11조 제1항 제1호 또는 민법 제390조에 따라 위 계약을 해지한다.""라는 취지의 통지서를 내용증명우편으로 보냈다. 7) 원고는 이 사건 본소를 통하여, 이 사건 계약은 원고의 위와 같은 계약해지 의사표시에 의해 적법하게 해제 또는 해지되었고, 이 사건 계약 제11조 제2항 제3호 본문은 피고의 귀책사유로 이 사건 계약이 종료된 경우에 관한 원상회복특약 또는 위약벌(예비적으로 위약금) 조항에 해당한다고 주장하면서, 피고를 상대로 위 조항에 따른 원상회복, 위약벌 또는 위약금으로서 당초 분담하기로 한 개발 인건비 2억 원 중 미지급금 6,000만 원의 지급을 구하였다. 8) 이에 대하여 피고는, 이 사건 계약은 원고와 피고의 합의에 의하여 해지되었고, 이 사건 계약 제11조 제2항 제3호 본문은 피고의 귀책사유로 이 사건 계약이 종료된 경우에 관한 원상회복특약, 위약벌 또는 위약금 조항이 아니라 단지 계약 종료일 기준으로 상대방에 대하여 지급의무가 있는 미지급금을 즉시 지급하라는 취지의 조항에 불과한데, 이 사건 계약은 원고가 주장하는 미지급 개발 인건비 6,000만 원의 지급의무가 발생하기 전에 이미 합의해지로 종료되었으므로 원고의 본소청구는 받아들일 수 없다고 주장하면서, 이 사건 반소로써 원고를 상대로 이 사건 계약의 합의해지에 따른 원상회복으로 기지급 개발 인건비 1억 4,000만 원의 반환을 구하였다. 나. 원심은, 이 사건 계약은 동업계약이므로 그 법적 성격은 조합계약에 해당하고, 이 사건 계약 제11조 제1항은 조합원이 다른 조합원을 상대로 조합의 해산청구를 할 수 있는 사유를 열거한 조항이라고 봄이 타당한데, 피고는 이 사건 계약을 이행할 능력을 갖추지 못하였으므로, 이 사건 계약에 기한 조합은 위 계약 제11조 제1항 제1호를 사유로 한 원고의 해산청구에 의해 해산되었다고 판단하였다. 나아가 원심은, 이 사건 계약 제11조 제2항은 위 계약에 기한 동업관계가 같은 조 제1항에 의해 해산된 경우 정산의 내용 및 방식에 관한 조항이고, 그중 제3호 본문에서 말하는 ‘미지급금’은 원고가 이 사건 시스템의 1차 개발을 완료한 경우에 지급의무가 발생한다고 해석되는데, 원고가 위 1차 개발을 완료하지 않은 상태에서 동업관계가 해산된 이상 피고는 미지급 출자금 6,000만 원을 지급할 의무를 부담한다고 볼 수 없다고 판단하여 원고의 본소청구를 배척하였다. 또한 원심은, 동업계약과 같은 조합계약에서는 조합의 해산청구를 하거나 조합으로부터 탈퇴를 하거나 다른 조합원을 제명할 수 있을 뿐이지 일반계약에서처럼 조합계약을 해제 또는 해지하고 상대방에게 그로 인한 원상회복의무를 부담지울 수는 없고, 설령 피고의 주장을 조합의 해산에 따른 잔여재산 분배를 구하는 취지로 선해하더라도 그 요건사실에 관한 구체적인 주장·증명이 없다고 판단하여 피고의 반소청구도 배척하였다. 3. 대법원의 판단 그러나 원심의 위와 같은 판단은 다음과 같은 이유에서 수긍하기 어렵다. 가. 원고는 제1심부터 원심에 이르기까지 이","종료될 경우 계약당사자가 이행해야 할 의무를 정하고 있는데, 그중 제3호는 ""종료일에 지불해야 하는 미지급금 및 미지급금 일체를 즉시 지불해야 한다. 단, 원고 등의 귀책으로 본 계약이 해제(지)될 경우, 피고가 기지급한 개발인건비(1.4억 원)는 피고에게 즉시 반환한다.",미검수,,,,candidates_prec_위약금.csv
법제처 OPEN API/prec,618165,2023다280945,위약금등청구[수분양자가 시행사 및 분양자의 지위를 승계한 신탁회사를 상대로 공급계약의 해제를 주장하며 계약금 반환 등을 구하는 사건],https://www.law.go.kr/DRF/lawService.do?OC=test&target=prec&ID=618165&type=HTML,제3조,,판례 인용,,,,"고, 위탁자 소외 1 회사, 시공사 □□건설 주식회사와 이 사건 오피스텔 ◇◇◇호실에 관한 공급계약(이하 ‘이 사건 공급계약’이라 한다)을 체결하였고, 같은 날 피고에게 위 공급계약상 계약금을 지급하였다. 다. 이 사건 공급계약 제3조 제3항 제1호는 ""매수인은 매도인의 귀책사유로 인해 입주예정일로부터 3월을 초과하여 입주가 지연된 경우 공급계약을 해제할 수 있다.""라고, 제4조 제2항은 ""제3조 제3항에 해당하는 사유로 공급계약이 해제된 때에는 매도인은 매수인에게 총공급금액의 10%를 위약금으로 지급한다.""라고 각각 규정하고 있다. 라. 한편 이 사건 공급계약의 특약사항 제1조 제2항은 ""매도인은 매수인에게 공급계약상의 책임을 부담하는 경우에도 신탁재산 및 신탁계약의 업무범위 내에서만 책임을 부담하며, 매수인은 ",매수인은 매도인의 귀책사유로 인해 입주예정일로부터 3월을 초과하여 입주가 지연된 경우 공급계약을 해제할 수 있다.,미검수,,,,candidates_prec_위약금약정.csv
법제처 OPEN API/prec,619539,2024나64053,구상금,https://www.law.go.kr/DRF/lawService.do?OC=test&target=prec&ID=619539&type=HTML,(조 번호 미표기),(판단 불명확),판단 불명확,,,,"0107,846,683소외 6891,930455,030140,220?70,0001,299,429800,0003,656,609 [인정근거] 당사자 사이에 다툼이 없는 사실, 이 법원에 현저한 사실, 갑 제1 내지 8호증, 을나 제3, 5, 8 내지 13, 16 내지 19호증의 각 기재, 경험칙, 변론 전체의 취지 다. 구상권의 범위 1) 책임보험금 한도액 이 사건 보험약관에 따른 이 사건 피해자들의 책임보험금 한도액이 소외 1, 소외 2만은 각 160만 원, 소외 3은 80만 원, 소외 4, 소외 6은 각 240만 원, 소외 5는 4,900만 원인 사실은 당사자 사이에 다툼이 없거나, 앞선 인정사실, 앞서 든 증거에 의하여 인정할 수 있다. 2) 공제되는 항목 가) 관련 법리 (1) 국민건강보험법 제58조 제1항은 ""공단은 제3자의 행위로 보험급여사유가 생겨 가입자 또는 피부양자에게 보험급여를 한 경우에는 그 급여에 들어간 비용 한도에서 그 제3자에게 손해배상을 청구할 권리를 얻는다.""라고 규정한다. 국민건강보험공단(이하 ‘공단’이라 한다)이 불법행위로 인한 피해자에게 보험급여를 한 후 피해자의 가해자 또는 그 보험자에 대한 손해배상채권을 대위하는 경우, 피해자의 과실 등을 고려하여 산정된 손해배상채권의 범위 내에서 보험급여액 중 가해자의 책임비율에 해당하는 금액에 관하여 피해자의 가해자 또는 그 보험자에 대한 손해배상채권을 대위할 수 있고, 여기에서 공단의 보험급여 이후 가해자 또는 그 보험자가 손해배상 명목으로 피해자에게 지급한 돈을 공제할 수는 없다. 다만 공단이 피해자를 대위하여 얻는 손해배상채권은 피해자의 전체 손해배상채권 중 건강보험 보험급여와 동일한 사유에 의한 손해배상채권, 즉 보험급여와 손해배상이 상호보완적 관계에 있어 보험급여의 실시로 가해자에 대한 손해배상채권이 전보되어 소멸될 수 있는 경우에 한정된다. 따라서 공단이 피해자에게 건강보험 보험급여를 지급하고 가해자의 보험자에 대하여 구상금을 청구한 사안에서 보험자가 피해자에게 책임보험금으로 지급하는 돈이 건강보험 보험급여와 상호보완적 관계에 있지 않다면 이는 보험자가 공단에 지급할 책임보험금에서 공제되어야 한다(대법원 2024. 9. 27. 선고 2023다279051 판결 등 참조). (2) 국민건강보험공단이 건강보험 보험급여를 실시하는 요양급여의 대상과 건강보험 보험급여를 실시하지 않는 비급여대상은 서로 구별되어, 요양급여의 대상에 대한 보험급여의 실시로 비급여대상 치료비 상당의 손해배상채권이 전보되어 소멸되지 아니하므로, 양자는 상호보완적 관계에 있다고 할 수 없다. 따라서 피해자의 전체 손해배상채권 중 비급여대상 치료비 상당의 손해배상채권은 건강보험 보험급여와 동일한 사유에 의한 손해배상채권이라고 볼 수 없으므로, 건강보험 보험급여를 실시한 국민건강보험공단은 피해자를 대위하여 비급여대상 치료비 상당의 손해배상채권을 얻을 수 없다고 보아야 한다(대법원 2019. 4. 25. 선고 2018다248138 판결 등 참조). 나) 판단 (1) 이 사건 피해자들의 손해배상금은 앞서 본 바와 같고, 위 손해배상금 중 비급여대상 치료비, 향후 치료비, 기타비용, 일실수입과 휴업손해, 위자료는 국민건강보험공단이 건강보험 보험급여를 실시하는 요양급여의 대상과 서로 구별되고 상호보완적 관계에 있다고 할 수 없으므로, 이는 원고의 보험급여와 동일한 사유에 의한 손해배상채권이라고 할 수 없다. 따라서 피고가 이 사ㅈ건 화재로 이 사건 피해자들에게 지급할 책임보험금 한도액에서 이를 공제하고 남은 책임보험금은 아래 표 책임보험금 잔여 한도란 각 기재와 같다. (단위: 원)?책임보험금한도액공제 대상 항목공제 대상항목의합계책임보험금잔여 한도원고청구금액비급여대상치료비향후치료비기타비용휴업손해/상실손해위자료소외 11,600,00025,491734,30229,338?167,648956,779643,221653,600소외 21,600,000??7,704500,542154,080662,326937,674937,673소외 3800,000??9,502137,195126,697273,39","따른 이 사건 피해자들의 책임보험금 한도액이 소외 1, 소외 2만은 각 160만 원, 소외 3은 80만 원, 소외 4, 소외 6은 각 240만 원, 소외 5는 4,900만 원인 사실은 당사자 사이에 다툼이 없거나, 앞선 인정사실, 앞서 든 증거에 의하여 인정할 수 있다. 2) 공제되는 항목 가) 관련 법리 (1) 국민건강보험법 제58조 제1항은 ""공단은 제3자의 행위로 보험급여사유가 생겨 가입자 또는 피부양자에게 보험급여를 한 경우에는 그 급여에 들어간 비용 한도에서 그 제3자에게 손해배상을 청구할 권리를 얻는다.",미검수,,,,candidates_prec_이용약관.csv
법제처 OPEN API/prec,241189,2023노878,보험사기방지특별법위반,https://www.law.go.kr/DRF/lawService.do?OC=test&target=prec&ID=241189&type=HTML,(조 번호 미표기),(판단 불명확),판단 불명확,,,," 4. 당심의 판단 그러나 원심의 판단은 다음과 같은 이유로 수긍할 수 없다. 가. 인정 사실 이 사건 기록에 의하면 다음을 알 수 있다. ① 공소외 2는 2019. 5. 10.경 아들인 공소외 3을 피보험자로 하여 피해자 회사에서 판매하는 ‘(무)메리츠 실손 의료비보험’과 ‘(무)내Mom같은 어린이보험’에 가입하였다. ② 이 사건 보험 보통약관(이하, ‘이 사건 보통약관’이라고 한다)에서는 ""계약자 또는 피보험자는 계약기간 중에 ‘피보험자가 이륜자동차 또는 원동기장치자전거를 계속적으로 사용하게 된 경우’ 이를 지체 없이 피해자 회사에 알려야 한다.""라고 정하고 있다(보통약관 제16조). ③ 피해자 회사의 ‘이륜자동차 운전 중 상해 부보장 특별약관’(이하, ‘이 사건 특별약관’이라고 한다)에서는 ""피보험자가 보험기간 중 ‘이륜자동차’를 운전하는 중에 발생한 급격하고도 우연한 외래의 상해사고를 직접적인 원인으로 보통약관에서 정한 보험금 지급사유가 발생한 경우에 보험금을 지급하지 않는다. ‘이륜자동차’라 함은 자동차관리법 시행규칙 제2조에서 정한 이륜자동차로 총배기량 또는 정격출력의 크기와 관계없이 1인 또는 2인의 사람을 운송하기에 적합하게 제작된 이륜의 자동차 및 그와 유사한 구조로 되어 있는 자동차를 말한다.""라고 정하고 있다(특별약관 제2조). ④ 공소외 3은 2021년 전동킥보드를 구입하여 운행하기 시작하였으나 이를 피해자 회사에 알리지 않았고, 2021. 11. 26.경 전동킥보드를 타던 중 넘어져 폐쇄성 요골 머리의 골절 등 상해를 입고 병원 치료를 받았다. ⑤ 피고인은 2021. 12. 28.경 피해자 회사에 상해 발생원인을 단순히 ‘넘어져서 다침’으로 기재하여 보험금을 청구하였고, 피해자 회사로부터 공소외 3의 상해입원의료비 등으로 총 2,740,845원을 교부받았다. 나. 구체적인 판단 이 사건 기록에 의해 인정되는 아래 사정에 비추어 보면, 검사가 제출한 증거만으로는 피고인이 공소사실 기재와 같이 피해자 회사를 기망하였다는 점이 합리적 의심의 여지가 없을 정도로 증명되었다고 보기 부족하고, 달리 이를 인정할 증거가 없다. 1) 이 사건 특별약관은 피보험자가 ‘이륜자동차’를 운전하는 중에 발생한 사고에 대해 보험금을 지급하지 않는다고 정하고 있을 뿐이므로, 피해자 회사는 피보험자에게 ‘전동킥보드’를 운전하는 중에 발생한 사고에 대해서도 보험금을 지급하지 않는다는 설명을 할 의무가 있고 이를 이행하지 않은 이상 피보험자가 피해자 회사에 ‘전동킥보드’를 사용한다는 사실을 알릴 의무가 있다고 보이지 않는다. 그 이유는 다음과 같다. ① 이 사건 보험계약 체결 당시에는 전동킥보드가 일반적으로 사용되지 않았고, 전동킥보드의 정의나 규제에 관한 규정도 명확하지 않았다. 그런데 전동킥보드의 사용이 일반화됨에 따라 ‘전동킥보드’를 ‘이륜자동차 또는 원동기장치자전거’에 포함시켜야 할지에 대해 논란이 있었다. 그에 따라 도로교통법이 2020. 6. 9. 법률 제17371호로 개정되었는데 개정이유는 ‘개인형 이동장치의 이용자가 증가하는 데 비해 이에 대한 운행 규정이 미비한 상황이므로 이를 보완·개선하여 사회적·기술적 변화를 법률에 반영’하는 것이고, 그에 따라 ‘원동기장치자전거 중 시속 25km 이상으로 운행할 경우 전동기가 작동하지 아니하고 차체 중량이 30kg 미만인 것으로서 행정안전부령으로 정하는 것을 개인형 이동장치로 정의하고, 이를 현행 교통체계에 편입하는 것’이다. ② 이 사건 보험계약 체결 당시 자동차관리법 제3조 제5호는 ‘이륜자동차’에 대하여 ‘총배기량 또는 정격출력의 크기와 관계없이 1인 또는 2인의 사람을 운송하기에 적합하게 제작된 이륜의 자동차 및 그와 유사한 구조로 되어 있는 자동차’라고 규정하고 있었고, 구 도로교통법(2020. 6. 9. 법률 제17371호로 개정되기 전의 것) 제2조 제19호는 ‘원동기장치자전거’에","(이하, ‘이 사건 보통약관’이라고 한다)에서는 ""계약자 또는 피보험자는 계약기간 중에 ‘피보험자가 이륜자동차 또는 원동기장치자전거를 계속적으로 사용하게 된 경우’ 이를 지체 없이 피해자 회사에 알려야 한다.",미검수,,,,candidates_prec_이용약관.csv
법제처 OPEN API/prec,241189,2023노878,보험사기방지특별법위반,https://www.law.go.kr/DRF/lawService.do?OC=test&target=prec&ID=241189&type=HTML,제16조,(판단 불명확),판단 불명확,,,,"자 회사에서 판매하는 ‘(무)메리츠 실손 의료비보험’과 ‘(무)내Mom같은 어린이보험’에 가입하였다. ② 이 사건 보험 보통약관(이하, ‘이 사건 보통약관’이라고 한다)에서는 ""계약자 또는 피보험자는 계약기간 중에 ‘피보험자가 이륜자동차 또는 원동기장치자전거를 계속적으로 사용하게 된 경우’ 이를 지체 없이 피해자 회사에 알려야 한다.""라고 정하고 있다(보통약관 제16조). ③ 피해자 회사의 ‘이륜자동차 운전 중 상해 부보장 특별약관’(이하, ‘이 사건 특별약관’이라고 한다)에서는 ""피보험자가 보험기간 중 ‘이륜자동차’를 운전하는 중에 발생한 급격하고도 우연한 외래의 상해사고를 직접적인 원인으로 보통약관에서 정한 보험금 지급사유가 발생한 경우에 보험금을 지급하지 않는다. ‘이륜자동차’라 함은 자동차관리법 시행규칙 제2조에서 정한 이륜자동차로 총배기량 또는 정격출력의 크기와 관계없이 1인 또는 2인의 사람을 운송하기에 적합하게 제작된 이륜의 자동차 및 그와 유사한 구조로 되어 있는 자동차를 말한다.""라고 정하고 있다(특별약관 제2조). ④ 공소외 3은 2021년 전동킥보드를 구입하여 운행하기 시작하였으나 이를 피해자 회사에 알리지 않았고, 2021. 11. 26.경 전동킥보드를 타던 중 넘어져 폐쇄성 요골 머리의 골절 등 상해를 입고 병원 치료를 받았다. ⑤ 피고인은 2021. 12. 28.경 피해자 회사에 상해 발생원인을 단순히 ‘넘어져서 다침’으로 기재하여 보험금을 청구하였고, 피해자 회사로부터 공소외 3의 상해입원의료비 등으로 총 2,740,845원을 교부받았다. 나. 구체적인 판단 이 사건 기록에 의해 인정되는 아래 사정에 비추어 보면, 검사가 제출한 증거만으로는 피고인이 공소사실 기재와 같이 피해자 회사를 기망하였다는 점이 합리적 의심의 여지가 없을 정도로 증명되었다고 보기 부족하고, 달리 이를 인정할 증거가 없다. 1) 이 사건 특별약관은 피보험자가 ‘이륜자동차’를 운전하는 중에 발생한 사고에 대해 보험금을 지급하지 않는다고 정하고 있을 뿐이므로, 피해자 회사는 피보험자에게 ‘전동킥보드’를 운전하는 중에 발생한 사고에 대해서도 보험금을 지급하지 않는다는 설명을 할 의무가 있고 이를 이행하지 않은 이상 피보험자가 피해자 회사에 ‘전동킥보드’를 사용한다는 사실을 알릴 의무가 있다고 보이지 않는다. 그 이유는 다음과 같다. ① 이 사건 보험계약 체결 당시에는 전동킥보드가 일반적으로 사용되지 않았고, 전동킥보드의 정의나 규제에 관한 규정도 명확하지 않았다. 그런데 전동킥보드의 사용이 일반화됨에 따라 ‘전동킥보드’를 ‘이륜자동차 또는 원동기장치자전거’에 포함시켜야 할지에 대해 논란이 있었다. 그에 따라 도로교통법이 2020. 6. 9. 법률 제17371호로 개정되었는데 개정이유는 ‘개인형 이동장치의 이용자가 증가하는 데 비해 이에 대한 운행 규정이 미비한 상황이므로 이를 보완·개선하여 사회적·기술적 변화를 법률에 반영’하는 것이고, 그에 따라 ‘원동기장치자전거 중 시속 25km 이상으로 운행할 경우 전동기가 작동하지 아니하고 차체 중량이 30kg 미만인 것으로서 행정안전부령으로 정하는 것을 개인형 이동장치로 정의하고, 이를 현행 교통체계에 편입하는 것’이다. ② 이 사건 보험계약 체결 당시 자동차관리법 제3조 제5호는 ‘이륜자동차’에 대하여 ‘총배기량 또는 정격출력의 크기와 관계없이 1인 또는 2인의 사람을 운송하기에 적합하게 제작된 이륜의 자동차 및 그와 유사한 구조로 되어 있는 자동차’라고 규정하고 있었고, 구 도로교통법(2020. 6. 9. 법률 제17371호로 개정되기 전의 것) 제2조 제19호는 ‘원동기장치자전거’에 대하여 ‘가. 「자동차관리법」 제3조에 따른 이륜자동차 가운데 배기량 125cc 이하의 이륜자동차, 나. 배기량 5cc 미만(전기를 동력으로 하는 경우에는 정격출력 0.59kW 미만)의 원동기를 단 차(「자전거 이용 활성화에 관한 법률」 제2조 제1호의2에 따른 전기자전거는 제외한다)’라고 규정하고 있었을 뿐 ‘전동킥보드’에 대한 규정은 없었다. 그런데 2020. 6. 9. 개정 도로교통법 제2","③ 피해자 회사의 ‘이륜자동차 운전 중 상해 부보장 특별약관’(이하, ‘이 사건 특별약관’이라고 한다)에서는 ""피보험자가 보험기간 중 ‘이륜자동차’를 운전하는 중에 발생한 급격하고도 우연한 외래의 상해사고를 직접적인 원인으로 보통약관에서 정한 보험금 지급사유가 발생한 경우에 보험금을 지급하지 않는다. ‘이륜자동차’라 함은 자동차관리법 시행규칙 제2조에서 정한 이륜자동차로 총배기량 또는 정격출력의 크기와 관계없이 1인 또는 2인의 사람을 운송하기에 적합하게 제작된 이륜의 자동차 및 그와 유사한 구조로 되어 있는 자동차를 말한다.",미검수,,,,candidates_prec_이용약관.csv
법제처 OPEN API/prec,241189,2023노878,보험사기방지특별법위반,https://www.law.go.kr/DRF/lawService.do?OC=test&target=prec&ID=241189&type=HTML,(조 번호 미표기),(판단 불명확),판단 불명확,,,,"따라 이륜자동차, 원동기장치자전거, 개인형 이동장치로 구분하고 있다. ③ 상법 제652조 제1항은 ‘보험기간 중에 보험계약자 또는 피보험자가 사고 발생의 위험이 현저하게 변경 또는 증가된 사실을 안 때에는 지체 없이 보험자에게 통지하여야 하고, 이를 해태하면 보험자는 그 사실을 안 날로부터 1월 내에 한하여 계약을 해지할 수 있다.’고 규정하고 있다. 이 사건 보통약관은 이를 구체화하여 ‘피보험자가 이륜자동차나 원동기장치자전거를 계속적으로 사용하는 경우 피해자 회사에 이를 알려야 한다.’고 정하였다. 위와 같이 피보험자에게 고지의무를 부과하는 취지는 보험회사가 당초 보험계약 체결 시보다 인수해야 하는 위험이 증가하게 되는 경우 이러한 위험을 배제할 기회를 부여하기 위한 것인데, 그에 따라 피보험자의 보험계약상 권리가 제한되는 결과를 초래한다. 따라서 피보험자가 고지할 사항은 구체적으로 명시되어야 할 필요가 있다. ④ 이 사건 보험계약 체결 당시 자동차관리법과 도로교통법의 내용, 이후 도로교통법의 개정 경과 등에 비추어 보면, 이 사건 보험계약 체결 당시 ‘전동킥보드’가 이 사건 특별약관에서 보험금 지급 제한 사유로 정하고 있는 ‘이륜자동차’에 포함되는지가 모호한 상황이었다. 따라서 피해자 회사가 이 사건 특별약관을 근거로 피보험자의 권리를 제한하기 위해서는 ‘피보험자에게 전동킥보드를 지속적으로 사용하는 경우에도 이 사건 특별약관에서 정한 보험금 지급 제한 사유에 해당된다.’는 설명이 필요하다고 보인다. ⑤ 피해자 회사는 2021. 5.에 보통약관을 개정하여 고지의무의 대상을 ‘이륜자동차 또는 원동기장치자전거(전동킥보드, 전동휠 등 전동기로 작동되는 개인형 이동장치를 포함하며, 장애인 또는 교통약자가 사용하는 보행보조용 의자차인 전동휠체어, 의료용 스쿠터 등은 제외한다)를 계속적으로 사용하는 경우’라고 정하여 전동킥보드를 고지의무의 대상에 구체적으로 명시하였다. 위와 같이 보통약관이 개정된 점에서도 이 사건 보험계약 체결 당시 보통약관에서 정하고 있는 ‘이륜자동차 또는 원동기장치자전거’에 전동킥보드가 포함되는지가 명확하지 않았다. 2) 그런데 피해자 회사가 계약자 또는 피보험자에게 ‘전동킥보드’를 운전하는 중에 발생한 사고에 대해서도 보험금을 지급하지 않는다는 설명 의무를 이행하였다고 볼 증거가 없고, 이 사건 특별약관에서 정하고 있는 이륜자동차에 전동킥보드가 포함된다는 설명을 하였다고 볼 증거도 없다. 따라서 이 사건 특별약관에 따라 보험금의 지급이 제한된다고 볼 수 없다. 5. 결론 그렇다면 피고인의 사실오인 및 법리오해 주장은 이유 있으므로 형사소송법 제364조 제6항에 따라 원심판결을 파기하고, 변론을 거쳐 다시 다음과 같이 판결한다. 【다시 쓰는 판결 이유】 이 사건 공소사실은 위 제2항 기재와 같고, 이는 위 제4항 기재와 같은 이유로 범죄사실의 증명이 없는 때에 해당하므로, 형사소송법 제325조 후단에 따라 무죄를 선고하고, 형법 제58조 제2항에 따라 피고인에 대한 무죄판결의 요지를 공시하기로 하여, 주문과 같이 판결한다. 판사 홍은표(재판장) 최석준 이범휘 ]]>",피보험자가 이륜자동차나 원동기장치자전거를 계속적으로 사용하는 경우 피해자 회사에 이를 알려야 한다,미검수,,,,candidates_prec_이용약관.csv
법제처 OPEN API/prec,619349,2022나2021376,손해배상(기),https://www.law.go.kr/DRF/lawService.do?OC=test&target=prec&ID=619349&type=HTML,(조 번호 미표기),(판단 불명확),판단 불명확,,,,"이므로, 국제사법에 따라 준거법을 정하여야 한다. 구 국제사법(2022. 1. 4. 법률 제18670호로 전부 개정되기 전의 것) 제32조 제1항에서 불법행위는 그 행위가 행하여진 곳의 법에 의하는 것으로 규정하고 있다. 원고가 주장하는 피고들의 불법행위는 모두 대한민국에서 행하여진 것이므로 이 사건의 준거법은 대한민국 법이다[이 사건 각 해상화물운송장의 이면약관(을나 3) 제3조에서도 ‘해상화물운송장에 달리 규정된 경우를 제외하고, 해상화물운송장으로부터 또는 이와 관련하여 발생하는 모든 청구는 한국 법에 의하여 규율된다.’라고 규정하고 있다]. 나. 준거법에 관한 선하증권의 약관은 운송계약상의 채무불이행을 원인으로 한 손해배상 책임에만 적용되며 법정 책임인 불법행위를 원인으로 한 손해배상 청구의 경우까지 준거법의 적용이 있다고 볼 수는 없다(대법원 1991. 4. 26. 선고 90다카8098 판결 등 참조). 원고는 피고 1 회사, 피고 2에 대하여 불법행위를 원인으로 손해배상을 청구하고 있다. 피고 1 회사가 이 사건 각 물품의 해상운송인이라고 주장하면서 이 사건 각 하우스 선하증권 이면약관(을다 17) 제24조, 제2조에 따라 이 사건에 적용되는 준거법은 미국 법 특히 미국 해상화물운송법(U.S. Carriage of Goods by Sea Act) 라는 취지의 피고 1 회사, 피고 2의 주장은 받아들이지 않는다. 4. 제소기간 경과 여부 가. 피고 ☆☆☆의 주장에 대하여 1) 다음과 같은 점에서 이 사건 소가 제소기간 경과 후 제기되었다는 피고 ☆☆☆의 주장은 받아들인다. ① 이 사건 각 해상화물운송장 이면약관(을나 3) 제5조는 ‘해상운송인 소외 3 회사의 표준 선하증권(Standard Bill of Landing)의 모든 조항과 조건이 이 사건 각 해상화물운송장 이면약관에 편입된다.’라고 정하고 있다. 소외 3 회사의 표준 선하증권 이면약관(을나 11) 제3조（B)항은 ‘여하한 용선계약, 준거법 및 본 선하증권에 규정되거나 편입된 권리, 방어, 면제, 제한, 조건, 면책, 자유 및 법적 보호는, 그 청구 원인이 계약상의 청구인지 불법행위 또는 여하한 다른 것인지를 불문하고 운송인에 대한 모든 청구에 적용된다.’라고 정하고 있고, 제4조 (B)항은 ‘상인(Merchant, 운송물의 화주, 송하인, 소유자, 선하증권 소지인을 포함한다)이 여하한 하수급인(Subcontractor, 터미널 운영자를 포함한다)에 대하여 청구를 제기하는 경우, 하수급인과 그 대리인들은 운송인에 이익이 되는 본 선하증권상의 모든 권리, 방어, 면제, 제한, 조건, 면책, 자유 및 법적 보호의 이익을, 마치 히말라야 조항(Himalaya Clauses)에 적용되는 법률에 의해 허용되는 최대한도 내에서 명시적으로 하수급인의 이익을 위한 것으로 정한 것과 동일하게, 원용할 권리를 갖는다.’라고 정하며, 제24조 (B)항은 ‘운송인은 운송물의 인도일 또는 운송물이 인도되었어야 하는 날로부터 1년 내에 소가 제기되지 않는 한, 인도 불이행, 잘못된 인도, 지연, 손실 또는 손해에 대한 책임을 포함하되 이에 한정되지 아니하는 운송물에 관한 모든 책임으로부터 면책된다.’라고 정하고 있다. ② 운송인이 컨테이너 전용 장치장에 운송 화물을 입고시키는 법률관계는 민법상 임치에 해당하므로(대법원 1996. 3. 12. 선고 94다55057 판결 참조), 제2 물품을 터미널에 입고한 피고 ☆☆☆은 운송인인 소외 3 회사의 하수급인으로서 이 사건 각 해상화물운송장에서 정한 운송인의 제소기간을 원용할 수 있다. 이 사건 소는 제2 물품이 인도된 날로 볼 수 있는 2018. 9. 8.로부터 1년이 경과한 2020. 7. 2. 제기되었으므로 원고의 피고 ☆☆☆에 대한 소는 부적법하다. ③ 원고는 원고와 피고 ☆☆☆ 사이에 직접적인 계약 관계가 있는 것이 아니어서 원고에","(을나 3) 제3조에서도 ‘해상화물운송장에 달리 규정된 경우를 제외하고, 해상화물운송장으로부터 또는 이와 관련하여 발생하는 모든 청구는 한국 법에 의하여 규율된다.",미검수,,,,candidates_prec_이용약관.csv
법제처 OPEN API/prec,619349,2022나2021376,손해배상(기),https://www.law.go.kr/DRF/lawService.do?OC=test&target=prec&ID=619349&type=HTML,(조 번호 미표기),(판단 불명확),판단 불명확,,,," 미국 해상화물운송법(U.S. Carriage of Goods by Sea Act) 라는 취지의 피고 1 회사, 피고 2의 주장은 받아들이지 않는다. 4. 제소기간 경과 여부 가. 피고 ☆☆☆의 주장에 대하여 1) 다음과 같은 점에서 이 사건 소가 제소기간 경과 후 제기되었다는 피고 ☆☆☆의 주장은 받아들인다. ① 이 사건 각 해상화물운송장 이면약관(을나 3) 제5조는 ‘해상운송인 소외 3 회사의 표준 선하증권(Standard Bill of Landing)의 모든 조항과 조건이 이 사건 각 해상화물운송장 이면약관에 편입된다.’라고 정하고 있다. 소외 3 회사의 표준 선하증권 이면약관(을나 11) 제3조（B)항은 ‘여하한 용선계약, 준거법 및 본 선하증권에 규정되거나 편입된 권리, 방어, 면제, 제한, 조건, 면책, 자유 및 법적 보호는, 그 청구 원인이 계약상의 청구인지 불법행위 또는 여하한 다른 것인지를 불문하고 운송인에 대한 모든 청구에 적용된다.’라고 정하고 있고, 제4조 (B)항은 ‘상인(Merchant, 운송물의 화주, 송하인, 소유자, 선하증권 소지인을 포함한다)이 여하한 하수급인(Subcontractor, 터미널 운영자를 포함한다)에 대하여 청구를 제기하는 경우, 하수급인과 그 대리인들은 운송인에 이익이 되는 본 선하증권상의 모든 권리, 방어, 면제, 제한, 조건, 면책, 자유 및 법적 보호의 이익을, 마치 히말라야 조항(Himalaya Clauses)에 적용되는 법률에 의해 허용되는 최대한도 내에서 명시적으로 하수급인의 이익을 위한 것으로 정한 것과 동일하게, 원용할 권리를 갖는다.’라고 정하며, 제24조 (B)항은 ‘운송인은 운송물의 인도일 또는 운송물이 인도되었어야 하는 날로부터 1년 내에 소가 제기되지 않는 한, 인도 불이행, 잘못된 인도, 지연, 손실 또는 손해에 대한 책임을 포함하되 이에 한정되지 아니하는 운송물에 관한 모든 책임으로부터 면책된다.’라고 정하고 있다. ② 운송인이 컨테이너 전용 장치장에 운송 화물을 입고시키는 법률관계는 민법상 임치에 해당하므로(대법원 1996. 3. 12. 선고 94다55057 판결 참조), 제2 물품을 터미널에 입고한 피고 ☆☆☆은 운송인인 소외 3 회사의 하수급인으로서 이 사건 각 해상화물운송장에서 정한 운송인의 제소기간을 원용할 수 있다. 이 사건 소는 제2 물품이 인도된 날로 볼 수 있는 2018. 9. 8.로부터 1년이 경과한 2020. 7. 2. 제기되었으므로 원고의 피고 ☆☆☆에 대한 소는 부적법하다. ③ 원고는 원고와 피고 ☆☆☆ 사이에 직접적인 계약 관계가 있는 것이 아니어서 원고에 대해 이 사건 각 물품의 해상화물운송장과 소외 3 회사 표준 선하증권의 이면약관이 적용될 수 없다는 취지로 주장한다. 원고가 이 사건 각 물품의 운송을 소외 2 회사에 의뢰하여 소외 2 회사가 운송인인 소외 3 회사를 대리하여 송하인을 원고로 하는 이 사건 각 하우스 선하증권을 발행하였고 선하증권이 발행된 경우 운송인과 송하인 사이에 선하증권에 기재된 대로 개품운송계약이 체결된 것으로 추정되는 점(상법 제854조 제1항), 소외 3 회사가 송하인을 소외 2 회사로 하는 이 사건 각 해상화물운송장을 발행한 점 등에 비추어 피고 ☆☆☆은 원고에게 이 사건 각 해상화물운송장에서 정한 내용을 주장할 수 있다고 보아야 한다. 원고의 주장은 받아들일 수 없다. ④ 원고는 대법원 1992. 1. 21. 선고 91다14994 판결을 들어 운송물에 관한 선하증권의 약관에 기재된 제소기간에 관한 조항은 고의 또는 중대한 과실로 인한 불법행위 책임을 추궁하는 경우에는 적용되지 않는다고 주장한다. 그러나 대법원 1992. 1. 21. 선고 91다14994 판결은 구 상법(1991. 12. 31. 법률 제4470호로 개정되기 전의 법률)하에서 발행된 선하증권의 약관에 기재된 제소기간에 관한 조항의 효력에 관",(을나 3) 제5조는 ‘해상운송인 소외 3 회사의 표준 선하증권(Standard Bill of Landing)의 모든 조항과 조건이 이 사건 각 해상화물운송장 이면약관에 편입된다.,미검수,,,,candidates_prec_이용약관.csv
법제처 OPEN API/prec,619349,2022나2021376,손해배상(기),https://www.law.go.kr/DRF/lawService.do?OC=test&target=prec&ID=619349&type=HTML,(조 번호 미표기),(판단 불명확),판단 불명확,,,,"점에서 이 사건 소가 제소기간 경과 후 제기되었다는 피고 ☆☆☆의 주장은 받아들인다. ① 이 사건 각 해상화물운송장 이면약관(을나 3) 제5조는 ‘해상운송인 소외 3 회사의 표준 선하증권(Standard Bill of Landing)의 모든 조항과 조건이 이 사건 각 해상화물운송장 이면약관에 편입된다.’라고 정하고 있다. 소외 3 회사의 표준 선하증권 이면약관(을나 11) 제3조（B)항은 ‘여하한 용선계약, 준거법 및 본 선하증권에 규정되거나 편입된 권리, 방어, 면제, 제한, 조건, 면책, 자유 및 법적 보호는, 그 청구 원인이 계약상의 청구인지 불법행위 또는 여하한 다른 것인지를 불문하고 운송인에 대한 모든 청구에 적용된다.’라고 정하고 있고, 제4조 (B)항은 ‘상인(Merchant, 운송물의 화주, 송하인, 소유자, 선하증권 소지인을 포함한다)이 여하한 하수급인(Subcontractor, 터미널 운영자를 포함한다)에 대하여 청구를 제기하는 경우, 하수급인과 그 대리인들은 운송인에 이익이 되는 본 선하증권상의 모든 권리, 방어, 면제, 제한, 조건, 면책, 자유 및 법적 보호의 이익을, 마치 히말라야 조항(Himalaya Clauses)에 적용되는 법률에 의해 허용되는 최대한도 내에서 명시적으로 하수급인의 이익을 위한 것으로 정한 것과 동일하게, 원용할 권리를 갖는다.’라고 정하며, 제24조 (B)항은 ‘운송인은 운송물의 인도일 또는 운송물이 인도되었어야 하는 날로부터 1년 내에 소가 제기되지 않는 한, 인도 불이행, 잘못된 인도, 지연, 손실 또는 손해에 대한 책임을 포함하되 이에 한정되지 아니하는 운송물에 관한 모든 책임으로부터 면책된다.’라고 정하고 있다. ② 운송인이 컨테이너 전용 장치장에 운송 화물을 입고시키는 법률관계는 민법상 임치에 해당하므로(대법원 1996. 3. 12. 선고 94다55057 판결 참조), 제2 물품을 터미널에 입고한 피고 ☆☆☆은 운송인인 소외 3 회사의 하수급인으로서 이 사건 각 해상화물운송장에서 정한 운송인의 제소기간을 원용할 수 있다. 이 사건 소는 제2 물품이 인도된 날로 볼 수 있는 2018. 9. 8.로부터 1년이 경과한 2020. 7. 2. 제기되었으므로 원고의 피고 ☆☆☆에 대한 소는 부적법하다. ③ 원고는 원고와 피고 ☆☆☆ 사이에 직접적인 계약 관계가 있는 것이 아니어서 원고에 대해 이 사건 각 물품의 해상화물운송장과 소외 3 회사 표준 선하증권의 이면약관이 적용될 수 없다는 취지로 주장한다. 원고가 이 사건 각 물품의 운송을 소외 2 회사에 의뢰하여 소외 2 회사가 운송인인 소외 3 회사를 대리하여 송하인을 원고로 하는 이 사건 각 하우스 선하증권을 발행하였고 선하증권이 발행된 경우 운송인과 송하인 사이에 선하증권에 기재된 대로 개품운송계약이 체결된 것으로 추정되는 점(상법 제854조 제1항), 소외 3 회사가 송하인을 소외 2 회사로 하는 이 사건 각 해상화물운송장을 발행한 점 등에 비추어 피고 ☆☆☆은 원고에게 이 사건 각 해상화물운송장에서 정한 내용을 주장할 수 있다고 보아야 한다. 원고의 주장은 받아들일 수 없다. ④ 원고는 대법원 1992. 1. 21. 선고 91다14994 판결을 들어 운송물에 관한 선하증권의 약관에 기재된 제소기간에 관한 조항은 고의 또는 중대한 과실로 인한 불법행위 책임을 추궁하는 경우에는 적용되지 않는다고 주장한다. 그러나 대법원 1992. 1. 21. 선고 91다14994 판결은 구 상법(1991. 12. 31. 법률 제4470호로 개정되기 전의 법률)하에서 발행된 선하증권의 약관에 기재된 제소기간에 관한 조항의 효력에 관한 것으로, 개정된 상법이 적용되는 이 사건의 적절한 선례라고 볼 수 없다(대법원 1997. 4. 11. 선고 96다42246 판결, 대법원 1997. 9. 30. 선고 96다54850 판결 참조). 2) 원고의 주장과 같이 이 사건 각 해상화물운송장의 제소기간에 관한 규정이 고의 또는 중대한 과실로 인한 불법행위 책임을 추궁하","(을나 11) 제3조（B)항은 ‘여하한 용선계약, 준거법 및 본 선하증권에 규정되거나 편입된 권리, 방어, 면제, 제한, 조건, 면책, 자유 및 법적 보호는, 그 청구 원인이 계약상의 청구인지 불법행위 또는 여하한 다른 것인지를 불문하고 운송인에 대한 모든 청구에 적용된다.",미검수,,,,candidates_prec_이용약관.csv
법제처 OPEN API/prec,614609,2022가합519467,손해배상(기),https://www.law.go.kr/DRF/lawService.do?OC=test&target=prec&ID=614609&type=HTML,(조 번호 미표기),(판단 불명확),판단 불명확,,,," 주요한 유통량 변화가 생길 경우 프로젝트팀은 즉각 상세 내용을 공시할 예정입니다. 신규 언락 토큰의 대부분은 생태계 파트너십 구축 및 마케팅 활동(국내외)을 위해 사용되며, 빠른 시일 내에 발전된 로드맵과 사업내용에 대해 공지드리겠습니다. 다. 원고들의 이 사건 거래소 가입 및 픽셀 매수 원고들은 이 사건 거래소에 회원으로 가입할 당시 다음과 같은 이용약관에 동의하였고(이하 ‘이 사건 약관’이라고 한다), 픽셀이 이 사건 거래소에 상장된 이후 별지 1 거래내역표 기재와 같이 이 사건 거래소에서 픽셀을 각각 매수하였다. 제4조 (약관의 해석) ① 회사는 이 약관 외에 별도의 운영정책을 둘 수 있습니다. ② 이 약관에서 정하지 아니한 사항이나 해석에 대해서는 운영정책, 이용안내(웹), 이용가이드(앱), 관련 법령에 따릅니다. 제5조 (이용계약 체결) ① 이용계약은 회원이 되고자 하는 자(이하 ‘가입 신청자’라 합니다)가 회사가 제공하는 약관의 내용에 대하여 동의를 한 다음 회사가 정한 절차에 따라 가입신청을 완료하고, 회사가 이러한 신청에 대하여 승낙함으로써 체결됩니다. 제9조 (회사의 의무) ① 회사는 관련 법령과 이 약관을 준수하며, 계속적이고 안정적으로 서비스를 제공하기 위하여 최선을 다하여 노력합니다. ② 회사는 회원이 안전하게 서비스를 이용할 수 있도록 개인정보(신용정보포함) 보호를 위해 보안시스템을 갖출 수 있으며 개인정보처리방침을 공시하고 준수합니다. ③ 회사는 서비스 이용과 관련하여 회원으로부터 제기된 의견이나 불만이 정당하다고 인정할 경우에는 이를 처리하여야 하며, 서비스 내 게시판, 전자우편 등을 통하여 회원에게 처리 과정 및 결과를 전달할 수 있습니다. 제18조 (서비스 이용 관련 유의사항) ⑤ 회사는 디지털 자산 자체의 하자, 중요 제휴사의 파산·해산, ""디지털 자산 거래지원 종료 사유"" 발생 등 불가피한 서비스 제공 중단 사유가 있거나 관련 법령, 감독 당국 등 정부의 방침 또는 이에 준하는 사유가 있으면 서비스에서 회원이 이용할 수 있는 개별 디지털 자산의 거래지원을 종료할 수 있습니다. 회사는 디지털 자산 거래지원 종료 여부를 사전에 회원에게 알리기 위해 합리적인 노력을 기울일 것입니다. 회사가 제공하는 서비스에서 특정 디지털 자산이 제외되는 경우 회사는 디지털 자산 거래지원 중단 공지일로부터 적어도 30일의 기간 동안 이 사건 거래소 이외 타 거래소에서 발급된 개인 지갑 등에 디지털 자산을 이전할 수 있도록 이전(출금)을 지원합니다. ⑦ 회사는 운영정책에 따라 새로운 디지털 자산의 거래를 지원할 수 있습니다. 라. 소외 1 회사 주식 양도 및 픽셀의 유통량 증가 1) 한편 피고 3은 2020. 8. 3. 소외 1 회사의 대표이사에서 사임하였고 2020. 9. 1.에는 소외 1 회사의 발행주식 총수인 1주의 보통주식을 1 싱가포르 달러(SGD)에 지인인 소외 2에게 양도하였다. 2) 피고 3은 위와 같은 대표이사 사임 및 주식 양도 이후로도 소외 1 회사의 제3자로의 매각을 주도하였고, 소외 2는 2020. 12. 10. 중국계 가상자산 관련 펀드 ‘(펀드명 생략)’ 소속 소외 3에게 소외 1 회사의 보통주식 1주를 1 싱가포르 달러(SGD)에 매각하는 주식매매계약을 체결하였다. 3) 위 주식매매계약 체결 이후 소외 1 회사는 2020. 12. 14. 보유하던 픽셀 전부(총 483,137,779개)를 (펀드명 생략) 측 가상자산 지갑(지갑 주소 생략)으로 전송하여 주었고, 피고 3은 같은 날 (펀드명 생략)으로부터 135만 USDT 를 수령하였다. 4) 피고 3은 135만 USDT 중 35만 USDT를 수령 당일 비트코인으로 전환하여 출금하였고, 다음 날 나머지 100만 USDT를 소외 4 회사에 자신 명의로 출자하는 투자금으로 사용하였다. 마. 유통량 증가 사후공시 1) 이 사건 거래소는 2021. 3. 22. 상장된 가상자산들에 대한 현황 파악의 일환으로 소외 1 회사에 ""픽셀의 계획유통량 일정 최신본(Full Token Release Schedule)""의 제출을 요청하였고, 그 과정에","사건 약관’이라고 한다), 픽셀이 이 사건 거래소에 상장된 이후 별지 1 거래내역표 기재와 같이 이 사건 거래소에서 픽셀을 각각 매수하였다. 제4조 (약관의 해석) ① 회사는 이 약관 외에 별도의 운영정책을 둘 수 있습니다. ② 이 약관에서 정하지 아니한 사항이나 해석에 대해서는 운영정책, 이용안내(웹), 이용가이드(앱), 관련 법령에 따릅니다. 제5조 (이용계약 체결) ① 이용계약은 회원이 되고자 하는 자(이하",미검수,,,,candidates_prec_이용약관.csv
법제처 OPEN API/prec,614609,2022가합519467,손해배상(기),https://www.law.go.kr/DRF/lawService.do?OC=test&target=prec&ID=614609&type=HTML,제9조,(판단 불명확),판단 불명확,,,," 플랫폼 ‘(플랫폼명 생략)’을 이용하여 개발되었다. 따라서 피고 1 회사는 소외 5 회사와의 관계 때문에 엄격한 심사 없이 픽셀을 상장시켰을 가능성이 크다. 위와 같은 사정들을 고려하면, 피고 1 회사가 픽셀에 관하여 부실한 상장심사를 함으로써 투자자 보호의무를 위반하였다고 보아야 한다. 나) 상장 후 관리 관련 투자자 보호의무 위반 피고 1 회사는 이 사건 약관 제9조 및 제4조, 스스로 게시한「거래지원 후 가상자산 관리체계」, 신의성실의 원칙 등에 의하여 상장된 가상자산의 변동 상황을 확인할 수 있는 시스템을 구축하고 가상자산 관련 주요 사항을 적시에 안내하여 투자자를 보호할 의무가 있다. 그럼에도 피고 1 회사는 이 사건 유통량 증가 등 픽셀의 투자 관련 변동사항을 적절히 안내하지 못하였던바, 상장 후 관리에 관련된 투자자 보호의무를 위반한 것으로 보아야 한다. 다) 상장폐지 관련 투자자 보호의무 위반 피고 1 회사는 이 사건 약관 제9조 및 제4조, 스스로 게시한 「가상자산 거래지원 종료 정책」, 신의성실의 원칙 등에 의하여 가상자산의 상장폐지 여부를 엄격한 기준에 따라 실질적으로 심사하여 투자자의 이익을 보호할 의무가 있다. 그런데 ① 피고 1 회사는 단지 대주주 변경에 관한 공시를 다소 늦게 하였다는 이유로 픽셀의 상장폐지를 결정하였고, ② 소외 1 회사 측은 이미 이 사건 계획유통량 공시에서 픽셀의 발행량이 늘어날 것을 미리 밝혀 두기도 하였던바, 픽셀에 대한 상장폐지 조치는 지나친 조치이다. ③ 나아가 픽셀의 유통량 증가가 피고 1 회사의「가상자산 거래지원 종료 정책」에 열거된 상장폐지 사유에 해당한다고 볼 수도 없다. 결국 피고 1 회사는 투자자의 신뢰에 반하여 자의적이고 일방적으로 픽셀의 상장을 폐지함으로써 상장폐지 관련 투자자 보호의무를 위반하였다. 2) 손해배상책임의 발생 및 범위 피고 1 회사의 투자자 보호의무 위반으로 인하여 픽셀의 매수자들인 원고들은 심각한 투자 손실을 입게 되었다. 따라서 피고 1 회사는 원고들에게 채무불이행 또는 불법행위에 따른 손해배상으로 불법행위가 성립하는 나머지 피고들과 공동하여, ① 주위적으로 원고들의 각 픽셀 취득가액에서 ㉠ 픽셀을 처분하여 회수한 이익 및 ㉡ 여전히 보유한 픽셀의 가치 상당액(단, 보유 픽셀의 가치는 소 제기 무렵인 2022. 3. 17.을 기준으로 1픽셀당 1.997원으로 산정)을 각각 공제하는 방식으로 산정한 원고들의 손해액 및 이에 대한 지연손해금을 지급할 의무가 있고, ② 예비적으로는 위 금액 중 ㉡ 보유 픽셀의 가치를 상장폐지 시점(2021. 6. 28.) 기준으로 1픽셀당 3.37원으로 보아 산정한 원고들의 손해액 및 이에 대한 지연손해금을 지급할 의무가 있다. 나. 판단 1) 쟁점의 정리 원고들은, 피고 1 회사가 가상자산의 거래소로서 가상자산의 상장, 관리, 상장폐지에 관하여 투자자 보호의무를 부담하고, 주식회사 한국거래소(이하 ‘한국거래소’라고 한다)에 준하는 정도의 엄격한 통제를 받아야 함을 전제로 이 사건 손해배상을 구하고 있다. 따라서 피고 1 회사의 투자자 보호의무 부담 여부 및 그 정도에 관하여 본 후, 이를 기초로 피고 1 회사의 의무 위반 여부를 판단할 필요가 있다. 이하에서 차례대로 본다. 2) 가상자산 거래소의 투자자 보호의무 가) 살피건대, 피고 1 회사와 같은 가상자산 거래소의 운영자는 투자자와의 서비스 이용계약 및 신의성실의 원칙에 따라 적어도 ‘스스로 게시한 기준과 절차에 따라, 상장 및 상장폐지될 가상자산을 선별하고 상장된 가상자산의 거래 적절성을 이용자들에게 알려 투자자를 보호할 의무’를 부담한다고 봄이 타당하다. 그 이유는 다음과 같다. ① 가상자산의 경우, 주식의 내재가치에 대응되는 개념을 상정하기 어려워 그 가치를 객관적으로 평가하는 것이 매우 어렵고, 수요·공급의 원칙에 의존하여 가격이 결정된다. ② 따라서 대형 가상자산 거래소에 상장되어 대량 거래의 대상이 되는 것이 사실상 가상자산의 가치 형성에 핵심적인 영향을 주게 되고, 투자자들의 입장에서도 상장 여부를 투자 결정의 가장 우선적 요소로","거래지원 후 가상자산 관리체계」, 신의성실의 원칙 등에 의하여 상장된 가상자산의 변동 상황을 확인할 수 있는 시스템을 구축하고 가상자산 관련 주요 사항을 적시에 안내하여 투자자를 보호할 의무가 있다. 그럼에도 피고 1 회사는 이 사건 유통량 증가 등 픽셀의 투자 관련 변동사항을 적절히 안내하지 못하였던바, 상장 후 관리에 관련된 투자자 보호의무를 위반한 것으로 보아야 한다. 다) 상장폐지 관련 투자자 보호의무 위반 피고 1 회사는 이 사건 약관 제9조 및 제4조, 스스로 게시한 「가상자산 거래지원 종료 정책",미검수,,,,candidates_prec_이용약관.csv
법제처 OPEN API/prec,599781,2023나15677,보험금,https://www.law.go.kr/DRF/lawService.do?OC=test&target=prec&ID=599781&type=HTML,(조 번호 미표기),(판단 불명확),판단 불명확,,,,"을 2009. 5. 26.부터 2056. 5. 26.까지, 피보험자를 소외인의 배우자인 원고, 보험가입금액을 100,000,000원으로 하는 ‘무배당 행복을 다(多)주는 가족사랑보험(0904)’ 보험계약을 체결하였다(이하 ‘이 사건 보험계약’이라 한다). 소외인은 이 사건 보험청약서의 ‘피보험자 자필서명’ 란에 원고의 이름을 기재하고 서명하였다. 2) 이 사건 보험계약의 약관(이하 ‘이 사건 약관’이라 한다) 중 이 사건에 관한 주요 내용은 아래와 같다. 제3관 보험금 등의 지급(회사의 주된 의무)제16조(후유장해보험금)② 일반후유장해보험금: 회사는 피보험자가 제13조(보상하는 손해)에서 정한 사고로 상해를 입고 그 상해가 치유된 후 직접결과로써 사고일로부터 2년 이내에 신체의 일부를 잃었거나 또는 그 기능이 영구히 상실(이하 ‘후유장해’라 한다)되어 장해분류표에서 정한 지급률이 80% 미만에 해당하는 후유장해(이하 ‘일반후유장해’라 한다)가 남았을 경우에는 보험가입증서(보험증권)에 기재된 보험가입금액에 장해분류표에서 정한 지급률을 곱하여 산출한 금액을 일반후유장해보험금으로 수익자에게 지급합니다.⑧ 다른 상해로 인하여 후유장해가 2회 이상 발생하였을 경우에는 그 때마다 이에 해당하는 후유장해지급율을 결정합니다. 그러나 그 후유장해가 이미 후유장해보험금을 지급받은 동일 부위에 가중된 때에는 최종 장해상태에 해당하는 후유장해보험금에서 이미 지급받은 후유장해보험금을 차감하여 지급합니다. 다만, 장해분류표의 각 신체부위별 판정기준에서 별도로 정한 경우에는 그 기준을 따릅니다.제17조(다른 신체장해 또는 질병의 영향)① 피보험자가 제13조(보상하는 손해)에서 정한 상해를 입는 경우, 이미 존재한 신체장해 또는 질병의 영향으로 또는 제13조(보상하는 손해)에서 정한 상해를 입은 후에 그 원인이 된 사고와 관계없이 새로이 발생한 상해나 질병의 영향으로 제13조(보상하는 손해)에서 정한 상해가 중하게 된 경우 회사는 그 영향이 없었던 때에 상당하는 금액을 결정하여 지급합니다.[별표1] 장해분류표1. 장해의 정의 1) 장해라 함은 상해 또는 질병에 대하여 치유된 후 신체에 남아있는 영구적인 정신 또는 육체의 훼손상태를 말한다. 다만, 질병과 부상의 주증상과 합병증상 및 이에 대한 치료를 받는 과정에서 일시적으로 나타나는 증상은 장해에 포함되지 않는다.3. 기타 2) 동일한 신체부위에 2가지 이상의 장해가 발생한 경우에는 더하지 않고 그 중 높은 지급률을 적용함을 원칙으로 한다.6. 척추(등뼈)의 장해 가. 장해의 분류장해의 분류지급률(%)1) 척추(등뼈)에 심한 운동장해를 남긴 때402) 척추(등뼈)에 뚜렷한 운동장해를 남긴 때303) 척추(등뼈)에 약간의 운동장해를 남긴 때104) 척추(등뼈)에 심한 기형을 남긴 때505) 척추(등뼈)에 뚜렷한 기형을 남긴 때306) 척추(등뼈)에 약간의 기형을 남긴 때157) 심한 추간판탈출증(속칭 디스크)208) 뚜렷한 추간판탈출증(속칭 디스크)159) 약간의 추간판탈출증(속칭 디스크)10? 나. 장해판정기준 1) 척추(등뼈)는 경추(목뼈) 이하를 모두 동일부위로 한다. 3) 척추(등뼈)의 장해는 퇴행성 기왕증 병변과 사고가 그 증상을 악화시킨 부분만큼, 즉 이 사고와의 관여도를 산정하여 평가한다. …(중략) 6) 심한 기형 척추의 골절 또는 탈구 등으로 인하여 35˚ 이상의 전만증 및 척추후만증(척추가 뒤로 휘어지는 증상) 또는 20˚ 이상의 척추측만증(척추가 옆으로 휘어지는 증상) 변형이 있을 때 7) 뚜렷한 기형 척추의 골절 또는 탈구 등으로 인하여 15˚ 이상의 전만증 및 척추후만증(척추가 뒤로 휘어지는 증상) 또는 10˚ 이상의 척추측만증(척추가 옆으로 휘어지는 증상) 변형이 있을 때 8) 약간의 기형 1개 이상의 척추의 골절 또는 탈구로 인하여 경도(가벼운 정도)의 전만증 및 척추후만증(척추가 뒤로 휘어지는 증상) 또는 척추측만증(척추가 옆으로 휘어지는 증상) 변형이 있을 때 나. 1차 사고 이후의 증상, 그 경과 및 보험금 지급 1) 원고는 2012. 9. 3. 소파를 들다가 넘",사건 약관’이라 한다) 중 이 사건에 관한 주요 내용은 아래와 같다. 제3관 보험금 등의 지급(회사의 주된 의무)제16조(후유장해보험금)② 일반후유장해보험금: 회사는 피보험자가 제13조(보상하는 손해)에서 정한 사고로 상해를 입고 그 상해가 치유된 후 직접결과로써 사고일로부터 2년 이내에 신체의 일부를 잃었거나 또는 그 기능이 영구히 상실(이하,미검수,,,,candidates_prec_이용약관.csv
법제처 OPEN API/prec,599781,2023나15677,보험금,https://www.law.go.kr/DRF/lawService.do?OC=test&target=prec&ID=599781&type=HTML,(조 번호 미표기),(판단 불명확),판단 불명확,,,,"제되어 보험업계에 장기손해보험 표준약관이 마련되었고, 그 약관 제17조 제1항에서 피보험자가 이미 존재한 신체상해 또는 질병으로 또는 해당 상해를 입은 후 그 원인 된 사고와 관계없이 새로이 발생한 상해나 질병의 영향으로 그 보상하는 손해에서 정한 상해가 중하게 된 경우 그 영향이 없었던 때에 상당하는 금액을 결정하여 지급하도록 하였다. 3) 그에 따라 이 사건 약관의 장해판정기준에서도 ‘척추(등뼈)의 장해는 퇴행성 기왕증 병변과 사고가 그 증상을 악화시킨 부분만큼, 즉 이 사고와의 관여도를 산정하여 평가한다’라고 되어 있다. 4) 척추의 장해판정기준에서 부상 정도를 단계별로 세분하고 있는 것은 전체적으로 그때까지의 변형 정도를 모두 반영한 당시의 상태를 기준으로 한 것이 아니라 해당 사고로 인한 실제 변형의 정도를 직접 수치로 반영하여 구분한 것으로 해석함이 상당하다. 5) 만일 누적된 변형정도를 기준으로 할 경우, 변형정도가 33˚로 ‘척추(등뼈)에 뚜렷한 기형을 남긴 때’에 해당하여 지급률 30%의 보험금을 지급받은 이후 또다시 경미한 정도(예를 들어 2~5˚정도)의 변형이 가벼운 부상에 기해 추가된 경우에도, 누적된 상태를 기준으로 하면 35˚이상이 되어 ‘척추(등뼈)에 심한 기형을 남긴 때’에 해당하여 지급률 20%(= 50% - 30%)의 추가 보험금을 청구할 수 있는 불합리한 결과가 초래될 수 있다. 6) 이 사건 약관의 해석과 관련하여 표준약관과의 문언적, 종합적 해석에 따르더라도 그 의미는 위와 같이 비교적 명확히 해석되므로 그것이 모호하여 고객에게 유리하게 해석되어야 하는 경우로는 보이지 않는다. 4. 결론 원고의 이 사건 청구는 이유 없어 기각하여야 한다. 이와 결론을 달리한 제1심판결은 부당하므로 그 중 피고 패소 부분을 취소하고 위 취소 부분에 대한 원고의 청구를 기각한다. 판사 박성규(재판장) 설정은 유진현 ]]>","척추(등뼈)의 장해는 퇴행성 기왕증 병변과 사고가 그 증상을 악화시킨 부분만큼, 즉 이 사고와의 관여도를 산정하여 평가한다",미검수,,,,candidates_prec_이용약관.csv
법제처 OPEN API/prec,609343,2021가합511015,손해배상(기)·손해배상(기),https://www.law.go.kr/DRF/lawService.do?OC=test&target=prec&ID=609343&type=HTML,(조 번호 미표기),(판단 불명확),판단 불명확,,,,"력 [120,000Kw], 선택요금제 [산업용(을) 고압 B 선택 3] B : A항의 각 공장별 제2조 제1항의 절감금액이 반영되어 한국전력으로부터 청구된 해당 월의 전기요금 ? 제2조 (전기요금 절감금액의 산정) ① 제1조의 각 공장별 ""ESS를 활용한 전기요금 절감 금액""은 아래 표의 각호를 합산한 금액으로 산정되며, 아래 표의 각호 중 한국전력공사의 기본공급약관, 기본공급약관시행세칙(이하 ""약관 및 시행세칙"")에 따른 계산식은 적용시점의 유효한 약관 및 시행세칙에 따라 변경되는 것으로 한다. ? 항목계산식 1. 피크저감해당 월 피크 저감량(kW) × 기본요금 단가 2. 부하이동(최대부하 방전량 － 최대부하 충전량) × 최대부하시간대 요금단가 + (중부하 방전량 － 중부하 충전량) × 중부하시간대 요금단가 + (경부하 방전량 － 경부하 충전량) × 경부하시간대 요금단가 3. 기본요금할인(‘17.1~’20.12) 평균최대수요전력 감축량 × 기본요금 단가 × 3 (‘21.1~’26.3) 평균최대수요전력 감축량 × 기본요금 단가 ※ 평균 최대수요전력 감축량(kW) = (해당월 평일 최대부하시간대 방전량 합계 － 해당월 평일 최대부하시간대 충전량 합계) / (해당월 평일일수 × 3) 4. 충전요금할인(‘17.1~’20.12) 해당 월의 경부하시간대 총 충전량 × 경부하시간 요금단가 × 0.5 5. 전력산업기반기금（1＋2＋3＋4）× 0.037 ※ ESS 배터리용량 비율에 따른 할인금액 차등 적용 상기 표의 제3호(기본요금할인)와 제4호(전력량요금할인)는 계약전력 대비 ESS 배터리 용량 비율에 따라 다음 표와 같이 조정되며, 적용시점의 유효한 약관 및 시행세칙에 따라 변경된다. 계약전력 대비 ESS 배터리용량 비율차등 적용 10% 이상할인금액의 1.2배 5%~10% 미만할인금액의 1.0배 5% 미만할인금액의 0.8배 ? ⑤ ESS 설비 운용을 위한 소비전력(공조설비, ESS 관련설비 가동전력 등)은 공급사 부담으로, 공급사는 고객사에 설치된 계량기의 시간대별 계량에 근거한 수치를 ESS 설비의 운용을 위한 소비전력에 대한 전기요금을 산정한다. 3) 피고는 이 사건 계약에 따라 원고의 4개 공장에 ESS 설비를 설치하였고(그중 ☆☆공장에 설치된 ESS 설비를 ‘이 사건 ESS 설비’라 한다), ☆☆공장은 2018. 6. 10.부터 상업운전을 시작하였다. 4) 한편, 피고가 설치한 ESS 설비란 태양광/풍력 등에서 발전되거나 전력계통으로부터 공급된 전력을 배터리에 저장한 후, 필요한 때에 공급할 수 있는 시스템으로, 에너지를 저장하는 배터리, 전력을 변환하는 전력변환장치(PCS), 전력 흐름을 통합적으로 제어·관리하는 관리 소프트웨어(BMS, PMS, EMS) 등으로 구성된 새로운 전력설비로, 이를 그림으로 나타내면 아래와 같다. 또한, 배터리는 셀, 모듈, 랙 단위로 구성되는데, 아래 그림과 같이 22개의 배터리 셀이 1개의 모듈을 구성하고, 위 모듈 12개가 1개의 랙을 구성하며, 이 사건 ESS 설비 배터리실에는 총 512개(1, 2층 각 256개)의 랙이 설치되어 있었다. 다. 이 사건 ESS 설비에서의 화재 발생 1) 2019. 1. 21. 원고의 ☆☆공장에 설치된 이 사건 ESS 설비에서 화재가 발생하여 이 사건 ESS 설비가 전소하였다(이하 ‘이 사건 화재’라 한다). 2) 국립과학수사연구원은 이 사건 화재 현장을 직접 조사한 후 2019. 2. 19. 법안전감정서를 작성하였는데, 주요 내용은 아래와 같다. □ 사건개요 2019. 1. 21. 09:27경 ☆☆(주소 4 생략) 원고 공장 내 ESS저장장치실에서 불상의 원인으로 화재가 발생하여 ESS실 1개동이 전소되는 화재가 발생한 것임. 2. 검토 가. 현장의 연소형상은 2층 ESS실 내부가 전반적으로 심하게 연소된 모습이고, PMS상에서 최초 알람이 발생한 부분이 4호기 64번 랙 부분이고, 64번 랙 배터리 팩주1)의 금속 외함 및 동 배터리 팩 내부 배터리 셀에서 다수의 전기적 용융흔이 식별되는 상태로 2층 4호기 64번 랙 부분에서 최초 발화된 것으로 ","약관 및 시행세칙"")에 따른 계산식은 적용시점의 유효한 약관 및 시행세칙에 따라 변경되는 것으로 한다. ? 항목계산식 1. 피크저감해당 월 피크 저감량(kW) × 기본요금 단가 2. 부하이동(최대부하 방전량 － 최대부하 충전량) × 최대부하시간대 요금단가 + (중부하 방전량 － 중부하 충전량) × 중부하시간대 요금단가 + (경부하 방전량 － 경부하 충전량) × 경부하시간대 요금단가 3. 기본요금할인(",미검수,,,,candidates_prec_이용약관.csv
법제처 OPEN API/prec,609343,2021가합511015,손해배상(기)·손해배상(기),https://www.law.go.kr/DRF/lawService.do?OC=test&target=prec&ID=609343&type=HTML,제5조,(판단 불명확),판단 불명확,,,,"본소 청구에 대한 판단 1) 주위적 청구에 대한 판단 가) 앞서 든 증거, 갑 제15, 16호증, 을 제2, 14호증의 각 기재에 변론 전체의 취지를 더하여 보면, 피고가 ‘ESS를 활용한 전기요금 절감서비스 제안’ 자료에 ‘피고가 ESS 설비 투자를 진행하며 시공 － 운전 － 안전관리까지 Total Care를 제공한다.’고 소개하였고, 이에 따라 이 사건 계약 제5조 제1항은 ""공급사는 ESS를 자신의 비용과 책임으로 설치, 유지, 관리 및 보수하기로 하며, 공급사가 설치한 ESS의 소유권은 공급사에게 귀속한다.""고 규정하고, 제6조 제2항은 ""공급사는 ESS 설치와 관련된 전기설비에 대하여 문제가 발생하지 않도록 관련 법령을 준수하고, ESS를 선량한 관리자의 주의의무로서 유지보수 및 정기검침 한다. 공급사는 ESS 설치 후 사용하기 이전의 검사에 관한 비용, ESS 설치 검사에 관한 비용을 부담한다.""고 규정하여 피고의 설치 및 운영에 있어 선관주의의무를 규정한 사실, 2018. 8. 28. 이 사건 ESS 설비 4호기 배터리 충전 중 이상전류 발생이 확인되었는데, 피고가 그 원인을 파악하지 못한 사실, 이 사건 화재 발생 이전인 2018. 5.경부터 2018. 12.경까지 ESS 설비가 설치된 타 사업장에서 약 11차례 화재가 발생하였고, 이에 대한 대책으로 피고가 2018. 12. 19. 작성한 ‘ESS 화재발생 현황 및 대응방안’에 화재 발생 방지 대책으로 ‘랙과 랙 사이에 추가 Fuse를 설치하여 과전류 특정 랙으로 유입 방지’가 포함되었는데, 이 사건 ESS 설비에는 랙 Fuse가 설치되지 않은 사실, 피고는 이 사건 화재 발생 이후인 2019. 3. 13. 작성한 ‘화재 방지 및 안정성 확보 방안’에서 화재 방지 대책 중 외부 위험 요인 차단으로 ‘2019. 3. 중에 랙 Fuse 설치’를, 화재 발생 시 확산 방지 대책으로 ‘ESS 컨테이너 상부 살수장치 설치’를 포함시켰는데, 이 사건 ESS 설비의 건물에 살수장치가 설치되지 않은 사실, 2018. 12.에 발간된 화재보험협회 웹진에 실린 ESS의 안전관리와 관련한 글에 스프링클러설비를 설치하는 경우 화재의 확산을 방지할 수 있다는 내용이 포함된 사실은 인정되고, 위 인정사실에 비추어 보면, 피고는 이 사건 ESS 설비의 설치 및 유지관리에 있어 선관주의의무를 부담하고, 이 사건 화재 발생 전에 ESS 설비 화재의 대비사항으로 랙 Fuse의 설치와 살수장치의 설치가 거론되었음에도 피고가 이 사건 ESS 설비에 이를 반영하지 않은 점은 인정된다. 나) 그러나 앞서 든 증거, 을 제7 내지 13, 17, 21, 22, 23, 26 내지 29, 33, 34, 35호증의 각 기재 및 영상에 변론 전체의 취지를 더하여 인정되는 아래의 사실 및 사정들을 종합하여 보면, 피고의 이 사건 ESS 설비 설치 및 관리운영에 있어 선관주의의무 위반이 있다고 보기 어렵고, 달리 이를 인정할 증거가 없다. 따라서 피고의 선관주의의무 위반으로 인하여 이 사건 계약이 해지되었음을 전제로 하는 원고의 주위적 청구는 이유 없다. (1) 국립과학수사연구원의 법안전감정서, ☆☆남부경찰서의 내사결과보고서, 이 사건 화재 당시의 피고의 알람메시지, 로그 자료 등에 의하면 이 사건 ESS 설비 2층 4호기 64번 랙에서 화재가 최초 발화한 것으로 추정되고, 그 외에 발화 원인으로 작용할 만한 다른 사정은 확인되지 않으며, 원피고 역시 배터리를 화재 원인으로 전제하고 관련 회의를 진행하였고, 피고는 2019. 4. 11. 원고에게 배터리가 화재 원인이라는 내용이 포함된 이메일을 보내기도 하였는바, 이 사건 ESS 설비 내 배터리에서 이 사건 화재가 발생한 것에 대해 당사자 간에 다툼이 없다고 보인다. 이 사건 화재가 발생한 부분은 배터리 내부이고, 이 사건 화재가 발생한 배터리는 ◇◇◇ 주","공급사는 ESS를 자신의 비용과 책임으로 설치, 유지, 관리 및 보수하기로 하며, 공급사가 설치한 ESS의 소유권은 공급사에게 귀속한다",미검수,,,,candidates_prec_이용약관.csv
법제처 OPEN API/prec,605587,2023노209,특정경제범죄가중처벌등에관한법률위반(사기)·사기,https://www.law.go.kr/DRF/lawService.do?OC=test&target=prec&ID=605587&type=HTML,(조 번호 미표기),(판단 불명확),판단 불명확,,,,"원심 및 당심이 적법하게 채택하여 조사한 증거들에 의하여 인정되는 아래의 사정을 보태어 보면, 피해자 진술의 신빙성을 배척한 원심의 판단을 정당한 것으로 수긍할 수 있고, 거기에 검사가 주장하는 것과 같은 사실오인 및 법리오해의 잘못이 없다. 따라서 검사의 이 부분 주장은 받아들이지 않는다. 1) 검사는, 피해자가 공소외 17 회사와의 ○○○코인 판매 위임계약서 상에 ""판매대금을 해외에서 받는 것을 원칙으로 한다.""고 밝혔을 뿐 ○○○코인의 국내 판매를 지시한 바 없고 당시에 국내 판매가 이루어지고 있다는 사정도 알지 못하였으며, KYC 자료의 경우 피해자가 운영하는 병원의 내국인 직원들이 피해자 모르게 외국인 직원의 명의를 빌려 ○○○코인을 구매한 것일 뿐 피해자가 국내 판매 사정을 숨기기 위해 외국인 직원의 신원정보를 활용한 것이 아니라고 주장한다. 그러나 아래와 같은 사정들을 종합하여 보면, 검사의 위 주장은 납득하기 어렵다. 가) 공소외 36과 함께 공소외 17 회사의 공동대표였던 공소외 35는 원심 법정 및 경찰 조사에서 ""○○○코인을 위탁판매하기 위해서는 해외법인이 필요하였는데, 피해자가 직접 2018. 10. 1. 싱가포르에서 공소외 17 회사 설립절차를 진행하였다. 피해자가 소유한 싱가포르 법인들 중 한 곳의 주소지를 공소외 17 회사 주소지로 삼았고, 피해자의 허락 하에 2018. 10. 15.부터 2018. 12월 말까지 공소외 42 성형외과 5층에서 임대료를 지급하지 않고 ○○○코인 판매를 위한 영업을 하였다."", ""피해자는 2018. 11월 말경 쯤 공소외 42 성형외과 5층에서 공소외 25에게 지시하여 휴대전화를 가져가 당시 피해자, 공소외 25, 공소외 36이 함께 참여하였던 텔레그램 대화방에서 나가게 하여 대화 내용을 지웠다."", ""피해자가 ○○○코인을 한국에서 팔지 말라고 한 적 없다. 그냥 빨리만 팔아오라고 했다."", ""피해자는 공소외 25를 통해서 공소외 17 회사의 ○○○코인 홍보 및 판매 활동에 관여하였다. 피해자는 코인을 산다는 사람을 직접 만나 설명했다. 사람들이 공소외 36이나 나를 어떻게 믿느냐면서 그들이 믿는 것은 피해자 자신이라고 말하기도 하였다."", ""공소외 17 회사와 공소외 9 회사 사이에 2018. 11. 27. 및 2018. 12. 25. 체결된 계약서는 모두 피해자가 작성한 것이며 자신은 서명한 사실이 없다."", ""피해자도 ○○○코인을 개인적으로 판매하였음에도 공식판매처인 공소외 17 회사를 통해 판매했다고 해야 한다면서 ‘공소외 49 회사’라는 법인을 사용해 지갑주소를 보내주었다. 피해자가 이렇게 판매한 ○○○코인은 공소외 42 성형외과의 의사, 간호사 등에게 판매하였다고 공소외 25로부터 전해들었다."", ""공소외 9 회사가 코인을 배정하고 전송하기 위해서는 당시 대표이사였던 피해자의 결재가 필요했다."", ""피해자가 공소외 17 회사에게 ○○○코인을 내국인한테 판매하지 말라는 이야기를 여러 번 하였다거나, 공소외 17 회사가 피해자에게 내국인 판매 사실을 이야기한 적이 없다는 것은 사실이 아니다."", ""피해자가 해외 기관투자자들에게만 판매하고 있다는 식으로 언론인터뷰를 하자 왜 공소외 17 회사한테 뒤집어씌우듯이 이야기 하느냐고 따졌는데 피해자는 매번 딴 소리를 했다.""라는 취지로 진술하였다[공소외 35 증언녹취서 9, 15, 18, 21, 26, 36쪽, 증거기록 181, 182, 186 내지 188, 192, 199, 200쪽(증거순번 11)]. 나) 공소외 35와 함께 공소외 17 회사의 공동대표였던 공소외 36은 경찰에서, ""피해자가 위탁판매계약을 체결하려면 해외법인이 있어야 한다고 하여 나와 공소외 35가 이를 만들기로 하였고 피해자가 법인 설립을 ",판매대금을 해외에서 받는 것을 원칙으로 한다,미검수,,,,candidates_prec_이용약관.csv
법제처 OPEN API/prec,605587,2023노209,특정경제범죄가중처벌등에관한법률위반(사기)·사기,https://www.law.go.kr/DRF/lawService.do?OC=test&target=prec&ID=605587&type=HTML,(조 번호 미표기),(판단 불명확),판단 불명확,,,,"소외 49 회사팀, 공소외 42 성형외과 소속 한국인 임직원 상대 판매자료(증 제97호증의2)에 기재된 (코인명 3 생략) 지갑 주소와 KYC 자료(증거순번 1238)를 비교해 보면 국내 직원들의 지갑 주소가 순번까지 거의 일치한다. 마) 한편, 검사의 주장과 같이 공소외 17 회사와 공소외 10 회사 사이에 2018. 10. 17. 체결된 ○○○코인 위탁판매계약서(증거순번 13-2) 제2조 제6호에서는 ""백서가 공개된 이후에 공소외 17 회사는 판매대금을 해외에서 받는 것이 원칙임을 확인한다.""고 정하고 있기는 하다. 그러나 단지 ‘판매대금을 해외에서 받기로 한다’는 것을 ‘○○○코인 구매자의 국적을 외국인으로 한정한다’는 의미로 해석하기는 어렵고, 달리 구매자의 국적을 제한하는 규정은 찾을 수 없다. 오히려 위 규정을 반대해석하면 ‘○○○코인의 백서가 공개되기 이전에는 국내에서도 판매대금을 받을 수 있다’는 것인바, 이는 오히려 백서 공개 이전 ○○○코인의 국내 판매 사실을 추단할 수 있는 사정이다. 2) 검사는, 피해자가 2018. 11. 24.자 공소외 14와의 대화에서 ""백서가 나오기 전에 1개라도 코인을 팔거나 그런 게 없다.""는 취지로 말한 것은 실제로 당시까지 판매된 바 없는 공소외 9 회사 소유의 ‘FI 모집용 코인’에 관한 것이며, 그 외에 ‘피해자 개인에게 배정된 20%의 ○○○코인’은 위 대화 당시 이미 판매하고 있었고 공소외 14도 이를 알고 있었다고 주장한다. 그러나 아래의 사정을 종합하여 보면, ‘FI 모집용 코인’과 별개로 ‘피해자 개인에게 무상 배정된 코인’이 있다고 보기 어려우므로, 위 2018. 11. 24.자 공소외 14와의 대화 중 피해자 발언 내용이 실체와 부합한다고 선뜻 믿기 어렵다. 가) 프로젝트 A 공동투자합의서(증거순번 105-3) 및 코인발행약정서(증거순번 257) 중 주요 내용은 다음과 같다. [2018. 8. 26.자 프로젝트 A 공동투자합의서(당사자: 공소외 4 회사와 공소외 11 회사)]제2조 투자절차 및 일정 ⑤ 공소외 11 회사는 공소외 1 회사(공소외 4 회사의 계열사)에 총 3억 5,000만 달러 규모의 유상증자계약을 2018. 9. 3.까지 체결한다. ⑥ 공소외 11 회사와 공소외 4 회사 재무적 투자자로부터 공소외 11 회사 또는 공소외 1 회사의 추가 유상증자를 받을 수 있으며, 공소외 1 회사의 의결권 없는 우선주 20%와 (코인명 1 생략) 리워드 20억 개 한도 내에서 모집할 수 있다. ⑦ 6항의 재무적 투자자의 증자금액은 1억 달러를 초과하며, 공소외 11 회사는 유상증자 금액 3억 5,000만 달러 중 1억 달러를 경감 받는다.공소외 1 회사 유상증자 납입일정유상증자금액참여자일자1차 납입4,500만 달러공소외 11 회사2018. 9. 17.2차 납입1억 달러공소외 11 회사2018. 9. 28.1억 달러 + 초과분7항의 재무적 투자자2018. 9. 28.3차 납입1억 달러공소외 11 회사2018. 10. 31. ⑧ 공소외 1 회사는 5항에 약정된 공소외 11 회사 또는 공소외 1 회사의 유상증자 참여에 따른 리워드로 총 25억 개의 (코인명 1 생략)을 배분일정에 따라 공소외 37에게 지급한다.[코인 리워드 배분일정 참조]제3조 역할 및 범위 1. 공소외 11 회사: 본건 투자와 관련된 자금조달 2. 공소외 4 회사: 기술 및 운영지원제4조 비밀유지 및 확약사항 2. 본 합의서의 효력발생일은 2018. 8. 31.까지로 하되, 양사 협의에 의해 연장이 가능하다. 단, 당사자 서면 합의에 의해 본 합의서를 효력발생일 이전에 해지할 수 있다.제5조 기타 1. 제4조를 제외하고 본 합의서에서 정한 어떠한 내용도 공소외 4 회사 및 공소외 11 회사로 하여금 본건 투자 관련 공동투자를 확약하거나 의무가 있는 것으로 해석되어서는",백서가 공개된 이후에 공소외 17 회사는 판매대금을 해외에서 받는 것이 원칙임을 확인한다,미검수,,,,candidates_prec_이용약관.csv
법제처 OPEN API/prec,605587,2023노209,특정경제범죄가중처벌등에관한법률위반(사기)·사기,https://www.law.go.kr/DRF/lawService.do?OC=test&target=prec&ID=605587&type=HTML,제5조,(판단 불명확),판단 불명확,,,,"항이 전부 삭제되었고, 피해자가 이에 동의하여 이 사건 각 계약을 체결한 것인 점 등을 종합하면, 피해자는 이 사건 각 계약서에 ○○○코인 상장을 확약하는 조항이 없음을 인식하고도 이 사건 각 계약을 체결하였다고 할 것이다. ① 피고인 측의 공소외 14가 2018. 8. 31. 피해자 측의 공소외 15에게 이메일로 발송한 계약서 초안 : 공소외 1 회사 주식매매계약서 제5조 제7항 전단이 ""을(공소외 11 회사)은 회사(공소외 1 회사)로 하여금 코인을 발행하여 해당 코인을 글로벌거래소에 상장 완료되도록 하여야 한다.""는 취지이고, 제6조 (iii)항에서 코인이 글로벌거래소에 상장 완료되지 못하는 경우를 계약 해제사유로 정하고 있다. 주식 콜옵션계약서 제8조 (ii)항도 코인이 글로벌 거래소에 상장 완료되지 못하는 경우를 계약 해지사유로 정하고 있고, 공동경영약정서 제10조 제3항 (i)호는 콜옵션계약이 해지되는 경우를 계약 해지사유로 정하고 있다. 공소외 3 회사와 공소외 6 회사 주식매매계약서 제7조 (iii)항은 코인이 글로벌거래소에 상장 완료되지 못하는 경우, 같은 조 (iv)항은 공소외 1 회사 주식매매계약이 해제되는 경우를 각 계약 해지사유로 정하고 있다. 공소외 1 회사 주식매매계약서의 문언만으로는 피고인이 아닌 공소외 1 회사 또는 공소외 11 회사가 코인을 상장시킬 책임을 지는 것이 아닌지 의문이 있으나, 전체적으로 위 각 계약서 초안은 코인이 ‘글로벌거래소’에 상장되는 것을 전제로 작성되었고 상장이 무산되는 경우 대부분의 계약에 해지사유가 발생하는 것으로 규정되어 있다. ② 공소외 14가 2018. 9. 5. 공소외 15에게 이메일로 발송한 계약서 초안 : 위 각 계약서 초안에서 ‘코인이 글로벌거래소에 상장 완료되지 못하는 경우’를 계약의 해제나 해지사유로 정한 조항이 전부 삭제되었다. 공소외 1 회사 주식매매계약의 해제를 계약 해지사유로 정한 공소외 3 회사와 공소외 6 회사 주식매매계약서 제7조 (iv)항은 제7조 제1항 제3호로, 콜옵션계약이 해지되는 경우를 계약 해지사유로 정한 공동경영약정서 제10조 제3항 (i)호는 제11조 제3항 (i)호로 항목만 바꾸어 유지되었으나, 공소외 1 회사 주식매매계약과 콜옵션계약에서 코인이 상장되지 않는 경우를 해제나 해지사유로 정한 조항이 삭제되었으므로 이들 조항도 코인의 상장 여부와는 무관하게 되었다. ③ 피해자 측 공소외 54(공소외 75 법무법인 변호사)이 2018. 9. 7. 공소외 14에게 이메일로 발송한 계약서 초안 : 공소외 1 회사 주식매매계약서 제4조 제8항의 매도인인 공소외 8 회사의 진술 및 보장사항으로 ""회사(공소외 1 회사)는 코인을 발행하고 소유하여 해당 코인을 글로벌거래소에 상장(이하 ‘ICO’라 함)할 수 있는 자격, 능력 및 권한을 가지고 있고, 회사가 코인을 발행하거나 ICO하는 것에 관하여 어떠한 법률상/사실상 제한은 존재하지 아니한다.""는 조항이 추가되었고, 제6조 제2항으로 ""공소외 8 회사의 진술과 보장이 중대한 면에서 허위이거나 부정확한 경우 매수인인 공소외 11 회사가 계약을 해제할 수 있다.""는 조항이 추가되었다. ④ 공소외 14가 2018. 9. 8. 공소외 54, 공소외 15 등에게 이메일로 발송한 계약서 초안 : 공소외 1 회사 주식매매계약서에서 위 코인에 관한 진술 및 보장사항이 삭제되었다. ⑤ 공소외 54가 2018. 9. 10. 공소외 14에게 이메일로 발송한 계약서 초안 : 공소외 3 회사 및 공소외 6 회사 주식매매계약서 제7조 제1항 제5호로 ""대한민국 또는 싱가포르 정부의 규제, 정책적 또는 법령상 제한으로 인하여 암호화폐의 ICO 또는 상장이 어려운 경우 자동으로 계약이 해제된다.""는 조항이, 공소외 1 회사 주식매매계약서 제4조 제8항의 공소외 8 회사의 진술 및 보장사항으로 ""회사(공소외 1",(공소외 11 회사)은 회사(공소외 1 회사)로 하여금 코인을 발행하여 해당 코인을 글로벌거래소에 상장 완료되도록 하여야 한다,미검수,,,,candidates_prec_이용약관.csv
법제처 OPEN API/prec,605587,2023노209,특정경제범죄가중처벌등에관한법률위반(사기)·사기,https://www.law.go.kr/DRF/lawService.do?OC=test&target=prec&ID=605587&type=HTML,제7조,(판단 불명확),판단 불명확,,,,"제할 수 있다.""는 조항이 추가되었다. ④ 공소외 14가 2018. 9. 8. 공소외 54, 공소외 15 등에게 이메일로 발송한 계약서 초안 : 공소외 1 회사 주식매매계약서에서 위 코인에 관한 진술 및 보장사항이 삭제되었다. ⑤ 공소외 54가 2018. 9. 10. 공소외 14에게 이메일로 발송한 계약서 초안 : 공소외 3 회사 및 공소외 6 회사 주식매매계약서 제7조 제1항 제5호로 ""대한민국 또는 싱가포르 정부의 규제, 정책적 또는 법령상 제한으로 인하여 암호화폐의 ICO 또는 상장이 어려운 경우 자동으로 계약이 해제된다.""는 조항이, 공소외 1 회사 주식매매계약서 제4조 제8항의 공소외 8 회사의 진술 및 보장사항으로 ""회사(공소외 1 회사)는 □□□의 명칭을 차용한 암호화화폐를 발행하고, ICO를 통해 해당 암호화화폐를 □□□가 운영하는 암호화화폐거래소(웹사이트 주소 생략) 또는 당사자들이 달리 합의하는 글로벌거래소에서 거래할 수 있도록 하는 권한을 가지고 있다.""는 조항이 각 추가되었다. ⑥ 공소외 14가 2018. 9. 11. 공소외 54, 공소외 15 등에게 이메일로 발송한 계약서 초안 : 위 각 조항이 다시 삭제되었다. ⑦ 공소외 14가 2018. 9. 13. 공소외 54, 공소외 15 등에게 이메일로 발송한 계약서 초안 : 공소외 3 회사 및 공소외 6 회사 주식매매계약서 제7조 제1항 제5호로 대한민국 또는 싱가포르 정부의 규제, 정책적 또는 법령상 제한으로 인하여 암호화폐의 ICO 또는 상장이 위법한 경우 자동으로 계약이 해제되는 조항(위 ⑤항과 비교하여 ‘어려운 경우’를 ‘위법한 경우’로 바꾼 것임)이 추가되고, 단서로 암호화폐 발행 및 글로벌거래소 상장이 종료되는 경우 위 조항의 효력이 소멸한다는 조항이 부가되었다. 공동경영약정서 제3조 제2항으로 ""투자자는 대주주(공소외 11 회사)에 대하여 암호화폐 발행을 함에 있어 ▷▷만을 이용하여 코인을 발행하거나 대주주와 합의된 재단, 단체, 법인을 통하여만 암호화폐 발행을 진행하는 것에 동의하며, 발행 후 글로벌거래소 또는 □□□가 운영하는 ☆☆거래소의 상장을 최우선으로 진행한다.""는 조항이 추가되었다. ⑧ 공소외 54가 2018. 9. 14. 공소외 14에게 이메일로 발송한 계약서 초안 : 공소외 3 회사 및 공소외 6 회사 주식매매계약서 제7조 제1항 제5호 단서의 암호화폐 발행 및 글로벌거래소 상장이 종료되는 경우 위 조항의 효력이 소멸한다는 조항이 삭제되었다. ⑨ 공소외 14가 2018. 9. 17. 공소외 15에게 이메일로 발송한 계약서 초안 : 코인발행약정서가 신규 작성되었고, 제1조 제1항으로 ""투자자(피고인)는 대주주(공소외 10 회사)에 대하여 암호화폐 발행을 함에 있어 00000을 이용하여 코인을 발행하거나 대주주와 합의된 재단, 단체, 법인을 통하여만 암호화폐 발행을 진행하는 것에 동의하며, 발행 후 글로벌거래소 또는 □□□가 운영하는 ☆☆거래소의 상장을 최우선으로 진행한다.""는 조항이 들어있다. 공소외 3 회사 및 공소외 6 회사 주식매매계약서 제7조 제1항 제5호와 공동경영약정서 제3조 제2항은 삭제되었다. ⑩ 공소외 14가 2018. 9. 18. 오후 12:04에 공소외 15에게 이메일로 발송한 계약서 초안 : 위 ⑨항과 동일하다(⑨항 계약서는 변경내용의 추적이 적용되지 않은 ‘클린본’, ⑩항 계약서는 변경내용의 추적이 적용된 ‘마크업본’임). ⑪ 공소외 15가 2018. 9. 18. 오후 5:14에 공소외 14에게 이메일로 발송한 계약서 초안 : 공소외 3 회사 및 공소외 6 회사 주식매매계약서 제7조 제1항 제5호로 대한민국 또는 싱가포르 정부의 규제, 정책적 또는 법령상 제한으로 인하여 암호화폐의 ICO, 거래소 상장이 위법한 경우 자동으로 계약이 해제되는 조항이 추가되었다. ⑫ 공소외 15가 2018. 9. 18. 오후 6:","대한민국 또는 싱가포르 정부의 규제, 정책적 또는 법령상 제한으로 인하여 암호화폐의 ICO 또는 상장이 어려운 경우 자동으로 계약이 해제된다",미검수,,,,candidates_prec_이용약관.csv
법제처 OPEN API/prec,605587,2023노209,특정경제범죄가중처벌등에관한법률위반(사기)·사기,https://www.law.go.kr/DRF/lawService.do?OC=test&target=prec&ID=605587&type=HTML,제4조,(판단 불명확),판단 불명확,,,,"사항이 삭제되었다. ⑤ 공소외 54가 2018. 9. 10. 공소외 14에게 이메일로 발송한 계약서 초안 : 공소외 3 회사 및 공소외 6 회사 주식매매계약서 제7조 제1항 제5호로 ""대한민국 또는 싱가포르 정부의 규제, 정책적 또는 법령상 제한으로 인하여 암호화폐의 ICO 또는 상장이 어려운 경우 자동으로 계약이 해제된다.""는 조항이, 공소외 1 회사 주식매매계약서 제4조 제8항의 공소외 8 회사의 진술 및 보장사항으로 ""회사(공소외 1 회사)는 □□□의 명칭을 차용한 암호화화폐를 발행하고, ICO를 통해 해당 암호화화폐를 □□□가 운영하는 암호화화폐거래소(웹사이트 주소 생략) 또는 당사자들이 달리 합의하는 글로벌거래소에서 거래할 수 있도록 하는 권한을 가지고 있다.""는 조항이 각 추가되었다. ⑥ 공소외 14가 2018. 9. 11. 공소외 54, 공소외 15 등에게 이메일로 발송한 계약서 초안 : 위 각 조항이 다시 삭제되었다. ⑦ 공소외 14가 2018. 9. 13. 공소외 54, 공소외 15 등에게 이메일로 발송한 계약서 초안 : 공소외 3 회사 및 공소외 6 회사 주식매매계약서 제7조 제1항 제5호로 대한민국 또는 싱가포르 정부의 규제, 정책적 또는 법령상 제한으로 인하여 암호화폐의 ICO 또는 상장이 위법한 경우 자동으로 계약이 해제되는 조항(위 ⑤항과 비교하여 ‘어려운 경우’를 ‘위법한 경우’로 바꾼 것임)이 추가되고, 단서로 암호화폐 발행 및 글로벌거래소 상장이 종료되는 경우 위 조항의 효력이 소멸한다는 조항이 부가되었다. 공동경영약정서 제3조 제2항으로 ""투자자는 대주주(공소외 11 회사)에 대하여 암호화폐 발행을 함에 있어 ▷▷만을 이용하여 코인을 발행하거나 대주주와 합의된 재단, 단체, 법인을 통하여만 암호화폐 발행을 진행하는 것에 동의하며, 발행 후 글로벌거래소 또는 □□□가 운영하는 ☆☆거래소의 상장을 최우선으로 진행한다.""는 조항이 추가되었다. ⑧ 공소외 54가 2018. 9. 14. 공소외 14에게 이메일로 발송한 계약서 초안 : 공소외 3 회사 및 공소외 6 회사 주식매매계약서 제7조 제1항 제5호 단서의 암호화폐 발행 및 글로벌거래소 상장이 종료되는 경우 위 조항의 효력이 소멸한다는 조항이 삭제되었다. ⑨ 공소외 14가 2018. 9. 17. 공소외 15에게 이메일로 발송한 계약서 초안 : 코인발행약정서가 신규 작성되었고, 제1조 제1항으로 ""투자자(피고인)는 대주주(공소외 10 회사)에 대하여 암호화폐 발행을 함에 있어 00000을 이용하여 코인을 발행하거나 대주주와 합의된 재단, 단체, 법인을 통하여만 암호화폐 발행을 진행하는 것에 동의하며, 발행 후 글로벌거래소 또는 □□□가 운영하는 ☆☆거래소의 상장을 최우선으로 진행한다.""는 조항이 들어있다. 공소외 3 회사 및 공소외 6 회사 주식매매계약서 제7조 제1항 제5호와 공동경영약정서 제3조 제2항은 삭제되었다. ⑩ 공소외 14가 2018. 9. 18. 오후 12:04에 공소외 15에게 이메일로 발송한 계약서 초안 : 위 ⑨항과 동일하다(⑨항 계약서는 변경내용의 추적이 적용되지 않은 ‘클린본’, ⑩항 계약서는 변경내용의 추적이 적용된 ‘마크업본’임). ⑪ 공소외 15가 2018. 9. 18. 오후 5:14에 공소외 14에게 이메일로 발송한 계약서 초안 : 공소외 3 회사 및 공소외 6 회사 주식매매계약서 제7조 제1항 제5호로 대한민국 또는 싱가포르 정부의 규제, 정책적 또는 법령상 제한으로 인하여 암호화폐의 ICO, 거래소 상장이 위법한 경우 자동으로 계약이 해제되는 조항이 추가되었다. ⑫ 공소외 15가 2018. 9. 18. 오후 6:38에 공소외 14에게 이메일로 발송한 계약서 초안 : 위 ⑪항과 동일하다(⑪항 계약서는 변경내용의 추적이 적용된 ‘마크업본’, ⑩항 계약서는 변경내용의 추적이 적용되지 않은 ‘클린본’임). ⑬ 공소외 14가 2018. 9. 19. 공소외 15에게 이메일로 발송한 계약서 초안 : 위 공소외 3 회사 및 공소외 6 회사 주식매매계약서 제7조 제1항 ","회사(공소외 1 회사)는 □□□의 명칭을 차용한 암호화화폐를 발행하고, ICO를 통해 해당 암호화화폐를 □□□가 운영하는 암호화화폐거래소(웹사이트 주소 생략) 또는 당사자들이 달리 합의하는 글로벌거래소에서 거래할 수 있도록 하는 권한을 가지고 있다",미검수,,,,candidates_prec_이용약관.csv
법제처 OPEN API/prec,241399,2022누56601,부당해고구제재심판정취소,https://www.law.go.kr/DRF/lawService.do?OC=test&target=prec&ID=241399&type=HTML,(조 번호 미표기),(판단 불명확),판단 불명확,,,,"객자동차운수사업법, 동법 시행령 및 동법 시행규칙에 의거하여 승합자동차에 한해 운전기사 알선을 포함해 차량을 임대하는 것을 말한다.""서비스""의 구체적인 내용은 ""소외 1 회사""의 본 계약 외 별도의 문서(이하 ""기사알선포함 승합자동차 대여서비스 이용약관""이라 한다)를 통해서 확정하며 ""서비스""의 내용이 변경되는 경우에도 ""기사알선포함 승합자동차 대여서비스 이용약관""을 수정하여 변경·확정한다.?제3조(예약중개의 내용)""소외 1 회사""가 수행할 ""서비스"" 중개업무의 범위는 다음과 같으며, ""소외 1 회사""는 동 ""서비스"" 중개업무의 구체적인 수행 방안에 관하여 사전에 ""원고""의 승인을 받아야 한다.1. 이용객의 모집 및 회원가입2. 이용객의 ""서비스"" 이용 도움3. 이용객의 ""서비스"" 이용 계약서 작성 관련 업무4. 이용객의 ""서비스"" 이용 대금 결제대행 업무5. ""서비스"" 이용 대금에 포함된 운전용역 관련 비용의 정산 대행 업무6. 이용객과 분쟁 발생 시, 그에 대한 응대 업무7. 서비스의 활성화를 위하여 ""원고""와 ""소외 1 회사""가 합의하는 제반 업무8. 이용객의 ""서비스"" 이용과 관련해 수집된 정보 중, ""원고""와 ""소외 1 회사""가 합의한 정보의 제공?제4조(예약중개 수수료)① ""소외 1 회사""의 예약중개 수수료는 ""서비스"" 이용금액의 10%로 한다.(부가세 별도)② 예약중개 수수료는 ""서비스"" 실적에 따라 상호 협의를 통해 변경될 수 있다.③ ""소외 1 회사""는 전월 1일부터 말일까지 ""서비스""로 인해 발생한 예약중개 수수료 정산내역 및 ""원고""를 대신하여 운전용역 관련 업체에 정산할 운전용역 관련 비용 정산내역을 익월 10일까지 ""원고""에 통지한다.④ ""소외 1 회사""는 ""원고""가 정산내역을 승인한 날로부터 5일 이내에 예약중개 수수료를 제외한 ""원고""의 매출을 ""원고""가 지정한 계좌로 입금한다.⑤ 운전용역 관련 비용은 ""원고""가 정산내역을 승인한 날로부터 5일 이내에 ""소외 1 회사""가 지정한 계좌로 입금하고, ""소외 1 회사""는 이를 지체 없이 ""원고""가 지정한 운전용역 관련 업체에 지급한다. 라) 원고는 2019. 4. 15. 소외 2 회사와 다음과 같은 내용의 ‘임차인 알선 및 운전용역 제공 계약’을 체결하였다. 제1조(목적)본 계약은 ‘원고’가 ‘임차인’에게 차량 대여 시 ‘임차인’의 요청에 따라, 차량을 운행할 운전자로 ‘소외 2 회사’를 알선(소개)하고, ‘소외 2 회사’가 전속 운전기사를 통하여 ‘임차인’의 주문 내용에 따라 차량 운행 서비스를 제공하며, 플랫폼을 통해 ‘원고’의 차량 임대 및 운전기사 알선을 중개하는 ‘원고’의 ‘협력업체’가 임차인으로부터 운전용역대금을 지급받아 이를 ‘소외 2 회사’에게 지급(수령대행)하고, ‘소외 2 회사’가 ‘원고’에게 알선에 대한 수수료를 지급하는 것과 관련하여 양자의 권리와 의무 등 필요 제반 사항을 규정하는 데에 그 목적을 둔다.?제2조(차량 운전자 알선)‘원고’는 ‘임차인’이 ‘원고’로부터 차량을 임차하면서 ‘원고’에게 대여 차량을 운행할 운전자 알선을 요청하면, 그에 따라 ‘임차인’에게 여객자동차 운수사업법 등 관련 법령의 허용 범위 내에서 ‘소외 2 회사’를 소개, 주선한다.?제3조(차량 운행 서비스)① ‘소외 2 회사’는 ‘원고’로부터 알선받은 ‘임차인’에게 차량 운전용역을 제공한다.② ‘원고’가 알선한 ‘임차인’에 대하여 ‘소외 2 회사’가 수행하여야 하는 차량 운전용역의 내용은 다음과 같이 정한다. 1. ‘임차인’으로부터 주문이 있을 경우 차고지로부터 ‘임차인’ 승차지점까지 차량을 이동 2. ‘임차인’의 주문(시간, 장소 등)에 따라 대여 차량을 운전 3. ‘임차인’이 하차한 후 임차인을 대신하여 차량을 차고지에 반납 4. 기타 운전용역 업무에 부",수정하여 변경·확정한다.?제3조(예약중개의 내용),미검수,,,,candidates_prec_이용약관.csv
법제처 OPEN API/prec,606763,2023다232526,대여금[대출은행이 대출명의자를 상대로 민법 제126조의 표현대리책임을 주장하는 사건],https://www.law.go.kr/DRF/lawService.do?OC=test&target=prec&ID=606763&type=HTML,(조 번호 미표기),(판단 불명확),판단 불명확,,,,"알 수 있다. 가. 원고는 여신전문금융업법에 따라 대출업 등을 영위하는 여신전문금융회사이다. 나. 원고는 2018. 5. 17. 주식회사 △△△(이하 ‘소외 1 회사’라고 한다)와, 원고의 임대차보증금 담보대출과 관련하여 대출신청인의 자필서명 확인, 대출구비서류의 접수·확인, 임대차조사 등의 업무를 소외 1 회사에 위탁하는 대출모집업무 위탁계약(이하 ‘이 사건 위탁계약’이라고 한다)을 체결하였다. 다. 소외 1 회사의 운영자 또는 업무담당자인 소외 2, 소외 3, 소외 4 등(이하 ‘소외 2 등’이라고 한다)은 원고가 소외 1 회사를 통해 대출신청이 접수되면 서류심사만으로 대출을 실행하는 점, 동일 대출신청인이 다른 금융기관에서 선행 대출을 받더라도 그 내역이 신용정보조회 시스템에 반영되기까지 얼마간의 시일이 걸리는 점을 이용하여, □□□ 주식회사(이하 ‘소외 5 회사’라고 한다)로부터 선행 임대차보증금 담보대출을 받은 다음 원고를 상대로 이를 숨기고 동일한 임대차보증금 반환채권을 담보로 하여 이중의 대출을 받는 사기범행을 공모하였다. 라. 피고는 2019. 8. 22. 주식회사 ◇◇◇(이하 ‘소외 6 회사’라고 한다)으로부터 임대주택을 보증금 220,000,000원으로 정하여 임차하였다(이하 ‘이 사건 임대차’라고 한다). 피고는 그 직후 소외 2 등에게 소외 5 회사로부터 임대차보증금 담보대출을 받는 데 필요한 서류 작성을 위임하면서 인감증명서, 주민등록초본 및 등본, 예금통장과 피고 명의로 개통한 휴대전화 등을 교부하였다. 마. 소외 2 등은 피고의 위임에 따라 소외 5 회사로부터 이 사건 임대차보증금 반환채권을 담보로 대출을 받았고, 그 대출금은 임대인인 소외 6 회사에 보증금으로 지급되었다. 바. 소외 2 등은 2019. 8. 29. 피고 명의의 대출신청서와 대출계약서 등을 위조하여 이를 피고의 인감증명서 등과 함께 원고에게 제출하였고, 원고는 같은 날 대출금 209,000,000원에서 인지대 75,000원을 공제한 208,925,000원을 피고의 계좌로 송금하였다(이하 ‘이 사건 대출’이라고 한다). 2. 원심의 판단 원심은 판시와 같은 이유로 다음과 같이 판단하여, 피고가 이 사건 대출계약에 관하여 민법 제126조의 표현대리책임을 져야 한다는 원고의 주장을 배척하였다. 가. 원고는 소외 2 등을 통하여 접수한 피고 명의의 이 사건 대출신청서 등을 피고가 직접 작성한 것으로 인식하고 대출을 실행한 후 2020. 6.경에야 비로소 소외 2 등이 해당 서류들을 위조하였음을 인식한 것으로 보인다. 그렇다면 피고가 전혀 관여하지 않은 채 소외 2 등이 위조한 서류를 기초로 이루어진 이 사건 대출계약에는 대리행위 이론을 적용할 수 없다. 나. 원고가 이 사건 대출계약이 피고 본인의 의사에 따라 이루어진 것이라고 믿었더라도, 이는 금융기관인 원고가 본인 확인의무와 대출모집법인 사용 시 준수해야 할 주의의무를 제대로 이행하지 아니하였기 때문이라고 봄이 타당하다. 따라서 원고가 그와 같이 믿은 데에 정당한 이유가 있었다고 볼 수도 없다. 3. 대법원의 판단 가. 관련 법리 민법 제126조의 표현대리는 대리인이 본인을 위한다는 의사를 명시적 또는 묵시적으로 표시하거나 대리의사를 가지고 권한 외의 행위를 하는 경우에 성립한다. 그 외에 사술을 써서 위와 같은 대리행위의 표시를 하지 아니하고 단지 본인의 성명을 모용하여 자기가 마치 본인인 것처럼 기망하여 본인 명의로 직접 법률행위를 한 경우에는, 본인을 모용한 사람에게 본인을 대리할 기본대리권이 있었고, 상대방으로서는 위 모용자가 본인 자신으로서 본인의 권한을 행사하는 것으로 믿은 데 정당한 사유가 있었던 사정이 있는 경우에 한하여 민법 제126조의 표현대리 법리가 유추적용된다(대법원 2003. 12. 12. 선고 200","라고 한다)을 체결하였다. 다. 소외 1 회사의 운영자 또는 업무담당자인 소외 2, 소외 3, 소외 4 등(이하",미검수,,,,candidates_prec_중도상환수수료.csv
법제처 OPEN API/prec,242143,2021두63044,경정거부처분취소,https://www.law.go.kr/DRF/lawService.do?OC=test&target=prec&ID=242143&type=HTML,(조 번호 미표기),(판단 불명확),판단 불명확,,,,"하는 것은 허용되지 아니하므로(대법원 2012. 7. 5. 선고 2012두3972 판결 등 참조), 이 사건 조항 (가)목에서 말하는 ‘만기·사망·해약 등’이란 책임준비금을 소멸시키는 사유 중 만기·사망·해약과 일치하지는 않지만 적어도 ‘만기·사망·해약’이라는 표현으로 충분히 예측할 수 있을 만큼 유사한 개념에 해당하여야 한다. 그런데 이 사건 개정 전 이 사건 조항의 내용상 ‘만기·사망·해약’은 공통적으로 보험계약이 소멸하여 그때까지 적립되어 있던 보험료적립금을 보험계약자 등에게 환급하여야 할 사유를 가리킨다. 반면, 상해·질병 등 약정 보험사고가 발생하여 위험보험료를 재원으로 하여 보험금을 지급하는 것은 보험계약이 소멸하여 보험료적립금을 환급하는 것과는 아무런 관련이 없으므로, 이를 ‘만기·사망·해약’과 유사한 사유에 해당한다고 보기는 어렵다. 나) 당초 이 사건 조항에 있었던 ‘계약의 소멸’이라는 문구가 이 사건 개정으로 이 사건 조항 (가)목에서 삭제되었지만, 그 개정이유 등에 비추어 보면, 이는 연금저축보험이나 보험료적립금의 중도 인출 등과 같이 보험계약이 소멸하지 않더라도 보험료적립금이 소멸하는 새로운 유형을 교육세 과세표준 공제대상으로 포함하려는 것일 뿐, 보험료적립금의 소멸과 무관하게 상해·질병 등 약정 보험사고가 발생하여 보험금이 지급되면서 지급준비금이 소멸하는 경우까지도 교육세 과세표준 공제대상으로 포함하려는 취지는 아니다. 다) 이 사건 개정으로 이 사건 조항 (가)목과 별도로 이 사건 조항 (나)목이 신설되어 보험료 산출기초에 이자율을 적용하지 않고 순보험료가 위험보험료로만 구성된 일반손해보험에 한하여 당기 중 약정 보험사고 발생으로 지급된 보험금이 교육세 과세표준 공제대상에 포함되었다. 그런데 만일 원고들의 주장과 같이 이 사건 조항 (가)목의 ‘책임준비금 해당액’에 ‘상해·질병 등 약정 보험사고 발생으로 보험금이 지급됨에 따라 소멸된 지급준비금’까지 포함된다고 본다면, 장기손해보험, 일반손해보험을 불문하고 약정 보험사고 발생으로 보험금이 지급됨에 따라 지급준비금이 소멸된 이상 이 사건 조항 (가)목에 따라 교육세 과세표준에서 공제될 것이므로, 특별히 일반손해보험만을 적용 대상으로 하여 이 사건 조항 (나)목을 별도로 신설한 이유를 설명하기 어렵다. 또한 개정이유에 따를 때 이 사건 조항 (나)목이 신설된 취지는 ‘저축성보험의 지급 보험금은 보험료에서 공제되고 있으나 보장성보험의 지급 보험금은 공제되지 아니함에 따라 발생하는 보험상품 간 과세불형평 문제를 개선하기 위하여, 보장성보험의 지급 보험금 중 일부를 보험료에서 공제하도록 하는 것’에 있는데, 원고들의 주장은 이러한 이 사건 조항 (나)목의 신설 취지에도 부합하지 아니한다. 라) 원고들이 원용하는 대법원 2020. 9. 3. 선고 2017두30290 판결은, 만기·사망·해약 등 보험료적립금의 환급사유가 발생하였으나 이를 보험계약자 등에게 지급하지 않은 상태에서 지급청구권의 소멸시효가 완성된 사안에 관한 것으로서, 약정 보험사고 발생으로 보험금이 지급됨에 따라 지급준비금이 소멸한 이 사건과는 사안을 달리하므로 이 사건에 원용하기에 적절하지 않다. 2) 그런데도 원심은 이와 달리 원고들이 장기손해보험계약에서 상해·질병 등 약정 보험사고 발생으로 보험금을 지급함에 따라 소멸한 지급준비금이 이 사건 조항 (가)목에 따라 교육세 과세표준에서 공제되어야 한다고 보아, 이 사건 처분이 위법하다고 판단하였다. 이러한 원심판결에는 이 사건 조항 (가)목에 관한 법리를 오해하여 판결에 영향을 미친 잘못이 있다. 이를 지적하는 상고이유 주장은 이유 있다. 3. 결론 나머지 상고이유에 관한 판단을 생략한 채 원심판결을 파기하고, 사건을 다시 심리·판단하도록 원심법원에 환송하기로 하여, 관여 대법관의 일치된 의견으로 주문과 같이 판결한다. 대법관 노경필(재판장) 서경환 신숙희(주심) ]]>","만기·사망·해약’은 공통적으로 보험계약이 소멸하여 그때까지 적립되어 있던 보험료적립금을 보험계약자 등에게 환급하여야 할 사유를 가리킨다. 반면, 상해·질병 등 약정 보험사고가 발생하여 위험보험료를 재원으로 하여 보험금을 지급하는 것은 보험계약이 소멸하여 보험료적립금을 환급하는 것과는 아무런 관련이 없으므로, 이를",미검수,,,,candidates_prec_중도상환수수료.csv
법제처 OPEN API/prec,242143,2021두63044,경정거부처분취소,https://www.law.go.kr/DRF/lawService.do?OC=test&target=prec&ID=242143&type=HTML,(조 번호 미표기),(판단 불명확),판단 불명확,,,,"따라 소멸된 지급준비금’까지 포함된다고 본다면, 장기손해보험, 일반손해보험을 불문하고 약정 보험사고 발생으로 보험금이 지급됨에 따라 지급준비금이 소멸된 이상 이 사건 조항 (가)목에 따라 교육세 과세표준에서 공제될 것이므로, 특별히 일반손해보험만을 적용 대상으로 하여 이 사건 조항 (나)목을 별도로 신설한 이유를 설명하기 어렵다. 또한 개정이유에 따를 때 이 사건 조항 (나)목이 신설된 취지는 ‘저축성보험의 지급 보험금은 보험료에서 공제되고 있으나 보장성보험의 지급 보험금은 공제되지 아니함에 따라 발생하는 보험상품 간 과세불형평 문제를 개선하기 위하여, 보장성보험의 지급 보험금 중 일부를 보험료에서 공제하도록 하는 것’에 있는데, 원고들의 주장은 이러한 이 사건 조항 (나)목의 신설 취지에도 부합하지 아니한다. 라) 원고들이 원용하는 대법원 2020. 9. 3. 선고 2017두30290 판결은, 만기·사망·해약 등 보험료적립금의 환급사유가 발생하였으나 이를 보험계약자 등에게 지급하지 않은 상태에서 지급청구권의 소멸시효가 완성된 사안에 관한 것으로서, 약정 보험사고 발생으로 보험금이 지급됨에 따라 지급준비금이 소멸한 이 사건과는 사안을 달리하므로 이 사건에 원용하기에 적절하지 않다. 2) 그런데도 원심은 이와 달리 원고들이 장기손해보험계약에서 상해·질병 등 약정 보험사고 발생으로 보험금을 지급함에 따라 소멸한 지급준비금이 이 사건 조항 (가)목에 따라 교육세 과세표준에서 공제되어야 한다고 보아, 이 사건 처분이 위법하다고 판단하였다. 이러한 원심판결에는 이 사건 조항 (가)목에 관한 법리를 오해하여 판결에 영향을 미친 잘못이 있다. 이를 지적하는 상고이유 주장은 이유 있다. 3. 결론 나머지 상고이유에 관한 판단을 생략한 채 원심판결을 파기하고, 사건을 다시 심리·판단하도록 원심법원에 환송하기로 하여, 관여 대법관의 일치된 의견으로 주문과 같이 판결한다. 대법관 노경필(재판장) 서경환 신숙희(주심) ]]>","저축성보험의 지급 보험금은 보험료에서 공제되고 있으나 보장성보험의 지급 보험금은 공제되지 아니함에 따라 발생하는 보험상품 간 과세불형평 문제를 개선하기 위하여, 보장성보험의 지급 보험금 중 일부를 보험료에서 공제하도록 하는 것",미검수,,,,candidates_prec_중도상환수수료.csv
법제처 OPEN API/prec,622323,2021나2046163,부당이득금,https://www.law.go.kr/DRF/lawService.do?OC=test&target=prec&ID=622323&type=HTML,(조 번호 미표기),(판단 불명확),판단 불명확,,,,"외 3 회사의 계좌에서 이 사건 회사채 매매대금 1억 5,000만 달러가 이체된 사실을 인정할 수 있다. 위 인정사실에 의하면, 이 사건 사채매매계약은 피고 1 회사와 소외 3 회사를 대리한 소외 4 회사 사이에 적법하게 체결되었다고 봄이 타당하다. 이에 대하여 원고는 ""소외 4 회사가 ‘위탁자 또는 자산관리자(피고 1 회사)의 지시로 위탁자를 대리하여 이 사건 사채매매계약을 체결한 사실은 없다’라는 의견을 밝힌 바 있으므로(갑 제53호증), 이 사건 사채매매계약은 부존재한다.""고 주장하나, 그와 같은 사정만으로 이 사건 사채매매계약이 부존재한다고 볼 수 없다. 원고의 위 주장은 받아들이지 않는다. 나) 한편, 피고 1 회사가 소외 3 회사를 대리하여 이 사건 사채매매계약을 체결하였다는 사실을 인정할 아무런 증거가 없으므로, 위 사채매매계약이 민법 제124조의 자기계약에 해당한다고 볼 수도 없다. 2) 이 사건 사채매매계약의 취소에 따른 부당이득반환청구권 앞서 본 인정사실에다가 제1심증인 소외 12의 증언, 제1심법원의 소외 4 회사에 대한 사실조회결과에 변론 전체의 취지를 종합하여 보면, 소외 3 회사는 이 사건 ABCP를 발행하기 위하여 피고 1 회사, 피고 2 회사에 의하여 설립된 회사로서 그 자체로는 별다른 실체가 없고, 자산관리를 위탁받은 피고 1 회사에 의하여 의사결정이 이루어졌던 사실을 인정할 수 있다. 의사표시의 효력이 의사의 흠결, 사기, 강박 또는 어느 사정을 알았거나 과실로 알지 못한 것으로 인하여 영향을 받을 경우 그 사실의 유무는 대리인을 표준하여 결정하고(민법 제116조 제1항), 계약관계에서 이행보조자의 고의나 과실은 채무자 본인의 고의나 과실로 보는 등(민법 제391조) 의사표시의 해석에 관한 민법 규정에 비추어 보면, 이 사건 사채매매계약을 체결하면서 소외 3 회사가 그 매매목적물인 이 사건 회사채에 관하여 피고 1 회사로부터 기망 당하였다거나 착오가 있었다고 보기는 어려우므로, 소외 3 회사가 피고 1 회사에 대한 관계에서 사기나 착오를 이유로 의사표시를 취소할 수 없다. 3) 소결 결국 소외 3 회사의 피고 1 회사에 대한 부당이득반환청구권은 존재하지 않는다. 나. 소외 3 회사의 피고 1 회사에 대한 손해배상청구권의 존재 여부에 관한 판단 을가 제4호증의 기재에 의하면, 소외 3 회사와 피고 1 회사 사이의 자산관리위탁계약 제3조 제1항은 ""자산관리자는 선량한 관리자의 주의로써 관계 법령 및 이 계약의 내용에 따라 자산관리업무를 수행하여야 한다.""라고 규정한 사실은 인정된다. 그러나 앞서 본 인정사실 및 원고가 제출한 증거들만으로는 피고 1 회사가 선관주의의무를 위반하였다거나, 그 위반으로 인하여 소외 3 회사가 손해를 입었다는 사실을 인정하기에 부족하고, 달리 이를 인정할 증거가 없다. 따라서 소외 3 회사의 피고 1 회사에 대한 손해배상청구권은 존재하지 않는다. 다. 소결론 결국 원고가 대위할 소외 3 회사의 피고 1 회사에 대한 피대위권리는 존재하지 아니하므로, 소외 3 회사의 피고 1 회사에 대한 피대위권리가 존재함을 전제로 하는 원고의 주위적 청구는 더 나아가 살펴볼 필요 없이 이유 없다. 4. 제1 예비적 청구(피고 1 회사, 피고 2 회사에 대하여)에 관한 판단 가. 관련 법리 채권자는 자기의 채권을 보전하기 위하여 일신에 전속한 권리가 아닌 한 채무자의 권리를 행사할 수 있다(민법 제404조 제1항). 권리의 행사 여부는 권리자가 자유로운 의사에 따라 결정하는 것이 원칙이다. 채무자가 스스로 권리를 행사하지 않는데도 채권자가 채무자를 대위하여 채무자의 권리를 행사할 수 있으려면 그러한 채무자의 권리를 행사함으로써 채권자의 권리를 보전해야 할 필요성이 있어야 한다. 여기에서 보전의 필요성이 인정되기 위하여는 우선 적극적 요건으","라는 의견을 밝힌 바 있으므로(갑 제53호증), 이 사건 사채매매계약은 부존재한다",미검수,,,,candidates_prec_중도상환수수료.csv
법제처 OPEN API/prec,197944,2015다222654,채무부존재확인·보증금반환,https://www.law.go.kr/DRF/lawService.do?OC=test&target=prec&ID=197944&type=HTML,(조 번호 미표기),(판단 불명확),판단 불명확,,,,"등 참조). 나. 원심은 판시와 같은 이유를 들어, 다음과 같은 취지로 판단하였다. (1) 피고가 이 사건 계약을 맺으면서 피고가 1,595만 원을 지급하였는데, 이는 보증금 770만 원, 입회금 750만 원, 입회금에 대한 부가가치세 75만 원을 합한 금액으로서, 그중 보증금 770만 원은 이 사건 계약 만기 시에 피고에게 반환될 금액이다. (2) 이 사건 계약 약관 제7조에 의하면 ‘부득이한 중도해약 신청 시 총액기준 10%의 위약금, 서비스이용료, 서비스를 제공받은 경과기간에 따른 서비스 경과료를 공제한 후 잔여금액을 환불한다’고 규정되어 있는데, 위 약관규정의 내용 및 성격 등에 비추어 방문판매법 규정에 따른 피고의 이 사건 해지에 관하여도 위 약관규정이 적용된다고 봄이 타당하다. (3) 이에 따라 피고가 지급한 1,590만 원에서, ① 위약금으로 총액 기준의 10% 상당액인 1,595,000원과 ② 입회금 및 그 부가가치세액을 합한 825만 원 중 서비스를 제공받은 경과기간에 대한 ‘서비스 경과료’ 1,826,080원(위 825만 원의 1일 경과금 4,520원 × 404일)의 합계 3,421,080원이 공제되어야 한다. (4) 그렇지만, 위 약관 제7조에서 ‘서비스이용료’가 무엇을 의미하는지 정의되어 있지않고, 또한 원고 주장과 같이 이 사건 해지 전에 이 사건 계약에 따라 서비스를 제공받으면서 할인 혜택을 받은 187만 원이라고 해석하여야 할 근거를 찾을 수 없으므로, ‘서비스이용료’로서 위 187만 원이 공제되어야 한다는 원고의 주장은 받아들이지 아니한다. 다. (1) 원심판결 이유 및 기록에 의하면, 원심이 총 가입비에서 공제를 인정한 ‘서비스 경과료’는 이 사건 계약의 이행의 결과 소멸이 예정된 입회금 및 그 부가가치세 중 이 사건 해지 전에 서비스를 제공받은 기간에 관한 것으로서, 실질적으로 원고가 ‘서비스이용료’라고 주장하는 이 사건 해지 전에 이루어진 할인 혜택을 포함한 서비스 제공에 대한 대가 상당액에 해당하므로, ‘서비스 경과료’의 공제에 의하여 원고가 주장하는 할인 혜택인 ‘서비스이용료’에 대한 대가가 회수된다고 할 수 있다. 이러한 사정과 아울러 적법하게 채택된 증거들 및 앞에서 본 법리에 비추어 원심판결 이유를 살펴보면, 위와 같은 원심의 판단에 법률행위의 해석 등 관련 법리를 오해하거나 필요한 심리를 다하지 아니하는 등의 사유로 판결에 영향을 미친 위법이 없다. (2) 한편 원고는, 원심판결 이유 중 이 사건 해지 시 공제되는 서비스이용료 및 서비스 경과료에 관하여는 입회금 및 그 부가가치세를 합한 825만 원을 한도로 계산하여야 한다는 부분에 대하여 다툰다. 그러나 위에서 본 것과 같이 ‘서비스이용료’에 대한 주장을 받아들이지 아니함에 따라 공제가 인정되는 ‘서비스 경과료’의 금액이 위 825만 원을 넘지 아니함은 분명하므로, ‘서비스이용료’를 포함한 공제의 한도에 관한 이 부분 원심 판단의 당부는 결론에 영향이 없다. 따라서 이 부분 원심 판단에 계약법과 법률행위의 해석 및 약관의 해석에 관한 법리를 오해하거나 필요한 심리를 다하지 아니하는 등의 위법이 있어 파기되어야 한다는 상고이유 주장은 받아들이지 아니한다. 3. 상고이유 제4점에 관하여 이 부분 상고이유 주장은 상고심에서 처음으로 주장된 것으로서 적법한 상고이유가 될 수 없다. 나아가 살펴보더라도, 앞에서 본 것과 같이 피고의 이 사건 해지는 계속거래에 해당하는 이 사건 계약에 대하여 방문판매법에 따라 계속거래업자를 상대로 소비자로서 권리를 행사하는 것이며, 또한 이 사건 해지에 대하여 중도해지에 관한 이 사건 계약 약관 제7조가 적용될 수 있어 해당 공제금액 상당의 손해 회피 내지 이해관계조정이 가능하므로, 이러한 사정에 비추어 보면 원고가 주장하는 사유만으로는 피고의 이 사건 해지가 정의관념에 비추어 용인될 수 없는 정도의 상태에 이","부득이한 중도해약 신청 시 총액기준 10%의 위약금, 서비스이용료, 서비스를 제공받은 경과기간에 따른 서비스 경과료를 공제한 후 잔여금액을 환불한다",미검수,,,,candidates_prec_회원권환불.csv
법제처 OPEN API/prec,195425,2015다256183,채무부존재확인·보증금반환,https://www.law.go.kr/DRF/lawService.do?OC=test&target=prec&ID=195425&type=HTML,(조 번호 미표기),(판단 불명확),판단 불명확,,,,"있거나 거래의 안전 등을 위하여 대통령령으로 정하는 경우를 제외하고는 계약기간 중 언제든지 계약을 해지할 수 있다(제31조). 같은 취지에서 원심이 그 판시와 같은 이유를 들어, 이 사건 계약은 방문판매법이 정한 중도해지 위약금 약정이 있는 계속거래에 해당하여 피고(반소원고, 이하 ‘피고’라고만 한다)는 계약기간 중 언제든지 계약을 해지할 수 있으므로, 이 사건 계약은 피고의 해지 의사표시가 담긴 2014. 6. 20.자 준비서면이 원고(반소피고, 이하 ‘원고’라고만 한다)에게 도달함으로써 적법하게 해지되었다고 판단한 것은 정당하고, 이 부분 원심의 판단에 상고이유 주장과 같이 방문판매법의 계속거래, 체육시설의 설치·이용에 관한 법률의 회원 보호 규정 등에 관한 법리를 오해하여 필요한 심리를 다하지 아니하는 등의 사유로 판결에 영향을 미친 위법이 없다. 2. 상고이유 제3점에 대하여 가. 약관의 규제에 관한 법률 제5조 제1항은 “약관은 신의성실의 원칙에 따라 공정하게 해석되어야 하며 고객에 따라 다르게 해석되어서는 아니 된다.”라고 규정하고 있고, 제2항은 “약관의 뜻이 명백하지 아니한 경우에는 고객에게 유리하게 해석되어야 한다.”라고 규정하고 있다. 그러므로 약관의 내용은 개개 계약체결자의 의사나 구체적인 사정을 고려함이 없이 평균적 고객의 이해가능성을 기준으로 하여 객관적·획일적으로 해석하여야 하고, 고객보호의 측면에서 약관 내용이 명백하지 못하거나 의심스러운 때에는 고객에게 유리하게, 약관작성자에게 불리하게 제한해석하여야 한다(대법원 2005. 10. 28. 선고 2005다35226 판결, 대법원 2011. 8. 25. 선고 2009다79644 판결 등 참조). 한편 당사자가 주장한 사항에 대한 구체적·직접적인 판단이 판결 이유에 표시되어 있지 않았더라도 판결 결과에 영향이 없다면 판단누락의 위법이 있다고 할 수 없다(대법원 2002. 12. 26. 선고 2002다56116 판결 등 참조). 나. 원심판결의 이유와 기록에 의하면, 이 사건 계약에 따라 피고가 원고에게 지급한 1,595만 원은 보증금 770만 원, 입회금 750만 원, 입회금에 대한 부가가치세 75만 원을 합한 금액이고, 이 사건 계약의 약관 제7조에 “부득이한 중도해약 신청 시 총액기준 10%의 위약금, 서비스이용료, 서비스를 제공받은 경과기간에 따른 서비스경과료를 공제한 후 잔여금액을 환불한다.”라고 규정되어 있어, 피고의 이 사건 해지에도 위 약관상 중도해지 위약금 등의 규정이 적용된다고 할 것이다. 그런데 위약금과 서비스경과료 외 ‘서비스이용료’의 경우, 이 사건 계약 및 약관 등에 그 개념이나 산정의 방법 등을 정하고 있는 규정이 없어, 서비스이용료가 골프장을 회원가로 이용함에 따른 이익으로서 총액에서 공제되어야 한다는 원고의 주장을 그대로 받아들일 수 없고, 달리 이를 인정할 근거나 증거도 없다. 다. 따라서 원고의 서비스이용료 공제 주장에 대하여, 원심이 아무런 판단을 하지 아니하였음은 상고이유의 주장과 같으나, 위에서 본 바와 같은 이유로 그 공제 주장을 받아들일 수 없는 이상, 이러한 원심의 판단누락은 판결의 결과에 영향이 없다고 할 것이므로, 이 부분 상고이유 주장 역시 이유 없다. 3. 상고이유 제2점에 대하여 원고는, 이 사건 해지 시 공제되는 서비스이용료 및 서비스경과료에 관하여는 위 입회금 및 그 부가가치세를 합한 825만 원을 한도로 하여야 한다는 원심의 판단 부분에 대하여 다툰다. 그러나 ‘서비스이용료’에 대한 주장을 받아들이지 아니함은 앞서 본 것과 같고, 이에 따라 ‘서비스경과료’의 공제만 인정될 수 있는데, 서비스경과료는 계약기간의 경과에 따라 입회금에서 차감되기 때문에, 서비스경과료에 의해 공제가능한 금액이 위 825만 원을 넘지 아니함은 계산상 분명하므로, 공제의 한도액에 관한 이 부분 원심판단의 당부는 결론에 영향이 없다. 따라서 이 부분 원심판단에 상고이유 주장과 같이 법률행위의 해석 및 약관의 해석에 관한 법리를 오해하는 등의 위법이 있다고 할 수 없으므로, 이 부분 상고이유 주장 또한 이유 없다. ","6. 20.자 준비서면이 원고(반소피고, 이하 ‘원고’라고만 한다)에게 도달함으로써 적법하게 해지되었다고 판단한 것은 정당하고, 이 부분 원심의 판단에 상고이유 주장과 같이 방문판매법의 계속거래, 체육시설의 설치·이용에 관한 법률의 회원 보호 규정 등에 관한 법리를 오해하여 필요한 심리를 다하지 아니하는 등의 사유로 판결에 영향을 미친 위법이 없다. 2. 상고이유 제3점에 대하여 가. 약관의 규제에 관한 법률 제5조 제1항은 “약관은 신의성실의 원칙에 따라 공정하게 해석되어야 하며 고객에 따라 다르게 해석되어서는 아니 된다.",미검수,,,,candidates_prec_회원권환불.csv
법제처 OPEN API/prec,195425,2015다256183,채무부존재확인·보증금반환,https://www.law.go.kr/DRF/lawService.do?OC=test&target=prec&ID=195425&type=HTML,(조 번호 미표기),(판단 불명확),판단 불명확,,,,"판결, 대법원 2011. 8. 25. 선고 2009다79644 판결 등 참조). 한편 당사자가 주장한 사항에 대한 구체적·직접적인 판단이 판결 이유에 표시되어 있지 않았더라도 판결 결과에 영향이 없다면 판단누락의 위법이 있다고 할 수 없다(대법원 2002. 12. 26. 선고 2002다56116 판결 등 참조). 나. 원심판결의 이유와 기록에 의하면, 이 사건 계약에 따라 피고가 원고에게 지급한 1,595만 원은 보증금 770만 원, 입회금 750만 원, 입회금에 대한 부가가치세 75만 원을 합한 금액이고, 이 사건 계약의 약관 제7조에 “부득이한 중도해약 신청 시 총액기준 10%의 위약금, 서비스이용료, 서비스를 제공받은 경과기간에 따른 서비스경과료를 공제한 후 잔여금액을 환불한다.”라고 규정되어 있어, 피고의 이 사건 해지에도 위 약관상 중도해지 위약금 등의 규정이 적용된다고 할 것이다. 그런데 위약금과 서비스경과료 외 ‘서비스이용료’의 경우, 이 사건 계약 및 약관 등에 그 개념이나 산정의 방법 등을 정하고 있는 규정이 없어, 서비스이용료가 골프장을 회원가로 이용함에 따른 이익으로서 총액에서 공제되어야 한다는 원고의 주장을 그대로 받아들일 수 없고, 달리 이를 인정할 근거나 증거도 없다. 다. 따라서 원고의 서비스이용료 공제 주장에 대하여, 원심이 아무런 판단을 하지 아니하였음은 상고이유의 주장과 같으나, 위에서 본 바와 같은 이유로 그 공제 주장을 받아들일 수 없는 이상, 이러한 원심의 판단누락은 판결의 결과에 영향이 없다고 할 것이므로, 이 부분 상고이유 주장 역시 이유 없다. 3. 상고이유 제2점에 대하여 원고는, 이 사건 해지 시 공제되는 서비스이용료 및 서비스경과료에 관하여는 위 입회금 및 그 부가가치세를 합한 825만 원을 한도로 하여야 한다는 원심의 판단 부분에 대하여 다툰다. 그러나 ‘서비스이용료’에 대한 주장을 받아들이지 아니함은 앞서 본 것과 같고, 이에 따라 ‘서비스경과료’의 공제만 인정될 수 있는데, 서비스경과료는 계약기간의 경과에 따라 입회금에서 차감되기 때문에, 서비스경과료에 의해 공제가능한 금액이 위 825만 원을 넘지 아니함은 계산상 분명하므로, 공제의 한도액에 관한 이 부분 원심판단의 당부는 결론에 영향이 없다. 따라서 이 부분 원심판단에 상고이유 주장과 같이 법률행위의 해석 및 약관의 해석에 관한 법리를 오해하는 등의 위법이 있다고 할 수 없으므로, 이 부분 상고이유 주장 또한 이유 없다. 4. 결론 그러므로 상고를 기각하고, 상고비용은 패소자가 부담하도록 하여, 관여 대법관의 일치된 의견으로 주문과 같이 판결한다. 대법관 김용덕(재판장) 김신 박상옥(주심) 박정화 ]]>","따라 피고가 원고에게 지급한 1,595만 원은 보증금 770만 원, 입회금 750만 원, 입회금에 대한 부가가치세 75만 원을 합한 금액이고, 이 사건 계약의 약관 제7조에 “부득이한 중도해약 신청 시 총액기준 10%의 위약금, 서비스이용료, 서비스를 제공받은 경과기간에 따른 서비스경과료를 공제한 후 잔여금액을 환불한다.",미검수,,,,candidates_prec_회원권환불.csv
